subject,chamber_key,chamber_label,phase_percent,cardiac_phase,modeled_volume_ml,change_from_0_ml,change_from_0_percent,change_from_previous_1pct_ml,measured_count,measured_mean_ml,measured_min_ml,measured_max_ml,model,model_residual_rmse_ml,cycle_offsets_ml,phase_kind
adam,heart_atrium_left,Левое предсердие,0.0,Уменьшение объёма желудочков,43.66126438856685,0.0,0.0,0.0,0,,,,periodic_fourier_ridge_with_cycle_contrasts,2.543505421519102,"{""1"": -0.5348734888520461, ""2"": 0.5348734888520461}",periodic_model_boundary
adam,heart_atrium_left,Левое предсердие,1.0,Уменьшение объёма желудочков,43.35966890310971,-0.3015954854571419,-0.6907621427842061,-0.3015954854571419,0,,,,periodic_fourier_ridge_with_cycle_contrasts,2.543505421519102,"{""1"": -0.5348734888520461, ""2"": 0.5348734888520461}",periodic_model
adam,heart_atrium_left,Левое предсердие,2.0,Уменьшение объёма желудочков,43.18535335058973,-0.4759110379771201,-1.0900074577357917,-0.1743155525199782,0,,,,periodic_fourier_ridge_with_cycle_contrasts,2.543505421519102,"{""1"": -0.5348734888520461, ""2"": 0.5348734888520461}",periodic_model
adam,heart_atrium_left,Левое предсердие,3.0,Уменьшение объёма желудочков,43.14816603069076,-0.513098357876089,-1.1751797962370716,-0.03718731989896895,0,,,,periodic_fourier_ridge_with_cycle_contrasts,2.543505421519102,"{""1"": -0.5348734888520461, ""2"": 0.5348734888520461}",periodic_model
adam,heart_atrium_left,Левое предсердие,4.0,Уменьшение объёма желудочков,43.25646583950399,-0.4047985490628605,-0.9271342796221476,0.10829980881322854,0,,,,periodic_fourier_ridge_with_cycle_contrasts,2.543505421519102,"{""1"": -0.5348734888520461, ""2"": 0.5348734888520461}",periodic_model
adam,heart_atrium_left,Левое предсердие,5.0,Уменьшение объёма желудочков,43.51695977051351,-0.14430461805334005,-0.3305094803693493,0.26049393100952045,0,,,,periodic_fourier_ridge_with_cycle_contrasts,2.543505421519102,"{""1"": -0.5348734888520461, ""2"": 0.5348734888520461}",periodic_model
adam,heart_atrium_left,Левое предсердие,6.0,Уменьшение объёма желудочков,43.934563931354404,0.2732995427875551,0.6259542562837951,0.41760416084089513,0,,,,periodic_fourier_ridge_with_cycle_contrasts,2.543505421519102,"{""1"": -0.5348734888520461, ""2"": 0.5348734888520461}",periodic_model
adam,heart_atrium_left,Левое предсердие,7.0,Уменьшение объёма желудочков,44.51229039925666,0.8510260106898144,1.9491556706100897,0.5777264679022593,0,,,,periodic_fourier_ridge_with_cycle_contrasts,2.543505421519102,"{""1"": -0.5348734888520461, ""2"": 0.5348734888520461}",periodic_model
adam,heart_atrium_left,Левое предсердие,8.0,Уменьшение объёма желудочков,45.25116184008658,1.5898974515197324,3.6414370352867365,0.738871440829918,1,45.245685016147235,45.245685016147235,45.245685016147235,periodic_fourier_ridge_with_cycle_contrasts,2.543505421519102,"{""1"": -0.5348734888520461, ""2"": 0.5348734888520461}",measured_phase_reference
adam,heart_atrium_left,Левое предсердие,9.0,Уменьшение объёма желудочков,46.15015538698445,2.4888909984176024,5.700455617289324,0.89899354689787,0,,,,periodic_fourier_ridge_with_cycle_contrasts,2.543505421519102,"{""1"": -0.5348734888520461, ""2"": 0.5348734888520461}",periodic_model
adam,heart_atrium_left,Левое предсердие,10.0,Уменьшение объёма желудочков,47.20617682150118,3.544912432934332,8.119124543407871,1.0560214345167296,0,,,,periodic_fourier_ridge_with_cycle_contrasts,2.543505421519102,"{""1"": -0.5348734888520461, ""2"": 0.5348734888520461}",periodic_model
adam,heart_atrium_left,Левое предсердие,11.0,Уменьшение объёма желудочков,48.41406562997056,4.752801241403709,10.885624381158049,1.2078888084693773,0,,,,periodic_fourier_ridge_with_cycle_contrasts,2.543505421519102,"{""1"": -0.5348734888520461, ""2"": 0.5348734888520461}",periodic_model
adam,heart_atrium_left,Левое предсердие,12.0,Уменьшение объёма желудочков,49.76663102800218,6.105366639435331,13.983485647827651,1.3525653980316221,1,52.24889483378715,52.24889483378715,52.24889483378715,periodic_fourier_ridge_with_cycle_contrasts,2.543505421519102,"{""1"": -0.5348734888520461, ""2"": 0.5348734888520461}",measured_phase_reference
adam,heart_atrium_left,Левое предсердие,13.0,Уменьшение объёма желудочков,51.25471856398189,7.59345417541504,17.391741356449277,1.4880875359797088,0,,,,periodic_fourier_ridge_with_cycle_contrasts,2.543505421519102,"{""1"": -0.5348734888520461, ""2"": 0.5348734888520461}",periodic_model
adam,heart_atrium_left,Левое предсердие,14.0,Уменьшение объёма желудочков,52.86730643589896,9.206042047332112,21.08514761597882,1.6125878719170714,0,,,,periodic_fourier_ridge_with_cycle_contrasts,2.543505421519102,"{""1"": -0.5348734888520461, ""2"": 0.5348734888520461}",periodic_model
adam,heart_atrium_left,Левое предсердие,15.0,Уменьшение объёма желудочков,54.591630192174634,10.930365803607785,25.034469241046565,1.7243237562756732,0,,,,periodic_fourier_ridge_with_cycle_contrasts,2.543505421519102,"{""1"": -0.5348734888520461, ""2"": 0.5348734888520461}",periodic_model
adam,heart_atrium_left,Левое предсердие,16.0,Уменьшение объёма желудочков,56.41333404373791,12.752069655171063,29.206826311036295,1.821703851563278,0,,,,periodic_fourier_ridge_with_cycle_contrasts,2.543505421519102,"{""1"": -0.5348734888520461, ""2"": 0.5348734888520461}",periodic_model
adam,heart_atrium_left,Левое предсердие,17.0,Уменьшение объёма желудочков,58.31664659835829,14.65538220979144,33.566096664917254,1.9033125546203777,1,59.65930714442775,59.65930714442775,59.65930714442775,periodic_fourier_ridge_with_cycle_contrasts,2.543505421519102,"{""1"": -0.5348734888520461, ""2"": 0.5348734888520461}",measured_phase_reference
adam,heart_atrium_left,Левое предсердие,18.0,Уменьшение объёма желудочков,60.28457844575176,16.623314057184913,38.0733684422064,1.9679318473934728,0,,,,periodic_fourier_ridge_with_cycle_contrasts,2.543505421519102,"{""1"": -0.5348734888520461, ""2"": 0.5348734888520461}",periodic_model
adam,heart_atrium_left,Левое предсердие,19.0,Уменьшение объёма желудочков,62.29913867924787,18.63787429068102,42.687435995466814,2.0145602334961055,0,,,,periodic_fourier_ridge_with_cycle_contrasts,2.543505421519102,"{""1"": -0.5348734888520461, ""2"": 0.5348734888520461}",periodic_model
adam,heart_atrium_left,Левое предсердие,20.0,Уменьшение объёма желудочков,64.34156714223943,20.680302753672578,47.36533181821442,2.042428462991559,0,,,,periodic_fourier_ridge_with_cycle_contrasts,2.543505421519102,"{""1"": -0.5348734888520461, ""2"": 0.5348734888520461}",periodic_model
adam,heart_atrium_left,Левое предсердие,21.0,Уменьшение объёма желудочков,66.39257893992117,22.731314551354316,52.0628865647481,2.0510117976817384,0,,,,periodic_fourier_ridge_with_cycle_contrasts,2.543505421519102,"{""1"": -0.5348734888520461, ""2"": 0.5348734888520461}",periodic_model
adam,heart_atrium_left,Левое предсердие,22.0,Уменьшение объёма желудочков,68.43261756286493,24.771353174298085,56.735308794183055,2.0400386229437686,1,67.85500156728551,67.85500156728551,67.85500156728551,periodic_fourier_ridge_with_cycle_contrasts,2.543505421519102,"{""1"": -0.5348734888520461, ""2"": 0.5348734888520461}",measured_phase_reference
adam,heart_atrium_left,Левое предсердие,23.0,Уменьшение объёма желудочков,70.44211283183748,26.780848443270628,61.33777575686395,2.009495268972543,0,,,,periodic_fourier_ridge_with_cycle_contrasts,2.543505421519102,"{""1"": -0.5348734888520461, ""2"": 0.5348734888520461}",periodic_model
adam,heart_atrium_left,Левое предсердие,24.0,Уменьшение объёма желудочков,72.40173979511083,28.74047540654398,65.82602636232855,1.959626963273351,0,,,,periodic_fourier_ridge_with_cycle_contrasts,2.543505421519102,"{""1"": -0.5348734888520461, ""2"": 0.5348734888520461}",periodic_model
adam,heart_atrium_left,Левое предсердие,25.0,Уменьшение объёма желудочков,74.29267469158574,30.631410303018896,70.15694742692804,1.890934896474917,0,,,,periodic_fourier_ridge_with_cycle_contrasts,2.543505421519102,"{""1"": -0.5348734888520461, ""2"": 0.5348734888520461}",periodic_model
adam,heart_atrium_left,Левое предсердие,26.0,Уменьшение объёма желудочков,76.0968441356399,32.43557974707305,74.28914439675879,1.8041694440541534,0,,,,periodic_fourier_ridge_with_cycle_contrasts,2.543505421519102,"{""1"": -0.5348734888520461, ""2"": 0.5348734888520461}",periodic_model
adam,heart_atrium_left,Левое предсердие,27.0,Уменьшение объёма желудочков,77.79716378206612,34.13589939349927,78.18348797621653,1.7003196464262231,0,,,,periodic_fourier_ridge_with_cycle_contrasts,2.543505421519102,"{""1"": -0.5348734888520461, ""2"": 0.5348734888520461}",periodic_model
adam,heart_atrium_left,Левое предсердие,28.0,Уменьшение объёма желудочков,79.37776289018689,35.71649850162004,81.80362846059211,1.580599108120765,0,,,,periodic_fourier_ridge_with_cycle_contrasts,2.543505421519102,"{""1"": -0.5348734888520461, ""2"": 0.5348734888520461}",periodic_model
adam,heart_atrium_left,Левое предсердие,29.0,Уменьшение объёма желудочков,80.82419142270066,37.162927034133816,85.11647006692118,1.446428532513778,0,,,,periodic_fourier_ridge_with_cycle_contrasts,2.543505421519102,"{""1"": -0.5348734888520461, ""2"": 0.5348734888520461}",periodic_model
adam,heart_atrium_left,Левое предсердие,30.0,Уменьшение объёма желудочков,82.12360658364797,38.46234219508112,88.0925981730224,1.299415160947305,0,,,,periodic_fourier_ridge_with_cycle_contrasts,2.543505421519102,"{""1"": -0.5348734888520461, ""2"": 0.5348734888520461}",periodic_model
adam,heart_atrium_left,Левое предсердие,31.0,Уменьшение объёма желудочков,83.26493601686244,39.60367162829559,90.70665310065142,1.141329433214466,1,79.20476793847153,79.20476793847153,79.20476793847153,periodic_fourier_ridge_with_cycle_contrasts,2.543505421519102,"{""1"": -0.5348734888520461, ""2"": 0.5348734888520461}",measured_phase_reference
adam,heart_atrium_left,Левое предсердие,32.0,Уменьшение объёма желудочков,84.23901524642736,40.57775085786051,92.93764490358234,0.9740792295649214,0,,,,periodic_fourier_ridge_with_cycle_contrasts,2.543505421519102,"{""1"": -0.5348734888520461, ""2"": 0.5348734888520461}",periodic_model
adam,heart_atrium_left,Левое предсердие,33.0,Уменьшение объёма желудочков,85.03869733834112,41.377432949774274,94.76920453226586,0.7996820919137662,0,,,,periodic_fourier_ridge_with_cycle_contrasts,2.543505421519102,"{""1"": -0.5348734888520461, ""2"": 0.5348734888520461}",periodic_model
adam,heart_atrium_left,Левое предсердие,34.0,Уменьшение объёма желудочков,85.65893319156793,41.997668803001076,96.18976772921538,0.6202358532268022,0,,,,periodic_fourier_ridge_with_cycle_contrasts,2.543505421519102,"{""1"": -0.5348734888520461, ""2"": 0.5348734888520461}",periodic_model
adam,heart_atrium_left,Левое предсердие,35.0,Уменьшение объёма желудочков,86.09682132018447,42.435556931617626,97.19268904802907,0.43788812861654947,0,,,,periodic_fourier_ridge_with_cycle_contrasts,2.543505421519102,"{""1"": -0.5348734888520461, ""2"": 0.5348734888520461}",periodic_model
adam,heart_atrium_left,Левое предсердие,36.0,Уменьшение объёма желудочков,86.35162645931366,42.690362070746815,97.77628446767044,0.25480513912918923,0,,,,periodic_fourier_ridge_with_cycle_contrasts,2.543505421519102,"{""1"": -0.5348734888520461, ""2"": 0.5348734888520461}",periodic_model
adam,heart_atrium_left,Левое предсердие,37.0,Уменьшение объёма желудочков,86.42476680857601,42.76350242000916,97.9438021753837,0.0731403492623457,0,,,,periodic_fourier_ridge_with_cycle_contrasts,2.543505421519102,"{""1"": -0.5348734888520461, ""2"": 0.5348734888520461}",periodic_model
adam,heart_atrium_left,Левое предсердие,38.0,Уменьшение объёма желудочков,86.3197702103441,42.658505821777254,97.70332219913408,-0.10499659823190655,0,,,,periodic_fourier_ridge_with_cycle_contrasts,2.543505421519102,"{""1"": -0.5348734888520461, ""2"": 0.5348734888520461}",periodic_model
adam,heart_atrium_left,Левое предсердие,39.0,Уменьшение объёма желудочков,86.04220003857151,42.38093565000466,97.06758666636907,-0.27757017177259513,0,,,,periodic_fourier_ridge_with_cycle_contrasts,2.543505421519102,"{""1"": -0.5348734888520461, ""2"": 0.5348734888520461}",periodic_model
adam,heart_atrium_left,Левое предсердие,40.0,Уменьшение объёма желудочков,85.59955203988612,41.93828765131927,96.05376353301679,-0.44264799868538773,0,,,,periodic_fourier_ridge_with_cycle_contrasts,2.543505421519102,"{""1"": -0.5348734888520461, ""2"": 0.5348734888520461}",periodic_model
adam,heart_atrium_left,Левое предсердие,41.0,Уменьшение объёма желудочков,85.00112381468567,41.33985942611882,94.68314764824834,-0.5984282252004505,1,86.50645485365105,86.50645485365105,86.50645485365105,periodic_fourier_ridge_with_cycle_contrasts,2.543505421519102,"{""1"": -0.5348734888520461, ""2"": 0.5348734888520461}",measured_phase_reference
adam,heart_atrium_left,Левое предсердие,42.0,Уменьшение объёма желудочков,84.25785904516486,40.596594656598015,92.98080398063014,-0.7432647695208061,0,,,,periodic_fourier_ridge_with_cycle_contrasts,2.543505421519102,"{""1"": -0.5348734888520461, ""2"": 0.5348734888520461}",periodic_model
adam,heart_atrium_left,Левое предсердие,43.0,Уменьшение объёма желудочков,83.38216896297537,39.72090457440852,90.97515871484897,-0.8756900821894931,0,,,,periodic_fourier_ridge_with_cycle_contrasts,2.543505421519102,"{""1"": -0.5348734888520461, ""2"": 0.5348734888520461}",periodic_model
adam,heart_atrium_left,Левое предсердие,44.0,Уменьшение объёма желудочков,82.38773389553816,38.72646950697131,88.6975447213852,-0.9944350674372089,0,,,,periodic_fourier_ridge_with_cycle_contrasts,2.543505421519102,"{""1"": -0.5348734888520461, ""2"": 0.5348734888520461}",periodic_model
adam,heart_atrium_left,Левое предсердие,45.0,Раннее и среднее наполнение,81.28928803148085,37.628023642914,86.18170859194652,-1.098445864057311,0,,,,periodic_fourier_ridge_with_cycle_contrasts,2.543505421519102,"{""1"": -0.5348734888520461, ""2"": 0.5348734888520461}",periodic_model
adam,heart_atrium_left,Левое предсердие,46.0,Раннее и среднее наполнение,80.10239079755534,36.441126408988495,83.46328701037567,-1.1868972339255066,0,,,,periodic_fourier_ridge_with_cycle_contrasts,2.543505421519102,"{""1"": -0.5348734888520461, ""2"": 0.5348734888520461}",periodic_model
adam,heart_atrium_left,Левое предсердие,47.0,Раннее и среднее наполнение,78.84318843778303,35.18192404921618,80.57926068313525,-1.259202359772317,0,,,,periodic_fourier_ridge_with_cycle_contrasts,2.543505421519102,"{""1"": -0.5348734888520461, ""2"": 0.5348734888520461}",periodic_model
adam,heart_atrium_left,Левое предсердие,48.0,Раннее и среднее наполнение,77.52816952739659,33.866905138829736,77.56739437829503,-1.315018910386442,0,,,,periodic_fourier_ridge_with_cycle_contrasts,2.543505421519102,"{""1"": -0.5348734888520461, ""2"": 0.5348734888520461}",periodic_model
adam,heart_atrium_left,Левое предсердие,49.0,Раннее и среднее наполнение,76.17391823721273,32.51265384864588,74.46567181219712,-1.3542512901838535,0,,,,periodic_fourier_ridge_with_cycle_contrasts,2.543505421519102,"{""1"": -0.5348734888520461, ""2"": 0.5348734888520461}",periodic_model
adam,heart_atrium_left,Левое предсердие,50.0,Раннее и среднее наполнение,74.79686918711883,31.13560479855198,71.31173417576326,-1.3770490500939019,1,77.7618266187094,77.7618266187094,77.7618266187094,periodic_fourier_ridge_with_cycle_contrasts,2.543505421519102,"{""1"": -0.5348734888520461, ""2"": 0.5348734888520461}",measured_phase_reference
adam,heart_atrium_left,Левое предсердие,51.0,Раннее и среднее наполнение,73.41306769007367,29.751803301506826,68.14233100701875,-1.3838014970451553,0,,,,periodic_fourier_ridge_with_cycle_contrasts,2.543505421519102,"{""1"": -0.5348734888520461, ""2"": 0.5348734888520461}",periodic_model
adam,heart_atrium_left,Левое предсердие,52.0,Раннее и среднее наполнение,72.03793909104543,28.37667470247858,64.99279189429362,-1.375128599028244,0,,,,periodic_fourier_ridge_with_cycle_contrasts,2.543505421519102,"{""1"": -0.5348734888520461, ""2"": 0.5348734888520461}",periodic_model
adam,heart_atrium_left,Левое предсердие,53.0,Раннее и среднее наполнение,70.68607075021319,27.02480636164634,61.89652713933558,-1.3518683408322403,0,,,,periodic_fourier_ridge_with_cycle_contrasts,2.543505421519102,"{""1"": -0.5348734888520461, ""2"": 0.5348734888520461}",periodic_model
adam,heart_atrium_left,Левое предсердие,54.0,Раннее и среднее наполнение,69.37101000903716,25.709745620470315,58.88456502694108,-1.3150607411760262,0,,,,periodic_fourier_ridge_with_cycle_contrasts,2.543505421519102,"{""1"": -0.5348734888520461, ""2"": 0.5348734888520461}",periodic_model
adam,heart_atrium_left,Левое предсердие,55.0,Раннее и среднее наполнение,68.10508121482064,24.443816826253794,55.9851327453876,-1.2659287942165207,0,,,,periodic_fourier_ridge_with_cycle_contrasts,2.543505421519102,"{""1"": -0.5348734888520461, ""2"": 0.5348734888520461}",periodic_model
adam,heart_atrium_left,Левое предсердие,56.0,Раннее и среднее наполнение,66.89922456833898,23.23796017977213,53.22328728953903,-1.2058566464816636,0,,,,periodic_fourier_ridge_with_cycle_contrasts,2.543505421519102,"{""1"": -0.5348734888520461, ""2"": 0.5348734888520461}",periodic_model
adam,heart_atrium_left,Левое предсердие,57.0,Раннее и среднее наполнение,65.76285920493999,22.101594816373137,50.62060186731712,-1.136365363398994,0,,,,periodic_fourier_ridge_with_cycle_contrasts,2.543505421519102,"{""1"": -0.5348734888520461, ""2"": 0.5348734888520461}",periodic_model
adam,heart_atrium_left,Левое предсердие,58.0,Раннее и среднее наполнение,64.703772527854,21.04250813928715,48.19491243317577,-1.0590866770859861,0,,,,periodic_fourier_ridge_with_cycle_contrasts,2.543505421519102,"{""1"": -0.5348734888520461, ""2"": 0.5348734888520461}",periodic_model
adam,heart_atrium_left,Левое предсердие,59.0,Раннее и среднее наполнение,63.72803738950385,20.066773000936998,45.96012800351171,-0.9757351383501529,0,,,,periodic_fourier_ridge_with_cycle_contrasts,2.543505421519102,"{""1"": -0.5348734888520461, ""2"": 0.5348734888520461}",periodic_model
adam,heart_atrium_left,Левое предсердие,60.0,Раннее и среднее наполнение,62.839958269079006,19.178693880512157,43.92610738394991,-0.888079120424841,1,58.66692904085614,58.66692904085614,58.66692904085614,periodic_fourier_ridge_with_cycle_contrasts,2.543505421519102,"{""1"": -0.5348734888520461, ""2"": 0.5348734888520461}",measured_phase_reference
adam,heart_atrium_left,Левое предсердие,61.0,Раннее и среднее наполнение,62.042047129628564,18.380782741061715,42.09860387340251,-0.7979111394504415,0,,,,periodic_fourier_ridge_with_cycle_contrasts,2.543505421519102,"{""1"": -0.5348734888520461, ""2"": 0.5348734888520461}",periodic_model
adam,heart_atrium_left,Левое предсердие,62.0,Раннее и среднее наполнение,61.335029162793745,17.673764774226896,40.47927842157259,-0.7070179668348189,0,,,,periodic_fourier_ridge_with_cycle_contrasts,2.543505421519102,"{""1"": -0.5348734888520461, ""2"": 0.5348734888520461}",periodic_model
adam,heart_atrium_left,Левое предсердие,63.0,Раннее и среднее наполнение,60.71787815156736,17.056613763000513,39.06578062239298,-0.6171510112263832,0,,,,periodic_fourier_ridge_with_cycle_contrasts,2.543505421519102,"{""1"": -0.5348734888520461, ""2"": 0.5348734888520461}",periodic_model
adam,heart_atrium_left,Левое предсердие,64.0,Раннее и среднее наполнение,60.18788070869253,16.526616320125683,37.85189584306529,-0.52999744287483,0,,,,periodic_fourier_ridge_with_cycle_contrasts,2.543505421519102,"{""1"": -0.5348734888520461, ""2"": 0.5348734888520461}",periodic_model
adam,heart_atrium_left,Левое предсердие,65.0,Раннее и среднее наполнение,59.740728187973836,16.079463799406987,36.827755734022126,-0.4471525207186957,0,,,,periodic_fourier_ridge_with_cycle_contrasts,2.543505421519102,"{""1"": -0.5348734888520461, ""2"": 0.5348734888520461}",periodic_model
adam,heart_atrium_left,Левое предсердие,66.0,Раннее и среднее наполнение,59.370634625152434,15.709370236585585,35.980108355953256,-0.3700935628214026,0,,,,periodic_fourier_ridge_with_cycle_contrasts,2.543505421519102,"{""1"": -0.5348734888520461, ""2"": 0.5348734888520461}",periodic_model
adam,heart_atrium_left,Левое предсердие,67.0,Раннее и среднее наполнение,59.07047865105541,15.409214262488561,35.29264321196255,-0.30015597409702366,0,,,,periodic_fourier_ridge_with_cycle_contrasts,2.543505421519102,"{""1"": -0.5348734888520461, ""2"": 0.5348734888520461}",periodic_model
adam,heart_atrium_left,Левое предсердие,68.0,Раннее и среднее наполнение,58.83196693901259,15.17070255044574,34.74636560094294,-0.23851171204282196,0,,,,periodic_fourier_ridge_with_cycle_contrasts,2.543505421519102,"{""1"": -0.5348734888520461, ""2"": 0.5348734888520461}",periodic_model
adam,heart_atrium_left,Левое предсердие,69.0,Раннее и среднее наполнение,58.64581640705445,14.984552018487598,34.32001392614607,-0.18615053195814113,0,,,,periodic_fourier_ridge_with_cycle_contrasts,2.543505421519102,"{""1"": -0.5348734888520461, ""2"": 0.5348734888520461}",periodic_model
adam,heart_atrium_left,Левое предсердие,70.0,Раннее и среднее наполнение,58.5019520985559,14.840687709989048,33.99051291303243,-0.14386430849855003,1,56.93638316310052,56.93638316310052,56.93638316310052,periodic_fourier_ridge_with_cycle_contrasts,2.543505421519102,"{""1"": -0.5348734888520461, ""2"": 0.5348734888520461}",measured_phase_reference
adam,heart_atrium_left,Левое предсердие,71.0,Раннее и среднее наполнение,58.38971741745861,14.728453028891764,33.73345512355011,-0.1122346810972843,0,,,,periodic_fourier_ridge_with_cycle_contrasts,2.543505421519102,"{""1"": -0.5348734888520461, ""2"": 0.5348734888520461}",periodic_model
adam,heart_atrium_left,Левое предсердие,72.0,Раннее и среднее наполнение,58.298093199892875,14.636828811326026,33.52360270894681,-0.09162421756573735,0,,,,periodic_fourier_ridge_with_cycle_contrasts,2.543505421519102,"{""1"": -0.5348734888520461, ""2"": 0.5348734888520461}",periodic_model
adam,heart_atrium_left,Левое предсердие,73.0,Раннее и среднее наполнение,58.2159219659928,14.55465757742595,33.33540102708806,-0.08217123390007686,0,,,,periodic_fourier_ridge_with_cycle_contrasts,2.543505421519102,"{""1"": -0.5348734888520461, ""2"": 0.5348734888520461}",periodic_model
adam,heart_atrium_left,Левое предсердие,74.0,Раннее и среднее наполнение,58.13213361612571,14.470869227558858,33.1434955680033,-0.08378834986709194,0,,,,periodic_fourier_ridge_with_cycle_contrasts,2.543505421519102,"{""1"": -0.5348734888520461, ""2"": 0.5348734888520461}",periodic_model
adam,heart_atrium_left,Левое предсердие,75.0,Раннее и среднее наполнение,58.035968815885695,14.374704427318846,32.923243585870615,-0.09616480024001106,0,,,,periodic_fourier_ridge_with_cycle_contrasts,2.543505421519102,"{""1"": -0.5348734888520461, ""2"": 0.5348734888520461}",periodic_model
adam,heart_atrium_left,Левое предсердие,76.0,Раннее и среднее наполнение,57.917196354333846,14.255931965766997,32.65121192756859,-0.11877246155184906,0,,,,periodic_fourier_ridge_with_cycle_contrasts,2.543505421519102,"{""1"": -0.5348734888520461, ""2"": 0.5348734888520461}",periodic_model
adam,heart_atrium_left,Левое предсердие,77.0,Раннее и среднее наполнение,57.76632085945585,14.105056470889004,32.305652775787586,-0.1508754948779938,0,,,,periodic_fourier_ridge_with_cycle_contrasts,2.543505421519102,"{""1"": -0.5348734888520461, ""2"": 0.5348734888520461}",periodic_model
adam,heart_atrium_left,Левое предсердие,78.0,Раннее и среднее наполнение,57.57477741206629,13.91351302349944,31.86694938487131,-0.19154344738956297,0,,,,periodic_fourier_ridge_with_cycle_contrasts,2.543505421519102,"{""1"": -0.5348734888520461, ""2"": 0.5348734888520461}",periodic_model
adam,heart_atrium_left,Левое предсердие,79.0,Раннее и среднее наполнение,57.33510981191531,13.67384542334846,31.318024374321823,-0.23966760015098032,1,60.14015814935386,60.14015814935386,60.14015814935386,periodic_fourier_ridge_with_cycle_contrasts,2.543505421519102,"{""1"": -0.5348734888520461, ""2"": 0.5348734888520461}",measured_phase_reference
adam,heart_atrium_left,Левое предсердие,80.0,Поздняя диастола,57.041129514175005,13.379865125608156,30.644703750521277,-0.29398029774030476,0,,,,periodic_fourier_ridge_with_cycle_contrasts,2.543505421519102,"{""1"": -0.5348734888520461, ""2"": 0.5348734888520461}",periodic_model
adam,heart_atrium_left,Левое предсердие,81.0,Поздняя диастола,56.6880525666013,13.026788178034451,29.836030542087666,-0.35307694757370456,0,,,,periodic_fourier_ridge_with_cycle_contrasts,2.543505421519102,"{""1"": -0.5348734888520461, ""2"": 0.5348734888520461}",periodic_model
adam,heart_atrium_left,Левое предсердие,82.0,Поздняя диастола,56.27261223253313,12.611347843966279,28.884522747052394,-0.4154403340681725,0,,,,periodic_fourier_ridge_with_cycle_contrasts,2.543505421519102,"{""1"": -0.5348734888520461, ""2"": 0.5348734888520461}",periodic_model
adam,heart_atrium_left,Левое предсердие,83.0,Поздняя диастола,55.793145376875415,12.131880988308566,27.786371187833545,-0.4794668556577122,0,,,,periodic_fourier_ridge_with_cycle_contrasts,2.543505421519102,"{""1"": -0.5348734888520461, ""2"": 0.5348734888520461}",periodic_model
adam,heart_atrium_left,Левое предсердие,84.0,Поздняя диастола,55.2496511151009,11.588386726534054,26.541573838545528,-0.5434942617745122,0,,,,periodic_fourier_ridge_with_cycle_contrasts,2.543505421519102,"{""1"": -0.5348734888520461, ""2"": 0.5348734888520461}",periodic_model
adam,heart_atrium_left,Левое предсердие,85.0,Поздняя диастола,54.643820672392465,10.982556283825616,25.154004213175078,-0.605830442708438,0,,,,periodic_fourier_ridge_with_cycle_contrasts,2.543505421519102,"{""1"": -0.5348734888520461, ""2"": 0.5348734888520461}",periodic_model
adam,heart_atrium_left,Левое предсердие,86.0,Поздняя диастола,53.97903786424435,10.317773475677498,23.63141246633094,-0.664782808148118,0,,,,periodic_fourier_ridge_with_cycle_contrasts,2.543505421519102,"{""1"": -0.5348734888520461, ""2"": 0.5348734888520461}",periodic_model
adam,heart_atrium_left,Левое предсердие,87.0,Поздняя диастола,53.260350083785205,9.599085695218356,21.985358943778035,-0.7186877804591418,0,,,,periodic_fourier_ridge_with_cycle_contrasts,2.543505421519102,"{""1"": -0.5348734888520461, ""2"": 0.5348734888520461}",periodic_model
adam,heart_atrium_left,Левое предсердие,88.0,Поздняя диастола,52.49441015726378,8.83314576869693,20.231081010585623,-0.7659399265214262,0,,,,periodic_fourier_ridge_with_cycle_contrasts,2.543505421519102,"{""1"": -0.5348734888520461, ""2"": 0.5348734888520461}",periodic_model
adam,heart_atrium_left,Левое предсердие,89.0,Поздняя диастола,51.68938989999411,8.028125511427262,18.38729506314872,-0.8050202572696676,1,50.860704516739354,50.860704516739354,50.860704516739354,periodic_fourier_ridge_with_cycle_contrasts,2.543505421519102,"{""1"": -0.5348734888520461, ""2"": 0.5348734888520461}",measured_phase_reference
adam,heart_atrium_left,Левое предсердие,90.0,Поздняя диастола,50.85486666312253,7.19360227455568,16.475936680476433,-0.8345232368715827,0,,,,periodic_fourier_ridge_with_cycle_contrasts,2.543505421519102,"{""1"": -0.5348734888520461, ""2"": 0.5348734888520461}",periodic_model
adam,heart_atrium_left,Левое предсердие,91.0,Поздняя диастола,50.00168459958112,6.340420211014269,14.521842873324058,-0.8531820635414107,0,,,,periodic_fourier_ridge_with_cycle_contrasts,2.543505421519102,"{""1"": -0.5348734888520461, ""2"": 0.5348734888520461}",periodic_model
adam,heart_atrium_left,Левое предсердие,92.0,Поздняя диастола,49.14179278857857,5.480528400011721,12.552381331052004,-0.859891811002548,0,,,,periodic_fourier_ridge_with_cycle_contrasts,2.543505421519102,"{""1"": -0.5348734888520461, ""2"": 0.5348734888520461}",periodic_model
adam,heart_atrium_left,Левое предсердие,93.0,Поздняя диастола,48.28806273541741,4.626798346850563,10.597032430563642,-0.8537300531611578,0,,,,periodic_fourier_ridge_with_cycle_contrasts,2.543505421519102,"{""1"": -0.5348734888520461, ""2"": 0.5348734888520461}",periodic_model
adam,heart_atrium_left,Левое предсердие,94.0,Поздняя диастола,47.45408810131666,3.792823712749808,8.686930545563856,-0.8339746341007555,0,,,,periodic_fourier_ridge_with_cycle_contrasts,2.543505421519102,"{""1"": -0.5348734888520461, ""2"": 0.5348734888520461}",periodic_model
adam,heart_atrium_left,Левое предсердие,95.0,Поздняя диастола,46.65396981088096,2.99270542231411,6.854371865368564,-0.800118290435698,0,,,,periodic_fourier_ridge_with_cycle_contrasts,2.543505421519102,"{""1"": -0.5348734888520461, ""2"": 0.5348734888520461}",periodic_model
adam,heart_atrium_left,Левое предсердие,96.0,Поздняя диастола,45.90208992822202,2.2408255396551695,5.132296489888077,-0.7518798826589403,0,,,,periodic_fourier_ridge_with_cycle_contrasts,2.543505421519102,"{""1"": -0.5348734888520461, ""2"": 0.5348734888520461}",periodic_model
adam,heart_atrium_left,Левое предсердие,97.0,Поздняя диастола,45.21287788261628,1.551613494049434,3.5537530022967907,-0.6892120456057356,0,,,,periodic_fourier_ridge_with_cycle_contrasts,2.543505421519102,"{""1"": -0.5348734888520461, ""2"": 0.5348734888520461}",periodic_model
adam,heart_atrium_left,Левое предсердие,98.0,Поздняя диастола,44.60057275793026,0.9393083693634097,2.1513540263148614,-0.6123051246860243,1,40.43186813210764,40.43186813210764,40.43186813210764,periodic_fourier_ridge_with_cycle_contrasts,2.543505421519102,"{""1"": -0.5348734888520461, ""2"": 0.5348734888520461}",measured_phase_reference
adam,heart_atrium_left,Левое предсердие,99.0,Поздняя диастола,44.07898543470786,0.41772104614101124,0.9567314460329641,-0.5215873232223984,0,,,,periodic_fourier_ridge_with_cycle_contrasts,2.543505421519102,"{""1"": -0.5348734888520461, ""2"": 0.5348734888520461}",periodic_model
adam,heart_atrium_left,Левое предсердие,100.0,Поздняя диастола,43.66126438856685,0.0,0.0,-0.41772104614101124,0,,,,periodic_fourier_ridge_with_cycle_contrasts,2.543505421519102,"{""1"": -0.5348734888520461, ""2"": 0.5348734888520461}",periodic_model_boundary
adam,heart_ventricle_left,Левый желудочек,0.0,Уменьшение объёма желудочков,151.63956726414733,0.0,0.0,0.0,0,,,,periodic_fourier_ridge_with_cycle_contrasts,2.81399834509858,"{""1"": 0.6838642366532562, ""2"": -0.6838642366532562}",periodic_model_boundary
adam,heart_ventricle_left,Левый желудочек,1.0,Уменьшение объёма желудочков,151.25396108863325,-0.38560617551408427,-0.25429126610627995,-0.38560617551408427,0,,,,periodic_fourier_ridge_with_cycle_contrasts,2.81399834509858,"{""1"": 0.6838642366532562, ""2"": -0.6838642366532562}",periodic_model
adam,heart_ventricle_left,Левый желудочек,2.0,Уменьшение объёма желудочков,150.754534698993,-0.8850325651543187,-0.5836422387124354,-0.49942638964023445,0,,,,periodic_fourier_ridge_with_cycle_contrasts,2.81399834509858,"{""1"": 0.6838642366532562, ""2"": -0.6838642366532562}",periodic_model
adam,heart_ventricle_left,Левый желудочек,3.0,Уменьшение объёма желудочков,150.13478002665778,-1.504787237489552,-0.9923447188874522,-0.6197546723352332,0,,,,periodic_fourier_ridge_with_cycle_contrasts,2.81399834509858,"{""1"": 0.6838642366532562, ""2"": -0.6838642366532562}",periodic_model
adam,heart_ventricle_left,Левый желудочек,4.0,Уменьшение объёма желудочков,149.38932731698003,-2.2502399471673016,-1.4839398369210024,-0.7454527096777497,0,,,,periodic_fourier_ridge_with_cycle_contrasts,2.81399834509858,"{""1"": 0.6838642366532562, ""2"": -0.6838642366532562}",periodic_model
adam,heart_ventricle_left,Левый желудочек,5.0,Уменьшение объёма желудочков,148.5140895785641,-3.1254776855832347,-2.0611227939861063,-0.8752377384159331,0,,,,periodic_fourier_ridge_with_cycle_contrasts,2.81399834509858,"{""1"": 0.6838642366532562, ""2"": -0.6838642366532562}",periodic_model
adam,heart_ventricle_left,Левый желудочек,6.0,Уменьшение объёма желудочков,147.50638956353654,-4.133177700610787,-2.7256591239218135,-1.0077000150275524,0,,,,periodic_fourier_ridge_with_cycle_contrasts,2.81399834509858,"{""1"": 0.6838642366532562, ""2"": -0.6838642366532562}",periodic_model
adam,heart_ventricle_left,Левый желудочек,7.0,Уменьшение объёма желудочков,146.3650670294405,-5.274500234706835,-3.478313958466369,-1.141322534096048,0,,,,periodic_fourier_ridge_with_cycle_contrasts,2.81399834509858,"{""1"": 0.6838642366532562, ""2"": -0.6838642366532562}",periodic_model
adam,heart_ventricle_left,Левый желудочек,8.0,Уменьшение объёма желудочков,145.09056433448598,-6.549002929661356,-4.318795580742704,-1.2745026949545206,1,143.75089330389133,143.75089330389133,143.75089330389133,periodic_fourier_ridge_with_cycle_contrasts,2.81399834509858,"{""1"": 0.6838642366532562, ""2"": -0.6838642366532562}",measured_phase_reference
adam,heart_ventricle_left,Левый желудочек,9.0,Уменьшение объёма желудочков,143.68498875067547,-7.9545785134718585,-5.245714332338765,-1.4055755838105028,0,,,,periodic_fourier_ridge_with_cycle_contrasts,2.81399834509858,"{""1"": 0.6838642366532562, ""2"": -0.6838642366532562}",periodic_model
adam,heart_ventricle_left,Левый желудочек,10.0,Уменьшение объёма желудочков,142.15215023863607,-9.487417025511263,-6.25655770237377,-1.5328385120394046,0,,,,periodic_fourier_ridge_with_cycle_contrasts,2.81399834509858,"{""1"": 0.6838642366532562, ""2"": -0.6838642366532562}",periodic_model
adam,heart_ventricle_left,Левый желудочек,11.0,Уменьшение объёма желудочков,140.4975738081912,-11.14199345595614,-7.347682176214229,-1.6545764304448767,0,,,,periodic_fourier_ridge_with_cycle_contrasts,2.81399834509858,"{""1"": 0.6838642366532562, ""2"": -0.6838642366532562}",periodic_model
adam,heart_ventricle_left,Левый желудочек,12.0,Уменьшение объёма желудочков,138.72848598382734,-12.91108128031999,-8.51432216093682,-1.7690878243638508,1,137.7227173005471,137.7227173005471,137.7227173005471,periodic_fourier_ridge_with_cycle_contrasts,2.81399834509858,"{""1"": 0.6838642366532562, ""2"": -0.6838642366532562}",measured_phase_reference
adam,heart_ventricle_left,Левый желудочек,13.0,Уменьшение объёма желудочков,136.85377529804524,-14.785791966102096,-9.750616038323365,-1.8747106857821052,0,,,,periodic_fourier_ridge_with_cycle_contrasts,2.81399834509858,"{""1"": 0.6838642366532562, ""2"": -0.6838642366532562}",periodic_model
adam,heart_ventricle_left,Левый желудочек,14.0,Уменьшение объёма желудочков,134.88392714177925,-16.755640122368078,-11.049649128304834,-1.9698481562659822,0,,,,periodic_fourier_ridge_with_cycle_contrasts,2.81399834509858,"{""1"": 0.6838642366532562, ""2"": -0.6838642366532562}",periodic_model
adam,heart_ventricle_left,Левый желудочек,15.0,Уменьшение объёма желудочков,132.83093370323235,-18.808633560914984,-12.403513080561247,-2.052993438546906,0,,,,periodic_fourier_ridge_with_cycle_contrasts,2.81399834509858,"{""1"": 0.6838642366532562, ""2"": -0.6838642366532562}",periodic_model
adam,heart_ventricle_left,Левый желудочек,16.0,Уменьшение объёма желудочков,130.70818011827092,-20.931387145876414,-13.803380953610315,-2.12275358496143,0,,,,periodic_fourier_ridge_with_cycle_contrasts,2.81399834509858,"{""1"": 0.6838642366532562, ""2"": -0.6838642366532562}",periodic_model
adam,heart_ventricle_left,Левый желудочек,17.0,Уменьшение объёма желудочков,128.53030833078304,-23.109258933364288,-15.239596993249988,-2.1778717874878737,1,128.16031876974455,128.16031876974455,128.16031876974455,periodic_fourier_ridge_with_cycle_contrasts,2.81399834509858,"{""1"": 0.6838642366532562, ""2"": -0.6838642366532562}",measured_phase_reference
adam,heart_ventricle_left,Левый желудочек,18.0,Уменьшение объёма желудочков,126.31306051420148,-25.32650674994585,-16.701779889564406,-2.217247816581562,0,,,,periodic_fourier_ridge_with_cycle_contrasts,2.81399834509858,"{""1"": 0.6838642366532562, ""2"": -0.6838642366532562}",periodic_model
adam,heart_ventricle_left,Левый желудочек,19.0,Уменьшение объёма желудочков,124.07310423016725,-27.566463033980085,-18.17893807752755,-2.2399562840342355,0,,,,periodic_fourier_ridge_with_cycle_contrasts,2.81399834509858,"{""1"": 0.6838642366532562, ""2"": -0.6838642366532562}",periodic_model
adam,heart_ventricle_left,Левый желудочек,20.0,Уменьшение объёма желудочков,121.82784179192186,-29.811725472225476,-19.659595453932667,-2.2452624382453905,0,,,,periodic_fourier_ridge_with_cycle_contrasts,2.81399834509858,"{""1"": 0.6838642366532562, ""2"": -0.6838642366532562}",periodic_model
adam,heart_ventricle_left,Левый желудочек,21.0,Уменьшение объёма желудочков,119.59520655385923,-32.0443607102881,-21.131925715976678,-2.2326352380626275,0,,,,periodic_fourier_ridge_with_cycle_contrasts,2.81399834509858,"{""1"": 0.6838642366532562, ""2"": -0.6838642366532562}",periodic_model
adam,heart_ventricle_left,Левый желудочек,22.0,Уменьшение объёма желудочков,117.393449060716,-34.24611820343134,-22.583893386992187,-2.2017574931432335,1,115.98941679283813,115.98941679283813,115.98941679283813,periodic_fourier_ridge_with_cycle_contrasts,2.81399834509858,"{""1"": 0.6838642366532562, ""2"": -0.6838642366532562}",measured_phase_reference
adam,heart_ventricle_left,Левый желудочек,23.0,Уменьшение объёма желудочков,115.24091615676664,-36.39865110738069,-24.003399484763992,-2.15253290394935,0,,,,periodic_fourier_ridge_with_cycle_contrasts,2.81399834509858,"{""1"": 0.6838642366532562, ""2"": -0.6838642366532562}",periodic_model
adam,heart_ventricle_left,Левый желудочек,24.0,Уменьшение объёма желудочков,113.15582627445664,-38.48374098969069,-25.37842970934772,-2.085089882310001,0,,,,periodic_fourier_ridge_with_cycle_contrasts,2.81399834509858,"{""1"": 0.6838642366532562, ""2"": -0.6838642366532562}",periodic_model
adam,heart_ventricle_left,Левый желудочек,25.0,Уменьшение объёма желудочков,111.15604419124358,-40.48352307290375,-26.697202981583164,-1.9997820832130628,0,,,,periodic_fourier_ridge_with_cycle_contrasts,2.81399834509858,"{""1"": 0.6838642366532562, ""2"": -0.6838642366532562}",periodic_model
adam,heart_ventricle_left,Левый желудочек,26.0,Уменьшение объёма желудочков,109.25885856189385,-42.380708702253486,-27.94831815130991,-1.8971856293497353,0,,,,periodic_fourier_ridge_with_cycle_contrasts,2.81399834509858,"{""1"": 0.6838642366532562, ""2"": -0.6838642366532562}",periodic_model
adam,heart_ventricle_left,Левый желудочек,27.0,Уменьшение объёма желудочков,107.48076550077027,-44.158801763377056,-29.120896715865054,-1.7780930611235704,0,,,,periodic_fourier_ridge_with_cycle_contrasts,2.81399834509858,"{""1"": 0.6838642366532562, ""2"": -0.6838642366532562}",periodic_model
adam,heart_ventricle_left,Левый желудочек,28.0,Уменьшение объёма желудочков,105.83726140521418,-45.80230585893315,-30.204719444462796,-1.6435040955560964,0,,,,periodic_fourier_ridge_with_cycle_contrasts,2.81399834509858,"{""1"": 0.6838642366532562, ""2"": -0.6838642366532562}",periodic_model
adam,heart_ventricle_left,Левый желудочек,29.0,Уменьшение объёма желудочков,104.34264807824539,-47.29691918590194,-31.19035489168434,-1.4946133269687891,0,,,,periodic_fourier_ridge_with_cycle_contrasts,2.81399834509858,"{""1"": 0.6838642366532562, ""2"": -0.6838642366532562}",periodic_model
adam,heart_ventricle_left,Левый желудочек,30.0,Уменьшение объёма желудочков,103.00985302851741,-48.62971423562992,-32.06927790219803,-1.3327950497279772,0,,,,periodic_fourier_ridge_with_cycle_contrasts,2.81399834509858,"{""1"": 0.6838642366532562, ""2"": -0.6838642366532562}",periodic_model
adam,heart_ventricle_left,Левый желудочек,31.0,Уменьшение объёма желудочков,101.85026760056422,-49.78929966358311,-32.83397635714235,-1.1595854279531892,1,105.31387730850543,105.31387730850543,105.31387730850543,periodic_fourier_ridge_with_cycle_contrasts,2.81399834509858,"{""1"": 0.6838642366532562, ""2"": -0.6838642366532562}",measured_phase_reference
adam,heart_ventricle_left,Левый желудочек,32.0,Уменьшение объёма желудочков,100.8736053223476,-50.76596194179973,-33.47804458803841,-0.9766622782166223,0,,,,periodic_fourier_ridge_with_cycle_contrasts,2.81399834509858,"{""1"": 0.6838642366532562, ""2"": -0.6838642366532562}",periodic_model
adam,heart_ventricle_left,Левый желудочек,33.0,Уменьшение объёма желудочков,100.08778255409655,-51.55178471005078,-33.996262083926,-0.7858227682510517,0,,,,periodic_fourier_ridge_with_cycle_contrasts,2.81399834509858,"{""1"": 0.6838642366532562, ""2"": -0.6838642366532562}",periodic_model
adam,heart_ventricle_left,Левый желудочек,34.0,Уменьшение объёма желудочков,99.49882318713864,-52.14074407700869,-34.384656338528416,-0.5889593669579085,0,,,,periodic_fourier_ridge_with_cycle_contrasts,2.81399834509858,"{""1"": 0.6838642366532562, ""2"": -0.6838642366532562}",periodic_model
adam,heart_ventricle_left,Левый желудочек,35.0,Уменьшение объёма желудочков,99.11078877908113,-52.5287784850662,-34.640548923200306,-0.3880344080575071,0,,,,periodic_fourier_ridge_with_cycle_contrasts,2.81399834509858,"{""1"": 0.6838642366532562, ""2"": -0.6838642366532562}",periodic_model
adam,heart_ventricle_left,Левый желудочек,36.0,Уменьшение объёма желудочков,98.92573512795289,-52.71383213619444,-34.76258412447854,-0.1850536511282428,0,,,,periodic_fourier_ridge_with_cycle_contrasts,2.81399834509858,"{""1"": 0.6838642366532562, ""2"": -0.6838642366532562}",periodic_model
adam,heart_ventricle_left,Левый желудочек,37.0,Уменьшение объёма желудочков,98.94369588875232,-52.695871375395015,-34.750739748288694,0.017960760799425657,0,,,,periodic_fourier_ridge_with_cycle_contrasts,2.81399834509858,"{""1"": 0.6838642366532562, ""2"": -0.6838642366532562}",periodic_model
adam,heart_ventricle_left,Левый желудочек,38.0,Уменьшение объёма желудочков,99.16269342748473,-52.476873836662605,-34.60631996215799,0.21899753873240968,0,,,,periodic_fourier_ridge_with_cycle_contrasts,2.81399834509858,"{""1"": 0.6838642366532562, ""2"": -0.6838642366532562}",periodic_model
adam,heart_ventricle_left,Левый желудочек,39.0,Уменьшение объёма желудочков,99.57877669658376,-52.06079056756357,-34.33193031794709,0.41608326909903326,0,,,,periodic_fourier_ridge_with_cycle_contrasts,2.81399834509858,"{""1"": 0.6838642366532562, ""2"": -0.6838642366532562}",periodic_model
adam,heart_ventricle_left,Левый желудочек,40.0,Уменьшение объёма желудочков,100.18608550800852,-51.453481756138814,-33.93143536641056,0.6073088114247582,0,,,,periodic_fourier_ridge_with_cycle_contrasts,2.81399834509858,"{""1"": 0.6838642366532562, ""2"": -0.6838642366532562}",periodic_model
adam,heart_ventricle_left,Левый желудочек,41.0,Уменьшение объёма желудочков,100.97694018264524,-50.662627081502094,-33.40989953713778,0.7908546746367193,1,102.08486249830575,102.08486249830575,102.08486249830575,periodic_fourier_ridge_with_cycle_contrasts,2.81399834509858,"{""1"": 0.6838642366532562, ""2"": -0.6838642366532562}",measured_phase_reference
adam,heart_ventricle_left,Левый желудочек,42.0,Уменьшение объёма желудочков,101.94195517311829,-49.69761209102904,-32.77351220902568,0.9650149904730512,0,,,,periodic_fourier_ridge_with_cycle_contrasts,2.81399834509858,"{""1"": 0.6838642366532562, ""2"": -0.6838642366532562}",periodic_model
adam,heart_ventricle_left,Левый желудочек,43.0,Уменьшение объёма желудочков,103.07017489767112,-48.56939236647621,-32.029498133472735,1.1282197245528351,0,,,,periodic_fourier_ridge_with_cycle_contrasts,2.81399834509858,"{""1"": 0.6838642366532562, ""2"": -0.6838642366532562}",periodic_model
adam,heart_ventricle_left,Левый желудочек,44.0,Уменьшение объёма желудочков,104.34922969101234,-47.29033757313499,-31.18601459126955,1.279054793341217,0,,,,periodic_fourier_ridge_with_cycle_contrasts,2.81399834509858,"{""1"": 0.6838642366532562, ""2"": -0.6838642366532562}",periodic_model
adam,heart_ventricle_left,Левый желудочек,45.0,Раннее и среднее наполнение,105.76550947909006,-45.874057785057275,-30.25203686129447,1.4162797880777163,0,,,,periodic_fourier_ridge_with_cycle_contrasts,2.81399834509858,"{""1"": 0.6838642366532562, ""2"": -0.6838642366532562}",periodic_model
adam,heart_ventricle_left,Левый желудочек,46.0,Раннее и среднее наполнение,107.30435252330442,-44.335214740842915,-29.23723375154028,1.5388430442143601,0,,,,periodic_fourier_ridge_with_cycle_contrasts,2.81399834509858,"{""1"": 0.6838642366532562, ""2"": -0.6838642366532562}",periodic_model
adam,heart_ventricle_left,Левый желудочек,47.0,Раннее и среднее наполнение,108.95024635974445,-42.68932090440288,-28.151835088028545,1.6458938364400382,0,,,,periodic_fourier_ridge_with_cycle_contrasts,2.81399834509858,"{""1"": 0.6838642366532562, ""2"": -0.6838642366532562}",periodic_model
adam,heart_ventricle_left,Левый желудочек,48.0,Раннее и среднее наполнение,110.68703788403867,-40.95252938010866,-27.00649317257133,1.736791524294219,0,,,,periodic_fourier_ridge_with_cycle_contrasts,2.81399834509858,"{""1"": 0.6838642366532562, ""2"": -0.6838642366532562}",periodic_model
adam,heart_ventricle_left,Левый желудочек,49.0,Раннее и среднее наполнение,112.49814940503295,-39.141417859114384,-25.81214030433911,1.8111115209942739,0,,,,periodic_fourier_ridge_with_cycle_contrasts,2.81399834509858,"{""1"": 0.6838642366532562, ""2"": -0.6838642366532562}",periodic_model
adam,heart_ventricle_left,Левый желудочек,50.0,Раннее и среднее наполнение,114.36679741269302,-37.27276985145431,-24.579844511510185,1.8686480076600702,1,109.35703823471727,109.35703823471727,109.35703823471727,periodic_fourier_ridge_with_cycle_contrasts,2.81399834509858,"{""1"": 0.6838642366532562, ""2"": -0.6838642366532562}",measured_phase_reference
adam,heart_ventricle_left,Левый желудочек,51.0,Раннее и среднее наполнение,116.27621077853925,-35.36335648560808,-23.320665657141557,1.909413365846234,0,,,,periodic_fourier_ridge_with_cycle_contrasts,2.81399834509858,"{""1"": 0.6838642366532562, ""2"": -0.6838642366532562}",periodic_model
adam,heart_ventricle_left,Левый желудочек,52.0,Раннее и среднее наполнение,118.20984513091915,-33.42972213322818,-22.045514067575482,1.9336343523798973,0,,,,periodic_fourier_ridge_with_cycle_contrasts,2.81399834509858,"{""1"": 0.6838642366532562, ""2"": -0.6838642366532562}",periodic_model
adam,heart_ventricle_left,Левый желудочек,53.0,Раннее и среднее наполнение,120.15159022207487,-31.48797704207246,-20.765013782466305,1.941745091155724,0,,,,periodic_fourier_ridge_with_cycle_contrasts,2.81399834509858,"{""1"": 0.6838642366532562, ""2"": -0.6838642366532562}",periodic_model
adam,heart_ventricle_left,Левый желудочек,54.0,Раннее и среднее наполнение,122.08596722803031,-29.553600036117018,-19.489372443694965,1.9343770059554402,0,,,,periodic_fourier_ridge_with_cycle_contrasts,2.81399834509858,"{""1"": 0.6838642366532562, ""2"": -0.6838642366532562}",periodic_model
adam,heart_ventricle_left,Левый желудочек,55.0,Раннее и среднее наполнение,123.99831309379995,-27.64125417034738,-18.228259727355933,1.9123458657696375,0,,,,periodic_fourier_ridge_with_cycle_contrasts,2.81399834509858,"{""1"": 0.6838642366532562, ""2"": -0.6838642366532562}",periodic_model
adam,heart_ventricle_left,Левый желудочек,56.0,Раннее и среднее наполнение,125.87494925255045,-25.76461801159688,-16.99069608047378,1.8766361587505003,0,,,,periodic_fourier_ridge_with_cycle_contrasts,2.81399834509858,"{""1"": 0.6838642366532562, ""2"": -0.6838642366532562}",periodic_model
adam,heart_ventricle_left,Левый желудочек,57.0,Раннее и среднее наполнение,127.70333230467484,-23.936234959472486,-15.784953354408453,1.8283830521243942,0,,,,periodic_fourier_ridge_with_cycle_contrasts,2.81399834509858,"{""1"": 0.6838642366532562, ""2"": -0.6838642366532562}",periodic_model
adam,heart_ventricle_left,Левый желудочек,58.0,Раннее и среднее наполнение,129.47218453716383,-22.167382726983504,-14.61846873274784,1.7688522324889817,0,,,,periodic_fourier_ridge_with_cycle_contrasts,2.81399834509858,"{""1"": 0.6838642366532562, ""2"": -0.6838642366532562}",periodic_model
adam,heart_ventricle_left,Левый желудочек,59.0,Раннее и среднее наполнение,131.17160249049783,-20.4679647736495,-13.49777313594907,1.699417953334006,0,,,,periodic_fourier_ridge_with_cycle_contrasts,2.81399834509858,"{""1"": 0.6838642366532562, ""2"": -0.6838642366532562}",periodic_model
adam,heart_ventricle_left,Левый желудочек,60.0,Раннее и среднее наполнение,132.7931421343495,-18.846425129797836,-12.428435051498436,1.621539643851662,1,137.27966131404315,137.27966131404315,137.27966131404315,periodic_fourier_ridge_with_cycle_contrasts,2.81399834509858,"{""1"": 0.6838642366532562, ""2"": -0.6838642366532562}",measured_phase_reference
adam,heart_ventricle_left,Левый желудочек,61.0,Раннее и среднее наполнение,134.3298795890592,-17.309687675088128,-11.41502049061882,1.5367374547097086,0,,,,periodic_fourier_ridge_with_cycle_contrasts,2.81399834509858,"{""1"": 0.6838642366532562, ""2"": -0.6838642366532562}",periodic_model
adam,heart_ventricle_left,Левый желудочек,62.0,Раннее и среднее наполнение,135.7764467211814,-15.86312054296593,-10.461069514484498,1.4465671321221976,0,,,,periodic_fourier_ridge_with_cycle_contrasts,2.81399834509858,"{""1"": 0.6838642366532562, ""2"": -0.6838642366532562}",periodic_model
adam,heart_ventricle_left,Левый желудочек,63.0,Раннее и среднее наполнение,137.12904134219656,-14.510525921950773,-9.56908950859394,1.3525946210151574,0,,,,periodic_fourier_ridge_with_cycle_contrasts,2.81399834509858,"{""1"": 0.6838642366532562, ""2"": -0.6838642366532562}",periodic_model
adam,heart_ventricle_left,Левый желудочек,64.0,Раннее и среднее наполнение,138.38541214340864,-13.254155120738687,-8.740565117579582,1.2563708012120856,0,,,,periodic_fourier_ridge_with_cycle_contrasts,2.81399834509858,"{""1"": 0.6838642366532562, ""2"": -0.6838642366532562}",periodic_model
adam,heart_ventricle_left,Левый желудочек,65.0,Раннее и среднее наполнение,139.5448189007147,-12.094748363432643,-7.975984488510372,1.1594067573060443,0,,,,periodic_fourier_ridge_with_cycle_contrasts,2.81399834509858,"{""1"": 0.6838642366532562, ""2"": -0.6838642366532562}",periodic_model
adam,heart_ventricle_left,Левый желудочек,66.0,Раннее и среднее наполнение,140.6079688740142,-11.031598390133126,-7.274881212841185,1.0631499732995167,0,,,,periodic_fourier_ridge_with_cycle_contrasts,2.81399834509858,"{""1"": 0.6838642366532562, ""2"": -0.6838642366532562}",periodic_model
adam,heart_ventricle_left,Левый желудочек,67.0,Раннее и среднее наполнение,141.57693070135156,-10.062636562795774,-6.6358911096516415,0.9689618273373526,0,,,,periodic_fourier_ridge_with_cycle_contrasts,2.81399834509858,"{""1"": 0.6838642366532562, ""2"": -0.6838642366532562}",periodic_model
adam,heart_ventricle_left,Левый желудочек,68.0,Раннее и среднее наполнение,142.45502744153342,-9.184539822613914,-6.056822759600058,0.87809674018186,0,,,,periodic_fourier_ridge_with_cycle_contrasts,2.81399834509858,"{""1"": 0.6838642366532562, ""2"": -0.6838642366532562}",periodic_model
adam,heart_ventricle_left,Левый желудочек,69.0,Раннее и среднее наполнение,143.2467107453636,-8.39285651878373,-5.534740483770876,0.7916833038301831,0,,,,periodic_fourier_ridge_with_cycle_contrasts,2.81399834509858,"{""1"": 0.6838642366532562, ""2"": -0.6838642366532562}",periodic_model
adam,heart_ventricle_left,Левый желудочек,70.0,Раннее и среднее наполнение,143.95741842965478,-7.682148834492551,-5.066058267701789,0.7107076842911795,1,146.45699073592098,146.45699073592098,146.45699073592098,periodic_fourier_ridge_with_cycle_contrasts,2.81399834509858,"{""1"": 0.6838642366532562, ""2"": -0.6838642366532562}",measured_phase_reference
adam,heart_ventricle_left,Левый желудочек,71.0,Раннее и среднее наполнение,144.59341798518145,-7.046149278965885,-4.646642961392723,0.6359995555266664,0,,,,periodic_fourier_ridge_with_cycle_contrasts,2.81399834509858,"{""1"": 0.6838642366532562, ""2"": -0.6838642366532562}",periodic_model
adam,heart_ventricle_left,Левый желудочек,72.0,Раннее и среднее наполнение,145.16163876570454,-6.477928498442793,-4.271924943678201,0.5682207805230917,0,,,,periodic_fourier_ridge_with_cycle_contrasts,2.81399834509858,"{""1"": 0.6838642366532562, ""2"": -0.6838642366532562}",periodic_model
adam,heart_ventricle_left,Левый желудочек,73.0,Раннее и среднее наполнение,145.6694957767351,-5.970071487412241,-3.9370143262231307,0.507857011030552,0,,,,periodic_fourier_ridge_with_cycle_contrasts,2.81399834509858,"{""1"": 0.6838642366532562, ""2"": -0.6838642366532562}",periodic_model
adam,heart_ventricle_left,Левый желудочек,74.0,Раннее и среднее наполнение,146.1247081071407,-5.51485915700664,-3.636820690341377,0.45521233040560105,0,,,,periodic_fourier_ridge_with_cycle_contrasts,2.81399834509858,"{""1"": 0.6838642366532562, ""2"": -0.6838642366532562}",periodic_model
adam,heart_ventricle_left,Левый желудочек,75.0,Раннее и среднее наполнение,146.53511512209897,-5.104452142048359,-3.3661743001130433,0.410407014958281,0,,,,periodic_fourier_ridge_with_cycle_contrasts,2.81399834509858,"{""1"": 0.6838642366532562, ""2"": -0.6838642366532562}",periodic_model
adam,heart_ventricle_left,Левый желудочек,76.0,Раннее и среднее наполнение,146.9084935611166,-4.731073703030745,-3.1199467186486287,0.37337843901761403,0,,,,periodic_fourier_ridge_with_cycle_contrasts,2.81399834509858,"{""1"": 0.6838642366532562, ""2"": -0.6838642366532562}",periodic_model
adam,heart_ventricle_left,Левый желудочек,77.0,Раннее и среднее наполнение,147.2523786595005,-4.387188604646838,-2.893168771053408,0.34388509838390746,0,,,,periodic_fourier_ridge_with_cycle_contrasts,2.81399834509858,"{""1"": 0.6838642366532562, ""2"": -0.6838642366532562}",periodic_model
adam,heart_ventricle_left,Левый желудочек,78.0,Раннее и среднее наполнение,147.57389233623607,-4.06567492791126,-2.6811438473898375,0.3215136767355773,0,,,,periodic_fourier_ridge_with_cycle_contrasts,2.81399834509858,"{""1"": 0.6838642366532562, ""2"": -0.6838642366532562}",periodic_model
adam,heart_ventricle_left,Левый желудочек,79.0,Раннее и среднее наполнение,147.87958136692714,-3.75998589722019,-2.4795546209061072,0.30568903069107023,1,145.76192481493763,145.76192481493763,145.76192481493763,periodic_fourier_ridge_with_cycle_contrasts,2.81399834509858,"{""1"": 0.6838642366532562, ""2"": -0.6838642366532562}",measured_phase_reference
adam,heart_ventricle_left,Левый желудочек,80.0,Поздняя диастола,148.17526828930144,-3.464298974845889,-2.2845613696663225,0.2956869223743013,0,,,,periodic_fourier_ridge_with_cycle_contrasts,2.81399834509858,"{""1"": 0.6838642366532562, ""2"": -0.6838642366532562}",periodic_model
adam,heart_ventricle_left,Левый желудочек,81.0,Поздняя диастола,148.4659175735317,-3.1736496906156333,-2.09289023166844,0.2906492842302555,0,,,,periodic_fourier_ridge_with_cycle_contrasts,2.81399834509858,"{""1"": 0.6838642366532562, ""2"": -0.6838642366532562}",periodic_model
adam,heart_ventricle_left,Левый желудочек,82.0,Поздняя диастола,148.75551933371995,-2.8840479304273856,-1.9019098922931779,0.2896017601882477,0,,,,periodic_fourier_ridge_with_cycle_contrasts,2.81399834509858,"{""1"": 0.6838642366532562, ""2"": -0.6838642366532562}",periodic_model
adam,heart_ventricle_left,Левый желудочек,83.0,Поздняя диастола,149.04699256443655,-2.592574699710781,-1.7096953957898509,0.2914732307166048,0,,,,periodic_fourier_ridge_with_cycle_contrasts,2.81399834509858,"{""1"": 0.6838642366532562, ""2"": -0.6838642366532562}",periodic_model
adam,heart_ventricle_left,Левый желудочек,84.0,Поздняя диастола,149.34210956187096,-2.2974577022763754,-1.5150779863901467,0.29511699743440545,0,,,,periodic_fourier_ridge_with_cycle_contrasts,2.81399834509858,"{""1"": 0.6838642366532562, ""2"": -0.6838642366532562}",periodic_model
adam,heart_ventricle_left,Левый желудочек,85.0,Поздняя диастола,149.6414428381162,-1.9981244260311257,-1.3176801161338774,0.29933327624524964,0,,,,periodic_fourier_ridge_with_cycle_contrasts,2.81399834509858,"{""1"": 0.6838642366532562, ""2"": -0.6838642366532562}",periodic_model
adam,heart_ventricle_left,Левый желудочек,86.0,Поздняя диастола,149.94433546497962,-1.6952317991677148,-1.1179350018948018,0.3028926268634109,0,,,,periodic_fourier_ridge_with_cycle_contrasts,2.81399834509858,"{""1"": 0.6838642366532562, ""2"": -0.6838642366532562}",periodic_model
adam,heart_ventricle_left,Левый желудочек,87.0,Поздняя диастола,150.24889539642186,-1.390671867725473,-0.9170903694963751,0.3045599314422418,0,,,,periodic_fourier_ridge_with_cycle_contrasts,2.81399834509858,"{""1"": 0.6838642366532562, ""2"": -0.6838642366532562}",periodic_model
adam,heart_ventricle_left,Левый желудочек,88.0,Поздняя диастола,150.55201392245638,-1.087553341690949,-0.7171962841311029,0.30311852603452394,0,,,,periodic_fourier_ridge_with_cycle_contrasts,2.81399834509858,"{""1"": 0.6838642366532562, ""2"": -0.6838642366532562}",periodic_model
adam,heart_ventricle_left,Левый желудочек,89.0,Поздняя диастола,150.84940800841122,-0.7901592557361141,-0.5210772293749049,0.29739408595483496,1,150.76872927592063,150.76872927592063,150.76872927592063,periodic_fourier_ridge_with_cycle_contrasts,2.81399834509858,"{""1"": 0.6838642366532562, ""2"": -0.6838642366532562}",measured_phase_reference
adam,heart_ventricle_left,Левый желудочек,90.0,Поздняя диастола,151.13568587822738,-0.5038813859199536,-0.332288857724199,0.28627786981616055,0,,,,periodic_fourier_ridge_with_cycle_contrasts,2.81399834509858,"{""1"": 0.6838642366532562, ""2"": -0.6838642366532562}",periodic_model
adam,heart_ventricle_left,Левый желудочек,91.0,Поздняя диастола,151.40443481525253,-0.23513244889480234,-0.15506008961712167,0.26874893702515124,0,,,,periodic_fourier_ridge_with_cycle_contrasts,2.81399834509858,"{""1"": 0.6838642366532562, ""2"": -0.6838642366532562}",periodic_model
adam,heart_ventricle_left,Левый желудочек,92.0,Поздняя диастола,151.64832978492998,0.008762520782653382,0.0057785187209019,0.24389496967745572,0,,,,periodic_fourier_ridge_with_cycle_contrasts,2.81399834509858,"{""1"": 0.6838642366532562, ""2"": -0.6838642366532562}",periodic_model
adam,heart_ventricle_left,Левый желудочек,93.0,Поздняя диастола,151.8592611367769,0.21969387262956275,0.1448789894308184,0.21093135184690937,0,,,,periodic_fourier_ridge_with_cycle_contrasts,2.81399834509858,"{""1"": 0.6838642366532562, ""2"": -0.6838642366532562}",periodic_model
adam,heart_ventricle_left,Левый желудочек,94.0,Поздняя диастола,152.02847932363971,0.38891205949238383,0.2564713593615851,0.16921818686282109,0,,,,periodic_fourier_ridge_with_cycle_contrasts,2.81399834509858,"{""1"": 0.6838642366532562, ""2"": -0.6838642366532562}",periodic_model
adam,heart_ventricle_left,Левый желудочек,95.0,Поздняя диастола,152.14675428951622,0.5071870253688928,0.3344687897225415,0.11827496587650899,0,,,,periodic_fourier_ridge_with_cycle_contrasts,2.81399834509858,"{""1"": 0.6838642366532562, ""2"": -0.6838642366532562}",periodic_model
adam,heart_ventricle_left,Левый желудочек,96.0,Поздняя диастола,152.20454692783778,0.5649796636904512,0.3725806357032722,0.05779263832155834,0,,,,periodic_fourier_ridge_with_cycle_contrasts,2.81399834509858,"{""1"": 0.6838642366532562, ""2"": -0.6838642366532562}",periodic_model
adam,heart_ventricle_left,Левый желудочек,97.0,Поздняя диастола,152.19218980401794,0.5526225398706117,0.36443162549255714,-0.012357123819839444,0,,,,periodic_fourier_ridge_with_cycle_contrasts,2.81399834509858,"{""1"": 0.6838642366532562, ""2"": -0.6838642366532562}",periodic_model
adam,heart_ventricle_left,Левый желудочек,98.0,Поздняя диастола,152.1000741726425,0.4605069084951765,0.303685190352067,-0.09211563137543521,1,157.34092056155413,157.34092056155413,157.34092056155413,periodic_fourier_ridge_with_cycle_contrasts,2.81399834509858,"{""1"": 0.6838642366532562, ""2"": -0.6838642366532562}",measured_phase_reference
adam,heart_ventricle_left,Левый желудочек,99.0,Поздняя диастола,151.91884020355263,0.2792729394053026,0.1841689108218209,-0.18123396908987388,0,,,,periodic_fourier_ridge_with_cycle_contrasts,2.81399834509858,"{""1"": 0.6838642366532562, ""2"": -0.6838642366532562}",periodic_model
adam,heart_ventricle_left,Левый желудочек,100.0,Поздняя диастола,151.63956726414733,0.0,0.0,-0.2792729394053026,0,,,,periodic_fourier_ridge_with_cycle_contrasts,2.81399834509858,"{""1"": 0.6838642366532562, ""2"": -0.6838642366532562}",periodic_model_boundary
adam,heart_atrium_right,Правое предсердие,0.0,Уменьшение объёма желудочков,65.26085519914429,0.0,0.0,0.0,0,,,,periodic_fourier_ridge_with_cycle_contrasts,5.10022870935604,"{""1"": -1.110201070994147, ""2"": 1.110201070994147}",periodic_model_boundary
adam,heart_atrium_right,Правое предсердие,1.0,Уменьшение объёма желудочков,65.38969191088961,0.12883671174532196,0.1974180561259505,0.12883671174532196,0,,,,periodic_fourier_ridge_with_cycle_contrasts,5.10022870935604,"{""1"": -1.110201070994147, ""2"": 1.110201070994147}",periodic_model
adam,heart_atrium_right,Правое предсердие,2.0,Уменьшение объёма желудочков,65.66733189318103,0.4064766940367406,0.622849168611677,0.2776399822914186,0,,,,periodic_fourier_ridge_with_cycle_contrasts,5.10022870935604,"{""1"": -1.110201070994147, ""2"": 1.110201070994147}",periodic_model
adam,heart_atrium_right,Правое предсердие,3.0,Уменьшение объёма желудочков,66.0992671466212,0.8384119474769136,1.2847087965955846,0.43193525344017303,0,,,,periodic_fourier_ridge_with_cycle_contrasts,5.10022870935604,"{""1"": -1.110201070994147, ""2"": 1.110201070994147}",periodic_model
adam,heart_atrium_right,Правое предсердие,4.0,Уменьшение объёма желудочков,66.68929154138804,1.4284363422437565,2.188810333368856,0.5900243947668429,0,,,,periodic_fourier_ridge_with_cycle_contrasts,5.10022870935604,"{""1"": -1.110201070994147, ""2"": 1.110201070994147}",periodic_model
adam,heart_atrium_right,Правое предсердие,5.0,Уменьшение объёма желудочков,67.439399129597,2.1785439304527188,3.338209289174752,0.7501075882089623,0,,,,periodic_fourier_ridge_with_cycle_contrasts,5.10022870935604,"{""1"": -1.110201070994147, ""2"": 1.110201070994147}",periodic_model
adam,heart_atrium_right,Правое предсердие,6.0,Уменьшение объёма желудочков,68.34970810556467,3.088852906420385,4.733086774598208,0.9103089759676664,0,,,,periodic_fourier_ridge_with_cycle_contrasts,5.10022870935604,"{""1"": -1.110201070994147, ""2"": 1.110201070994147}",periodic_model
adam,heart_atrium_right,Правое предсердие,7.0,Уменьшение объёма желудочков,69.41841178915136,4.157556590007076,6.370674391747153,1.0687036835866905,0,,,,periodic_fourier_ridge_with_cycle_contrasts,5.10022870935604,"{""1"": -1.110201070994147, ""2"": 1.110201070994147}",periodic_model
adam,heart_atrium_right,Правое предсердие,8.0,Уменьшение объёма желудочков,70.64175759129486,5.380902392150574,8.245222002884708,1.2233458021434984,1,67.14660384185869,67.14660384185869,67.14660384185869,periodic_fourier_ridge_with_cycle_contrasts,5.10022870935604,"{""1"": -1.110201070994147, ""2"": 1.110201070994147}",measured_phase_reference
adam,heart_atrium_right,Правое предсердие,9.0,Уменьшение объёма желудочков,72.01405448892115,6.753199289776859,10.348009184325566,1.3722968976262848,0,,,,periodic_fourier_ridge_with_cycle_contrasts,5.10022870935604,"{""1"": -1.110201070994147, ""2"": 1.110201070994147}",periodic_model
adam,heart_atrium_right,Правое предсердие,10.0,Уменьшение объёма желудочков,73.52770909540716,8.266853896262873,12.667400497643602,1.5136546064860141,0,,,,periodic_fourier_ridge_with_cycle_contrasts,5.10022870935604,"{""1"": -1.110201070994147, ""2"": 1.110201070994147}",periodic_model
adam,heart_atrium_right,Правое предсердие,11.0,Уменьшение объёма желудочков,75.17328996959458,9.91243477045029,15.188944031153707,1.6455808741874165,0,,,,periodic_fourier_ridge_with_cycle_contrasts,5.10022870935604,"{""1"": -1.110201070994147, ""2"": 1.110201070994147}",periodic_model
adam,heart_atrium_right,Правое предсердие,12.0,Уменьшение объёма желудочков,76.93961936797234,11.678764168828053,17.895511992893997,1.7663293983777635,1,84.25519199263358,84.25519199263358,84.25519199263358,periodic_fourier_ridge_with_cycle_contrasts,5.10022870935604,"{""1"": -1.110201070994147, ""2"": 1.110201070994147}",measured_phase_reference
adam,heart_atrium_right,Правое предсердие,13.0,Уменьшение объёма желудочков,78.81389121794368,13.55303601879939,20.76748148249381,1.8742718499713362,0,,,,periodic_fourier_ridge_with_cycle_contrasts,5.10022870935604,"{""1"": -1.110201070994147, ""2"": 1.110201070994147}",periodic_model
adam,heart_atrium_right,Правое предсердие,14.0,Уменьшение объёма желудочков,80.78181368177786,15.520958482633574,23.782952943646205,1.967922463834185,0,,,,periodic_fourier_ridge_with_cycle_contrasts,5.10022870935604,"{""1"": -1.110201070994147, ""2"": 1.110201070994147}",periodic_model
adam,heart_atrium_right,Правое предсердие,15.0,Уменьшение объёма желудочков,82.8277742973345,17.566919098190212,26.91800321124286,2.0459606155566377,0,,,,periodic_fourier_ridge_with_cycle_contrasts,5.10022870935604,"{""1"": -1.110201070994147, ""2"": 1.110201070994147}",periodic_model
adam,heart_atrium_right,Правое предсердие,16.0,Уменьшение объёма желудочков,84.93502532897233,19.674170129828042,30.146969526819827,2.10725103163783,0,,,,periodic_fourier_ridge_with_cycle_contrasts,5.10022870935604,"{""1"": -1.110201070994147, ""2"": 1.110201070994147}",periodic_model
adam,heart_atrium_right,Правое предсердие,17.0,Уменьшение объёма желудочков,87.08588664576173,21.825031446617444,33.442760411303375,2.1508613167894026,1,93.35654307268327,93.35654307268327,93.35654307268327,periodic_fourier_ridge_with_cycle_contrasts,5.10022870935604,"{""1"": -1.110201070994147, ""2"": 1.110201070994147}",measured_phase_reference
adam,heart_atrium_right,Правое предсердие,18.0,Уменьшение объёма желудочков,89.261963169191,24.001107970046718,36.77718886276781,2.1760765234292734,0,,,,periodic_fourier_ridge_with_cycle_contrasts,5.10022870935604,"{""1"": -1.110201070994147, ""2"": 1.110201070994147}",periodic_model
adam,heart_atrium_right,Правое предсердие,19.0,Уменьшение объёма желудочков,91.44437370331916,26.18351850417487,40.12132299565421,2.1824105341281523,0,,,,periodic_fourier_ridge_with_cycle_contrasts,5.10022870935604,"{""1"": -1.110201070994147, ""2"": 1.110201070994147}",periodic_model
adam,heart_atrium_right,Правое предсердие,20.0,Уменьшение объёма желудочков,93.61398778039631,28.353132581252027,43.44584896218736,2.1696140770771564,0,,,,periodic_fourier_ridge_with_cycle_contrasts,5.10022870935604,"{""1"": -1.110201070994147, ""2"": 1.110201070994147}",periodic_model
adam,heart_atrium_right,Правое предсердие,21.0,Уменьшение объёма желудочков,95.75166702718683,30.49081182804254,46.721440800920334,2.137679246790512,0,,,,periodic_fourier_ridge_with_cycle_contrasts,5.10022870935604,"{""1"": -1.110201070994147, ""2"": 1.110201070994147}",periodic_model
adam,heart_atrium_right,Правое предсердие,22.0,Уменьшение объёма желудочков,97.83850748360902,32.57765228446473,49.919131744525316,2.0868404564221947,1,87.81892569885989,87.81892569885989,87.81892569885989,periodic_fourier_ridge_with_cycle_contrasts,5.10022870935604,"{""1"": -1.110201070994147, ""2"": 1.110201070994147}",measured_phase_reference
adam,heart_atrium_right,Правое предсердие,23.0,Уменьшение объёма желудочков,99.85607928702079,34.5952240878765,53.010681490931674,2.0175718034117693,0,,,,periodic_fourier_ridge_with_cycle_contrasts,5.10022870935604,"{""1"": -1.110201070994147, ""2"": 1.110201070994147}",periodic_model
adam,heart_atrium_right,Правое предсердие,24.0,Уменьшение объёма желудочков,101.78666017283206,36.52580497368777,55.96893399914671,1.930580885811267,0,,,,periodic_fourier_ridge_with_cycle_contrasts,5.10022870935604,"{""1"": -1.110201070994147, ""2"": 1.110201070994147}",periodic_model
adam,heart_atrium_right,Правое предсердие,25.0,Уменьшение объёма желудочков,103.61345933454265,38.352604135398366,58.768160512706935,1.8267991617105963,0,,,,periodic_fourier_ridge_with_cycle_contrasts,5.10022870935604,"{""1"": -1.110201070994147, ""2"": 1.110201070994147}",periodic_model
adam,heart_atrium_right,Правое предсердие,26.0,Уменьшение объёма желудочков,105.32082833234766,40.05997313320337,61.384382737492295,1.7073689978050055,0,,,,periodic_fourier_ridge_with_cycle_contrasts,5.10022870935604,"{""1"": -1.110201070994147, ""2"": 1.110201070994147}",periodic_model
adam,heart_atrium_right,Правое предсердие,27.0,Уменьшение объёма желудочков,106.89445593684434,41.63360073770005,63.79567140310163,1.5736276044966786,0,,,,periodic_fourier_ridge_with_cycle_contrasts,5.10022870935604,"{""1"": -1.110201070994147, ""2"": 1.110201070994147}",periodic_model
adam,heart_atrium_right,Правое предсердие,28.0,Уменьшение объёма желудочков,108.32154404002871,43.060688840884424,65.98241581340638,1.4270881031843743,0,,,,periodic_fourier_ridge_with_cycle_contrasts,5.10022870935604,"{""1"": -1.110201070994147, ""2"": 1.110201070994147}",periodic_model
adam,heart_atrium_right,Правое предсердие,29.0,Уменьшение объёма желудочков,109.59096205584125,44.33010685669696,67.92756043637966,1.2694180158125334,0,,,,periodic_fourier_ridge_with_cycle_contrasts,5.10022870935604,"{""1"": -1.110201070994147, ""2"": 1.110201070994147}",periodic_model
adam,heart_atrium_right,Правое предсердие,30.0,Уменьшение объёма желудочков,110.69337756247035,45.43252236332606,69.61680508888242,1.1024155066291002,0,,,,periodic_fourier_ridge_with_cycle_contrasts,5.10022870935604,"{""1"": -1.110201070994147, ""2"": 1.110201070994147}",periodic_model
adam,heart_atrium_right,Правое предсердие,31.0,Уменьшение объёма желудочков,111.62136130328145,46.36050610413716,71.03876583086065,0.9279837408111007,1,111.34567749169837,111.34567749169837,111.34567749169837,periodic_fourier_ridge_with_cycle_contrasts,5.10022870935604,"{""1"": -1.110201070994147, ""2"": 1.110201070994147}",measured_phase_reference
adam,heart_atrium_right,Правое предсердие,32.0,Уменьшение объёма желудочков,112.36946505689711,47.108609857752825,72.18509428661383,0.7481037536156663,0,,,,periodic_fourier_ridge_with_cycle_contrasts,5.10022870935604,"{""1"": -1.110201070994147, ""2"": 1.110201070994147}",periodic_model
adam,heart_atrium_right,Правое предсердие,33.0,Уменьшение объёма желудочков,112.9342713034453,47.67341610430101,73.05055374898936,0.5648062465481871,0,,,,periodic_fourier_ridge_with_cycle_contrasts,5.10022870935604,"{""1"": -1.110201070994147, ""2"": 1.110201070994147}",periodic_model
adam,heart_atrium_right,Правое предсердие,34.0,Уменьшение объёма желудочков,113.31441404679282,48.05355884764853,73.63305108554357,0.38014274334751974,0,,,,periodic_fourier_ridge_with_cycle_contrasts,5.10022870935604,"{""1"": -1.110201070994147, ""2"": 1.110201070994147}",periodic_model
adam,heart_atrium_right,Правое предсердие,35.0,Уменьшение объёма желудочков,113.5105705949133,48.249715395769016,73.93362414349984,0.19615654812048433,0,,,,periodic_fourier_ridge_with_cycle_contrasts,5.10022870935604,"{""1"": -1.110201070994147, ""2"": 1.110201070994147}",periodic_model
adam,heart_atrium_right,Правое предсердие,36.0,Уменьшение объёма желудочков,113.52542454547626,48.26456934633197,73.95638503211772,0.014853950562951468,0,,,,periodic_fourier_ridge_with_cycle_contrasts,5.10022870935604,"{""1"": -1.110201070994147, ""2"": 1.110201070994147}",periodic_model
adam,heart_atrium_right,Правое предсердие,37.0,Уменьшение объёма желудочков,113.36360066431999,48.1027454651757,73.70842033618713,-0.16182388115626622,0,,,,periodic_fourier_ridge_with_cycle_contrasts,5.10022870935604,"{""1"": -1.110201070994147, ""2"": 1.110201070994147}",periodic_model
adam,heart_atrium_right,Правое предсердие,38.0,Уменьшение объёма желудочков,113.03157277379364,47.77071757464935,73.19964997221754,-0.33202789052634785,0,,,,periodic_fourier_ridge_with_cycle_contrasts,5.10022870935604,"{""1"": -1.110201070994147, ""2"": 1.110201070994147}",periodic_model
adam,heart_atrium_right,Правое предсердие,39.0,Уменьшение объёма желудочков,112.53754617930423,47.27669098015994,72.44264702921,-0.4940265944894122,0,,,,periodic_fourier_ridge_with_cycle_contrasts,5.10022870935604,"{""1"": -1.110201070994147, ""2"": 1.110201070994147}",periodic_model
adam,heart_atrium_right,Правое предсердие,40.0,Уменьшение объёма желудочков,111.8913165493548,46.63046135021051,71.4524215288278,-0.6462296299494312,0,,,,periodic_fourier_ridge_with_cycle_contrasts,5.10022870935604,"{""1"": -1.110201070994147, ""2"": 1.110201070994147}",periodic_model
adam,heart_atrium_right,Правое предсердие,41.0,Уменьшение объёма желудочков,111.10410752086275,45.84325232171847,70.24617158605604,-0.7872090284920432,1,110.14387356686957,110.14387356686957,110.14387356686957,periodic_fourier_ridge_with_cycle_contrasts,5.10022870935604,"{""1"": -1.110201070994147, ""2"": 1.110201070994147}",measured_phase_reference
adam,heart_atrium_right,Правое предсердие,42.0,Уменьшение объёма желудочков,110.18838962204104,44.927534422896755,68.84300594253605,-0.9157178988217112,0,,,,periodic_fourier_ridge_with_cycle_contrasts,5.10022870935604,"{""1"": -1.110201070994147, ""2"": 1.110201070994147}",periodic_model
adam,heart_atrium_right,Правое предсердие,43.0,Уменьшение объёма желудочков,109.15768338461403,43.896828185469744,67.26364227302575,-1.0307062374270117,0,,,,periodic_fourier_ridge_with_cycle_contrasts,5.10022870935604,"{""1"": -1.110201070994147, ""2"": 1.110201070994147}",periodic_model
adam,heart_atrium_right,Правое предсердие,44.0,Уменьшение объёма желудочков,108.02634975127378,42.765494552129496,65.53008602420252,-1.1313336333402475,0,,,,periodic_fourier_ridge_with_cycle_contrasts,5.10022870935604,"{""1"": -1.110201070994147, ""2"": 1.110201070994147}",periodic_model
adam,heart_atrium_right,Правое предсердие,45.0,Раннее и среднее наполнение,106.80937106943412,41.54851587028983,63.6652948287362,-1.216978681839663,0,,,,periodic_fourier_ridge_with_cycle_contrasts,5.10022870935604,"{""1"": -1.110201070994147, ""2"": 1.110201070994147}",periodic_model
adam,heart_atrium_right,Правое предсердие,46.0,Раннее и среднее наполнение,105.52212609564342,40.26127089649913,61.69283374182176,-1.2872449737907061,0,,,,periodic_fourier_ridge_with_cycle_contrasts,5.10022870935604,"{""1"": -1.110201070994147, ""2"": 1.110201070994147}",periodic_model
adam,heart_atrium_right,Правое предсердие,47.0,Раннее и среднее наполнение,104.18016251443419,38.9193073152899,59.63652666905323,-1.341963581209228,0,,,,periodic_fourier_ridge_with_cycle_contrasts,5.10022870935604,"{""1"": -1.110201070994147, ""2"": 1.110201070994147}",periodic_model
adam,heart_atrium_right,Правое предсердие,48.0,Раннее и среднее наполнение,102.79897049972408,37.53811530057979,57.52010939181195,-1.381192014710109,0,,,,periodic_fourier_ridge_with_cycle_contrasts,5.10022870935604,"{""1"": -1.110201070994147, ""2"": 1.110201070994147}",periodic_model
adam,heart_atrium_right,Правое предсердие,49.0,Раннее и среднее наполнение,101.39376081581135,36.13290561666706,55.366889548730335,-1.4052096839127302,0,,,,periodic_fourier_ridge_with_cycle_contrasts,5.10022870935604,"{""1"": -1.110201070994147, ""2"": 1.110201070994147}",periodic_model
adam,heart_atrium_right,Правое предсердие,50.0,Раннее и среднее наполнение,99.97925086908155,34.718395669937266,53.19941880012706,-1.414509946729794,1,104.56988495956456,104.56988495956456,104.56988495956456,periodic_fourier_ridge_with_cycle_contrasts,5.10022870935604,"{""1"": -1.110201070994147, ""2"": 1.110201070994147}",measured_phase_reference
adam,heart_atrium_right,Правое предсердие,51.0,Раннее и среднее наполнение,98.56946198216514,33.30860678302085,51.03918218873969,-1.4097888869164166,0,,,,periodic_fourier_ridge_with_cycle_contrasts,5.10022870935604,"{""1"": -1.110201070994147, ""2"": 1.110201070994147}",periodic_model
adam,heart_atrium_right,Правое предсердие,52.0,Раннее и среднее наполнение,97.17753097171855,31.916675772574266,48.90630941807328,-1.3919310104465836,0,,,,periodic_fourier_ridge_with_cycle_contrasts,5.10022870935604,"{""1"": -1.110201070994147, ""2"": 1.110201070994147}",periodic_model
adam,heart_atrium_right,Правое предсердие,53.0,Раннее и среднее наполнение,95.81553887229836,30.554683673154074,46.819312403915156,-1.361992099420192,0,,,,periodic_fourier_ridge_with_cycle_contrasts,5.10022870935604,"{""1"": -1.110201070994147, ""2"": 1.110201070994147}",periodic_model
adam,heart_atrium_right,Правое предсердие,54.0,Раннее и среднее наполнение,94.49435936577677,29.233504166632486,44.794853020889924,-1.321179506521588,0,,,,periodic_fourier_ridge_with_cycle_contrasts,5.10022870935604,"{""1"": -1.110201070994147, ""2"": 1.110201070994147}",periodic_model
adam,heart_atrium_right,Правое предсердие,55.0,Раннее и среднее наполнение,93.22352915292161,27.962673953777326,42.847544471259056,-1.2708302128551594,0,,,,periodic_fourier_ridge_with_cycle_contrasts,5.10022870935604,"{""1"": -1.110201070994147, ""2"": 1.110201070994147}",periodic_model
adam,heart_atrium_right,Правое предсердие,56.0,Раннее и среднее наполнение,92.01114214627158,26.750286947127293,40.98978915538031,-1.212387006650033,0,,,,periodic_fourier_ridge_with_cycle_contrasts,5.10022870935604,"{""1"": -1.110201070994147, ""2"": 1.110201070994147}",periodic_model
adam,heart_atrium_right,Правое предсердие,57.0,Раннее и среднее наполнение,90.86376897696289,25.6029137778186,39.23165533104186,-1.1473731693086933,0,,,,periodic_fourier_ridge_with_cycle_contrasts,5.10022870935604,"{""1"": -1.110201070994147, ""2"": 1.110201070994147}",periodic_model
adam,heart_atrium_right,Правое предсердие,58.0,Раннее и среднее наполнение,89.78640289884244,24.52554769969815,37.580794221678744,-1.0773660781204484,0,,,,periodic_fourier_ridge_with_cycle_contrasts,5.10022870935604,"{""1"": -1.110201070994147, ""2"": 1.110201070994147}",periodic_model
adam,heart_atrium_right,Правое предсердие,59.0,Раннее и среднее наполнение,88.78243274753238,23.521577548388095,36.0423985812195,-1.0039701513100567,0,,,,periodic_fourier_ridge_with_cycle_contrasts,5.10022870935604,"{""1"": -1.110201070994147, ""2"": 1.110201070994147}",periodic_model
adam,heart_atrium_right,Правое предсердие,60.0,Раннее и среднее наполнение,87.85364317683863,22.592787977694343,34.619203056337795,-0.9287895706937519,1,80.90386111254021,80.90386111254021,80.90386111254021,periodic_fourier_ridge_with_cycle_contrasts,5.10022870935604,"{""1"": -1.110201070994147, ""2"": 1.110201070994147}",measured_phase_reference
adam,heart_atrium_right,Правое предсердие,61.0,Раннее и среднее наполнение,87.0002419569236,21.739386757779315,33.311526015773644,-0.8534012199150283,0,,,,periodic_fourier_ridge_with_cycle_contrasts,5.10022870935604,"{""1"": -1.110201070994147, ""2"": 1.110201070994147}",periodic_model
adam,heart_atrium_right,Правое предсердие,62.0,Раннее и среднее наполнение,86.22091368492532,20.960058485781033,32.117351851766514,-0.7793282719982813,0,,,,periodic_fourier_ridge_with_cycle_contrasts,5.10022870935604,"{""1"": -1.110201070994147, ""2"": 1.110201070994147}",periodic_model
adam,heart_atrium_right,Правое предсердие,63.0,Раннее и среднее наполнение,85.51289883607164,20.252043636927354,31.032452111036545,-0.7080148488536793,0,,,,periodic_fourier_ridge_with_cycle_contrasts,5.10022870935604,"{""1"": -1.110201070994147, ""2"": 1.110201070994147}",periodic_model
adam,heart_atrium_right,Правое предсердие,64.0,Раннее и среднее наполнение,84.87209667849751,19.611241479353225,30.05054319240728,-0.6408021575741287,0,,,,periodic_fourier_ridge_with_cycle_contrasts,5.10022870935604,"{""1"": -1.110201070994147, ""2"": 1.110201070994147}",periodic_model
adam,heart_atrium_right,Правое предсердие,65.0,Раннее и среднее наполнение,84.29319019433036,19.032334995186076,29.163477764900072,-0.578906484167149,0,,,,periodic_fourier_ridge_with_cycle_contrasts,5.10022870935604,"{""1"": -1.110201070994147, ""2"": 1.110201070994147}",periodic_model
adam,heart_atrium_right,Правое предсердие,66.0,Раннее и среднее наполнение,83.76979079918377,18.50893560003948,28.361466523169575,-0.5233993951465976,0,,,,periodic_fourier_ridge_with_cycle_contrasts,5.10022870935604,"{""1"": -1.110201070994147, ""2"": 1.110201070994147}",periodic_model
adam,heart_atrium_right,Правое предсердие,67.0,Раннее и среднее наполнение,83.29460033753281,18.033745138388525,27.63332641498236,-0.47519046165095347,0,,,,periodic_fourier_ridge_with_cycle_contrasts,5.10022870935604,"{""1"": -1.110201070994147, ""2"": 1.110201070994147}",periodic_model
adam,heart_atrium_right,Правое предсердие,68.0,Раннее и среднее наполнение,82.85958755750637,17.598732358362085,26.966751055681605,-0.4350127800264403,0,,,,periodic_fourier_ridge_with_cycle_contrasts,5.10022870935604,"{""1"": -1.110201070994147, ""2"": 1.110201070994147}",periodic_model
adam,heart_atrium_right,Правое предсердие,69.0,Раннее и среднее наполнение,82.45617603975093,17.19532084060664,26.348598693864663,-0.40341151775544404,0,,,,periodic_fourier_ridge_with_cycle_contrasts,5.10022870935604,"{""1"": -1.110201070994147, ""2"": 1.110201070994147}",periodic_model
adam,heart_atrium_right,Правое предсердие,70.0,Раннее и среднее наполнение,82.07544037480568,16.814585175661392,25.765192816354432,-0.3807356649452487,1,80.05878003281946,80.05878003281946,80.05878003281946,periodic_fourier_ridge_with_cycle_contrasts,5.10022870935604,"{""1"": -1.110201070994147, ""2"": 1.110201070994147}",measured_phase_reference
adam,heart_atrium_right,Правое предсердие,71.0,Раннее и среднее наполнение,81.70830725472275,16.447452055578466,25.202630283328144,-0.36713312008292576,0,,,,periodic_fourier_ridge_with_cycle_contrasts,5.10022870935604,"{""1"": -1.110201070994147, ""2"": 1.110201070994147}",periodic_model
adam,heart_atrium_right,Правое предсердие,72.0,Раннее и среднее наполнение,81.34575806949266,16.084902870348373,24.64709176927746,-0.36254918523009394,0,,,,periodic_fourier_ridge_with_cycle_contrasts,5.10022870935604,"{""1"": -1.110201070994147, ""2"": 1.110201070994147}",periodic_model
adam,heart_atrium_right,Правое предсердие,73.0,Раннее и среднее наполнение,80.97902957836915,15.718174379224862,24.08514925411361,-0.36672849112351,0,,,,periodic_fourier_ridge_with_cycle_contrasts,5.10022870935604,"{""1"": -1.110201070994147, ""2"": 1.110201070994147}",periodic_model
adam,heart_atrium_right,Правое предсердие,74.0,Раннее и среднее наполнение,80.59980926074151,15.33895406159722,23.504065361678478,-0.37922031762764163,0,,,,periodic_fourier_ridge_with_cycle_contrasts,5.10022870935604,"{""1"": -1.110201070994147, ""2"": 1.110201070994147}",periodic_model
adam,heart_atrium_right,Правое предсердие,75.0,Раннее и среднее наполнение,80.20042204021176,14.939566841067474,22.89207947931299,-0.3993872205297464,0,,,,periodic_fourier_ridge_with_cycle_contrasts,5.10022870935604,"{""1"": -1.110201070994147, ""2"": 1.110201070994147}",periodic_model
adam,heart_atrium_right,Правое предсердие,76.0,Раннее и среднее наполнение,79.77400521757787,14.513150018433578,22.238675809789076,-0.4264168226338967,0,,,,periodic_fourier_ridge_with_cycle_contrasts,5.10022870935604,"{""1"": -1.110201070994147, ""2"": 1.110201070994147}",periodic_model
adam,heart_atrium_right,Правое предсердие,77.0,Раннее и среднее наполнение,79.31466864123634,14.05381344209205,21.53482880236042,-0.4593365763415278,0,,,,periodic_fourier_ridge_with_cycle_contrasts,5.10022870935604,"{""1"": -1.110201070994147, ""2"": 1.110201070994147}",periodic_model
adam,heart_atrium_right,Правое предсердие,78.0,Раннее и среднее наполнение,78.817637384032,13.556782184887709,20.773221778229882,-0.49703125720434116,0,,,,periodic_fourier_ridge_with_cycle_contrasts,5.10022870935604,"{""1"": -1.110201070994147, ""2"": 1.110201070994147}",periodic_model
adam,heart_atrium_right,Правое предсердие,79.0,Раннее и среднее наполнение,78.27937447997421,13.01851928082992,19.948435001508564,-0.5382629040577882,1,82.68928742800476,82.68928742800476,82.68928742800476,periodic_fourier_ridge_with_cycle_contrasts,5.10022870935604,"{""1"": -1.110201070994147, ""2"": 1.110201070994147}",measured_phase_reference
adam,heart_atrium_right,Правое предсердие,80.0,Поздняя диастола,77.6976815979913,12.436826398847018,19.0570999428308,-0.581692881982903,0,,,,periodic_fourier_ridge_with_cycle_contrasts,5.10022870935604,"{""1"": -1.110201070994147, ""2"": 1.110201070994147}",periodic_model
adam,heart_atrium_right,Правое предсердие,81.0,Поздняя диастола,77.07177588786259,11.810920688718298,18.098017031307865,-0.6259057101287198,0,,,,periodic_fourier_ridge_with_cycle_contrasts,5.10022870935604,"{""1"": -1.110201070994147, ""2"": 1.110201070994147}",periodic_model
adam,heart_atrium_right,Правое предсердие,82.0,Поздняя диастола,76.40234161996894,11.141486420824648,17.072234782744218,-0.6694342678936493,0,,,,periodic_fourier_ridge_with_cycle_contrasts,5.10022870935604,"{""1"": -1.110201070994147, ""2"": 1.110201070994147}",periodic_model
adam,heart_atrium_right,Правое предсердие,83.0,Поздняя диастола,75.69155564939766,10.430700450253369,15.98308881859418,-0.7107859705712798,0,,,,periodic_fourier_ridge_with_cycle_contrasts,5.10022870935604,"{""1"": -1.110201070994147, ""2"": 1.110201070994147}",periodic_model
adam,heart_atrium_right,Правое предсердие,84.0,Поздняя диастола,74.94308615973392,9.682230960589635,14.836199941058373,-0.7484694896637336,0,,,,periodic_fourier_ridge_with_cycle_contrasts,5.10022870935604,"{""1"": -1.110201070994147, ""2"": 1.110201070994147}",periodic_model
adam,heart_atrium_right,Правое предсердие,85.0,Поздняя диастола,74.16206457582119,8.901209376676903,13.63943109466579,-0.7810215839127324,0,,,,periodic_fourier_ridge_with_cycle_contrasts,5.10022870935604,"{""1"": -1.110201070994147, ""2"": 1.110201070994147}",periodic_model
adam,heart_atrium_right,Правое предсердие,86.0,Поздняя диастола,73.35503097098584,8.094175771841549,12.40280371310194,-0.8070336048353539,0,,,,periodic_fourier_ridge_with_cycle_contrasts,5.10022870935604,"{""1"": -1.110201070994147, ""2"": 1.110201070994147}",periodic_model
adam,heart_atrium_right,Правое предсердие,87.0,Поздняя диастола,72.52985372576262,7.268998526618333,11.138374611299371,-0.825177245223216,0,,,,periodic_fourier_ridge_with_cycle_contrasts,5.10022870935604,"{""1"": -1.110201070994147, ""2"": 1.110201070994147}",periodic_model
adam,heart_atrium_right,Правое предсердие,88.0,Поздняя диастола,71.69562461517133,6.434769416027038,9.860075226399136,-0.8342291105912949,0,,,,periodic_fourier_ridge_with_cycle_contrasts,5.10022870935604,"{""1"": -1.110201070994147, ""2"": 1.110201070994147}",periodic_model
adam,heart_atrium_right,Правое предсердие,89.0,Поздняя диастола,70.86253090340067,5.60167570425638,8.583515626883525,-0.8330937117706583,1,67.10906769342569,67.10906769342569,67.10906769342569,periodic_fourier_ridge_with_cycle_contrasts,5.10022870935604,"{""1"": -1.110201070994147, ""2"": 1.110201070994147}",measured_phase_reference
adam,heart_atrium_right,Правое предсердие,90.0,Поздняя диастола,70.0417064019606,4.780851202816308,7.32575628717626,-0.8208245014400717,0,,,,periodic_fourier_ridge_with_cycle_contrasts,5.10022870935604,"{""1"": -1.110201070994147, ""2"": 1.110201070994147}",periodic_model
adam,heart_atrium_right,Правое предсердие,91.0,Поздняя диастола,69.24506379396142,3.984208594817133,6.105051156101575,-0.7966426079991749,0,,,,periodic_fourier_ridge_with_cycle_contrasts,5.10022870935604,"{""1"": -1.110201070994147, ""2"": 1.110201070994147}",periodic_model
adam,heart_atrium_right,Правое предсердие,92.0,Поздняя диастола,68.48511083764468,3.224255638500395,4.940566023325223,-0.759952956316738,0,,,,periodic_fourier_ridge_with_cycle_contrasts,5.10022870935604,"{""1"": -1.110201070994147, ""2"": 1.110201070994147}",periodic_model
adam,heart_atrium_right,Правое предсердие,93.0,Поздняя диастола,67.77475333166885,2.5138981325245595,3.8520766006718254,-0.7103575059758356,0,,,,periodic_fourier_ridge_with_cycle_contrasts,5.10022870935604,"{""1"": -1.110201070994147, ""2"": 1.110201070994147}",periodic_model
adam,heart_atrium_right,Правое предсердие,94.0,Поздняя диастола,67.12708794863639,1.8662327494920987,2.8596510784255997,-0.6476653830324608,0,,,,periodic_fourier_ridge_with_cycle_contrasts,5.10022870935604,"{""1"": -1.110201070994147, ""2"": 1.110201070994147}",periodic_model
adam,heart_atrium_right,Правое предсердие,95.0,Поздняя диастола,66.55518821834416,1.2943330191998683,1.9833221848690084,-0.5718997302922304,0,,,,periodic_fourier_ridge_with_cycle_contrasts,5.10022870935604,"{""1"": -1.110201070994147, ""2"": 1.110201070994147}",periodic_model
adam,heart_atrium_right,Правое предсердие,96.0,Поздняя диастола,66.07188706542729,0.8110318662830025,1.242753966076799,-0.4833011529168658,0,,,,periodic_fourier_ridge_with_cycle_contrasts,5.10022870935604,"{""1"": -1.110201070994147, ""2"": 1.110201070994147}",periodic_model
adam,heart_atrium_right,Правое предсердие,97.0,Поздняя диастола,65.68955937544439,0.4287041763001014,0.6569086092909837,-0.3823276899829011,0,,,,periodic_fourier_ridge_with_cycle_contrasts,5.10022870935604,"{""1"": -1.110201070994147, ""2"": 1.110201070994147}",periodic_model
adam,heart_atrium_right,Правое предсердие,98.0,Поздняя диастола,65.41990807786625,0.15905287872196539,0.24371865528978068,-0.269651297578136,1,61.422082335837906,61.422082335837906,61.422082335837906,periodic_fourier_ridge_with_cycle_contrasts,5.10022870935604,"{""1"": -1.110201070994147, ""2"": 1.110201070994147}",measured_phase_reference
adam,heart_atrium_right,Правое предсердие,99.0,Поздняя диастола,65.27375719359536,0.012901994451070209,0.019769882591485533,-0.14615088427089518,0,,,,periodic_fourier_ridge_with_cycle_contrasts,5.10022870935604,"{""1"": -1.110201070994147, ""2"": 1.110201070994147}",periodic_model
adam,heart_atrium_right,Правое предсердие,100.0,Поздняя диастола,65.26085519914429,0.0,0.0,-0.012901994451070209,0,,,,periodic_fourier_ridge_with_cycle_contrasts,5.10022870935604,"{""1"": -1.110201070994147, ""2"": 1.110201070994147}",periodic_model_boundary
adam,heart_ventricle_right,Правый желудочек,0.0,Уменьшение объёма желудочков,212.6788308243542,0.0,0.0,0.0,0,,,,periodic_fourier_ridge_with_cycle_contrasts,5.479927233935695,"{""1"": 2.4055860161325064, ""2"": -2.4055860161325064}",periodic_model_boundary
adam,heart_ventricle_right,Правый желудочек,1.0,Уменьшение объёма желудочков,212.02978009370236,-0.6490507306518509,-0.3051788126425637,-0.6490507306518509,0,,,,periodic_fourier_ridge_with_cycle_contrasts,5.479927233935695,"{""1"": 2.4055860161325064, ""2"": -2.4055860161325064}",periodic_model
adam,heart_ventricle_right,Правый желудочек,2.0,Уменьшение объёма желудочков,211.17597649614362,-1.5028543282105886,-0.7066308961665094,-0.8538035975587377,0,,,,periodic_fourier_ridge_with_cycle_contrasts,5.479927233935695,"{""1"": 2.4055860161325064, ""2"": -2.4055860161325064}",periodic_model
adam,heart_ventricle_right,Правый желудочек,3.0,Уменьшение объёма желудочков,210.10766300508033,-2.5711678192738816,-1.2089439317058033,-1.068313491063293,0,,,,periodic_fourier_ridge_with_cycle_contrasts,5.479927233935695,"{""1"": 2.4055860161325064, ""2"": -2.4055860161325064}",periodic_model
adam,heart_ventricle_right,Правый желудочек,4.0,Уменьшение объёма желудочков,208.81719452848807,-3.861636295866134,-1.8157125845098128,-1.2904684765922525,0,,,,periodic_fourier_ridge_with_cycle_contrasts,5.479927233935695,"{""1"": 2.4055860161325064, ""2"": -2.4055860161325064}",periodic_model
adam,heart_ventricle_right,Правый желудочек,5.0,Уменьшение объёма желудочков,207.29925513939912,-5.3795756849550855,-2.529436363790214,-1.5179393890889514,0,,,,periodic_fourier_ridge_with_cycle_contrasts,5.479927233935695,"{""1"": 2.4055860161325064, ""2"": -2.4055860161325064}",periodic_model
adam,heart_ventricle_right,Правый желудочек,6.0,Уменьшение объёма желудочков,205.5510432086915,-7.127787615662697,-3.351432574664353,-1.7482119307076118,0,,,,periodic_fourier_ridge_with_cycle_contrasts,5.479927233935695,"{""1"": 2.4055860161325064, ""2"": -2.4055860161325064}",periodic_model
adam,heart_ventricle_right,Правый желудочек,7.0,Уменьшение объёма желудочков,203.57242112075434,-9.106409703599866,-4.281765922966074,-1.9786220879371683,0,,,,periodic_fourier_ridge_with_cycle_contrasts,5.479927233935695,"{""1"": 2.4055860161325064, ""2"": -2.4055860161325064}",periodic_model
adam,heart_ventricle_right,Правый желудочек,8.0,Уменьшение объёма желудочков,201.36602679443578,-11.312804029918425,-5.319196078927747,-2.2063943263185593,1,206.64128621843227,206.64128621843227,206.64128621843227,periodic_fourier_ridge_with_cycle_contrasts,5.479927233935695,"{""1"": 2.4055860161325064, ""2"": -2.4055860161325064}",measured_phase_reference
adam,heart_ventricle_right,Правый желудочек,9.0,Уменьшение объёма желудочков,198.93734481896533,-13.741486005388879,-6.461144229600174,-2.428681975470454,0,,,,periodic_fourier_ridge_with_cycle_contrasts,5.479927233935695,"{""1"": 2.4055860161325064, ""2"": -2.4055860161325064}",periodic_model
adam,heart_ventricle_right,Правый желудочек,10.0,Уменьшение объёма желудочков,196.29473563807022,-16.384095186283986,-7.703679356698728,-2.642609180895107,0,,,,periodic_fourier_ridge_with_cycle_contrasts,5.479927233935695,"{""1"": 2.4055860161325064, ""2"": -2.4055860161325064}",periodic_model
adam,heart_ventricle_right,Правый желудочек,11.0,Уменьшение объёма желудочков,193.44942186550222,-19.22940895885199,-9.041524670940593,-2.845313772568005,0,,,,periodic_fourier_ridge_with_cycle_contrasts,5.479927233935695,"{""1"": 2.4055860161325064, ""2"": -2.4055860161325064}",periodic_model
adam,heart_ventricle_right,Правый желудочек,12.0,Уменьшение объёма желудочков,190.4154314814441,-22.263399342910105,-10.468084320670757,-3.0339903840581144,1,185.29111329472906,185.29111329472906,185.29111329472906,periodic_fourier_ridge_with_cycle_contrasts,5.479927233935695,"{""1"": 2.4055860161325064, ""2"": -2.4055860161325064}",measured_phase_reference
adam,heart_ventricle_right,Правый желудочек,13.0,Уменьшение объёма желудочков,187.20949833131317,-25.469332493041037,-11.975490176582493,-3.2059331501309316,0,,,,periodic_fourier_ridge_with_cycle_contrasts,5.479927233935695,"{""1"": 2.4055860161325064, ""2"": -2.4055860161325064}",periodic_model
adam,heart_ventricle_right,Правый желудочек,14.0,Уменьшение объёма желудочков,183.8509210157475,-28.827909808606705,-13.554668180593351,-3.358577315565668,0,,,,periodic_fourier_ridge_with_cycle_contrasts,5.479927233935695,"{""1"": 2.4055860161325064, ""2"": -2.4055860161325064}",periodic_model
adam,heart_ventricle_right,Правый желудочек,15.0,Уменьшение объёма желудочков,180.36138191255824,-32.317448911795964,-15.19542344037338,-3.4895391031892586,0,,,,periodic_fourier_ridge_with_cycle_contrasts,5.479927233935695,"{""1"": 2.4055860161325064, ""2"": -2.4055860161325064}",periodic_model
adam,heart_ventricle_right,Правый желудочек,16.0,Уменьшение объёма желудочков,176.76472869788495,-35.91410212646926,-16.886542956468368,-3.596653214673296,0,,,,periodic_fourier_ridge_with_cycle_contrasts,5.479927233935695,"{""1"": 2.4055860161325064, ""2"": -2.4055860161325064}",periodic_model
adam,heart_ventricle_right,Правый желудочек,17.0,Уменьшение объёма желудочков,173.086721324835,-39.59210949951921,-18.61591459105645,-3.678007373049951,1,161.79749686050727,161.79749686050727,161.79749686050727,periodic_fourier_ridge_with_cycle_contrasts,5.479927233935695,"{""1"": 2.4055860161325064, ""2"": -2.4055860161325064}",measured_phase_reference
adam,heart_ventricle_right,Правый желудочек,18.0,Уменьшение объёма желудочков,169.3547479642014,-43.3240828601528,-20.37066063050394,-3.7319733606335888,0,,,,periodic_fourier_ridge_with_cycle_contrasts,5.479927233935695,"{""1"": 2.4055860161325064, ""2"": -2.4055860161325064}",periodic_model
adam,heart_ventricle_right,Правый желудочек,19.0,Уменьшение объёма желудочков,165.59751390481293,-47.08131691954128,-22.13728406210042,-3.7572340593884803,0,,,,periodic_fourier_ridge_with_cycle_contrasts,5.479927233935695,"{""1"": 2.4055860161325064, ""2"": -2.4055860161325064}",periodic_model
adam,heart_ventricle_right,Правый желудочек,20.0,Уменьшение объёма желудочков,161.84470784289056,-50.83412298146365,-23.90182548231432,-3.752806061922371,0,,,,periodic_fourier_ridge_with_cycle_contrasts,5.479927233935695,"{""1"": 2.4055860161325064, ""2"": -2.4055860161325064}",periodic_model
adam,heart_ventricle_right,Правый желудочек,21.0,Уменьшение объёма желудочков,158.12665035363153,-54.552180470722675,-25.650028382832268,-3.7180574892590244,0,,,,periodic_fourier_ridge_with_cycle_contrasts,5.479927233935695,"{""1"": 2.4055860161325064, ""2"": -2.4055860161325064}",periodic_model
adam,heart_ventricle_right,Правый желудочек,22.0,Уменьшение объёма желудочков,154.47392962835104,-58.20490119600316,-27.367510424238247,-3.6527207252804885,1,165.9944265602998,165.9944265602998,165.9944265602998,periodic_fourier_ridge_with_cycle_contrasts,5.479927233935695,"{""1"": 2.4055860161325064, ""2"": -2.4055860161325064}",measured_phase_reference
adam,heart_ventricle_right,Правый желудочек,23.0,Уменьшение объёма желудочков,150.91702977227106,-61.76180105208314,-29.039938207620946,-3.55689985607998,0,,,,periodic_fourier_ridge_with_cycle_contrasts,5.479927233935695,"{""1"": 2.4055860161325064, ""2"": -2.4055860161325064}",periodic_model
adam,heart_ventricle_right,Правый желудочек,24.0,Уменьшение объёма желудочков,147.4859570880721,-65.19287373628211,-30.653202993260372,-3.4310726841989663,0,,,,periodic_fourier_ridge_with_cycle_contrasts,5.479927233935695,"{""1"": 2.4055860161325064, ""2"": -2.4055860161325064}",periodic_model
adam,heart_ventricle_right,Правый желудочек,25.0,Уменьшение объёма желудочков,144.2098698165168,-68.46896100783741,-32.193594793825106,-3.2760872715552978,0,,,,periodic_fourier_ridge_with_cycle_contrasts,5.479927233935695,"{""1"": 2.4055860161325064, ""2"": -2.4055860161325064}",periodic_model
adam,heart_ventricle_right,Правый желудочек,26.0,Уменьшение объёма желудочков,141.116716767029,-71.5621140573252,-33.64797228757875,-3.093153049487796,0,,,,periodic_fourier_ridge_with_cycle_contrasts,5.479927233935695,"{""1"": 2.4055860161325064, ""2"": -2.4055860161325064}",periodic_model
adam,heart_ventricle_right,Правый желудочек,27.0,Уменьшение объёма желудочков,138.23289014861035,-74.44594067574386,-35.00392605469361,-2.8838266184186523,0,,,,periodic_fourier_ridge_with_cycle_contrasts,5.479927233935695,"{""1"": 2.4055860161325064, ""2"": -2.4055860161325064}",periodic_model
adam,heart_ventricle_right,Правый желудочек,28.0,Уменьшение объёма желудочков,135.5828977067602,-77.095933117594,-36.24993273602556,-2.649992441850145,0,,,,periodic_fourier_ridge_with_cycle_contrasts,5.479927233935695,"{""1"": 2.4055860161325064, ""2"": -2.4055860161325064}",periodic_model
adam,heart_ventricle_right,Правый желудочек,29.0,Уменьшение объёма желудочков,133.18905898828774,-79.48977183606647,-37.37549784713409,-2.393838718472466,0,,,,periodic_fourier_ridge_with_cycle_contrasts,5.479927233935695,"{""1"": 2.4055860161325064, ""2"": -2.4055860161325064}",periodic_model
adam,heart_ventricle_right,Правый желудочек,30.0,Уменьшение объёма желудочков,131.07123019745978,-81.60760062689442,-38.37128514886936,-2.117828790827957,0,,,,periodic_fourier_ridge_with_cycle_contrasts,5.479927233935695,"{""1"": 2.4055860161325064, ""2"": -2.4055860161325064}",periodic_model
adam,heart_ventricle_right,Правый желудочек,31.0,Уменьшение объёма желудочков,129.2465616793799,-83.4322691449743,-39.2292306768786,-1.824668518079875,1,132.17448625716676,132.17448625716676,132.17448625716676,periodic_fourier_ridge_with_cycle_contrasts,5.479927233935695,"{""1"": 2.4055860161325064, ""2"": -2.4055860161325064}",measured_phase_reference
adam,heart_ventricle_right,Правый желудочек,32.0,Уменьшение объёма желудочков,127.72929157649662,-84.94953924785759,-39.942639762776935,-1.5172701028832876,0,,,,periodic_fourier_ridge_with_cycle_contrasts,5.479927233935695,"{""1"": 2.4055860161325064, ""2"": -2.4055860161325064}",periodic_model
adam,heart_ventricle_right,Правый желудочек,33.0,Уменьшение объёма желудочков,126.53057865931764,-86.14825216503657,-40.50626563589873,-1.1987129171789803,0,,,,periodic_fourier_ridge_with_cycle_contrasts,5.479927233935695,"{""1"": 2.4055860161325064, ""2"": -2.4055860161325064}",periodic_model
adam,heart_ventricle_right,Правый желудочек,34.0,Уменьшение объёма желудочков,125.6583767412581,-87.02045408309611,-40.916368472499265,-0.8722019180595453,0,,,,periodic_fourier_ridge_with_cycle_contrasts,5.479927233935695,"{""1"": 2.4055860161325064, ""2"": -2.4055860161325064}",periodic_model
adam,heart_ventricle_right,Правый желудочек,35.0,Уменьшение объёма желудочков,125.11735245928807,-87.56147836506614,-41.17075405468109,-0.5410242819700244,0,,,,periodic_fourier_ridge_with_cycle_contrasts,5.479927233935695,"{""1"": 2.4055860161325064, ""2"": -2.4055860161325064}",periodic_model
adam,heart_ventricle_right,Правый желудочек,36.0,Уменьшение объёма желудочков,124.90884754646997,-87.76998327788424,-41.26879150956549,-0.2085049128180998,0,,,,periodic_fourier_ridge_with_cycle_contrasts,5.479927233935695,"{""1"": 2.4055860161325064, ""2"": -2.4055860161325064}",periodic_model
adam,heart_ventricle_right,Правый желудочек,37.0,Уменьшение объёма желудочков,125.03088604981514,-87.64794477453907,-41.211409915510195,0.1220385033451663,0,,,,periodic_fourier_ridge_with_cycle_contrasts,5.479927233935695,"{""1"": 2.4055860161325064, ""2"": -2.4055860161325064}",periodic_model
adam,heart_ventricle_right,Правый желудочек,38.0,Уменьшение объёма желудочков,125.47822626763524,-87.20060455671897,-41.00107388155412,0.4473402178200985,0,,,,periodic_fourier_ridge_with_cycle_contrasts,5.479927233935695,"{""1"": 2.4055860161325064, ""2"": -2.4055860161325064}",periodic_model
adam,heart_ventricle_right,Правый желудочек,39.0,Уменьшение объёма желудочков,126.24245650531478,-86.43637431903943,-40.64173852376729,0.7642302376795413,0,,,,periodic_fourier_ridge_with_cycle_contrasts,5.479927233935695,"{""1"": 2.4055860161325064, ""2"": -2.4055860161325064}",periodic_model
adam,heart_ventricle_right,Правый желудочек,40.0,Уменьшение объёма желудочков,127.31213308771456,-85.36669773663965,-40.138784572848124,1.0696765823997794,0,,,,periodic_fourier_ridge_with_cycle_contrasts,5.479927233935695,"{""1"": 2.4055860161325064, ""2"": -2.4055860161325064}",periodic_model
adam,heart_ventricle_right,Правый желудочек,41.0,Уменьшение объёма желудочков,128.67295843053458,-84.00587239381963,-39.49893464629672,1.3608253428200214,1,128.7363044956991,128.7363044956991,128.7363044956991,periodic_fourier_ridge_with_cycle_contrasts,5.479927233935695,"{""1"": 2.4055860161325064, ""2"": -2.4055860161325064}",measured_phase_reference
adam,heart_ventricle_right,Правый желудочек,42.0,Уменьшение объёма желудочков,130.30799637182508,-82.37083445252912,-38.7301520011444,1.6350379412905056,0,,,,periodic_fourier_ridge_with_cycle_contrasts,5.479927233935695,"{""1"": 2.4055860161325064, ""2"": -2.4055860161325064}",periodic_model
adam,heart_ventricle_right,Правый желудочек,43.0,Уменьшение объёма желудочков,132.19792140779626,-80.48090941655795,-37.841523345134895,1.8899250359711743,0,,,,periodic_fourier_ridge_with_cycle_contrasts,5.479927233935695,"{""1"": 2.4055860161325064, ""2"": -2.4055860161325064}",periodic_model
adam,heart_ventricle_right,Правый желудочек,44.0,Уменьшение объёма желудочков,134.32129797280493,-78.35753285154928,-36.84312752135763,2.1233765650086696,0,,,,periodic_fourier_ridge_with_cycle_contrasts,5.479927233935695,"{""1"": 2.4055860161325064, ""2"": -2.4055860161325064}",periodic_model
adam,heart_ventricle_right,Правый желудочек,45.0,Раннее и среднее наполнение,136.65488545972195,-76.02394536463225,-35.7458920899459,2.3335874869170254,0,,,,periodic_fourier_ridge_with_cycle_contrasts,5.479927233935695,"{""1"": 2.4055860161325064, ""2"": -2.4055860161325064}",periodic_model
adam,heart_ventricle_right,Правый желудочек,46.0,Раннее и среднее наполнение,139.17396430068635,-73.50486652366786,-34.561440007338376,2.519078840964397,0,,,,periodic_fourier_ridge_with_cycle_contrasts,5.479927233935695,"{""1"": 2.4055860161325064, ""2"": -2.4055860161325064}",periodic_model
adam,heart_ventricle_right,Правый желудочек,47.0,Раннее и среднее наполнение,141.85267812534656,-70.82615269900765,-33.301928746026014,2.678713824660207,0,,,,periodic_fourier_ridge_with_cycle_contrasts,5.479927233935695,"{""1"": 2.4055860161325064, ""2"": -2.4055860161325064}",periodic_model
adam,heart_ventricle_right,Правый желудочек,48.0,Раннее и среднее наполнение,144.66438678873578,-68.01444403561842,-31.979884303478116,2.8117086633892256,0,,,,periodic_fourier_ridge_with_cycle_contrasts,5.479927233935695,"{""1"": 2.4055860161325064, ""2"": -2.4055860161325064}",periodic_model
adam,heart_ventricle_right,Правый желудочек,49.0,Раннее и среднее наполнение,147.58202491736574,-65.09680590698846,-30.608032616443236,2.91763812862996,0,,,,periodic_fourier_ridge_with_cycle_contrasts,5.479927233935695,"{""1"": 2.4055860161325064, ""2"": -2.4055860161325064}",periodic_model
adam,heart_ventricle_right,Правый желудочек,50.0,Раннее и среднее наполнение,150.57846056209863,-62.10037026225558,-29.199130925043793,2.996435644732884,1,148.17847616405484,148.17847616405484,148.17847616405484,periodic_fourier_ridge_with_cycle_contrasts,5.479927233935695,"{""1"": 2.4055860161325064, ""2"": -2.4055860161325064}",measured_phase_reference
adam,heart_ventricle_right,Правый желудочек,51.0,Раннее и среднее наполнение,153.62684857072094,-59.05198225363327,-27.765801619627453,3.048388008622311,0,,,,periodic_fourier_ridge_with_cycle_contrasts,5.479927233935695,"{""1"": 2.4055860161325064, ""2"": -2.4055860161325064}",periodic_model
adam,heart_ventricle_right,Правый желудочек,52.0,Раннее и среднее наполнение,156.70097340139623,-55.97785742295798,-26.320371052438507,3.074124830675288,0,,,,periodic_fourier_ridge_with_cycle_contrasts,5.479927233935695,"{""1"": 2.4055860161325064, ""2"": -2.4055860161325064}",periodic_model
adam,heart_ventricle_right,Правый желудочек,53.0,Раннее и среднее наполнение,159.7755762885203,-52.903254535833895,-24.874715706672887,3.0746028871240867,0,,,,periodic_fourier_ridge_with_cycle_contrasts,5.479927233935695,"{""1"": 2.4055860161325064, ""2"": -2.4055860161325064}",periodic_model
adam,heart_ventricle_right,Правый желудочек,54.0,Раннее и среднее наполнение,162.82666194184247,-49.852168882511734,-23.440117988838914,3.0510856533221613,0,,,,periodic_fourier_ridge_with_cycle_contrasts,5.479927233935695,"{""1"": 2.4055860161325064, ""2"": -2.4055860161325064}",periodic_model
adam,heart_ventricle_right,Правый желудочек,55.0,Раннее и среднее наполнение,165.83178030371175,-46.847050520642455,-22.027133748601518,3.005118361869279,0,,,,periodic_fourier_ridge_with_cycle_contrasts,5.479927233935695,"{""1"": 2.4055860161325064, ""2"": -2.4055860161325064}",periodic_model
adam,heart_ventricle_right,Правый желудочек,56.0,Раннее и среднее наполнение,168.77027930245166,-43.90855152190255,-20.64547343603062,2.9384989987399024,0,,,,periodic_fourier_ridge_with_cycle_contrasts,5.479927233935695,"{""1"": 2.4055860161325064, ""2"": -2.4055860161325064}",periodic_model
adam,heart_ventricle_right,Правый желудочек,57.0,Раннее и среднее наполнение,171.62352501556722,-41.05530580878698,-19.30389858250324,2.8532457131155695,0,,,,periodic_fourier_ridge_with_cycle_contrasts,5.479927233935695,"{""1"": 2.4055860161325064, ""2"": -2.4055860161325064}",periodic_model
adam,heart_ventricle_right,Правый желудочек,58.0,Раннее и среднее наполнение,174.3750861871664,-38.303744637187805,-18.010135041988192,2.751561171599178,0,,,,periodic_fourier_ridge_with_cycle_contrasts,5.479927233935695,"{""1"": 2.4055860161325064, ""2"": -2.4055860161325064}",periodic_model
adam,heart_ventricle_right,Правый желудочек,59.0,Раннее и среднее наполнение,177.0108806212027,-35.66795020315152,-16.770804158035236,2.635794434036285,0,,,,periodic_fourier_ridge_with_cycle_contrasts,5.479927233935695,"{""1"": 2.4055860161325064, ""2"": -2.4055860161325064}",periodic_model
adam,heart_ventricle_right,Правый желудочек,60.0,Раннее и среднее наполнение,179.5192815867543,-33.15954923759992,-15.591372732806448,2.5084009655516013,1,187.64812454633187,187.64812454633187,187.64812454633187,periodic_fourier_ridge_with_cycle_contrasts,5.479927233935695,"{""1"": 2.4055860161325064, ""2"": -2.4055860161325064}",measured_phase_reference
adam,heart_ventricle_right,Правый желудочек,61.0,Раннее и среднее наполнение,181.8911830137976,-30.78764781055662,-14.476122372509804,2.371901427043298,0,,,,periodic_fourier_ridge_with_cycle_contrasts,5.479927233935695,"{""1"": 2.4055860161325064, ""2"": -2.4055860161325064}",periodic_model
adam,heart_ventricle_right,Правый желудочек,62.0,Раннее и среднее наполнение,184.12002291764142,-28.558807906712786,-13.42813847340488,2.2288399038438342,0,,,,periodic_fourier_ridge_with_cycle_contrasts,5.479927233935695,"{""1"": 2.4055860161325064, ""2"": -2.4055860161325064}",periodic_model
adam,heart_ventricle_right,Правый желудочек,63.0,Раннее и среднее наполнение,186.20176515691517,-26.477065667439035,-12.449318799060798,2.0817422392737512,0,,,,periodic_fourier_ridge_with_cycle_contrasts,5.479927233935695,"{""1"": 2.4055860161325064, ""2"": -2.4055860161325064}",periodic_model
adam,heart_ventricle_right,Правый желудочек,64.0,Раннее и среднее наполнение,188.134840293204,-24.5439905311502,-11.540401287714635,1.933075136288835,0,,,,periodic_fourier_ridge_with_cycle_contrasts,5.479927233935695,"{""1"": 2.4055860161325064, ""2"": -2.4055860161325064}",periodic_model
adam,heart_ventricle_right,Правый желудочек,65.0,Раннее и среднее наполнение,189.92004696961772,-22.758783854736492,-10.701010423332809,1.7852066764137078,0,,,,periodic_fourier_ridge_with_cycle_contrasts,5.479927233935695,"{""1"": 2.4055860161325064, ""2"": -2.4055860161325064}",periodic_model
adam,heart_ventricle_right,Правый желудочек,66.0,Раннее и среднее наполнение,191.56041585050585,-21.11841497384836,-9.929721210142205,1.6403688808881327,0,,,,periodic_fourier_ridge_with_cycle_contrasts,5.479927233935695,"{""1"": 2.4055860161325064, ""2"": -2.4055860161325064}",periodic_model
adam,heart_ventricle_right,Правый желудочек,67.0,Раннее и среднее наполнение,193.06103875533242,-19.61779206902179,-9.22413951260791,1.500622904826571,0,,,,periodic_fourier_ridge_with_cycle_contrasts,5.479927233935695,"{""1"": 2.4055860161325064, ""2"": -2.4055860161325064}",periodic_model
adam,heart_ventricle_right,Правый желудочек,68.0,Раннее и среднее наполнение,194.42886616707477,-18.249964657279435,-8.580997265473776,1.3678274117423541,0,,,,periodic_fourier_ridge_with_cycle_contrasts,5.479927233935695,"{""1"": 2.4055860161325064, ""2"": -2.4055860161325064}",periodic_model
adam,heart_ventricle_right,Правый желудочек,69.0,Раннее и среднее наполнение,195.67247679079043,-17.00635403356378,-7.99626082560557,1.2436106237156537,0,,,,periodic_fourier_ridge_with_cycle_contrasts,5.479927233935695,"{""1"": 2.4055860161325064, ""2"": -2.4055860161325064}",periodic_model
adam,heart_ventricle_right,Правый желудочек,70.0,Раннее и среднее наполнение,196.80182327340486,-15.877007550949344,-7.46525053265021,1.1293464826144373,1,199.3087937745388,199.3087937745388,199.3087937745388,periodic_fourier_ridge_with_cycle_contrasts,5.479927233935695,"{""1"": 2.4055860161325064, ""2"": -2.4055860161325064}",measured_phase_reference
adam,heart_ventricle_right,Правый желудочек,71.0,Раннее и среднее наполнение,197.82795856446532,-14.850872259888888,-6.982769372168417,1.0261352910604558,0,,,,periodic_fourier_ridge_with_cycle_contrasts,5.479927233935695,"{""1"": 2.4055860161325064, ""2"": -2.4055860161325064}",periodic_model
adam,heart_ventricle_right,Правый желудочек,72.0,Раннее и среднее наполнение,198.76274769379853,-13.916083130555677,-6.543238495630343,0.9347891293332111,0,,,,periodic_fourier_ridge_with_cycle_contrasts,5.479927233935695,"{""1"": 2.4055860161325064, ""2"": -2.4055860161325064}",periodic_model
adam,heart_ventricle_right,Правый желудочек,73.0,Раннее и среднее наполнение,199.61856996106428,-13.060260863289926,-6.140837248666299,0.8558222672657507,0,,,,periodic_fourier_ridge_with_cycle_contrasts,5.479927233935695,"{""1"": 2.4055860161325064, ""2"": -2.4055860161325064}",periodic_model
adam,heart_ventricle_right,Правый желудочек,74.0,Раннее и среднее наполнение,200.4080166707032,-12.270814153651003,-5.769645293839867,0.7894467096389235,0,,,,periodic_fourier_ridge_with_cycle_contrasts,5.479927233935695,"{""1"": 2.4055860161325064, ""2"": -2.4055860161325064}",periodic_model
adam,heart_ventricle_right,Правый желудочек,75.0,Раннее и среднее наполнение,201.1435896016023,-11.535241222751921,-5.423784387962227,0.7355729308990817,0,,,,periodic_fourier_ridge_with_cycle_contrasts,5.479927233935695,"{""1"": 2.4055860161325064, ""2"": -2.4055860161325064}",periodic_model
adam,heart_ventricle_right,Правый желудочек,76.0,Раннее и среднее наполнение,201.8374053731196,-10.841425451234613,-5.097557386982373,0.6938157715173077,0,,,,periodic_fourier_ridge_with_cycle_contrasts,5.479927233935695,"{""1"": 2.4055860161325064, ""2"": -2.4055860161325064}",periodic_model
adam,heart_ventricle_right,Правый желудочек,77.0,Раннее и среднее наполнение,202.5009107584217,-10.177920065932511,-4.7855821035325254,0.663505385302102,0,,,,periodic_fourier_ridge_with_cycle_contrasts,5.479927233935695,"{""1"": 2.4055860161325064, ""2"": -2.4055860161325064}",periodic_model
adam,heart_ventricle_right,Правый желудочек,78.0,Раннее и среднее наполнение,203.14461380421108,-9.534217020143132,-4.482917732426876,0.6437030457893798,0,,,,periodic_fourier_ridge_with_cycle_contrasts,5.479927233935695,"{""1"": 2.4055860161325064, ""2"": -2.4055860161325064}",periodic_model
adam,heart_ventricle_right,Правый желудочек,79.0,Раннее и среднее наполнение,203.7778353459536,-8.900995478400603,-4.185181686348322,0.6332215417425289,1,202.62867195094523,202.62867195094523,202.62867195094523,periodic_fourier_ridge_with_cycle_contrasts,5.479927233935695,"{""1"": 2.4055860161325064, ""2"": -2.4055860161325064}",measured_phase_reference
adam,heart_ventricle_right,Правый желудочек,80.0,Поздняя диастола,204.40848516400126,-8.270345660352945,-3.888654845570034,0.6306498180476581,0,,,,periodic_fourier_ridge_with_cycle_contrasts,5.479927233935695,"{""1"": 2.4055860161325064, ""2"": -2.4055860161325064}",periodic_model
adam,heart_ventricle_right,Правый желудочек,81.0,Поздняя диастола,205.04286661404882,-7.635964210305389,-3.59037341925757,0.634381450047556,0,,,,periodic_fourier_ridge_with_cycle_contrasts,5.479927233935695,"{""1"": 2.4055860161325064, ""2"": -2.4055860161325064}",periodic_model
adam,heart_ventricle_right,Правый желудочек,82.0,Поздняя диастола,205.6855130917537,-6.993317732600502,-3.288205838584893,0.6426464777048864,0,,,,periodic_fourier_ridge_with_cycle_contrasts,5.479927233935695,"{""1"": 2.4055860161325064, ""2"": -2.4055860161325064}",periodic_model
adam,heart_ventricle_right,Правый желудочек,83.0,Поздняя диастола,206.33905916365208,-6.339771660702127,-2.980913350016474,0.6535460718983757,0,,,,periodic_fourier_ridge_with_cycle_contrasts,5.479927233935695,"{""1"": 2.4055860161325064, ""2"": -2.4055860161325064}",periodic_model
adam,heart_ventricle_right,Правый желудочек,84.0,Поздняя диастола,207.00414862314577,-5.674682201208441,-2.6681932466964753,0.6650894594936858,0,,,,periodic_fourier_ridge_with_cycle_contrasts,5.479927233935695,"{""1"": 2.4055860161325064, ""2"": -2.4055860161325064}",periodic_model
adam,heart_ventricle_right,Правый желудочек,85.0,Поздняя диастола,207.6793811204593,-4.999449703894896,-2.350703962644881,0.6752324973135444,0,,,,periodic_fourier_ridge_with_cycle_contrasts,5.479927233935695,"{""1"": 2.4055860161325064, ""2"": -2.4055860161325064}",periodic_model
adam,heart_ventricle_right,Правый желудочек,86.0,Поздняя диастола,208.36129837880213,-4.317532445552075,-2.0300715538152505,0.6819172583428212,0,,,,periodic_fourier_ridge_with_cycle_contrasts,5.479927233935695,"{""1"": 2.4055860161325064, ""2"": -2.4055860161325064}",periodic_model
adam,heart_ventricle_right,Правый желудочек,87.0,Поздняя диастола,209.04441035567123,-3.6344204686829755,-1.7088773972453077,0.6831119768690996,0,,,,periodic_fourier_ridge_with_cycle_contrasts,5.479927233935695,"{""1"": 2.4055860161325064, ""2"": -2.4055860161325064}",periodic_model
adam,heart_ventricle_right,Правый желудочек,88.0,Поздняя диастола,209.72126104870833,-2.9575697756458794,-1.3906272496337249,0.6768506930370961,0,,,,periodic_fourier_ridge_with_cycle_contrasts,5.479927233935695,"{""1"": 2.4055860161325064, ""2"": -2.4055860161325064}",periodic_model
adam,heart_ventricle_right,Правый желудочек,89.0,Поздняя диастола,210.38253299030563,-2.2962978340485733,-1.079702114755852,0.6612719415973061,1,215.28042493277778,215.28042493277778,215.28042493277778,periodic_fourier_ridge_with_cycle_contrasts,5.479927233935695,"{""1"": 2.4055860161325064, ""2"": -2.4055860161325064}",measured_phase_reference
adam,heart_ventricle_right,Правый желудочек,90.0,Поздняя диастола,211.0171888346814,-1.6616419896728019,-0.7812916702768165,0.6346558443757715,0,,,,periodic_fourier_ridge_with_cycle_contrasts,5.479927233935695,"{""1"": 2.4055860161325064, ""2"": -2.4055860161325064}",periodic_model
adam,heart_ventricle_right,Правый желудочек,91.0,Поздняя диастола,211.61264782564652,-1.0661829987076885,-0.5013112939238512,0.5954589909651133,0,,,,periodic_fourier_ridge_with_cycle_contrasts,5.479927233935695,"{""1"": 2.4055860161325064, ""2"": -2.4055860161325064}",periodic_model
adam,heart_ventricle_right,Правый желудочек,92.0,Поздняя диастола,212.1549943525794,-0.5238364717748141,-0.2463040020223906,0.5423465269328744,0,,,,periodic_fourier_ridge_with_cycle_contrasts,5.479927233935695,"{""1"": 2.4055860161325064, ""2"": -2.4055860161325064}",periodic_model
adam,heart_ventricle_right,Правый желудочек,93.0,Поздняя диастола,212.62921526549948,-0.04961555885472535,-0.023328865718516913,0.4742209129200887,0,,,,periodic_fourier_ridge_with_cycle_contrasts,5.479927233935695,"{""1"": 2.4055860161325064, ""2"": -2.4055860161325064}",periodic_model
adam,heart_ventricle_right,Правый желудочек,94.0,Поздняя диастола,213.0194621361636,0.3406313118094033,0.16016230223247827,0.39024687066412866,0,,,,periodic_fourier_ridge_with_cycle_contrasts,5.479927233935695,"{""1"": 2.4055860161325064, ""2"": -2.4055860161325064}",periodic_model
adam,heart_ventricle_right,Правый желудочек,95.0,Поздняя диастола,213.30933422855452,0.6305034042003115,0.2964579980792858,0.28987209239090816,0,,,,periodic_fourier_ridge_with_cycle_contrasts,5.479927233935695,"{""1"": 2.4055860161325064, ""2"": -2.4055860161325064}",periodic_model
adam,heart_ventricle_right,Правый желудочек,96.0,Поздняя диастола,213.4821775857887,0.8033467614344829,0.3777276555079173,0.17284335723417144,0,,,,periodic_fourier_ridge_with_cycle_contrasts,5.479927233935695,"{""1"": 2.4055860161325064, ""2"": -2.4055860161325064}",periodic_model
adam,heart_ventricle_right,Правый желудочек,97.0,Поздняя диастола,213.5213953570758,0.8425645327215818,0.3961675590634751,0.03921777128709891,0,,,,periodic_fourier_ridge_with_cycle_contrasts,5.479927233935695,"{""1"": 2.4055860161325064, ""2"": -2.4055860161325064}",periodic_model
adam,heart_ventricle_right,Правый желудочек,98.0,Поздняя диастола,213.41076428250076,0.7319334581465569,0.3441496529342129,-0.11063107457502497,1,217.29741045357548,217.29741045357548,217.29741045357548,periodic_fourier_ridge_with_cycle_contrasts,5.479927233935695,"{""1"": 2.4055860161325064, ""2"": -2.4055860161325064}",measured_phase_reference
adam,heart_ventricle_right,Правый желудочек,99.0,Поздняя диастола,213.13475212843088,0.45592130407666787,0.2143707967123447,-0.276012154069889,0,,,,periodic_fourier_ridge_with_cycle_contrasts,5.479927233935695,"{""1"": 2.4055860161325064, ""2"": -2.4055860161325064}",periodic_model
adam,heart_ventricle_right,Правый желудочек,100.0,Поздняя диастола,212.6788308243542,0.0,0.0,-0.45592130407666787,0,,,,periodic_fourier_ridge_with_cycle_contrasts,5.479927233935695,"{""1"": 2.4055860161325064, ""2"": -2.4055860161325064}",periodic_model_boundary
nix,heart_atrium_left,Левое предсердие,0.0,Уменьшение объёма желудочков,37.418453191700195,0.0,0.0,0.0,0,,,,periodic_fourier_ridge_with_cycle_contrasts,4.169044463441518,"{""1"": 0.740979395294293, ""2"": -0.740979395294293}",periodic_model_boundary
nix,heart_atrium_left,Левое предсердие,1.0,Уменьшение объёма желудочков,36.98283006069502,-0.4356231310051726,-1.1641933159914755,-0.4356231310051726,1,34.60083679199218,34.60083679199218,34.60083679199218,periodic_fourier_ridge_with_cycle_contrasts,4.169044463441518,"{""1"": 0.740979395294293, ""2"": -0.740979395294293}",measured_phase_reference
nix,heart_atrium_left,Левое предсердие,2.0,Уменьшение объёма желудочков,36.64164814708193,-0.7768050446182642,-2.075994538412848,-0.3411819136130916,0,,,,periodic_fourier_ridge_with_cycle_contrasts,4.169044463441518,"{""1"": 0.740979395294293, ""2"": -0.740979395294293}",periodic_model
nix,heart_atrium_left,Левое предсердие,3.0,Уменьшение объёма желудочков,36.40569390584964,-1.0127592858505565,-2.706577101576174,-0.23595424123229236,0,,,,periodic_fourier_ridge_with_cycle_contrasts,4.169044463441518,"{""1"": 0.740979395294293, ""2"": -0.740979395294293}",periodic_model
nix,heart_atrium_left,Левое предсердие,4.0,Уменьшение объёма желудочков,36.28502692960333,-1.1334262620968616,-3.02905696365949,-0.12066697624630507,0,,,,periodic_fourier_ridge_with_cycle_contrasts,4.169044463441518,"{""1"": 0.740979395294293, ""2"": -0.740979395294293}",periodic_model
nix,heart_atrium_left,Левое предсердие,5.0,Уменьшение объёма желудочков,36.28879628780071,-1.1296569038994875,-3.0189834360925887,0.0037693581973741175,0,,,,periodic_fourier_ridge_with_cycle_contrasts,4.169044463441518,"{""1"": 0.740979395294293, ""2"": -0.740979395294293}",periodic_model
nix,heart_atrium_left,Левое предсердие,6.0,Уменьшение объёма желудочков,36.42506764349717,-0.9933855482030225,-2.654801210284571,0.13627135569646498,0,,,,periodic_fourier_ridge_with_cycle_contrasts,4.169044463441518,"{""1"": 0.740979395294293, ""2"": -0.740979395294293}",periodic_model
nix,heart_atrium_left,Левое предсердие,7.0,Уменьшение объёма желудочков,36.700663986931715,-0.7177892047684793,-1.9182759936418015,0.2755963434345432,0,,,,periodic_fourier_ridge_with_cycle_contrasts,4.169044463441518,"{""1"": 0.740979395294293, ""2"": -0.740979395294293}",periodic_model
nix,heart_atrium_left,Левое предсердие,8.0,Уменьшение объёма желудочков,37.121022624229944,-0.29743056747025065,-0.7948767041397208,0.42035863729822864,0,,,,periodic_fourier_ridge_with_cycle_contrasts,4.169044463441518,"{""1"": 0.740979395294293, ""2"": -0.740979395294293}",periodic_model
nix,heart_atrium_left,Левое предсердие,9.0,Уменьшение объёма желудочков,37.6900708163399,0.2716176246397026,0.72589217744562,0.5690481921099533,0,,,,periodic_fourier_ridge_with_cycle_contrasts,4.169044463441518,"{""1"": 0.740979395294293, ""2"": -0.740979395294293}",periodic_model
nix,heart_atrium_left,Левое предсердие,10.0,Уменьшение объёма желудочков,38.410122181830694,0.9916689901304991,2.650213746276561,0.7200513654907965,0,,,,periodic_fourier_ridge_with_cycle_contrasts,4.169044463441518,"{""1"": 0.740979395294293, ""2"": -0.740979395294293}",periodic_model
nix,heart_atrium_left,Левое предсердие,11.0,Уменьшение объёма желудочков,39.281795661764576,1.8633424700643815,4.979742108841876,0.8716734799338823,1,42.569976196289055,42.569976196289055,42.569976196289055,periodic_fourier_ridge_with_cycle_contrasts,4.169044463441518,"{""1"": 0.740979395294293, ""2"": -0.740979395294293}",measured_phase_reference
nix,heart_atrium_left,Левое предсердие,12.0,Уменьшение объёма желудочков,40.30395850042508,2.8855053087248876,7.711450000196488,1.0221628386605062,0,,,,periodic_fourier_ridge_with_cycle_contrasts,4.169044463441518,"{""1"": 0.740979395294293, ""2"": -0.740979395294293}",periodic_model
nix,heart_atrium_left,Левое предсердие,13.0,Уменьшение объёма желудочков,41.47369432763614,4.055241135935944,10.837543484655423,1.1697358272110563,0,,,,periodic_fourier_ridge_with_cycle_contrasts,4.169044463441518,"{""1"": 0.740979395294293, ""2"": -0.740979395294293}",periodic_model
nix,heart_atrium_left,Левое предсердие,14.0,Уменьшение объёма желудочков,42.78629704249909,5.367843850798899,14.345445610214433,1.3126027148629547,1,43.84272308349609,43.84272308349609,43.84272308349609,periodic_fourier_ridge_with_cycle_contrasts,4.169044463441518,"{""1"": 0.740979395294293, ""2"": -0.740979395294293}",measured_phase_reference
nix,heart_atrium_left,Левое предсердие,15.0,Уменьшение объёма желудочков,44.23529080065619,6.816837608955993,18.217849824075678,1.4489937581570942,0,,,,periodic_fourier_ridge_with_cycle_contrasts,4.169044463441518,"{""1"": 0.740979395294293, ""2"": -0.740979395294293}",periodic_model
nix,heart_atrium_left,Левое предсердие,16.0,Уменьшение объёма желудочков,45.81247600389318,8.394022812192986,22.432842878857613,1.5771852032369935,0,,,,periodic_fourier_ridge_with_cycle_contrasts,4.169044463441518,"{""1"": 0.740979395294293, ""2"": -0.740979395294293}",periodic_model
nix,heart_atrium_left,Левое предсердие,17.0,Уменьшение объёма желудочков,47.50800078835011,10.089547596649915,26.964095883279008,1.6955247844569286,0,,,,periodic_fourier_ridge_with_cycle_contrasts,4.169044463441518,"{""1"": 0.740979395294293, ""2"": -0.740979395294293}",periodic_model
nix,heart_atrium_left,Левое предсердие,18.0,Уменьшение объёма желудочков,49.310457112134614,11.89200392043442,31.781121094209716,1.8024563237845044,0,,,,periodic_fourier_ridge_with_cycle_contrasts,4.169044463441518,"{""1"": 0.740979395294293, ""2"": -0.740979395294293}",periodic_model
nix,heart_atrium_left,Левое предсердие,19.0,Уменьшение объёма желудочков,51.20700016093848,13.788546969238283,36.84959102557646,1.8965430488038635,0,,,,periodic_fourier_ridge_with_cycle_contrasts,4.169044463441518,"{""1"": 0.740979395294293, ""2"": -0.740979395294293}",periodic_model
nix,heart_atrium_left,Левое предсердие,20.0,Уменьшение объёма желудочков,53.183489427348924,15.76503623564873,42.13171547974511,1.9764892664104465,0,,,,periodic_fourier_ridge_with_cycle_contrasts,4.169044463441518,"{""1"": 0.740979395294293, ""2"": -0.740979395294293}",periodic_model
nix,heart_atrium_left,Левое предсердие,21.0,Уменьшение объёма желудочков,55.224649481627054,17.80619628992686,47.58667120391941,2.04116005427813,1,51.725034332275385,51.725034332275385,51.725034332275385,periodic_fourier_ridge_with_cycle_contrasts,4.169044463441518,"{""1"": 0.740979395294293, ""2"": -0.740979395294293}",measured_phase_reference
nix,heart_atrium_left,Левое предсердие,22.0,Уменьшение объёма желудочков,57.31424814410922,19.895794952409027,53.171078051997405,2.0895986624821674,0,,,,periodic_fourier_ridge_with_cycle_contrasts,4.169044463441518,"{""1"": 0.740979395294293, ""2"": -0.740979395294293}",periodic_model
nix,heart_atrium_left,Левое предсердие,23.0,Уменьшение объёма желудочков,59.435289496913725,22.01683630521353,58.83951480414774,2.121041352804504,1,62.48513107299804,62.48513107299804,62.48513107299804,periodic_fourier_ridge_with_cycle_contrasts,4.169044463441518,"{""1"": 0.740979395294293, ""2"": -0.740979395294293}",measured_phase_reference
nix,heart_atrium_left,Левое предсердие,24.0,Уменьшение объёма желудочков,61.570218939594106,24.15176574789391,64.54506717357046,2.134929442680381,0,,,,periodic_fourier_ridge_with_cycle_contrasts,4.169044463441518,"{""1"": 0.740979395294293, ""2"": -0.740979395294293}",periodic_model
nix,heart_atrium_left,Левое предсердие,25.0,Уменьшение объёма желудочков,63.70113730344275,26.282684111742554,70.23990002230325,2.130918363848643,0,,,,periodic_fourier_ridge_with_cycle_contrasts,4.169044463441518,"{""1"": 0.740979395294293, ""2"": -0.740979395294293}",periodic_model
nix,heart_atrium_left,Левое предсердие,26.0,Уменьшение объёма желудочков,65.81002089530965,28.391567703609454,75.87584542352755,2.108883591866899,0,,,,periodic_fourier_ridge_with_cycle_contrasts,4.169044463441518,"{""1"": 0.740979395294293, ""2"": -0.740979395294293}",periodic_model
nix,heart_atrium_left,Левое предсердие,27.0,Уменьшение объёма желудочков,67.87894424633409,30.46049105463389,81.40499795269555,2.068923351024438,0,,,,periodic_fourier_ridge_with_cycle_contrasts,4.169044463441518,"{""1"": 0.740979395294293, ""2"": -0.740979395294293}",periodic_model
nix,heart_atrium_left,Левое предсердие,28.0,Уменьшение объёма желудочков,69.89030229540387,32.471849103703676,86.78030846797877,2.011358049069784,0,,,,periodic_fourier_ridge_with_cycle_contrasts,4.169044463441518,"{""1"": 0.740979395294293, ""2"": -0.740979395294293}",periodic_model
nix,heart_atrium_left,Левое предсердие,29.0,Уменьшение объёма желудочков,71.82702874218913,34.40857555048893,91.9561676539882,1.9367264467852578,0,,,,periodic_fourier_ridge_with_cycle_contrasts,4.169044463441518,"{""1"": 0.740979395294293, ""2"": -0.740979395294293}",periodic_model
nix,heart_atrium_left,Левое предсердие,30.0,Уменьшение объёма желудочков,73.67280736018058,36.25435416848039,96.8889707512602,1.8457786179914564,0,,,,periodic_fourier_ridge_with_cycle_contrasts,4.169044463441518,"{""1"": 0.740979395294293, ""2"": -0.740979395294293}",periodic_model
nix,heart_atrium_left,Левое предсердие,31.0,Уменьшение объёма желудочков,75.41227316543892,37.993819973738724,101.53765517535116,1.7394658052583338,0,,,,periodic_fourier_ridge_with_cycle_contrasts,4.169044463441518,"{""1"": 0.740979395294293, ""2"": -0.740979395294293}",periodic_model
nix,heart_atrium_left,Левое предсердие,32.0,Уменьшение объёма желудочков,77.03120049009365,39.61274729839346,105.86420313916125,1.6189273246547344,0,,,,periodic_fourier_ridge_with_cycle_contrasts,4.169044463441518,"{""1"": 0.740979395294293, ""2"": -0.740979395294293}",periodic_model
nix,heart_atrium_left,Левое предсердие,33.0,Уменьшение объёма желудочков,78.51667520862676,41.09822201692657,109.83410192392077,1.485474718533112,1,74.2135266113281,74.2135266113281,74.2135266113281,periodic_fourier_ridge_with_cycle_contrasts,4.169044463441518,"{""1"": 0.740979395294293, ""2"": -0.740979395294293}",measured_phase_reference
nix,heart_atrium_left,Левое предсердие,34.0,Уменьшение объёма желудочков,79.85724860652718,42.438795414826984,113.41675508981315,1.340573397900414,0,,,,periodic_fourier_ridge_with_cycle_contrasts,4.169044463441518,"{""1"": 0.740979395294293, ""2"": -0.740979395294293}",periodic_model
nix,heart_atrium_left,Левое предсердие,35.0,Уменьшение объёма желудочков,81.04307066123312,43.62461746953292,116.58583866638645,1.1858220547059375,0,,,,periodic_fourier_ridge_with_cycle_contrasts,4.169044463441518,"{""1"": 0.740979395294293, ""2"": -0.740979395294293}",periodic_model
nix,heart_atrium_left,Левое предсердие,36.0,Уменьшение объёма желудочков,82.0660008200036,44.6475476283034,119.31959720399853,1.0229301587704782,0,,,,periodic_fourier_ridge_with_cycle_contrasts,4.169044463441518,"{""1"": 0.740979395294293, ""2"": -0.740979395294293}",periodic_model
nix,heart_atrium_left,Левое предсердие,37.0,Уменьшение объёма желудочков,82.91969470355514,45.50124151185494,121.60107548739506,0.8536938835515429,0,,,,periodic_fourier_ridge_with_cycle_contrasts,4.169044463441518,"{""1"": 0.740979395294293, ""2"": -0.740979395294293}",periodic_model
nix,heart_atrium_left,Левое предсердие,38.0,Уменьшение объёма желудочков,83.59966553257868,46.18121234087849,123.4182826967363,0.6799708290235458,0,,,,periodic_fourier_ridge_with_cycle_contrasts,4.169044463441518,"{""1"": 0.740979395294293, ""2"": -0.740979395294293}",periodic_model
nix,heart_atrium_left,Левое предсердие,39.0,Уменьшение объёма желудочков,84.10331946085132,46.68486626915113,124.76428683456727,0.5036539282726409,0,,,,periodic_fourier_ridge_with_cycle_contrasts,4.169044463441518,"{""1"": 0.740979395294293, ""2"": -0.740979395294293}",periodic_model
nix,heart_atrium_left,Левое предсердие,40.0,Уменьшение объёма желудочков,84.42996439752908,47.01151120582888,125.6372383032031,0.3266449366777522,0,,,,periodic_fourier_ridge_with_cycle_contrasts,4.169044463441518,"{""1"": 0.740979395294293, ""2"": -0.740979395294293}",periodic_model
nix,heart_atrium_left,Левое предсердие,41.0,Уменьшение объёма желудочков,84.58079230610984,47.16233911440965,126.0403225990933,0.15082790858076578,0,,,,periodic_fourier_ridge_with_cycle_contrasts,4.169044463441518,"{""1"": 0.740979395294293, ""2"": -0.740979395294293}",periodic_model
nix,heart_atrium_left,Левое предсердие,42.0,Уменьшение объёма желудочков,84.55883537215533,47.140382180455134,125.98164317201483,-0.021956933954513147,0,,,,periodic_fourier_ridge_with_cycle_contrasts,4.169044463441518,"{""1"": 0.740979395294293, ""2"": -0.740979395294293}",periodic_model
nix,heart_atrium_left,Левое предсердие,43.0,Уменьшение объёма желудочков,84.36889682983237,46.95044363813217,125.47403656051254,-0.18993854232296314,1,90.10967361450194,90.10967361450194,90.10967361450194,periodic_fourier_ridge_with_cycle_contrasts,4.169044463441518,"{""1"": 0.740979395294293, ""2"": -0.740979395294293}",measured_phase_reference
nix,heart_atrium_left,Левое предсердие,44.0,Уменьшение объёма желудочков,84.01745762245507,46.599004430754874,124.5348229442339,-0.3514392073772967,0,,,,periodic_fourier_ridge_with_cycle_contrasts,4.169044463441518,"{""1"": 0.740979395294293, ""2"": -0.740979395294293}",periodic_model
nix,heart_atrium_left,Левое предсердие,45.0,Раннее и среднее наполнение,83.5125604384649,46.09410724676471,123.18549623261515,-0.5048971839901668,0,,,,periodic_fourier_ridge_with_cycle_contrasts,4.169044463441518,"{""1"": 0.740979395294293, ""2"": -0.740979395294293}",periodic_model
nix,heart_atrium_left,Левое предсердие,46.0,Раннее и среднее наполнение,82.8636730059579,45.44521981425771,121.45135872248704,-0.6488874325069958,0,,,,periodic_fourier_ridge_with_cycle_contrasts,4.169044463441518,"{""1"": 0.740979395294293, ""2"": -0.740979395294293}",periodic_model
nix,heart_atrium_left,Левое предсердие,47.0,Раннее и среднее наполнение,82.08153284062846,44.66307964892826,119.36110619034086,-0.7821401653294515,0,,,,periodic_fourier_ridge_with_cycle_contrasts,4.169044463441518,"{""1"": 0.740979395294293, ""2"": -0.740979395294293}",periodic_model
nix,heart_atrium_left,Левое предсердие,48.0,Раннее и среднее наполнение,81.17797591899097,43.75952272729077,116.94637002525025,-0.9035569216374881,0,,,,periodic_fourier_ridge_with_cycle_contrasts,4.169044463441518,"{""1"": 0.740979395294293, ""2"": -0.740979395294293}",periodic_model
nix,heart_atrium_left,Левое предсердие,49.0,Раннее и среднее наполнение,80.16575198665782,42.74729879495763,114.24122364427248,-1.0122239323331428,0,,,,periodic_fourier_ridge_with_cycle_contrasts,4.169044463441518,"{""1"": 0.740979395294293, ""2"": -0.740979395294293}",periodic_model
nix,heart_atrium_left,Левое предсердие,50.0,Раннее и среднее наполнение,79.05832940660262,41.63987621490243,111.28166095368847,-1.1074225800552,0,,,,periodic_fourier_ridge_with_cycle_contrasts,4.169044463441518,"{""1"": 0.740979395294293, ""2"": -0.740979395294293}",periodic_model
nix,heart_atrium_left,Левое предсердие,51.0,Раннее и среднее наполнение,77.86969260170753,40.45123941000733,108.10505501862873,-1.188636804895097,0,,,,periodic_fourier_ridge_with_cycle_contrasts,4.169044463441518,"{""1"": 0.740979395294293, ""2"": -0.740979395294293}",periodic_model
nix,heart_atrium_left,Левое предсердие,52.0,Раннее и среднее наполнение,76.6141352471858,39.195682055485605,104.74960537433337,-1.2555573545217271,0,,,,periodic_fourier_ridge_with_cycle_contrasts,4.169044463441518,"{""1"": 0.740979395294293, ""2"": -0.740979395294293}",periodic_model
nix,heart_atrium_left,Левое предсердие,53.0,Раннее и среднее наполнение,75.30605242015305,37.887599228452856,101.25378255041478,-1.3080828270327487,1,79.68846313476561,79.68846313476561,79.68846313476561,periodic_fourier_ridge_with_cycle_contrasts,4.169044463441518,"{""1"": 0.740979395294293, ""2"": -0.740979395294293}",measured_phase_reference
nix,heart_atrium_left,Левое предсердие,54.0,Раннее и среднее наполнение,73.95973491493365,36.54128172323345,97.65577838300031,-1.3463175052194032,0,,,,periodic_fourier_ridge_with_cycle_contrasts,4.169044463441518,"{""1"": 0.740979395294293, ""2"": -0.740979395294293}",periodic_model
nix,heart_atrium_left,Левое предсердие,55.0,Раннее и среднее наполнение,72.58916888367668,35.17071569197648,93.99297055864864,-1.3705660312569705,0,,,,periodic_fourier_ridge_with_cycle_contrasts,4.169044463441518,"{""1"": 0.740979395294293, ""2"": -0.740979395294293}",periodic_model
nix,heart_atrium_left,Левое предсердие,56.0,Раннее и среднее наполнение,71.20784386334563,33.789390671645435,90.30140957066679,-1.3813250203310474,0,,,,periodic_fourier_ridge_with_cycle_contrasts,4.169044463441518,"{""1"": 0.740979395294293, ""2"": -0.740979395294293}",periodic_model
nix,heart_atrium_left,Левое предсердие,57.0,Раннее и среднее наполнение,69.82857210375181,32.410118912051615,86.61533587722039,-1.37927175959382,0,,,,periodic_fourier_ridge_with_cycle_contrasts,4.169044463441518,"{""1"": 0.740979395294293, ""2"": -0.740979395294293}",periodic_model
nix,heart_atrium_left,Левое предсердие,58.0,Раннее и среднее наполнение,68.46332191938615,31.04486872768595,82.9667345377388,-1.3652501843656637,0,,,,periodic_fourier_ridge_with_cycle_contrasts,4.169044463441518,"{""1"": 0.740979395294293, ""2"": -0.740979395294293}",periodic_model
nix,heart_atrium_left,Левое предсердие,59.0,Раннее и среднее наполнение,67.12306755344876,29.70461436174857,79.38493397780901,-1.3402543659373833,0,,,,periodic_fourier_ridge_with_cycle_contrasts,4.169044463441518,"{""1"": 0.740979395294293, ""2"": -0.740979395294293}",periodic_model
nix,heart_atrium_left,Левое предсердие,60.0,Раннее и среднее наполнение,65.817657769428,28.3992045777278,75.89625480303671,-1.3054097840207675,0,,,,periodic_fourier_ridge_with_cycle_contrasts,4.169044463441518,"{""1"": 0.740979395294293, ""2"": -0.740979395294293}",periodic_model
nix,heart_atrium_left,Левое предсердие,61.0,Раннее и среднее наполнение,64.555705078198,27.137251886497808,72.52371376088078,-1.2619526912299932,0,,,,periodic_fourier_ridge_with_cycle_contrasts,4.169044463441518,"{""1"": 0.740979395294293, ""2"": -0.740979395294293}",periodic_model
nix,heart_atrium_left,Левое предсердие,62.0,Раннее и среднее наполнение,63.3444971717789,25.926043980078703,69.28678704930905,-1.211207906419105,1,56.57312286376953,56.57312286376953,56.57312286376953,periodic_fourier_ridge_with_cycle_contrasts,4.169044463441518,"{""1"": 0.740979395294293, ""2"": -0.740979395294293}",measured_phase_reference
nix,heart_atrium_left,Левое предсердие,63.0,Раннее и среднее наполнение,62.18993177399533,24.77147858229514,66.20123620660438,-1.1545653977835642,0,,,,periodic_fourier_ridge_with_cycle_contrasts,4.169044463441518,"{""1"": 0.740979395294293, ""2"": -0.740979395294293}",periodic_model
nix,heart_atrium_left,Левое предсердие,64.0,Раннее и среднее наполнение,61.09647573901152,23.678022547311322,63.278998803091504,-1.0934560349838165,0,,,,periodic_fourier_ridge_with_cycle_contrasts,4.169044463441518,"{""1"": 0.740979395294293, ""2"": -0.740979395294293}",periodic_model
nix,heart_atrium_left,Левое предсердие,65.0,Раннее и среднее наполнение,60.06714883713166,22.648695645431467,60.528145109042576,-1.0293269018798554,0,,,,periodic_fourier_ridge_with_cycle_contrasts,4.169044463441518,"{""1"": 0.740979395294293, ""2"": -0.740979395294293}",periodic_model
nix,heart_atrium_left,Левое предсердие,66.0,Раннее и среднее наполнение,59.10353226954965,21.68507907784946,57.95290085015977,-0.9636165675820081,0,,,,periodic_fourier_ridge_with_cycle_contrasts,4.169044463441518,"{""1"": 0.740979395294293, ""2"": -0.740979395294293}",periodic_model
nix,heart_atrium_left,Левое предсердие,67.0,Раннее и среднее наполнение,58.20580155621307,20.787348364512873,55.55373509967463,-0.8977307133365855,0,,,,periodic_fourier_ridge_with_cycle_contrasts,4.169044463441518,"{""1"": 0.740979395294293, ""2"": -0.740979395294293}",periodic_model
nix,heart_atrium_left,Левое предсердие,68.0,Раннее и среднее наполнение,57.37278304993358,19.954329858233386,53.327511311075426,-0.8330185062794868,0,,,,periodic_fourier_ridge_with_cycle_contrasts,4.169044463441518,"{""1"": 0.740979395294293, ""2"": -0.740979395294293}",periodic_model
nix,heart_atrium_left,Левое предсердие,69.0,Раннее и среднее наполнение,56.60203295152332,19.183579759823125,51.267698484335654,-0.7707500984102609,0,,,,periodic_fourier_ridge_with_cycle_contrasts,4.169044463441518,"{""1"": 0.740979395294293, ""2"": -0.740979395294293}",periodic_model
nix,heart_atrium_left,Левое предсердие,70.0,Раннее и среднее наполнение,55.88993734105122,18.471484149351028,49.36463849726476,-0.7120956104720975,0,,,,periodic_fourier_ridge_with_cycle_contrasts,4.169044463441518,"{""1"": 0.740979395294293, ""2"": -0.740979395294293}",periodic_model
nix,heart_atrium_left,Левое предсердие,71.0,Раннее и среднее наполнение,55.23183140498987,17.813378213289674,47.60586473745759,-0.6581059360613537,0,,,,periodic_fourier_ridge_with_cycle_contrasts,4.169044463441518,"{""1"": 0.740979395294293, ""2"": -0.740979395294293}",periodic_model
nix,heart_atrium_left,Левое предсердие,72.0,Раннее и среднее наполнение,54.62213573336216,17.203682541661962,45.97646635344595,-0.609695671627712,1,57.715077972412104,57.715077972412104,57.715077972412104,periodic_fourier_ridge_with_cycle_contrasts,4.169044463441518,"{""1"": 0.740979395294293, ""2"": -0.740979395294293}",measured_phase_reference
nix,heart_atrium_left,Левое предсердие,73.0,Раннее и среднее наполнение,54.05450728983283,16.636054098132632,44.45949171897539,-0.5676284435293297,0,,,,periodic_fourier_ridge_with_cycle_contrasts,4.169044463441518,"{""1"": 0.740979395294293, ""2"": -0.740979395294293}",periodic_model
nix,heart_atrium_left,Левое предсердие,74.0,Раннее и среднее наполнение,53.52200242530515,16.10354923360496,43.036384083286734,-0.5325048645276738,0,,,,periodic_fourier_ridge_with_cycle_contrasts,4.169044463441518,"{""1"": 0.740979395294293, ""2"": -0.740979395294293}",periodic_model
nix,heart_atrium_left,Левое предсердие,75.0,Раннее и среднее наполнение,53.01724911564727,15.598795923947073,41.68744187268289,-0.504753309657886,0,,,,periodic_fourier_ridge_with_cycle_contrasts,4.169044463441518,"{""1"": 0.740979395294293, ""2"": -0.740979395294293}",periodic_model
nix,heart_atrium_left,Левое предсердие,76.0,Раннее и среднее наполнение,52.53262545968065,15.114172267980457,40.39229572250982,-0.4846236559666153,0,,,,periodic_fourier_ridge_with_cycle_contrasts,4.169044463441518,"{""1"": 0.740979395294293, ""2"": -0.740979395294293}",periodic_model
nix,heart_atrium_left,Левое предсердие,77.0,Раннее и среднее наполнение,52.06044137679101,14.641988185090817,39.130394060058485,-0.4721840828896404,0,,,,periodic_fourier_ridge_with_cycle_contrasts,4.169044463441518,"{""1"": 0.740979395294293, ""2"": -0.740979395294293}",periodic_model
nix,heart_atrium_left,Левое предсердие,78.0,Раннее и среднее наполнение,51.593120395986276,14.17466720428608,37.88148893185721,-0.46732098080473605,0,,,,periodic_fourier_ridge_with_cycle_contrasts,4.169044463441518,"{""1"": 0.740979395294293, ""2"": -0.740979395294293}",periodic_model
nix,heart_atrium_left,Левое предсердие,79.0,Раннее и среднее наполнение,51.123378430666726,13.704925238966531,36.62611377534555,-0.4697419653195496,0,,,,periodic_fourier_ridge_with_cycle_contrasts,4.169044463441518,"{""1"": 0.740979395294293, ""2"": -0.740979395294293}",periodic_model
nix,heart_atrium_left,Левое предсердие,80.0,Поздняя диастола,50.644396485734866,13.225943294034671,35.34604497485835,-0.47898194493185997,0,,,,periodic_fourier_ridge_with_cycle_contrasts,4.169044463441518,"{""1"": 0.740979395294293, ""2"": -0.740979395294293}",periodic_model
nix,heart_atrium_left,Левое предсердие,81.0,Поздняя диастола,50.14998434511112,12.731531153410927,34.02473931294122,-0.4944121406237443,0,,,,periodic_fourier_ridge_with_cycle_contrasts,4.169044463441518,"{""1"": 0.740979395294293, ""2"": -0.740979395294293}",periodic_model
nix,heart_atrium_left,Левое предсердие,82.0,Поздняя диастола,49.63473243661568,12.216279244915484,32.64773982593482,-0.5152519084954434,1,55.06517059326171,55.06517059326171,55.06517059326171,periodic_fourier_ridge_with_cycle_contrasts,4.169044463441518,"{""1"": 0.740979395294293, ""2"": -0.740979395294293}",measured_phase_reference
nix,heart_atrium_left,Левое предсердие,83.0,Поздняя диастола,49.09414926514998,11.675696073449785,31.20304309115476,-0.5405831714656983,0,,,,periodic_fourier_ridge_with_cycle_contrasts,4.169044463441518,"{""1"": 0.740979395294293, ""2"": -0.740979395294293}",periodic_model
nix,heart_atrium_left,Левое предсердие,84.0,Поздняя диастола,48.52478204107701,11.106328849376816,29.681421603606843,-0.5693672240729697,0,,,,periodic_fourier_ridge_with_cycle_contrasts,4.169044463441518,"{""1"": 0.740979395294293, ""2"": -0.740979395294293}",periodic_model
nix,heart_atrium_left,Левое предсердие,85.0,Поздняя диастола,47.92431840490104,10.505865213200842,28.076695632974886,-0.6004636361759736,0,,,,periodic_fourier_ridge_with_cycle_contrasts,4.169044463441518,"{""1"": 0.740979395294293, ""2"": -0.740979395294293}",periodic_model
nix,heart_atrium_left,Левое предсердие,86.0,Поздняя диастола,47.29166745742667,9.873214265726475,26.385949774953435,-0.6326509474743673,0,,,,periodic_fourier_ridge_with_cycle_contrasts,4.169044463441518,"{""1"": 0.740979395294293, ""2"": -0.740979395294293}",periodic_model
nix,heart_atrium_left,Левое предсердие,87.0,Поздняя диастола,46.62701864163374,9.208565449933545,24.60969031177403,-0.6646488157929298,0,,,,periodic_fourier_ridge_with_cycle_contrasts,4.169044463441518,"{""1"": 0.740979395294293, ""2"": -0.740979395294293}",periodic_model
nix,heart_atrium_left,Левое предсердие,88.0,Поздняя диастола,45.93187738318269,8.513424191482493,22.75194046067853,-0.6951412584510521,0,,,,periodic_fourier_ridge_with_cycle_contrasts,4.169044463441518,"{""1"": 0.740979395294293, ""2"": -0.740979395294293}",periodic_model
nix,heart_atrium_left,Левое предсердие,89.0,Поздняя диастола,45.209076775030894,7.790623583330699,20.820271600801345,-0.7228006081517933,0,,,,periodic_fourier_ridge_with_cycle_contrasts,4.169044463441518,"{""1"": 0.740979395294293, ""2"": -0.740979395294293}",periodic_model
nix,heart_atrium_left,Левое предсердие,90.0,Поздняя диастола,44.46276498207591,7.0443117903757155,18.825769612353238,-0.7463117929549838,0,,,,periodic_fourier_ridge_with_cycle_contrasts,4.169044463441518,"{""1"": 0.740979395294293, ""2"": -0.740979395294293}",periodic_model
nix,heart_atrium_left,Левое предсердие,91.0,Поздняя диастола,43.698368437840166,6.279915246139971,16.78293652056393,-0.7643965442357441,0,,,,periodic_fourier_ridge_with_cycle_contrasts,4.169044463441518,"{""1"": 0.740979395294293, ""2"": -0.740979395294293}",periodic_model
nix,heart_atrium_left,Левое предсердие,92.0,Поздняя диастола,42.92253130067435,5.504078108974156,14.709528693706181,-0.7758371371658157,1,38.28352294921874,38.28352294921874,38.28352294921874,periodic_fourier_ridge_with_cycle_contrasts,4.169044463441518,"{""1"": 0.740979395294293, ""2"": -0.740979395294293}",measured_phase_reference
nix,heart_atrium_left,Левое предсердие,93.0,Поздняя диастола,42.143032025492275,4.72457883379208,12.626333882876915,-0.7794992751820757,0,,,,periodic_fourier_ridge_with_cycle_contrasts,4.169044463441518,"{""1"": 0.740979395294293, ""2"": -0.740979395294293}",periodic_model
nix,heart_atrium_left,Левое предсердие,94.0,Поздняя диастола,41.36867828247597,3.950225090775774,10.556890394528589,-0.7743537430163059,0,,,,periodic_fourier_ridge_with_cycle_contrasts,4.169044463441518,"{""1"": 0.740979395294293, ""2"": -0.740979395294293}",periodic_model
nix,heart_atrium_left,Левое предсердие,95.0,Поздняя диастола,40.6091818105278,3.190728618827606,8.527152639049609,-0.759496471948168,0,,,,periodic_fourier_ridge_with_cycle_contrasts,4.169044463441518,"{""1"": 0.740979395294293, ""2"": -0.740979395294293}",periodic_model
nix,heart_atrium_left,Левое предсердие,96.0,Поздняя диастола,39.87501512481802,2.4565619331178254,6.565108184810581,-0.7341666857097806,0,,,,periodic_fourier_ridge_with_cycle_contrasts,4.169044463441518,"{""1"": 0.740979395294293, ""2"": -0.740979395294293}",periodic_model
nix,heart_atrium_left,Левое предсердие,97.0,Поздняя диастола,39.177252299293,1.7587991075928073,4.700352252890366,-0.6977628255250181,0,,,,periodic_fourier_ridge_with_cycle_contrasts,4.169044463441518,"{""1"": 0.740979395294293, ""2"": -0.740979395294293}",periodic_model
nix,heart_atrium_left,Левое предсердие,98.0,Поздняя диастола,38.52739631165532,1.1089431199551285,2.963626300301221,-0.6498559876376788,0,,,,periodic_fourier_ridge_with_cycle_contrasts,4.169044463441518,"{""1"": 0.740979395294293, ""2"": -0.740979395294293}",periodic_model
nix,heart_atrium_left,Левое предсердие,99.0,Поздняя диастола,37.93719566583576,0.5187424741355642,1.3863279475449475,-0.5902006458195643,0,,,,periodic_fourier_ridge_with_cycle_contrasts,4.169044463441518,"{""1"": 0.740979395294293, ""2"": -0.740979395294293}",periodic_model
nix,heart_atrium_left,Левое предсердие,100.0,Поздняя диастола,37.418453191700195,0.0,0.0,-0.5187424741355642,0,,,,periodic_fourier_ridge_with_cycle_contrasts,4.169044463441518,"{""1"": 0.740979395294293, ""2"": -0.740979395294293}",periodic_model_boundary
nix,heart_ventricle_left,Левый желудочек,0.0,Уменьшение объёма желудочков,150.60371883439086,0.0,0.0,0.0,0,,,,periodic_fourier_ridge_with_cycle_contrasts,2.538592471321868,"{""1"": -1.6204725949522663, ""2"": 1.6204725949522663}",periodic_model_boundary
nix,heart_ventricle_left,Левый желудочек,1.0,Уменьшение объёма желудочков,149.8264821869486,-0.7772366474422654,-0.5160806475814466,-0.7772366474422654,1,153.70158889770505,153.70158889770505,153.70158889770505,periodic_fourier_ridge_with_cycle_contrasts,2.538592471321868,"{""1"": -1.6204725949522663, ""2"": 1.6204725949522663}",measured_phase_reference
nix,heart_ventricle_left,Левый желудочек,2.0,Уменьшение объёма желудочков,148.9603922539718,-1.6433265804190569,-1.0911593638840462,-0.8660899329767915,0,,,,periodic_fourier_ridge_with_cycle_contrasts,2.538592471321868,"{""1"": -1.6204725949522663, ""2"": 1.6204725949522663}",periodic_model
nix,heart_ventricle_left,Левый желудочек,3.0,Уменьшение объёма желудочков,148.0037795784708,-2.5999392559200487,-1.7263446587126001,-0.9566126755009918,0,,,,periodic_fourier_ridge_with_cycle_contrasts,2.538592471321868,"{""1"": -1.6204725949522663, ""2"": 1.6204725949522663}",periodic_model
nix,heart_ventricle_left,Левый желудочек,4.0,Уменьшение объёма желудочков,146.95527698253983,-3.6484418518510324,-2.422544330305009,-1.0485025959309837,0,,,,periodic_fourier_ridge_with_cycle_contrasts,2.538592471321868,"{""1"": -1.6204725949522663, ""2"": 1.6204725949522663}",periodic_model
nix,heart_ventricle_left,Левый желудочек,5.0,Уменьшение объёма желудочков,145.81390606314022,-4.789812771250638,-3.1804080326314415,-1.1413709193996056,0,,,,periodic_fourier_ridge_with_cycle_contrasts,2.538592471321868,"{""1"": -1.6204725949522663, ""2"": 1.6204725949522663}",periodic_model
nix,heart_ventricle_left,Левый желудочек,6.0,Уменьшение объёма желудочков,144.57916174152348,-6.024557092867383,-4.000271135065527,-1.2347443216167449,0,,,,periodic_fourier_ridge_with_cycle_contrasts,2.538592471321868,"{""1"": -1.6204725949522663, ""2"": 1.6204725949522663}",periodic_model
nix,heart_ventricle_left,Левый желудочек,7.0,Уменьшение объёма желудочков,143.25109326011562,-7.352625574275237,-4.882100940920617,-1.328068481407854,0,,,,periodic_fourier_ridge_with_cycle_contrasts,2.538592471321868,"{""1"": -1.6204725949522663, ""2"": 1.6204725949522663}",periodic_model
nix,heart_ventricle_left,Левый желудочек,8.0,Уменьшение объёма желудочков,141.830380061273,-8.773338773117871,-5.825446304393946,-1.420713198842634,0,,,,periodic_fourier_ridge_with_cycle_contrasts,2.538592471321868,"{""1"": -1.6204725949522663, ""2"": 1.6204725949522663}",periodic_model
nix,heart_ventricle_left,Левый желудочек,9.0,Уменьшение объёма желудочков,140.31840104873115,-10.285317785659714,-6.829391641364321,-1.5119790125418433,0,,,,periodic_fourier_ridge_with_cycle_contrasts,2.538592471321868,"{""1"": -1.6204725949522663, ""2"": 1.6204725949522663}",periodic_model
nix,heart_ventricle_left,Левый желудочек,10.0,Уменьшение объёма желудочков,138.71729582382235,-11.886423010568507,-7.892516268897207,-1.6011052249087925,0,,,,periodic_fourier_ridge_with_cycle_contrasts,2.538592471321868,"{""1"": -1.6204725949522663, ""2"": 1.6204725949522663}",periodic_model
nix,heart_ventricle_left,Левый желудочек,11.0,Уменьшение объёма желудочков,137.03001660323557,-13.573702231155295,-9.01285993215175,-1.6872792205867881,1,141.1199327087402,141.1199327087402,141.1199327087402,periodic_fourier_ridge_with_cycle_contrasts,2.538592471321868,"{""1"": -1.6204725949522663, ""2"": 1.6204725949522663}",measured_phase_reference
nix,heart_ventricle_left,Левый желудочек,12.0,Уменьшение объёма желудочков,135.26036966148246,-15.343349172908404,-10.187895286822558,-1.769646941753109,0,,,,periodic_fourier_ridge_with_cycle_contrasts,2.538592471321868,"{""1"": -1.6204725949522663, ""2"": 1.6204725949522663}",periodic_model
nix,heart_ventricle_left,Левый желудочек,13.0,Уменьшение объёма желудочков,133.41304529719793,-17.190673537192936,-11.414508001689125,-1.8473243642845318,0,,,,periodic_fourier_ridge_with_cycle_contrasts,2.538592471321868,"{""1"": -1.6204725949522663, ""2"": 1.6204725949522663}",periodic_model
nix,heart_ventricle_left,Левый желудочек,14.0,Уменьшение объёма желудочков,131.49363549552575,-19.11008333886511,-12.688985030893713,-1.919409801672174,1,129.46627532958982,129.46627532958982,129.46627532958982,periodic_fourier_ridge_with_cycle_contrasts,2.538592471321868,"{""1"": -1.6204725949522663, ""2"": 1.6204725949522663}",measured_phase_reference
nix,heart_ventricle_left,Левый желудочек,15.0,Уменьшение объёма желудочков,129.50863864641636,-21.095080187974503,-14.007011481018868,-1.9849968491093932,0,,,,periodic_fourier_ridge_with_cycle_contrasts,2.538592471321868,"{""1"": -1.6204725949522663, ""2"": 1.6204725949522663}",periodic_model
nix,heart_ventricle_left,Левый желудочек,16.0,Уменьшение объёма желудочков,127.46545087776394,-23.13826795662692,-15.363676365834346,-2.043187768652416,0,,,,periodic_fourier_ridge_with_cycle_contrasts,2.538592471321868,"{""1"": -1.6204725949522663, ""2"": 1.6204725949522663}",periodic_model
nix,heart_ventricle_left,Левый желудочек,17.0,Уменьшение объёма желудочков,125.37234376981301,-25.231375064577847,-16.753487403802527,-2.093107107950928,0,,,,periodic_fourier_ridge_with_cycle_contrasts,2.538592471321868,"{""1"": -1.6204725949522663, ""2"": 1.6204725949522663}",periodic_model
nix,heart_ventricle_left,Левый желудочек,18.0,Уменьшение объёма желудочков,123.23842842991274,-27.365290404478117,-18.170394872234166,-2.1339153399002697,0,,,,periodic_fourier_ridge_with_cycle_contrasts,2.538592471321868,"{""1"": -1.6204725949522663, ""2"": 1.6204725949522663}",periodic_model
nix,heart_ventricle_left,Левый желудочек,19.0,Уменьшение объёма желудочков,121.07360612114411,-29.53011271324675,-19.607824389594988,-2.1648223087686347,0,,,,periodic_fourier_ridge_with_cycle_contrasts,2.538592471321868,"{""1"": -1.6204725949522663, ""2"": 1.6204725949522663}",periodic_model
nix,heart_ventricle_left,Левый желудочек,20.0,Уменьшение объёма желудочков,118.88850585121304,-31.71521298317782,-21.058718356120398,-2.1851002699310698,0,,,,periodic_fourier_ridge_with_cycle_contrasts,2.538592471321868,"{""1"": -1.6204725949522663, ""2"": 1.6204725949522663}",periodic_model
nix,heart_ventricle_left,Левый желудочек,21.0,Уменьшение объёма желудочков,116.69440953593012,-33.90930929846074,-22.515585644832985,-2.19409631528292,1,114.40104080200194,114.40104080200194,114.40104080200194,periodic_fourier_ridge_with_cycle_contrasts,2.538592471321868,"{""1"": -1.6204725949522663, ""2"": 1.6204725949522663}",measured_phase_reference
nix,heart_ventricle_left,Левый желудочек,22.0,Уменьшение объёма желудочков,114.50316555129615,-36.10055328309471,-23.97055900245873,-2.191243984633971,0,,,,periodic_fourier_ridge_with_cycle_contrasts,2.538592471321868,"{""1"": -1.6204725949522663, ""2"": 1.6204725949522663}",periodic_model
nix,heart_ventricle_left,Левый желудочек,23.0,Уменьшение объёма желудочков,112.32709167652072,-38.27662715787014,-25.415459494702425,-2.176073874775426,1,110.22046661376952,110.22046661376952,110.22046661376952,periodic_fourier_ridge_with_cycle_contrasts,2.538592471321868,"{""1"": -1.6204725949522663, ""2"": 1.6204725949522663}",measured_phase_reference
nix,heart_ventricle_left,Левый желудочек,24.0,Уменьшение объёма желудочков,110.17886860422449,-40.42485023016637,-26.841867214858723,-2.1482230722962328,0,,,,periodic_fourier_ridge_with_cycle_contrasts,2.538592471321868,"{""1"": -1.6204725949522663, ""2"": 1.6204725949522663}",periodic_model
nix,heart_ventricle_left,Левый желудочек,25.0,Уменьшение объёма желудочков,108.07142535084908,-42.53229348354178,-28.241197370638492,-2.1074432533754077,0,,,,periodic_fourier_ridge_with_cycle_contrasts,2.538592471321868,"{""1"": -1.6204725949522663, ""2"": 1.6204725949522663}",periodic_model
nix,heart_ventricle_left,Левый желудочек,26.0,Уменьшение объёма желудочков,106.01781803741565,-44.58590079697521,-29.604780773045473,-2.0536073134334316,0,,,,periodic_fourier_ridge_with_cycle_contrasts,2.538592471321868,"{""1"": -1.6204725949522663, ""2"": 1.6204725949522663}",periodic_model
nix,heart_ventricle_left,Левый желудочек,27.0,Уменьшение объёма желудочков,104.03110362603549,-46.57261520835537,-30.923947674604406,-1.986714411380163,0,,,,periodic_fourier_ridge_with_cycle_contrasts,2.538592471321868,"{""1"": -1.6204725949522663, ""2"": 1.6204725949522663}",periodic_model
nix,heart_ventricle_left,Левый желудочек,28.0,Уменьшение объёма желудочков,102.12421028912314,-48.47950854526772,-32.19011384345528,-1.906893336912347,0,,,,periodic_fourier_ridge_with_cycle_contrasts,2.538592471321868,"{""1"": -1.6204725949522663, ""2"": 1.6204725949522663}",periodic_model
nix,heart_ventricle_left,Левый желудочек,29.0,Уменьшение объёма желудочков,100.30980615460392,-50.29391267978694,-33.39486771577792,-1.8144041345192221,0,,,,periodic_fourier_ridge_with_cycle_contrasts,2.538592471321868,"{""1"": -1.6204725949522663, ""2"": 1.6204725949522663}",periodic_model
nix,heart_ventricle_left,Левый желудочек,30.0,Уменьшение объёма желудочков,98.60016821044385,-52.00355062394701,-34.53005744242739,-1.7096379441600646,0,,,,periodic_fourier_ridge_with_cycle_contrasts,2.538592471321868,"{""1"": -1.6204725949522663, ""2"": 1.6204725949522663}",periodic_model
nix,heart_ventricle_left,Левый желудочек,31.0,Уменьшение объёма желудочков,97.00705316487391,-53.59666566951695,-35.58787663699973,-1.5931150455699452,0,,,,periodic_fourier_ridge_with_cycle_contrasts,2.538592471321868,"{""1"": -1.6204725949522663, ""2"": 1.6204725949522663}",periodic_model
nix,heart_ventricle_left,Левый желудочек,32.0,Уменьшение объёма желудочков,95.54157204446423,-55.06214678992663,-36.56094764198678,-1.4654811204096774,0,,,,periodic_fourier_ridge_with_cycle_contrasts,2.538592471321868,"{""1"": -1.6204725949522663, ""2"": 1.6204725949522663}",periodic_model
nix,heart_ventricle_left,Левый желудочек,33.0,Уменьшение объёма желудочков,94.21407027088551,-56.38964856350535,-37.44240115711444,-1.3275017735787173,1,94.2653350830078,94.2653350830078,94.2653350830078,periodic_fourier_ridge_with_cycle_contrasts,2.538592471321868,"{""1"": -1.6204725949522663, ""2"": 1.6204725949522663}",measured_phase_reference
nix,heart_ventricle_left,Левый желудочек,34.0,Уменьшение объёма желудочков,93.03401488935833,-57.56970394503253,-38.22595111900138,-1.1800553815271826,0,,,,periodic_fourier_ridge_with_cycle_contrasts,2.538592471321868,"{""1"": -1.6204725949522663, ""2"": 1.6204725949522663}",periodic_model
nix,heart_ventricle_left,Левый желудочек,35.0,Уменьшение объёма желудочков,92.0098905284303,-58.59382830596056,-38.905963783266465,-1.0241243609280275,0,,,,periodic_fourier_ridge_with_cycle_contrasts,2.538592471321868,"{""1"": -1.6204725949522663, ""2"": 1.6204725949522663}",periodic_model
nix,heart_ventricle_left,Левый желудочек,36.0,Уменьшение объёма желудочков,91.14910555323436,-59.4546132811565,-39.477520038223545,-0.8607849751959407,0,,,,periodic_fourier_ridge_with_cycle_contrasts,2.538592471321868,"{""1"": -1.6204725949522663, ""2"": 1.6204725949522663}",periodic_model
nix,heart_ventricle_left,Левый желудочек,37.0,Уменьшение объёма желудочков,90.45790973453988,-60.14580909985098,-39.93647007215633,-0.6911958186944815,0,,,,periodic_fourier_ridge_with_cycle_contrasts,2.538592471321868,"{""1"": -1.6204725949522663, ""2"": 1.6204725949522663}",periodic_model
nix,heart_ventricle_left,Левый желудочек,38.0,Уменьшение объёма желудочков,89.94132459583531,-60.66239423855555,-40.27947962245345,-0.5165851387045706,0,,,,periodic_fourier_ridge_with_cycle_contrasts,2.538592471321868,"{""1"": -1.6204725949522663, ""2"": 1.6204725949522663}",periodic_model
nix,heart_ventricle_left,Левый желудочек,39.0,Уменьшение объёма желудочков,89.60308742281765,-61.00063141157321,-40.50406715298422,-0.3382371730176601,0,,,,periodic_fourier_ridge_with_cycle_contrasts,2.538592471321868,"{""1"": -1.6204725949522663, ""2"": 1.6204725949522663}",periodic_model
nix,heart_ventricle_left,Левый желудочек,40.0,Уменьшение объёма желудочков,89.44560972672477,-61.15810910766609,-40.60863143420628,-0.15747769609288298,0,,,,periodic_fourier_ridge_with_cycle_contrasts,2.538592471321868,"{""1"": -1.6204725949522663, ""2"": 1.6204725949522663}",periodic_model
nix,heart_ventricle_left,Левый желудочек,41.0,Уменьшение объёма желудочков,89.46995074788887,-61.13376808650199,-40.59246913665314,0.02434102116410486,0,,,,periodic_fourier_ridge_with_cycle_contrasts,2.538592471321868,"{""1"": -1.6204725949522663, ""2"": 1.6204725949522663}",periodic_model
nix,heart_ventricle_left,Левый желудочек,42.0,Уменьшение объёма желудочков,89.67580637185443,-60.927912462536426,-40.45578219056788,0.20585562396556156,0,,,,periodic_fourier_ridge_with_cycle_contrasts,2.538592471321868,"{""1"": -1.6204725949522663, ""2"": 1.6204725949522663}",periodic_model
nix,heart_ventricle_left,Левый желудочек,43.0,Уменьшение объёма желудочков,90.06151361067641,-60.54220522371445,-40.199674810347,0.3857072388219791,1,89.73818099975584,89.73818099975584,89.73818099975584,periodic_fourier_ridge_with_cycle_contrasts,2.538592471321868,"{""1"": -1.6204725949522663, ""2"": 1.6204725949522663}",measured_phase_reference
nix,heart_ventricle_left,Левый желудочек,44.0,Уменьшение объёма желудочков,90.62407057996846,-59.9796482544224,-39.826140229895735,0.5625569692920465,0,,,,periodic_fourier_ridge_with_cycle_contrasts,2.538592471321868,"{""1"": -1.6204725949522663, ""2"": 1.6204725949522663}",periodic_model
nix,heart_ventricle_left,Левый желудочек,45.0,Раннее и среднее наполнение,91.35917168131414,-59.244547153076724,-39.33803734171008,0.735101101345677,0,,,,periodic_fourier_ridge_with_cycle_contrasts,2.538592471321868,"{""1"": -1.6204725949522663, ""2"": 1.6204725949522663}",periodic_model
nix,heart_ventricle_left,Левый желудочек,46.0,Раннее и среднее наполнение,92.26125748317966,-58.3424613512112,-38.739057576238615,0.9020858018655247,0,,,,periodic_fourier_ridge_with_cycle_contrasts,2.538592471321868,"{""1"": -1.6204725949522663, ""2"": 1.6204725949522663}",periodic_model
nix,heart_ventricle_left,Левый желудочек,47.0,Раннее и среднее наполнение,93.3235785847973,-57.28014024959356,-38.03368249663264,1.0623211016176413,0,,,,periodic_fourier_ridge_with_cycle_contrasts,2.538592471321868,"{""1"": -1.6204725949522663, ""2"": 1.6204725949522663}",periodic_model
nix,heart_ventricle_left,Левый желудочек,48.0,Раннее и среднее наполнение,94.53827254982083,-56.06544628457003,-37.227132715242945,1.2146939650235282,0,,,,periodic_fourier_ridge_with_cycle_contrasts,2.538592471321868,"{""1"": -1.6204725949522663, ""2"": 1.6204725949522663}",periodic_model
nix,heart_ventricle_left,Левый желудочек,49.0,Раннее и среднее наполнение,95.89645281292073,-54.70726602147013,-36.32530886015382,1.3581802630998965,0,,,,periodic_fourier_ridge_with_cycle_contrasts,2.538592471321868,"{""1"": -1.6204725949522663, ""2"": 1.6204725949522663}",periodic_model
nix,heart_ventricle_left,Левый желудочек,50.0,Раннее и среднее наполнение,97.38830829568704,-53.21541053870382,-35.33472543079853,1.4918554827663115,0,,,,periodic_fourier_ridge_with_cycle_contrasts,2.538592471321868,"{""1"": -1.6204725949522663, ""2"": 1.6204725949522663}",periodic_model
nix,heart_ventricle_left,Левый желудочек,51.0,Раннее и среднее наполнение,99.0032123207939,-51.600506513596955,-34.262438479582755,1.614904025106867,0,,,,periodic_fourier_ridge_with_cycle_contrasts,2.538592471321868,"{""1"": -1.6204725949522663, ""2"": 1.6204725949522663}",periodic_model
nix,heart_ventricle_left,Левый желудочек,52.0,Раннее и среднее наполнение,100.7298392875846,-49.873879546806265,-33.115968139969596,1.7266269667906897,0,,,,periodic_fourier_ridge_with_cycle_contrasts,2.538592471321868,"{""1"": -1.6204725949522663, ""2"": 1.6204725949522663}",periodic_model
nix,heart_ventricle_left,Левый желудочек,53.0,Раннее и среднее наполнение,102.5562874699657,-48.047431364425165,-31.903217089386622,1.8264481823810996,1,96.8093634033203,96.8093634033203,96.8093634033203,periodic_fourier_ridge_with_cycle_contrasts,2.538592471321868,"{""1"": -1.6204725949522663, ""2"": 1.6204725949522663}",measured_phase_reference
nix,heart_ventricle_left,Левый желудочек,54.0,Раннее и среднее наполнение,104.47020622028491,-46.13351261410595,-30.632386086585278,1.9139187503192119,0,,,,periodic_fourier_ridge_with_cycle_contrasts,2.538592471321868,"{""1"": -1.6204725949522663, ""2"": 1.6204725949522663}",periodic_model
nix,heart_ventricle_left,Левый желудочек,55.0,Раннее и среднее наполнение,106.4589258118516,-44.14479302253926,-29.31188775695667,1.9887195915666922,0,,,,periodic_fourier_ridge_with_cycle_contrasts,2.538592471321868,"{""1"": -1.6204725949522663, ""2"": 1.6204725949522663}",periodic_model
nix,heart_ventricle_left,Левый желудочек,56.0,Раннее и среднее наполнение,108.50958812867273,-42.09413070571813,-27.950259815301315,2.050662316821132,0,,,,periodic_fourier_ridge_with_cycle_contrasts,2.538592471321868,"{""1"": -1.6204725949522663, ""2"": 1.6204725949522663}",periodic_model
nix,heart_ventricle_left,Левый желудочек,57.0,Раннее и среднее наполнение,110.60927641413198,-39.99444242025888,-26.5560789134551,2.0996882854592513,0,,,,periodic_fourier_ridge_with_cycle_contrasts,2.538592471321868,"{""1"": -1.6204725949522663, ""2"": 1.6204725949522663}",periodic_model
nix,heart_ventricle_left,Левый желудочек,58.0,Раннее и среднее наполнение,112.74514232061993,-37.85857651377093,-25.137876280068188,2.1358659064879504,0,,,,periodic_fourier_ridge_with_cycle_contrasts,2.538592471321868,"{""1"": -1.6204725949522663, ""2"": 1.6204725949522663}",periodic_model
nix,heart_ventricle_left,Левый желудочек,59.0,Раннее и среднее наполнение,114.90452855898987,-35.699190275400994,-23.704056282074333,2.159386238369933,0,,,,periodic_fourier_ridge_with_cycle_contrasts,2.538592471321868,"{""1"": -1.6204725949522663, ""2"": 1.6204725949522663}",periodic_model
nix,heart_ventricle_left,Левый желудочек,60.0,Раннее и среднее наполнение,117.07508552921588,-33.52863330517498,-22.26281898260709,2.1705569702260163,0,,,,periodic_fourier_ridge_with_cycle_contrasts,2.538592471321868,"{""1"": -1.6204725949522663, ""2"": 1.6204725949522663}",periodic_model
nix,heart_ventricle_left,Левый желудочек,61.0,Раннее и среднее наполнение,119.2448804204114,-31.358838413979456,-20.822087699217267,2.1697948911955223,0,,,,periodic_fourier_ridge_with_cycle_contrasts,2.538592471321868,"{""1"": -1.6204725949522663, ""2"": 1.6204725949522663}",periodic_model
nix,heart_ventricle_left,Левый желудочек,62.0,Раннее и среднее наполнение,121.40249739769834,-29.20122143669252,-19.389442480370096,2.157616977286935,1,119.55357742309569,119.55357742309569,119.55357742309569,periodic_fourier_ridge_with_cycle_contrasts,2.538592471321868,"{""1"": -1.6204725949522663, ""2"": 1.6204725949522663}",measured_phase_reference
nix,heart_ventricle_left,Левый желудочек,63.0,Раннее и среднее наполнение,123.5371276432194,-27.066591191171455,-17.972060318732787,2.134630245521066,0,,,,periodic_fourier_ridge_with_cycle_contrasts,2.538592471321868,"{""1"": -1.6204725949522663, ""2"": 1.6204725949522663}",periodic_model
nix,heart_ventricle_left,Левый желудочек,64.0,Раннее и среднее наполнение,125.63864818645548,-24.965070647935377,-16.576662808298806,2.1015205432360773,0,,,,periodic_fourier_ridge_with_cycle_contrasts,2.538592471321868,"{""1"": -1.6204725949522663, ""2"": 1.6204725949522663}",periodic_model
nix,heart_ventricle_left,Левый желудочек,65.0,Раннее и среднее наполнение,127.69768864227397,-22.906030192116887,-15.209471830709015,2.05904045581849,0,,,,periodic_fourier_ridge_with_cycle_contrasts,2.538592471321868,"{""1"": -1.6204725949522663, ""2"": 1.6204725949522663}",periodic_model
nix,heart_ventricle_left,Левый желудочек,66.0,Раннее и среднее наполнение,129.70568517087142,-20.898033663519442,-13.876173726161205,2.0079965285974453,0,,,,periodic_fourier_ridge_with_cycle_contrasts,2.538592471321868,"{""1"": -1.6204725949522663, ""2"": 1.6204725949522663}",periodic_model
nix,heart_ventricle_left,Левый желудочек,67.0,Раннее и среднее наполнение,131.65492117888118,-18.94879765550968,-12.581892268109556,1.9492360080097626,0,,,,periodic_fourier_ridge_with_cycle_contrasts,2.538592471321868,"{""1"": -1.6204725949522663, ""2"": 1.6204725949522663}",periodic_model
nix,heart_ventricle_left,Левый желудочек,68.0,Раннее и среднее наполнение,133.53855449214458,-17.065164342246277,-11.331170620701425,1.8836333132634024,0,,,,periodic_fourier_ridge_with_cycle_contrasts,2.538592471321868,"{""1"": -1.6204725949522663, ""2"": 1.6204725949522663}",periodic_model
nix,heart_ventricle_left,Левый желудочек,69.0,Раннее и среднее наполнение,135.35063094465195,-15.253087889738907,-10.127962315798948,1.8120764525073696,0,,,,periodic_fourier_ridge_with_cycle_contrasts,2.538592471321868,"{""1"": -1.6204725949522663, ""2"": 1.6204725949522663}",periodic_model
nix,heart_ventricle_left,Левый желудочек,70.0,Раннее и среднее наполнение,137.08608454157076,-13.517634292820105,-8.975631144729281,1.735453596918802,0,,,,periodic_fourier_ridge_with_cycle_contrasts,2.538592471321868,"{""1"": -1.6204725949522663, ""2"": 1.6204725949522663}",periodic_model
nix,heart_ventricle_left,Левый желудочек,71.0,Раннее и среднее наполнение,138.74072456372974,-11.862994270661119,-7.876959720832714,1.6546400221589863,0,,,,periodic_fourier_ridge_with_cycle_contrasts,2.538592471321868,"{""1"": -1.6204725949522663, ""2"": 1.6204725949522663}",periodic_model
nix,heart_ventricle_left,Левый желудочек,72.0,Раннее и среднее наполнение,140.3112101831262,-10.292508651264654,-6.834166334619305,1.5704856193964645,1,143.32617385864256,143.32617385864256,143.32617385864256,periodic_fourier_ridge_with_cycle_contrasts,2.538592471321868,"{""1"": -1.6204725949522663, ""2"": 1.6204725949522663}",measured_phase_reference
nix,heart_ventricle_left,Левый желудочек,73.0,Раннее и среднее наполнение,141.79501335079345,-8.808705483597407,-5.848929596010686,1.4838031676672472,0,,,,periodic_fourier_ridge_with_cycle_contrasts,2.538592471321868,"{""1"": -1.6204725949522663, ""2"": 1.6204725949522663}",periodic_model
nix,heart_ventricle_left,Левый желудочек,74.0,Раннее и среднее наполнение,143.1903708967044,-7.413347937686467,-4.922420239727576,1.3953575459109402,0,,,,periodic_fourier_ridge_with_cycle_contrasts,2.538592471321868,"{""1"": -1.6204725949522663, ""2"": 1.6204725949522663}",periodic_model
nix,heart_ventricle_left,Левый желудочек,75.0,Раннее и среднее наполнение,144.49622694350853,-6.107491890882329,-4.05533936223603,1.3058560468041378,0,,,,periodic_fourier_ridge_with_cycle_contrasts,2.538592471321868,"{""1"": -1.6204725949522663, ""2"": 1.6204725949522663}",periodic_model
nix,heart_ventricle_left,Левый желудочек,76.0,Раннее и среднее наполнение,145.7121668792774,-4.891551955113471,-3.2479622634633567,1.2159399357688585,0,,,,periodic_fourier_ridge_with_cycle_contrasts,2.538592471321868,"{""1"": -1.6204725949522663, ""2"": 1.6204725949522663}",periodic_model
nix,heart_ventricle_left,Левый желудочек,77.0,Раннее и среднее наполнение,146.83834425684364,-3.7653745775472203,-2.500186985214992,1.1261773775662505,0,,,,periodic_fourier_ridge_with_cycle_contrasts,2.538592471321868,"{""1"": -1.6204725949522663, ""2"": 1.6204725949522663}",periodic_model
nix,heart_ventricle_left,Левый желудочек,78.0,Раннее и среднее наполнение,147.8754020868759,-2.7283167475149526,-1.8115865721185183,1.0370578300322677,0,,,,periodic_fourier_ridge_with_cycle_contrasts,2.538592471321868,"{""1"": -1.6204725949522663, ""2"": 1.6204725949522663}",periodic_model
nix,heart_ventricle_left,Левый желудочек,79.0,Раннее и среднее наполнение,148.8243900670069,-1.7793287673839586,-1.1814640310048194,0.948987980130994,0,,,,periodic_fourier_ridge_with_cycle_contrasts,2.538592471321868,"{""1"": -1.6204725949522663, ""2"": 1.6204725949522663}",periodic_model
nix,heart_ventricle_left,Левый желудочек,80.0,Поздняя диастола,149.68667933899985,-0.917039495391009,-0.6089089316575362,0.8622892719929496,0,,,,periodic_fourier_ridge_with_cycle_contrasts,2.538592471321868,"{""1"": -1.6204725949522663, ""2"": 1.6204725949522663}",periodic_model
nix,heart_ventricle_left,Левый желудочек,81.0,Поздняя диастола,150.46387638936542,-0.13984244502543675,-0.0928545763064539,0.7771970503655723,0,,,,periodic_fourier_ridge_with_cycle_contrasts,2.538592471321868,"{""1"": -1.6204725949522663, ""2"": 1.6204725949522663}",periodic_model
nix,heart_ventricle_left,Левый желудочек,82.0,Поздняя диастола,151.15773770572366,0.5540188713328007,0.36786533268943994,0.6938613163582374,1,146.8645127868652,146.8645127868652,146.8645127868652,periodic_fourier_ridge_with_cycle_contrasts,2.538592471321868,"{""1"": -1.6204725949522663, ""2"": 1.6204725949522663}",measured_phase_reference
nix,heart_ventricle_left,Левый желудочек,83.0,Поздняя диастола,151.77008677165708,1.166367937266216,0.7744615779035278,0.6123490659334152,0,,,,periodic_fourier_ridge_with_cycle_contrasts,2.538592471321868,"{""1"": -1.6204725949522663, ""2"": 1.6204725949522663}",periodic_model
nix,heart_ventricle_left,Левый желудочек,84.0,Поздняя диастола,152.3027349273562,1.699016092965337,1.1281368787670076,0.5326481556991212,0,,,,periodic_fourier_ridge_with_cycle_contrasts,2.538592471321868,"{""1"": -1.6204725949522663, ""2"": 1.6204725949522663}",periodic_model
nix,heart_ventricle_left,Левый желудочек,85.0,Поздняя диастола,152.757407542967,2.1536887085761407,1.4300368710977267,0.45467261561080363,0,,,,periodic_fourier_ridge_with_cycle_contrasts,2.538592471321868,"{""1"": -1.6204725949522663, ""2"": 1.6204725949522663}",periodic_model
nix,heart_ventricle_left,Левый желудочек,86.0,Поздняя диастола,153.1356768475542,2.5319580131633472,1.6812055059195299,0.37826930458720653,0,,,,periodic_fourier_ridge_with_cycle_contrasts,2.538592471321868,"{""1"": -1.6204725949522663, ""2"": 1.6204725949522663}",periodic_model
nix,heart_ventricle_left,Левый желудочек,87.0,Поздняя диастола,153.43890263071484,2.8351837963239745,1.882545675675939,0.3032257831606273,0,,,,periodic_fourier_ridge_with_cycle_contrasts,2.538592471321868,"{""1"": -1.6204725949522663, ""2"": 1.6204725949522663}",periodic_model
nix,heart_ventricle_left,Левый желудочек,88.0,Поздняя диастола,153.6681818881829,3.064463053792025,2.034785779202316,0.22927925746805045,0,,,,periodic_fourier_ridge_with_cycle_contrasts,2.538592471321868,"{""1"": -1.6204725949522663, ""2"": 1.6204725949522663}",periodic_model
nix,heart_ventricle_left,Левый желудочек,89.0,Поздняя диастола,153.82430831963666,3.220589485245796,2.1384528285037034,0.15612643145377092,0,,,,periodic_fourier_ridge_with_cycle_contrasts,2.538592471321868,"{""1"": -1.6204725949522663, ""2"": 1.6204725949522663}",periodic_model
nix,heart_ventricle_left,Левый желудочек,90.0,Поздняя диастола,153.90774240902044,3.304023574629582,2.193852582261134,0.08343408938378616,0,,,,periodic_fourier_ridge_with_cycle_contrasts,2.538592471321868,"{""1"": -1.6204725949522663, ""2"": 1.6204725949522663}",periodic_model
nix,heart_ventricle_left,Левый желудочек,91.0,Поздняя диастола,153.9185926279113,3.3148737935204338,2.201057064975657,0.010850218890851693,0,,,,periodic_fourier_ridge_with_cycle_contrasts,2.538592471321868,"{""1"": -1.6204725949522663, ""2"": 1.6204725949522663}",periodic_model
nix,heart_ventricle_left,Левый желудочек,92.0,Поздняя диастола,153.8566081038869,3.252889269496052,2.159899698806935,-0.061984524024381926,1,151.74227676391598,151.74227676391598,151.74227676391598,periodic_fourier_ridge_with_cycle_contrasts,2.538592471321868,"{""1"": -1.6204725949522663, ""2"": 1.6204725949522663}",measured_phase_reference
nix,heart_ventricle_left,Левый желудочек,93.0,Поздняя диастола,153.7211828917018,3.11746405731094,2.0699781396095625,-0.13542521218511183,0,,,,periodic_fourier_ridge_with_cycle_contrasts,2.538592471321868,"{""1"": -1.6204725949522663, ""2"": 1.6204725949522663}",periodic_model
nix,heart_ventricle_left,Левый желудочек,94.0,Поздняя диастола,153.51137177867102,2.9076529442801586,1.9306647716166399,-0.20981111303078137,0,,,,periodic_fourier_ridge_with_cycle_contrasts,2.538592471321868,"{""1"": -1.6204725949522663, ""2"": 1.6204725949522663}",periodic_model
nix,heart_ventricle_left,Левый желудочек,95.0,Поздняя диастола,153.2259173503376,2.622198515946735,1.7411246788867125,-0.2854544283334235,0,,,,periodic_fourier_ridge_with_cycle_contrasts,2.538592471321868,"{""1"": -1.6204725949522663, ""2"": 1.6204725949522663}",periodic_model
nix,heart_ventricle_left,Левый желудочек,96.0,Поздняя диастола,152.863287841596,2.2595690072051298,1.5003407782312674,-0.3626295087416054,0,,,,periodic_fourier_ridge_with_cycle_contrasts,2.538592471321868,"{""1"": -1.6204725949522663, ""2"": 1.6204725949522663}",periodic_model
nix,heart_ventricle_left,Левый желудочек,97.0,Поздняя диастола,152.42172510521587,1.818006270825009,1.2071456700376388,-0.44156273638012067,0,,,,periodic_fourier_ridge_with_cycle_contrasts,2.538592471321868,"{""1"": -1.6204725949522663, ""2"": 1.6204725949522663}",periodic_model
nix,heart_ventricle_left,Левый желудочек,98.0,Поздняя диастола,151.8993018473005,1.2955830129096455,0.860259642283013,-0.5224232579153636,0,,,,periodic_fourier_ridge_with_cycle_contrasts,2.538592471321868,"{""1"": -1.6204725949522663, ""2"": 1.6204725949522663}",periodic_model
nix,heart_ventricle_left,Левый желудочек,99.0,Поздняя диастола,151.29398711058593,0.69026827619507,0.45833415106708836,-0.6053147367145755,0,,,,periodic_fourier_ridge_with_cycle_contrasts,2.538592471321868,"{""1"": -1.6204725949522663, ""2"": 1.6204725949522663}",periodic_model
nix,heart_ventricle_left,Левый желудочек,100.0,Поздняя диастола,150.60371883439086,0.0,0.0,-0.69026827619507,0,,,,periodic_fourier_ridge_with_cycle_contrasts,2.538592471321868,"{""1"": -1.6204725949522663, ""2"": 1.6204725949522663}",periodic_model_boundary
nix,heart_atrium_right,Правое предсердие,0.0,Уменьшение объёма желудочков,51.1501279159701,0.0,0.0,0.0,0,,,,periodic_fourier_ridge_with_cycle_contrasts,6.436400913925339,"{""1"": 1.9395846984707583, ""2"": -1.9395846984707583}",periodic_model_boundary
nix,heart_atrium_right,Правое предсердие,1.0,Уменьшение объёма желудочков,51.12101274469085,-0.02911517127925123,-0.05692101362303902,-0.02911517127925123,1,44.54357650756835,44.54357650756835,44.54357650756835,periodic_fourier_ridge_with_cycle_contrasts,6.436400913925339,"{""1"": 1.9395846984707583, ""2"": -1.9395846984707583}",measured_phase_reference
nix,heart_atrium_right,Правое предсердие,2.0,Уменьшение объёма желудочков,51.18152217333003,0.031394257359927735,0.06137669374258948,0.060509428639178964,0,,,,periodic_fourier_ridge_with_cycle_contrasts,6.436400913925339,"{""1"": 1.9395846984707583, ""2"": -1.9395846984707583}",periodic_model
nix,heart_atrium_right,Правое предсердие,3.0,Уменьшение объёма желудочков,51.34081256299807,0.19068464702796462,0.3727940765685339,0.15929038966803688,0,,,,periodic_fourier_ridge_with_cycle_contrasts,6.436400913925339,"{""1"": 1.9395846984707583, ""2"": -1.9395846984707583}",periodic_model
nix,heart_atrium_right,Правое предсердие,4.0,Уменьшение объёма желудочков,51.60772435238522,0.45759643641511616,0.8946144517309121,0.26691178938715154,0,,,,periodic_fourier_ridge_with_cycle_contrasts,6.436400913925339,"{""1"": 1.9395846984707583, ""2"": -1.9395846984707583}",periodic_model
nix,heart_atrium_right,Правое предсердие,5.0,Уменьшение объёма желудочков,51.99059783546053,0.8404699194904239,1.6431433385096428,0.3828734830753078,0,,,,periodic_fourier_ridge_with_cycle_contrasts,6.436400913925339,"{""1"": 1.9395846984707583, ""2"": -1.9395846984707583}",periodic_model
nix,heart_atrium_right,Правое предсердие,6.0,Уменьшение объёма желудочков,52.49709210230929,1.3469641863391857,2.63335448261633,0.5064942668487618,0,,,,periodic_fourier_ridge_with_cycle_contrasts,6.436400913925339,"{""1"": 1.9395846984707583, ""2"": -1.9395846984707583}",periodic_model
nix,heart_atrium_right,Правое предсердие,7.0,Уменьшение объёма желудочков,53.13401019398364,1.9838822780135388,3.8785480288000036,0.6369180916743531,0,,,,periodic_fourier_ridge_with_cycle_contrasts,6.436400913925339,"{""1"": 1.9395846984707583, ""2"": -1.9395846984707583}",periodic_model
nix,heart_atrium_right,Правое предсердие,8.0,Уменьшение объёма желудочков,53.90713344211582,2.7570055261457185,5.390026649933217,0.7731232481321797,0,,,,periodic_fourier_ridge_with_cycle_contrasts,6.436400913925339,"{""1"": 1.9395846984707583, ""2"": -1.9395846984707583}",periodic_model
nix,heart_atrium_right,Правое предсердие,9.0,Уменьшение объёма желудочков,54.82106783622656,3.6709399202564583,7.176795190594854,0.9139343941107398,0,,,,periodic_fourier_ridge_with_cycle_contrasts,6.436400913925339,"{""1"": 1.9395846984707583, ""2"": -1.9395846984707583}",periodic_model
nix,heart_atrium_right,Правое предсердие,10.0,Уменьшение объёма желудочков,55.87910508809942,4.728977172129319,9.2452890438478,1.058037251872861,0,,,,periodic_fourier_ridge_with_cycle_contrasts,6.436400913925339,"{""1"": 1.9395846984707583, ""2"": -1.9395846984707583}",periodic_model
nix,heart_atrium_right,Правое предсердие,11.0,Уменьшение объёма желудочков,57.08310084596098,5.932972929990875,11.59913605638996,1.2039957578615557,1,63.87987701416015,63.87987701416015,63.87987701416015,periodic_fourier_ridge_with_cycle_contrasts,6.436400913925339,"{""1"": 1.9395846984707583, ""2"": -1.9395846984707583}",measured_phase_reference
nix,heart_atrium_right,Правое предсердие,12.0,Уменьшение объёма желудочков,58.43337225486056,7.283244338890455,14.238956256092722,1.3502714088995802,0,,,,periodic_fourier_ridge_with_cycle_contrasts,6.436400913925339,"{""1"": 1.9395846984707583, ""2"": -1.9395846984707583}",periodic_model
nix,heart_atrium_right,Правое предсердие,13.0,Уменьшение объёма желудочков,59.92861676757193,8.778488851601828,17.16220312493296,1.4952445127113734,0,,,,periodic_fourier_ridge_with_cycle_contrasts,6.436400913925339,"{""1"": 1.9395846984707583, ""2"": -1.9395846984707583}",periodic_model
nix,heart_atrium_right,Правое предсердие,14.0,Уменьшение объёма желудочков,61.56585378709473,10.415725871124629,20.363049508372058,1.6372370195228,1,62.42358200073242,62.42358200073242,62.42358200073242,periodic_fourier_ridge_with_cycle_contrasts,6.436400913925339,"{""1"": 1.9395846984707583, ""2"": -1.9395846984707583}",measured_phase_reference
nix,heart_atrium_right,Правое предсердие,15.0,Уменьшение объёма желудочков,63.34039037246835,12.190262456498246,23.832320569216407,1.7745365853736175,0,,,,periodic_fourier_ridge_with_cycle_contrasts,6.436400913925339,"{""1"": 1.9395846984707583, ""2"": -1.9395846984707583}",periodic_model
nix,heart_atrium_right,Правое предсердие,16.0,Уменьшение объёма желудочков,65.24581186959199,14.095683953621887,27.5574754705959,1.9054214971236405,0,,,,periodic_fourier_ridge_with_cycle_contrasts,6.436400913925339,"{""1"": 1.9395846984707583, ""2"": -1.9395846984707583}",periodic_model
nix,heart_atrium_right,Правое предсердие,17.0,Уменьшение объёма желудочков,67.2739979438698,16.1238700278997,31.52263872025528,2.028186074277812,0,,,,periodic_fourier_ridge_with_cycle_contrasts,6.436400913925339,"{""1"": 1.9395846984707583, ""2"": -1.9395846984707583}",periodic_model
nix,heart_atrium_right,Правое предсердие,18.0,Уменьшение объёма желудочков,69.41516409780725,18.265036181837147,35.708681338672534,2.141166153937448,0,,,,periodic_fourier_ridge_with_cycle_contrasts,6.436400913925339,"{""1"": 1.9395846984707583, ""2"": -1.9395846984707583}",periodic_model
nix,heart_atrium_right,Правое предсердие,19.0,Уменьшение объёма желудочков,71.6579283603544,20.5078004443843,40.09335123868058,2.242764262547155,0,,,,periodic_fourier_ridge_with_cycle_contrasts,6.436400913925339,"{""1"": 1.9395846984707583, ""2"": -1.9395846984707583}",periodic_model
nix,heart_atrium_right,Правое предсердие,20.0,Уменьшение объёма желудочков,73.98940244205403,22.839274526083926,44.651451436454856,2.331474081699625,0,,,,periodic_fourier_ridge_with_cycle_contrasts,6.436400913925339,"{""1"": 1.9395846984707583, ""2"": -1.9395846984707583}",periodic_model
nix,heart_atrium_right,Правое предсердие,21.0,Уменьшение объёма желудочков,76.39530626708171,25.245178351111605,49.35506396501024,2.4059038250276785,1,69.38741989135741,69.38741989135741,69.38741989135741,periodic_fourier_ridge_with_cycle_contrasts,6.436400913925339,"{""1"": 1.9395846984707583, ""2"": -1.9395846984707583}",measured_phase_reference
nix,heart_atrium_right,Правое предсердие,22.0,Уменьшение объёма желудочков,78.86010442609258,27.709976510122473,54.17381664351784,2.4647981590108685,0,,,,periodic_fourier_ridge_with_cycle_contrasts,6.436400913925339,"{""1"": 1.9395846984707583, ""2"": -1.9395846984707583}",periodic_model
nix,heart_atrium_right,Правое предсердие,23.0,Уменьшение объёма желудочков,81.3671627481971,30.217034832227,59.075189180108836,2.507058322104527,1,85.54991317749023,85.54991317749023,85.54991317749023,periodic_fourier_ridge_with_cycle_contrasts,6.436400913925339,"{""1"": 1.9395846984707583, ""2"": -1.9395846984707583}",measured_phase_reference
nix,heart_atrium_right,Правое предсердие,24.0,Уменьшение объёма желудочков,83.89892287182803,32.74879495585793,64.02485446303858,2.5317601236309315,0,,,,periodic_fourier_ridge_with_cycle_contrasts,6.436400913925339,"{""1"": 1.9395846984707583, ""2"": -1.9395846984707583}",periodic_model
nix,heart_atrium_right,Правое предсердие,25.0,Уменьшение объёма желудочков,86.43709240775996,35.28696449178986,68.98705033496613,2.538169535931928,0,,,,periodic_fourier_ridge_with_cycle_contrasts,6.436400913925339,"{""1"": 1.9395846984707583, ""2"": -1.9395846984707583}",periodic_model
nix,heart_atrium_right,Правое предсердие,26.0,Уменьшение объёма желудочков,88.96284803763149,37.812720121661386,73.92497665652073,2.525755629871526,0,,,,periodic_fourier_ridge_with_cycle_contrasts,6.436400913925339,"{""1"": 1.9395846984707583, ""2"": -1.9395846984707583}",periodic_model
nix,heart_atrium_right,Правое предсердие,27.0,Уменьшение объёма желудочков,91.45704868195416,40.30692076598406,78.80121205601017,2.4942006443226745,0,,,,periodic_fourier_ridge_with_cycle_contrasts,6.436400913925339,"{""1"": 1.9395846984707583, ""2"": -1.9395846984707583}",periodic_model
nix,heart_atrium_right,Правое предсердие,28.0,Уменьшение объёма желудочков,93.9004557060956,42.750327790125496,83.57814443857525,2.443407024141436,0,,,,periodic_fourier_ridge_with_cycle_contrasts,6.436400913925339,"{""1"": 1.9395846984707583, ""2"": -1.9395846984707583}",periodic_model
nix,heart_atrium_right,Правое предсердие,29.0,Уменьшение объёма желудочков,96.27395701373258,45.12382909776248,88.21840909546174,2.3735013076369853,0,,,,periodic_fourier_ridge_with_cycle_contrasts,6.436400913925339,"{""1"": 1.9395846984707583, ""2"": -1.9395846984707583}",periodic_model
nix,heart_atrium_right,Правое предсердие,30.0,Уменьшение объёма желудочков,98.5587918066921,47.408663890721996,92.68532811610048,2.284834792959515,0,,,,periodic_fourier_ridge_with_cycle_contrasts,6.436400913925339,"{""1"": 1.9395846984707583, ""2"": -1.9395846984707583}",periodic_model
nix,heart_atrium_right,Правое предсердие,31.0,Уменьшение объёма желудочков,100.73677276908336,49.586644853113256,96.94334476460088,2.17798096239126,0,,,,periodic_fourier_ridge_with_cycle_contrasts,6.436400913925339,"{""1"": 1.9395846984707583, ""2"": -1.9395846984707583}",periodic_model
nix,heart_atrium_right,Правое предсердие,32.0,Уменьшение объёма желудочков,102.79050246254447,51.640374546574364,100.95844653880367,2.053729693461108,0,,,,periodic_fourier_ridge_with_cycle_contrasts,6.436400913925339,"{""1"": 1.9395846984707583, ""2"": -1.9395846984707583}",periodic_model
nix,heart_atrium_right,Правое предсердие,33.0,Уменьшение объёма желудочков,104.70358079787528,53.55345288190517,104.69857078340699,1.913078335330809,1,105.30203628540038,105.30203628540038,105.30203628540038,periodic_fourier_ridge_with_cycle_contrasts,6.436400913925339,"{""1"": 1.9395846984707583, ""2"": -1.9395846984707583}",measured_phase_reference
nix,heart_atrium_right,Правое предсердие,34.0,Уменьшение объёма желудочков,106.46080057511395,55.31067265914385,108.13398697655013,1.7572197772386744,0,,,,periodic_fourier_ridge_with_cycle_contrasts,6.436400913925339,"{""1"": 1.9395846984707583, ""2"": -1.9395846984707583}",periodic_model
nix,heart_atrium_right,Правое предсердие,35.0,Уменьшение объёма желудочков,108.0483282572968,56.8982003413267,111.23765014781505,1.5875276821828521,0,,,,periodic_fourier_ridge_with_cycle_contrasts,6.436400913925339,"{""1"": 1.9395846984707583, ""2"": -1.9395846984707583}",periodic_model
nix,heart_atrium_right,Правое предсердие,36.0,Уменьшение объёма желудочков,109.45386736004626,58.30373944407616,113.98552030966192,1.405539102749458,0,,,,periodic_fourier_ridge_with_cycle_contrasts,6.436400913925339,"{""1"": 1.9395846984707583, ""2"": -1.9395846984707583}",periodic_model
nix,heart_atrium_right,Правое предсердие,37.0,Уменьшение объёма желудочков,110.6668020964012,59.516674180431096,116.35684328728489,1.2129347363549385,0,,,,periodic_fourier_ridge_with_cycle_contrasts,6.436400913925339,"{""1"": 1.9395846984707583, ""2"": -1.9395846984707583}",periodic_model
nix,heart_atrium_right,Правое предсердие,38.0,Уменьшение объёма желудочков,111.67831920995005,60.528191293979944,118.33438890595974,1.011517113548848,0,,,,periodic_fourier_ridge_with_cycle_contrasts,6.436400913925339,"{""1"": 1.9395846984707583, ""2"": -1.9395846984707583}",periodic_model
nix,heart_atrium_right,Правое предсердие,39.0,Уменьшение объёма желудочков,112.48150625478476,61.33137833881466,119.90464313123597,0.8031870448347149,0,,,,periodic_fourier_ridge_with_cycle_contrasts,6.436400913925339,"{""1"": 1.9395846984707583, ""2"": -1.9395846984707583}",periodic_model
nix,heart_atrium_right,Правое предсердие,40.0,Уменьшение объёма желудочков,113.07142493300762,61.92129701703752,121.05795144591308,0.5899186782228583,0,,,,periodic_fourier_ridge_with_cycle_contrasts,6.436400913925339,"{""1"": 1.9395846984707583, ""2"": -1.9395846984707583}",periodic_model
nix,heart_atrium_right,Правое предсердие,41.0,Уменьшение объёма желудочков,113.4451584740109,62.29503055804079,121.78861147792169,0.3737335410032756,0,,,,periodic_fourier_ridge_with_cycle_contrasts,6.436400913925339,"{""1"": 1.9395846984707583, ""2"": -1.9395846984707583}",periodic_model
nix,heart_atrium_right,Правое предсердие,42.0,Уменьшение объёма желудочков,113.60183242870183,62.45170451273172,122.09491365364316,0.15667395469093037,0,,,,periodic_fourier_ridge_with_cycle_contrasts,6.436400913925339,"{""1"": 1.9395846984707583, ""2"": -1.9395846984707583}",periodic_model
nix,heart_atrium_right,Правое предсердие,43.0,Уменьшение объёма желудочков,113.54260865020821,62.392480734238106,121.97912943001246,-0.059223778493617374,1,114.44500442504881,114.44500442504881,114.44500442504881,periodic_fourier_ridge_with_cycle_contrasts,6.436400913925339,"{""1"": 1.9395846984707583, ""2"": -1.9395846984707583}",measured_phase_reference
nix,heart_atrium_right,Правое предсердие,44.0,Уменьшение объёма желудочков,113.27065263417308,62.12052471820297,121.44744744383657,-0.27195601603513353,0,,,,periodic_fourier_ridge_with_cycle_contrasts,6.436400913925339,"{""1"": 1.9395846984707583, ""2"": -1.9395846984707583}",periodic_model
nix,heart_atrium_right,Правое предсердие,45.0,Раннее и среднее наполнение,112.79107479028136,61.640946874311254,120.50985869590701,-0.4795778438917182,0,,,,periodic_fourier_ridge_with_cycle_contrasts,6.436400913925339,"{""1"": 1.9395846984707583, ""2"": -1.9395846984707583}",periodic_model
nix,heart_atrium_right,Правое предсердие,46.0,Раннее и среднее наполнение,112.11084660595775,60.960718689987644,119.17999264857063,-0.6802281843236102,0,,,,periodic_fourier_ridge_with_cycle_contrasts,6.436400913925339,"{""1"": 1.9395846984707583, ""2"": -1.9395846984707583}",periodic_model
nix,heart_atrium_right,Правое предсердие,47.0,Раннее и среднее наполнение,111.23869303717943,60.08856512120933,117.47490684661312,-0.872153568778316,0,,,,periodic_fourier_ridge_with_cycle_contrasts,6.436400913925339,"{""1"": 1.9395846984707583, ""2"": -1.9395846984707583}",periodic_model
nix,heart_atrium_right,Правое предсердие,48.0,Раннее и среднее наполнение,110.18496281424842,59.03483489827832,115.41483336124064,-1.0537302229310086,0,,,,periodic_fourier_ridge_with_cycle_contrasts,6.436400913925339,"{""1"": 1.9395846984707583, ""2"": -1.9395846984707583}",periodic_model
nix,heart_atrium_right,Правое предсердие,49.0,Раннее и среднее наполнение,108.96147867668697,57.81135076071686,113.0228859949087,-1.2234841375614565,0,,,,periodic_fourier_ridge_with_cycle_contrasts,6.436400913925339,"{""1"": 1.9395846984707583, ""2"": -1.9395846984707583}",periodic_model
nix,heart_atrium_right,Правое предсердие,50.0,Раннее и среднее наполнение,107.58136984609791,56.43124193012781,110.32473276085167,-1.3801088305890516,0,,,,periodic_fourier_ridge_with_cycle_contrasts,6.436400913925339,"{""1"": 1.9395846984707583, ""2"": -1.9395846984707583}",periodic_model
nix,heart_atrium_right,Правое предсердие,51.0,Раннее и среднее наполнение,106.05888930430629,54.90876138833619,107.34823865649135,-1.522480541791623,0,,,,periodic_fourier_ridge_with_cycle_contrasts,6.436400913925339,"{""1"": 1.9395846984707583, ""2"": -1.9395846984707583}",periodic_model
nix,heart_atrium_right,Правое предсердие,52.0,Раннее и среднее наполнение,104.40921866238067,53.259090746410564,104.12308417665169,-1.6496706419256242,0,,,,periodic_fourier_ridge_with_cycle_contrasts,6.436400913925339,"{""1"": 1.9395846984707583, ""2"": -1.9395846984707583}",periodic_model
nix,heart_atrium_right,Правое предсердие,53.0,Раннее и среднее наполнение,102.64826358086303,51.49813566489293,100.68036535410924,-1.7609550815176362,1,116.05663757324217,116.05663757324217,116.05663757324217,periodic_fourier_ridge_with_cycle_contrasts,6.436400913925339,"{""1"": 1.9395846984707583, ""2"": -1.9395846984707583}",measured_phase_reference
nix,heart_atrium_right,Правое предсердие,54.0,Раннее и среднее наполнение,100.79244283004172,49.64231491407162,97.0521813662411,-1.8558207508213087,0,,,,periodic_fourier_ridge_with_cycle_contrasts,6.436400913925339,"{""1"": 1.9395846984707583, ""2"": -1.9395846984707583}",periodic_model
nix,heart_atrium_right,Правое предсердие,55.0,Раннее и среднее наполнение,98.85847415943769,47.70834624346759,93.27121590359127,-1.933968670604031,0,,,,periodic_fourier_ridge_with_cycle_contrasts,6.436400913925339,"{""1"": 1.9395846984707583, ""2"": -1.9395846984707583}",periodic_model
nix,heart_atrium_right,Правое предсердие,56.0,Раннее и среднее наполнение,96.86316017665234,45.71303226068224,89.37031855673953,-1.9953139827853477,0,,,,periodic_fourier_ridge_with_cycle_contrasts,6.436400913925339,"{""1"": 1.9395846984707583, ""2"": -1.9395846984707583}",periodic_model
nix,heart_atrium_right,Правое предсердие,57.0,Раннее и среднее наполнение,94.82317741693166,43.673049500961554,85.38209244111381,-2.0399827597206865,0,,,,periodic_fourier_ridge_with_cycle_contrasts,6.436400913925339,"{""1"": 1.9395846984707583, ""2"": -1.9395846984707583}",periodic_model
nix,heart_atrium_right,Правое предсердие,58.0,Раннее и среднее наполнение,92.75487171660863,41.60474380063853,81.33849414606976,-2.068305700323023,0,,,,periodic_fourier_ridge_with_cycle_contrasts,6.436400913925339,"{""1"": 1.9395846984707583, ""2"": -1.9395846984707583}",periodic_model
nix,heart_atrium_right,Правое предсердие,59.0,Раннее и среднее наполнение,90.67406288713818,39.523934971168075,77.2704518669012,-2.080808829470456,0,,,,periodic_fourier_ridge_with_cycle_contrasts,6.436400913925339,"{""1"": 1.9395846984707583, ""2"": -1.9395846984707583}",periodic_model
nix,heart_atrium_right,Правое предсердие,60.0,Раннее и среднее наполнение,88.59586152363929,37.44573360766918,73.20750726016828,-2.0782013634988914,0,,,,periodic_fourier_ridge_with_cycle_contrasts,6.436400913925339,"{""1"": 1.9395846984707583, ""2"": -1.9395846984707583}",periodic_model
nix,heart_atrium_right,Правое предсердие,61.0,Раннее и среднее наполнение,86.53450057534222,35.38437265937212,69.17748615898262,-2.0613609482970645,0,,,,periodic_fourier_ridge_with_cycle_contrasts,6.436400913925339,"{""1"": 1.9395846984707583, ""2"": -1.9395846984707583}",periodic_model
nix,heart_atrium_right,Правое предсердие,62.0,Раннее и среднее наполнение,84.50318405841601,33.35305614244591,65.20620280214864,-2.0313165169262106,1,74.09226028442382,74.09226028442382,74.09226028442382,periodic_fourier_ridge_with_cycle_contrasts,6.436400913925339,"{""1"": 1.9395846984707583, ""2"": -1.9395846984707583}",measured_phase_reference
nix,heart_atrium_right,Правое предсердие,63.0,Раннее и среднее наполнение,82.51395500827704,31.363827092306934,61.317201677054875,-1.9892290501389738,0,,,,periodic_fourier_ridge_with_cycle_contrasts,6.436400913925339,"{""1"": 1.9395846984707583, ""2"": -1.9395846984707583}",periodic_model
nix,heart_atrium_right,Правое предсердие,64.0,Раннее и среднее наполнение,80.57758445317299,29.427456537202886,57.53154045977477,-1.9363705551040482,0,,,,periodic_fourier_ridge_with_cycle_contrasts,6.436400913925339,"{""1"": 1.9395846984707583, ""2"": -1.9395846984707583}",periodic_model
nix,heart_atrium_right,Правое предсердие,65.0,Раннее и среднее наполнение,78.70348284861433,27.553354932644226,53.86761686678307,-1.8741016045586605,0,,,,periodic_fourier_ridge_with_cycle_contrasts,6.436400913925339,"{""1"": 1.9395846984707583, ""2"": -1.9395846984707583}",periodic_model
nix,heart_atrium_right,Правое предсердие,66.0,Раннее и среднее наполнение,76.89963504853162,25.74950713256152,50.34104152166158,-1.803847800082707,0,,,,periodic_fourier_ridge_with_cycle_contrasts,6.436400913925339,"{""1"": 1.9395846984707583, ""2"": -1.9395846984707583}",periodic_model
nix,heart_atrium_right,Правое предсердие,67.0,Раннее и среднее наполнение,75.17255950964122,24.022431593671115,46.96455819843772,-1.7270755388904035,0,,,,periodic_fourier_ridge_with_cycle_contrasts,6.436400913925339,"{""1"": 1.9395846984707583, ""2"": -1.9395846984707583}",periodic_model
nix,heart_atrium_right,Правое предсердие,68.0,Раннее и среднее наполнение,73.52729203641985,22.37716412044975,43.74801204253322,-1.6452674732213666,0,,,,periodic_fourier_ridge_with_cycle_contrasts,6.436400913925339,"{""1"": 1.9395846984707583, ""2"": -1.9395846984707583}",periodic_model
nix,heart_atrium_right,Правое предсердие,69.0,Раннее и среднее наполнение,71.96739398148708,20.817266065516975,40.69836560275229,-1.5598980549327734,0,,,,periodic_fourier_ridge_with_cycle_contrasts,6.436400913925339,"{""1"": 1.9395846984707583, ""2"": -1.9395846984707583}",periodic_model
nix,heart_atrium_right,Правое предсердие,70.0,Раннее и среднее наполнение,70.49498442628155,19.344856510311445,37.819761745447344,-1.4724095552055303,0,,,,periodic_fourier_ridge_with_cycle_contrasts,6.436400913925339,"{""1"": 1.9395846984707583, ""2"": -1.9395846984707583}",periodic_model
nix,heart_atrium_right,Правое предсердие,71.0,Раннее и среднее наполнение,69.11079548586456,17.960667569894454,35.11363177703173,-1.3841889404169905,0,,,,periodic_fourier_ridge_with_cycle_contrasts,6.436400913925339,"{""1"": 1.9395846984707583, ""2"": -1.9395846984707583}",periodic_model
nix,heart_atrium_right,Правое предсердие,72.0,Раннее и среднее наполнение,67.81424951550784,16.664121599537737,32.578846385122844,-1.2965459703567177,1,71.91166458129881,71.91166458129881,71.91166458129881,periodic_fourier_ridge_with_cycle_contrasts,6.436400913925339,"{""1"": 1.9395846984707583, ""2"": -1.9395846984707583}",measured_phase_reference
nix,heart_atrium_right,Правое предсердие,73.0,Раннее и среднее наполнение,66.60355665120576,15.453428735235661,30.21190633310379,-1.2106928643020751,0,,,,periodic_fourier_ridge_with_cycle_contrasts,6.436400913925339,"{""1"": 1.9395846984707583, ""2"": -1.9395846984707583}",periodic_model
nix,heart_atrium_right,Правое предсердие,74.0,Раннее и среднее наполнение,65.47583079684486,14.325702880874758,28.007169218440964,-1.1277258543609037,0,,,,periodic_fourier_ridge_with_cycle_contrasts,6.436400913925339,"{""1"": 1.9395846984707583, ""2"": -1.9395846984707583}",periodic_model
nix,heart_atrium_right,Правое предсердие,75.0,Раннее и среднее наполнение,64.42722188249476,13.27709396652466,25.95710804152121,-1.0486089143500976,0,,,,periodic_fourier_ridge_with_cycle_contrasts,6.436400913925339,"{""1"": 1.9395846984707583, ""2"": -1.9395846984707583}",periodic_model
nix,heart_atrium_right,Правое предсердие,76.0,Раннее и среднее наполнение,63.453061965694125,12.302934049724023,24.052596837950034,-0.9741599168006374,0,,,,periodic_fourier_ridge_with_cycle_contrasts,6.436400913925339,"{""1"": 1.9395846984707583, ""2"": -1.9395846984707583}",periodic_model
nix,heart_atrium_right,Правое предсердие,77.0,Раннее и среднее наполнение,62.54802253465788,11.39789461868778,22.28321821093457,-0.9050394310362435,0,,,,periodic_fourier_ridge_with_cycle_contrasts,6.436400913925339,"{""1"": 1.9395846984707583, ""2"": -1.9395846984707583}",periodic_model
nix,heart_atrium_right,Правое предсердие,78.0,Раннее и среднее наполнение,61.70628020236604,10.556152286395935,20.637587268085976,-0.8417423322918438,0,,,,periodic_fourier_ridge_with_cycle_contrasts,6.436400913925339,"{""1"": 1.9395846984707583, ""2"": -1.9395846984707583}",periodic_model
nix,heart_atrium_right,Правое предсердие,79.0,Раннее и среднее наполнение,60.92168785616322,9.771559940193114,19.103686223905292,-0.784592346202821,0,,,,periodic_fourier_ridge_with_cycle_contrasts,6.436400913925339,"{""1"": 1.9395846984707583, ""2"": -1.9395846984707583}",periodic_model
nix,heart_atrium_right,Правое предсердие,80.0,Поздняя диастола,60.187948250732404,9.037820334762301,17.66920377913759,-0.733739605430813,0,,,,periodic_fourier_ridge_with_cycle_contrasts,6.436400913925339,"{""1"": 1.9395846984707583, ""2"": -1.9395846984707583}",periodic_model
nix,heart_atrium_right,Правое предсердие,81.0,Поздняя диастола,59.498787004277744,8.348659088307642,16.321873333382264,-0.6891612464546597,0,,,,periodic_fourier_ridge_with_cycle_contrasts,6.436400913925339,"{""1"": 1.9395846984707583, ""2"": -1.9395846984707583}",periodic_model
nix,heart_atrium_right,Правое предсердие,82.0,Поздняя диастола,58.848121978863006,7.697994062892903,15.049804128621611,-0.6506650254147388,1,67.3826786804199,67.3826786804199,67.3826786804199,periodic_fourier_ridge_with_cycle_contrasts,6.436400913925339,"{""1"": 1.9395846984707583, ""2"": -1.9395846984707583}",measured_phase_reference
nix,heart_atrium_right,Правое предсердие,83.0,Поздняя диастола,58.230226095723,7.080098179752895,13.841799557929052,-0.6178958831400081,0,,,,periodic_fourier_ridge_with_cycle_contrasts,6.436400913925339,"{""1"": 1.9395846984707583, ""2"": -1.9395846984707583}",periodic_model
nix,heart_atrium_right,Правое предсердие,84.0,Поздняя диастола,57.63988075384408,6.489752837873979,12.687657103292889,-0.5903453418789155,0,,,,periodic_fourier_ridge_with_cycle_contrasts,6.436400913925339,"{""1"": 1.9395846984707583, ""2"": -1.9395846984707583}",periodic_model
nix,heart_atrium_right,Правое предсердие,85.0,Поздняя диастола,57.07251718328725,5.9223892673171505,11.578444685507934,-0.5673635705568287,0,,,,periodic_fourier_ridge_with_cycle_contrasts,6.436400913925339,"{""1"": 1.9395846984707583, ""2"": -1.9395846984707583}",periodic_model
nix,heart_atrium_right,Правое предсердие,86.0,Поздняя диастола,56.52434327097329,5.374215355003187,10.506748612304541,-0.5481739123139633,0,,,,periodic_fourier_ridge_with_cycle_contrasts,6.436400913925339,"{""1"": 1.9395846984707583, ""2"": -1.9395846984707583}",periodic_model
nix,heart_atrium_right,Правое предсердие,87.0,Поздняя диастола,55.992453642645,4.8423257266749005,9.466888791812833,-0.5318896283282868,0,,,,periodic_fourier_ridge_with_cycle_contrasts,6.436400913925339,"{""1"": 1.9395846984707583, ""2"": -1.9395846984707583}",periodic_model
nix,heart_atrium_right,Правое предсердие,88.0,Поздняя диастола,55.474921066523734,4.3247931505536314,8.45509742939146,-0.517532576121269,0,,,,periodic_fourier_ridge_with_cycle_contrasts,6.436400913925339,"{""1"": 1.9395846984707583, ""2"": -1.9395846984707583}",periodic_model
nix,heart_atrium_right,Правое предсердие,89.0,Поздняя диастола,54.97086755727025,3.8207396413001504,7.469658037956222,-0.504053509253481,0,,,,periodic_fourier_ridge_with_cycle_contrasts,6.436400913925339,"{""1"": 1.9395846984707583, ""2"": -1.9395846984707583}",periodic_model
nix,heart_atrium_right,Правое предсердие,90.0,Поздняя диастола,54.48051389823244,3.330385982262335,6.511002255426464,-0.49035365903781525,0,,,,periodic_fourier_ridge_with_cycle_contrasts,6.436400913925339,"{""1"": 1.9395846984707583, ""2"": -1.9395846984707583}",periodic_model
nix,heart_atrium_right,Правое предсердие,91.0,Поздняя диастола,54.00520666018822,2.855078744218119,5.581762667159833,-0.47530723804421626,0,,,,periodic_fourier_ridge_with_cycle_contrasts,6.436400913925339,"{""1"": 1.9395846984707583, ""2"": -1.9395846984707583}",periodic_model
nix,heart_atrium_right,Правое предсердие,92.0,Поздняя диастола,53.5474221701099,2.397294254139794,4.68678056500287,-0.4577844900783248,1,49.80272491455077,49.80272491455077,49.80272491455077,periodic_fourier_ridge_with_cycle_contrasts,6.436400913925339,"{""1"": 1.9395846984707583, ""2"": -1.9395846984707583}",measured_phase_reference
nix,heart_atrium_right,Правое предсердие,93.0,Поздняя диастола,53.11074726788742,1.960619351917316,3.833068326120786,-0.43667490222247807,0,,,,periodic_fourier_ridge_with_cycle_contrasts,6.436400913925339,"{""1"": 1.9395846984707583, ""2"": -1.9395846984707583}",periodic_model
nix,heart_atrium_right,Правое предсердие,94.0,Поздняя диастола,52.69983707630817,1.5497091603380682,3.029726852069548,-0.4109101915792479,0,,,,periodic_fourier_ridge_with_cycle_contrasts,6.436400913925339,"{""1"": 1.9395846984707583, ""2"": -1.9395846984707583}",periodic_model
nix,heart_atrium_right,Правое предсердие,95.0,Поздняя диастола,52.3203503937058,1.1702224777356989,2.287819259529812,-0.3794866826023693,0,,,,periodic_fourier_ridge_with_cycle_contrasts,6.436400913925339,"{""1"": 1.9395846984707583, ""2"": -1.9395846984707583}",periodic_model
nix,heart_atrium_right,Правое предсердие,96.0,Поздняя диастола,51.97886369341873,0.8287357774486281,1.6202027467264262,-0.34148670028707073,0,,,,periodic_fourier_ridge_with_cycle_contrasts,6.436400913925339,"{""1"": 1.9395846984707583, ""2"": -1.9395846984707583}",periodic_model
nix,heart_atrium_right,Правое предсердие,97.0,Поздняя диастола,51.682765073542896,0.5326371575727933,1.0413212620852375,-0.29609861987583486,0,,,,periodic_fourier_ridge_with_cycle_contrasts,6.436400913925339,"{""1"": 1.9395846984707583, ""2"": -1.9395846984707583}",periodic_model
nix,heart_atrium_right,Правое предсердие,98.0,Поздняя диастола,51.44012983867147,0.2900019227013644,0.566962262885798,-0.2426352348714289,0,,,,periodic_fourier_ridge_with_cycle_contrasts,6.436400913925339,"{""1"": 1.9395846984707583, ""2"": -1.9395846984707583}",periodic_model
nix,heart_atrium_right,Правое предсердие,99.0,Поздняя диастола,51.259579706962874,0.10945179099277169,0.21398146095075285,-0.1805501317085927,0,,,,periodic_fourier_ridge_with_cycle_contrasts,6.436400913925339,"{""1"": 1.9395846984707583, ""2"": -1.9395846984707583}",periodic_model
nix,heart_atrium_right,Правое предсердие,100.0,Поздняя диастола,51.1501279159701,0.0,0.0,-0.10945179099277169,0,,,,periodic_fourier_ridge_with_cycle_contrasts,6.436400913925339,"{""1"": 1.9395846984707583, ""2"": -1.9395846984707583}",periodic_model_boundary
nix,heart_ventricle_right,Правый желудочек,0.0,Уменьшение объёма желудочков,228.87290193396433,0.0,0.0,0.0,0,,,,periodic_fourier_ridge_with_cycle_contrasts,5.622446517443634,"{""1"": -3.667530379129279, ""2"": 3.667530379129279}",periodic_model_boundary
nix,heart_ventricle_right,Правый желудочек,1.0,Уменьшение объёма желудочков,227.96904356277508,-0.9038583711892443,-0.39491716299819124,-0.9038583711892443,1,236.8477909851074,236.8477909851074,236.8477909851074,periodic_fourier_ridge_with_cycle_contrasts,5.622446517443634,"{""1"": -3.667530379129279, ""2"": 3.667530379129279}",measured_phase_reference
nix,heart_ventricle_right,Правый желудочек,2.0,Уменьшение объёма желудочков,226.93700459062256,-1.9358973433417646,-0.8458394711578046,-1.0320389721525203,0,,,,periodic_fourier_ridge_with_cycle_contrasts,5.622446517443634,"{""1"": -3.667530379129279, ""2"": 3.667530379129279}",periodic_model
nix,heart_ventricle_right,Правый желудочек,3.0,Уменьшение объёма желудочков,225.77007143705328,-3.1028304969110536,-1.3557002470333073,-1.166933153569289,0,,,,periodic_fourier_ridge_with_cycle_contrasts,5.622446517443634,"{""1"": -3.667530379129279, ""2"": 3.667530379129279}",periodic_model
nix,heart_ventricle_right,Правый желудочек,4.0,Уменьшение объёма желудочков,224.46176977828344,-4.411132155680889,-1.9273282762647075,-1.3083016587698353,0,,,,periodic_fourier_ridge_with_cycle_contrasts,5.622446517443634,"{""1"": -3.667530379129279, ""2"": 3.667530379129279}",periodic_model
nix,heart_ventricle_right,Правый желудочек,5.0,Уменьшение объёма желудочков,223.00606483150358,-5.8668371024607495,-2.5633602986138926,-1.4557049467798606,0,,,,periodic_fourier_ridge_with_cycle_contrasts,5.622446517443634,"{""1"": -3.667530379129279, ""2"": 3.667530379129279}",periodic_model
nix,heart_ventricle_right,Правый желудочек,6.0,Уменьшение объёма желудочков,221.3975617713746,-7.475340162589731,-3.2661534412433664,-1.6085030601289816,0,,,,periodic_fourier_ridge_with_cycle_contrasts,5.622446517443634,"{""1"": -3.667530379129279, ""2"": 3.667530379129279}",periodic_model
nix,heart_ventricle_right,Правый желудочек,7.0,Уменьшение объёма желудочков,219.63170270267645,-9.24119923128788,-4.037699156693614,-1.7658590686981483,0,,,,periodic_fourier_ridge_with_cycle_contrasts,5.622446517443634,"{""1"": -3.667530379129279, ""2"": 3.667530379129279}",periodic_model
nix,heart_ventricle_right,Правый желудочек,8.0,Уменьшение объёма желудочков,217.7049566411423,-11.167945292822026,-4.879540215750077,-1.9267460615341463,0,,,,periodic_fourier_ridge_with_cycle_contrasts,5.622446517443634,"{""1"": -3.667530379129279, ""2"": 3.667530379129279}",periodic_model
nix,heart_ventricle_right,Правый желудочек,9.0,Уменьшение объёма желудочков,215.6149990402795,-13.257902893684815,-5.792692267916477,-2.089957600862789,0,,,,periodic_fourier_ridge_with_cycle_contrasts,5.622446517443634,"{""1"": -3.667530379129279, ""2"": 3.667530379129279}",periodic_model
nix,heart_ventricle_right,Правый желудочек,10.0,Уменьшение объёма желудочков,213.3608775441883,-15.51202438977603,-6.777571420076478,-2.2541214960912157,0,,,,periodic_fourier_ridge_with_cycle_contrasts,5.622446517443634,"{""1"": -3.667530379129279, ""2"": 3.667530379129279}",periodic_model
nix,heart_ventricle_right,Правый желудочек,11.0,Уменьшение объёма желудочков,210.9431608428847,-17.92974109107962,-7.833929198072041,-2.41771670130359,1,206.57590560913084,206.57590560913084,206.57590560913084,periodic_fourier_ridge_with_cycle_contrasts,5.622446517443634,"{""1"": -3.667530379129279, ""2"": 3.667530379129279}",measured_phase_reference
nix,heart_ventricle_right,Правый желудочек,12.0,Уменьшение объёма желудочков,208.3640677544004,-20.508834179563934,-8.960796147672061,-2.5790930884843135,0,,,,periodic_fourier_ridge_with_cycle_contrasts,5.622446517443634,"{""1"": -3.667530379129279, ""2"": 3.667530379129279}",periodic_model
nix,heart_ventricle_right,Правый желудочек,13.0,Уменьшение объёма желудочков,205.62757395313463,-23.2453279808297,-10.156435202423644,-2.736493801265766,0,,,,periodic_fourier_ridge_with_cycle_contrasts,5.622446517443634,"{""1"": -3.667530379129279, ""2"": 3.667530379129279}",periodic_model
nix,heart_ventricle_right,Правый желудочек,14.0,Уменьшение объёма желудочков,202.73949410198264,-26.133407831981685,-11.418305798176947,-2.8880798511519856,1,200.86869461059567,200.86869461059567,200.86869461059567,periodic_fourier_ridge_with_cycle_contrasts,5.622446517443634,"{""1"": -3.667530379129279, ""2"": 3.667530379129279}",measured_phase_reference
nix,heart_ventricle_right,Правый желудочек,15.0,Уменьшение объёма желудочков,199.70753752138643,-29.1653644125779,-12.743039549956356,-3.0319565805962156,0,,,,periodic_fourier_ridge_with_cycle_contrasts,5.622446517443634,"{""1"": -3.667530379129279, ""2"": 3.667530379129279}",periodic_model
nix,heart_ventricle_right,Правый желудочек,16.0,Уменьшение объёма желудочков,196.54133593577242,-32.331565998191905,-14.126428128883683,-3.1662015856140044,0,,,,periodic_fourier_ridge_with_cycle_contrasts,5.622446517443634,"{""1"": -3.667530379129279, ""2"": 3.667530379129279}",periodic_model
nix,heart_ventricle_right,Правый желудочек,17.0,Уменьшение объёма желудочков,193.2524422704732,-35.62045966349112,-15.563423787831612,-3.288893665299213,0,,,,periodic_fourier_ridge_with_cycle_contrasts,5.622446517443634,"{""1"": -3.667530379129279, ""2"": 3.667530379129279}",periodic_model
nix,heart_ventricle_right,Правый желудочек,18.0,Уменьшение объёма желудочков,189.85429992338138,-39.01860201058295,-17.048152787367034,-3.3981423470918344,0,,,,periodic_fourier_ridge_with_cycle_contrasts,5.622446517443634,"{""1"": -3.667530379129279, ""2"": 3.667530379129279}",periodic_model
nix,heart_ventricle_right,Правый желудочек,19.0,Уменьшение объёма желудочков,186.36218239816506,-42.51071953579927,-18.57394177143116,-3.4921175252163152,0,,,,periodic_fourier_ridge_with_cycle_contrasts,5.622446517443634,"{""1"": -3.667530379129279, ""2"": 3.667530379129279}",periodic_model
nix,heart_ventricle_right,Правый желудочек,20.0,Уменьшение объёма желудочков,182.79310365259678,-46.079798281367545,-20.133356938281292,-3.5690787455682766,0,,,,periodic_fourier_ridge_with_cycle_contrasts,5.622446517443634,"{""1"": -3.667530379129279, ""2"": 3.667530379129279}",periodic_model
nix,heart_ventricle_right,Правый желудочек,21.0,Уменьшение объёма желудочков,179.16569997905754,-49.70720195490679,-21.718255649700545,-3.6274036735392485,1,187.4905641174316,187.4905641174316,187.4905641174316,periodic_fourier_ridge_with_cycle_contrasts,5.622446517443634,"{""1"": -3.667530379129279, ""2"": 3.667530379129279}",measured_phase_reference
nix,heart_ventricle_right,Правый желудочек,22.0,Уменьшение объёма желудочков,175.5000846872573,-53.37281724670703,-23.319849923564323,-3.6656152918002363,0,,,,periodic_fourier_ridge_with_cycle_contrasts,5.622446517443634,"{""1"": -3.667530379129279, ""2"": 3.667530379129279}",periodic_model
nix,heart_ventricle_right,Правый желудочек,23.0,Уменьшение объёма желудочков,171.81767729450215,-57.05522463946218,-24.92878106466447,-3.6824073927551524,1,164.54155288696285,164.54155288696285,164.54155288696285,periodic_fourier_ridge_with_cycle_contrasts,5.622446517443634,"{""1"": -3.667530379129279, ""2"": 3.667530379129279}",measured_phase_reference
nix,heart_ventricle_right,Правый желудочек,24.0,Уменьшение объёма желудочков,168.14100933954927,-60.73189259441506,-26.53520450924232,-3.676667954952876,0,,,,periodic_fourier_ridge_with_cycle_contrasts,5.622446517443634,"{""1"": -3.667530379129279, ""2"": 3.667530379129279}",periodic_model
nix,heart_ventricle_right,Правый желудочек,25.0,Уменьшение объёма желудочков,164.49350931570766,-64.37939261825667,-28.128883792818673,-3.6475000238416158,0,,,,periodic_fourier_ridge_with_cycle_contrasts,5.622446517443634,"{""1"": -3.667530379129279, ""2"": 3.667530379129279}",periodic_model
nix,heart_ventricle_right,Правый желудочек,26.0,Уменьшение объёма желудочков,160.89926956134104,-67.97363237262329,-29.699292401262696,-3.594239754366612,0,,,,periodic_fourier_ridge_with_cycle_contrasts,5.622446517443634,"{""1"": -3.667530379129279, ""2"": 3.667530379129279}",periodic_model
nix,heart_ventricle_right,Правый желудочек,27.0,Уменьшение объёма желудочков,157.38279824585203,-71.4901036881123,-31.235722133998642,-3.5164713154890137,0,,,,periodic_fourier_ridge_with_cycle_contrasts,5.622446517443634,"{""1"": -3.667530379129279, ""2"": 3.667530379129279}",periodic_model
nix,heart_ventricle_right,Правый желудочек,28.0,Уменьшение объёма желудочков,153.9687598417827,-74.90414209218162,-32.72739649790143,-3.4140384040693164,0,,,,periodic_fourier_ridge_with_cycle_contrasts,5.622446517443634,"{""1"": -3.667530379129279, ""2"": 3.667530379129279}",periodic_model
nix,heart_ventricle_right,Правый желудочек,29.0,Уменьшение объёма желудочков,150.68170767480805,-78.19119425915628,-34.16358756254877,-3.287052166974661,0,,,,periodic_fourier_ridge_with_cycle_contrasts,5.622446517443634,"{""1"": -3.667530379129279, ""2"": 3.667530379129279}",periodic_model
nix,heart_ventricle_right,Правый желудочек,30.0,Уменьшение объёма желудочков,147.54581228987036,-81.32708964409397,-35.53373464350049,-3.1358953849376974,0,,,,periodic_fourier_ridge_with_cycle_contrasts,5.622446517443634,"{""1"": -3.667530379129279, ""2"": 3.667530379129279}",periodic_model
nix,heart_ventricle_right,Правый желудочек,31.0,Уменьшение объёма желудочков,144.58458946111523,-84.2883124728491,-36.82756314120945,-2.961222828755126,0,,,,periodic_fourier_ridge_with_cycle_contrasts,5.622446517443634,"{""1"": -3.667530379129279, ""2"": 3.667530379129279}",periodic_model
nix,heart_ventricle_right,Правый желудочек,32.0,Уменьшение объёма желудочков,141.82063170413704,-87.05227022982729,-38.035201849690395,-2.7639577569781864,0,,,,periodic_fourier_ridge_with_cycle_contrasts,5.622446517443634,"{""1"": -3.667530379129279, ""2"": 3.667530379129279}",periodic_model
nix,heart_ventricle_right,Правый желудочек,33.0,Уменьшение объёма желудочков,139.27534712073708,-89.59755481322725,-39.14729706143999,-2.5452845833999618,1,136.88257217407224,136.88257217407224,136.88257217407224,periodic_fourier_ridge_with_cycle_contrasts,5.622446517443634,"{""1"": -3.667530379129279, ""2"": 3.667530379129279}",measured_phase_reference
nix,heart_ventricle_right,Правый желудочек,34.0,Уменьшение объёма желудочков,136.96870931928714,-91.90419261467719,-40.15512183316219,-2.306637801449938,0,,,,periodic_fourier_ridge_with_cycle_contrasts,5.622446517443634,"{""1"": -3.667530379129279, ""2"": 3.667530379129279}",periodic_model
nix,heart_ventricle_right,Правый желудочек,35.0,Уменьшение объёма желудочков,134.9190220091265,-93.95387992483782,-41.050678840060286,-2.0496873101606354,0,,,,periodic_fourier_ridge_with_cycle_contrasts,5.622446517443634,"{""1"": -3.667530379129279, ""2"": 3.667530379129279}",periodic_model
nix,heart_ventricle_right,Правый желудочек,36.0,Уменьшение объёма желудочков,133.14270166737418,-95.73020026659015,-41.82679533386209,-1.7763203417523243,0,,,,periodic_fourier_ridge_with_cycle_contrasts,5.622446517443634,"{""1"": -3.667530379129279, ""2"": 3.667530379129279}",periodic_model
nix,heart_ventricle_right,Правый желудочек,37.0,Уменьшение объёма желудочков,131.65408142413423,-97.2188205098301,-42.47720883002576,-1.48862024323995,0,,,,periodic_fourier_ridge_with_cycle_contrasts,5.622446517443634,"{""1"": -3.667530379129279, ""2"": 3.667530379129279}",periodic_model
nix,heart_ventricle_right,Правый желудочек,38.0,Уменьшение объёма желудочков,130.46523901116623,-98.4076629227981,-42.99664228104698,-1.1888424129680004,0,,,,periodic_fourier_ridge_with_cycle_contrasts,5.622446517443634,"{""1"": -3.667530379129279, ""2"": 3.667530379129279}",periodic_model
nix,heart_ventricle_right,Правый желудочек,39.0,Уменьшение объёма желудочков,129.58585127429697,-99.28705065966736,-43.38086764343741,-0.879387736869262,0,,,,periodic_fourier_ridge_with_cycle_contrasts,5.622446517443634,"{""1"": -3.667530379129279, ""2"": 3.667530379129279}",periodic_model
nix,heart_ventricle_right,Правый желудочек,40.0,Уменьшение объёма желудочков,129.02307736646222,-99.84982456750211,-43.626756913455544,-0.5627739078347531,0,,,,periodic_fourier_ridge_with_cycle_contrasts,5.622446517443634,"{""1"": -3.667530379129279, ""2"": 3.667530379129279}",periodic_model
nix,heart_ventricle_right,Правый желудочек,41.0,Уменьшение объёма желудочков,128.78147232219715,-100.09142961176718,-43.73231988846199,-0.24160504426507146,0,,,,periodic_fourier_ridge_with_cycle_contrasts,5.622446517443634,"{""1"": -3.667530379129279, ""2"": 3.667530379129279}",periodic_model
nix,heart_ventricle_right,Правый желудочек,42.0,Уменьшение объёма желудочков,128.86293227205863,-100.0099696619057,-43.69672810403791,0.08145994986148253,0,,,,periodic_fourier_ridge_with_cycle_contrasts,5.622446517443634,"{""1"": -3.667530379129279, ""2"": 3.667530379129279}",periodic_model
nix,heart_ventricle_right,Правый желудочек,43.0,Уменьшение объёма желудочков,129.2666720936918,-99.60622984027253,-43.5203245987642,0.4037398216331667,1,126.16863723754881,126.16863723754881,126.16863723754881,periodic_fourier_ridge_with_cycle_contrasts,5.622446517443634,"{""1"": -3.667530379129279, ""2"": 3.667530379129279}",measured_phase_reference
nix,heart_ventricle_right,Правый желудочек,44.0,Уменьшение объёма желудочков,129.98923582218413,-98.8836661117802,-43.20461936569086,0.7225637284923323,0,,,,periodic_fourier_ridge_with_cycle_contrasts,5.622446517443634,"{""1"": -3.667530379129279, ""2"": 3.667530379129279}",periodic_model
nix,heart_ventricle_right,Правый желудочек,45.0,Раннее и среднее наполнение,131.02453966330995,-97.84836227065438,-42.752270558830126,1.035303841125824,0,,,,periodic_fourier_ridge_with_cycle_contrasts,5.622446517443634,"{""1"": -3.667530379129279, ""2"": 3.667530379129279}",periodic_model
nix,heart_ventricle_right,Правый желудочек,46.0,Раннее и среднее наполнение,132.3639469766645,-96.50895495729984,-42.16705173124651,1.3394073133545419,0,,,,periodic_fourier_ridge_with_cycle_contrasts,5.622446517443634,"{""1"": -3.667530379129279, ""2"": 3.667530379129279}",periodic_model
nix,heart_ventricle_right,Правый желудочек,47.0,Раннее и среднее наполнение,133.99637412888538,-94.87652780507895,-41.45380558527337,1.6324271522208846,0,,,,periodic_fourier_ridge_with_cycle_contrasts,5.622446517443634,"{""1"": -3.667530379129279, ""2"": 3.667530379129279}",periodic_model
nix,heart_ventricle_right,Правый желудочек,48.0,Раннее и среднее наполнение,135.90842566737803,-92.9644762665863,-40.618384911905785,1.9120515384926478,0,,,,periodic_fourier_ridge_with_cycle_contrasts,5.622446517443634,"{""1"": -3.667530379129279, ""2"": 3.667530379129279}",periodic_model
nix,heart_ventricle_right,Правый желудочек,49.0,Раннее и среднее наполнение,138.08455683914343,-90.7883450948209,-39.66758158246959,2.1761311717654053,0,,,,periodic_fourier_ridge_with_cycle_contrasts,5.622446517443634,"{""1"": -3.667530379129279, ""2"": 3.667530379129279}",periodic_model
nix,heart_ventricle_right,Правый желудочек,50.0,Раннее и среднее наполнение,140.5072610840258,-88.36564084993853,-38.60904462837382,2.422704244882368,0,,,,periodic_fourier_ridge_with_cycle_contrasts,5.622446517443634,"{""1"": -3.667530379129279, ""2"": 3.667530379129279}",periodic_model
nix,heart_ventricle_right,Правый желудочек,51.0,Раннее и среднее наполнение,143.157279773045,-85.71562216091934,-37.45118860145815,2.6500186890191912,0,,,,periodic_fourier_ridge_with_cycle_contrasts,5.622446517443634,"{""1"": -3.667530379129279, ""2"": 3.667530379129279}",periodic_model
nix,heart_ventricle_right,Правый желудочек,52.0,Раннее и среднее наполнение,146.0138311459697,-82.85907078799463,-36.203093545736394,2.856551372924713,0,,,,periodic_fourier_ridge_with_cycle_contrasts,5.622446517443634,"{""1"": -3.667530379129279, ""2"": 3.667530379129279}",periodic_model
nix,heart_ventricle_right,Правый желудочек,53.0,Раннее и среднее наполнение,149.05485513278245,-79.81804680118188,-34.87439802909102,3.041023986812746,1,135.24492721557615,135.24492721557615,135.24492721557615,periodic_fourier_ridge_with_cycle_contrasts,5.622446517443634,"{""1"": -3.667530379129279, ""2"": 3.667530379129279}",measured_phase_reference
nix,heart_ventricle_right,Правый желудочек,54.0,Раннее и среднее наполнение,152.2572705252991,-76.61563140866522,-33.47518677889215,3.202415392516656,0,,,,periodic_fourier_ridge_with_cycle_contrasts,5.622446517443634,"{""1"": -3.667530379129279, ""2"": 3.667530379129279}",periodic_model
nix,heart_ventricle_right,Правый желудочек,55.0,Раннее и среднее наполнение,155.5972408012593,-73.27566113270504,-32.01587453714679,3.3399702759601837,0,,,,periodic_fourier_ridge_with_cycle_contrasts,5.622446517443634,"{""1"": -3.667530379129279, ""2"": 3.667530379129279}",periodic_model
nix,heart_ventricle_right,Правый желудочек,56.0,Раннее и среднее наполнение,159.05044479615543,-69.8224571378089,-30.507087797556068,3.4532039948961426,0,,,,periodic_fourier_ridge_with_cycle_contrasts,5.622446517443634,"{""1"": -3.667530379129279, ""2"": 3.667530379129279}",periodic_model
nix,heart_ventricle_right,Правый желудочек,57.0,Раннее и среднее наполнение,162.59234836949523,-66.2805535644691,-28.959546108080865,3.5419035733397948,0,,,,periodic_fourier_ridge_with_cycle_contrasts,5.622446517443634,"{""1"": -3.667530379129279, ""2"": 3.667530379129279}",periodic_model
nix,heart_ventricle_right,Правый желудочек,58.0,Раннее и среднее наполнение,166.19847322274993,-62.674428711214404,-27.383944618003568,3.6061248532546983,0,,,,periodic_fourier_ridge_with_cycle_contrasts,5.622446517443634,"{""1"": -3.667530379129279, ""2"": 3.667530379129279}",periodic_model
nix,heart_ventricle_right,Правый желудочек,59.0,Раннее и среднее наполнение,169.84465909565432,-59.02824283831001,-25.79083951814495,3.6461858729043968,0,,,,periodic_fourier_ridge_with_cycle_contrasts,5.622446517443634,"{""1"": -3.667530379129279, ""2"": 3.667530379129279}",periodic_model
nix,heart_ventricle_right,Правый желудочек,60.0,Раннее и среднее наполнение,173.5073156946125,-55.36558623935184,-24.190537967367682,3.662656598958165,0,,,,periodic_fourier_ridge_with_cycle_contrasts,5.622446517443634,"{""1"": -3.667530379129279, ""2"": 3.667530379129279}",periodic_model
nix,heart_ventricle_right,Правый желудочек,61.0,Раннее и среднее наполнение,177.1636608896181,-51.70924104434624,-22.59299401869151,3.656345195005599,0,,,,periodic_fourier_ridge_with_cycle_contrasts,5.622446517443634,"{""1"": -3.667530379129279, ""2"": 3.667530379129279}",periodic_model
nix,heart_ventricle_right,Правый желудочек,62.0,Раннее и среднее наполнение,180.79194195137288,-48.08095998259145,-21.007711955548164,3.628281061754791,1,186.43030807495114,186.43030807495114,186.43030807495114,periodic_fourier_ridge_with_cycle_contrasts,5.622446517443634,"{""1"": -3.667530379129279, ""2"": 3.667530379129279}",measured_phase_reference
nix,heart_ventricle_right,Правый желудочек,63.0,Раннее и среднее наполнение,184.37163688438474,-44.50126504957959,-19.44365832457498,3.579694933011865,0,,,,periodic_fourier_ridge_with_cycle_contrasts,5.622446517443634,"{""1"": -3.667530379129279, ""2"": 3.667530379129279}",periodic_model
nix,heart_ventricle_right,Правый желудочек,64.0,Раннее и среднее наполнение,187.88363324020676,-40.989268693757566,-17.90918380786906,3.5119963558220206,0,,,,periodic_fourier_ridge_with_cycle_contrasts,5.622446517443634,"{""1"": -3.667530379129279, ""2"": 3.667530379129279}",periodic_model
nix,heart_ventricle_right,Правый желудочек,65.0,Раннее и среднее наполнение,191.31038216240873,-37.5625197715556,-16.411955917085084,3.4267489222019663,0,,,,periodic_fourier_ridge_with_cycle_contrasts,5.622446517443634,"{""1"": -3.667530379129279, ""2"": 3.667530379129279}",periodic_model
nix,heart_ventricle_right,Правый желудочек,66.0,Раннее и среднее наполнение,194.6360258154995,-34.236876118464835,-14.958903316716388,3.325643653090765,0,,,,periodic_fourier_ridge_with_cycle_contrasts,5.622446517443634,"{""1"": -3.667530379129279, ""2"": 3.667530379129279}",periodic_model
nix,heart_ventricle_right,Правый желудочек,67.0,Раннее и среднее наполнение,197.8464967774963,-31.02640515646803,-13.556172397123683,3.210470961996805,0,,,,periodic_fourier_ridge_with_cycle_contrasts,5.622446517443634,"{""1"": -3.667530379129279, ""2"": 3.667530379129279}",periodic_model
nix,heart_ventricle_right,Правый желудочек,68.0,Раннее и среднее наполнение,200.92958842338518,-27.943313510579145,-12.209096522331642,3.083091645888885,0,,,,periodic_fourier_ridge_with_cycle_contrasts,5.622446517443634,"{""1"": -3.667530379129279, ""2"": 3.667530379129279}",periodic_model
nix,heart_ventricle_right,Правый желудочек,69.0,Раннее и среднее наполнение,203.87499578725803,-24.9979061467063,-10.922178176391906,2.945407363872846,0,,,,periodic_fourier_ridge_with_cycle_contrasts,5.622446517443634,"{""1"": -3.667530379129279, ""2"": 3.667530379129279}",periodic_model
nix,heart_ventricle_right,Правый желудочек,70.0,Раннее и среднее наполнение,206.67432685717557,-22.198575076788757,-9.699084028389526,2.7993310699175424,0,,,,periodic_fourier_ridge_with_cycle_contrasts,5.622446517443634,"{""1"": -3.667530379129279, ""2"": 3.667530379129279}",periodic_model
nix,heart_ventricle_right,Правый желудочек,71.0,Раннее и среднее наполнение,209.3210847214268,-19.551817212537543,-8.542652733165738,2.6467578642512137,0,,,,periodic_fourier_ridge_with_cycle_contrasts,5.622446517443634,"{""1"": -3.667530379129279, ""2"": 3.667530379129279}",periodic_model
nix,heart_ventricle_right,Правый желудочек,72.0,Раннее и среднее наполнение,211.81062144052365,-17.06228049344068,-7.454915085737666,2.4895367190968614,1,208.42274414062496,208.42274414062496,208.42274414062496,periodic_fourier_ridge_with_cycle_contrasts,5.622446517443634,"{""1"": -3.667530379129279, ""2"": 3.667530379129279}",measured_phase_reference
nix,heart_ventricle_right,Правый желудочек,73.0,Раннее и среднее наполнение,214.14006495880676,-14.732836975157568,-6.437125955351572,2.3294435182831137,0,,,,periodic_fourier_ridge_with_cycle_contrasts,5.622446517443634,"{""1"": -3.667530379129279, ""2"": 3.667530379129279}",periodic_model
nix,heart_ventricle_right,Правый желудочек,74.0,Раннее и среднее наполнение,216.30822078604092,-12.564681147923409,-5.489807243125986,2.168155827234159,0,,,,periodic_fourier_ridge_with_cycle_contrasts,5.622446517443634,"{""1"": -3.667530379129279, ""2"": 3.667530379129279}",periodic_model
nix,heart_ventricle_right,Правый желудочек,75.0,Раннее и среднее наполнение,218.3154505663127,-10.557451367651623,-4.6128009381808415,2.0072297802717856,0,,,,periodic_fourier_ridge_with_cycle_contrasts,5.622446517443634,"{""1"": -3.667530379129279, ""2"": 3.667530379129279}",periodic_model
nix,heart_ventricle_right,Правый желудочек,76.0,Раннее и среднее наполнение,220.16353000284937,-8.709371931114958,-3.805331193654299,1.8480794365366648,0,,,,periodic_fourier_ridge_with_cycle_contrasts,5.622446517443634,"{""1"": -3.667530379129279, ""2"": 3.667530379129279}",periodic_model
nix,heart_ventricle_right,Правый желудочек,77.0,Раннее и среднее наполнение,221.8554889175662,-7.017413016398137,-3.0660742084804955,1.691958914716821,0,,,,periodic_fourier_ridge_with_cycle_contrasts,5.622446517443634,"{""1"": -3.667530379129279, ""2"": 3.667530379129279}",periodic_model
nix,heart_ventricle_right,Правый желудочек,78.0,Раннее и среднее наполнение,223.39543648839205,-5.477465445572278,-2.393234585347577,1.5399475708258592,0,,,,periodic_fourier_ridge_with_cycle_contrasts,5.622446517443634,"{""1"": -3.667530379129279, ""2"": 3.667530379129279}",periodic_model
nix,heart_ventricle_right,Правый желудочек,79.0,Раннее и среднее наполнение,224.7883749216199,-4.084527012344438,-1.7846267416677086,1.3929384332278403,0,,,,periodic_fourier_ridge_with_cycle_contrasts,5.622446517443634,"{""1"": -3.667530379129279, ""2"": 3.667530379129279}",periodic_model
nix,heart_ventricle_right,Правый желудочек,80.0,Поздняя диастола,226.0400049773773,-2.832896956587035,-1.2377598801121499,1.2516300557574027,0,,,,periodic_fourier_ridge_with_cycle_contrasts,5.622446517443634,"{""1"": -3.667530379129279, ""2"": 3.667530379129279}",periodic_model
nix,heart_ventricle_right,Правый желудочек,81.0,Поздняя диастола,227.15652687136526,-1.7163750625990701,-0.749924979364437,1.116521893987965,0,,,,periodic_fourier_ridge_with_cycle_contrasts,5.622446517443634,"{""1"": -3.667530379129279, ""2"": 3.667530379129279}",periodic_model
nix,heart_ventricle_right,Правый желудочек,82.0,Поздняя диастола,228.14444012370174,-0.728461810262587,-0.3182822449084719,0.9879132523364831,1,218.46806564331052,218.46806564331052,218.46806564331052,periodic_fourier_ridge_with_cycle_contrasts,5.622446517443634,"{""1"": -3.667530379129279, ""2"": 3.667530379129279}",measured_phase_reference
nix,heart_ventricle_right,Правый желудочек,83.0,Поздняя диастола,229.0103459153812,0.13744398141687952,0.06005253582031114,0.8659057916794666,0,,,,periodic_fourier_ridge_with_cycle_contrasts,5.622446517443634,"{""1"": -3.667530379129279, ""2"": 3.667530379129279}",periodic_model
nix,heart_ventricle_right,Правый желудочек,84.0,Поздняя диастола,229.7607554447895,0.887853510825181,0.38792425985027684,0.7504095294083015,0,,,,periodic_fourier_ridge_with_cycle_contrasts,5.622446517443634,"{""1"": -3.667530379129279, ""2"": 3.667530379129279}",periodic_model
nix,heart_ventricle_right,Правый желудочек,85.0,Поздняя диастола,230.4019076520832,1.5290057181188672,0.6680588681311099,0.6411522072936862,0,,,,periodic_fourier_ridge_with_cycle_contrasts,5.622446517443634,"{""1"": -3.667530379129279, ""2"": 3.667530379129279}",periodic_model
nix,heart_ventricle_right,Правый желудочек,86.0,Поздняя диастола,230.93959950013354,2.0666975661692106,0.9029891912523159,0.5376918480503434,0,,,,periodic_fourier_ridge_with_cycle_contrasts,5.622446517443634,"{""1"": -3.667530379129279, ""2"": 3.667530379129279}",periodic_model
nix,heart_ventricle_right,Правый желудочек,87.0,Поздняя диастола,231.37903177010298,2.506129836138655,1.094987573872654,0.4394322699694442,0,,,,periodic_fourier_ridge_with_cycle_contrasts,5.622446517443634,"{""1"": -3.667530379129279, ""2"": 3.667530379129279}",periodic_model
nix,heart_ventricle_right,Правый желудочек,88.0,Поздняя диастола,231.7246730513249,2.8517711173605846,1.2460064486722824,0.34564128122192983,0,,,,periodic_fourier_ridge_with_cycle_contrasts,5.622446517443634,"{""1"": -3.667530379129279, ""2"": 3.667530379129279}",periodic_model
nix,heart_ventricle_right,Правый желудочек,89.0,Поздняя диастола,231.9801442835241,3.107242349559783,1.357627890110076,0.25547123219919854,0,,,,periodic_fourier_ridge_with_cycle_contrasts,5.622446517443634,"{""1"": -3.667530379129279, ""2"": 3.667530379129279}",periodic_model
nix,heart_ventricle_right,Правый желудочек,90.0,Поздняя диастола,232.14812584975314,3.275223915788814,1.4310230211236628,0.16798156622903093,0,,,,periodic_fourier_ridge_with_cycle_contrasts,5.622446517443634,"{""1"": -3.667530379129279, ""2"": 3.667530379129279}",periodic_model
nix,heart_ventricle_right,Правый желудочек,91.0,Поздняя диастола,232.23028882654143,3.3573868925770967,1.466921974688724,0.08216297678828255,0,,,,periodic_fourier_ridge_with_cycle_contrasts,5.622446517443634,"{""1"": -3.667530379129279, ""2"": 3.667530379129279}",periodic_model
nix,heart_ventricle_right,Правый желудочек,92.0,Поздняя диастола,232.22725157998235,3.354349646018022,1.465594929619863,-0.003037246559074447,1,233.25926025390623,233.25926025390623,233.25926025390623,periodic_fourier_ridge_with_cycle_contrasts,5.622446517443634,"{""1"": -3.667530379129279, ""2"": 3.667530379129279}",measured_phase_reference
nix,heart_ventricle_right,Правый желудочек,93.0,Поздняя диастола,232.13856245955216,3.2656605255878333,1.4268445490895465,-0.08868912043018895,0,,,,periodic_fourier_ridge_with_cycle_contrasts,5.622446517443634,"{""1"": -3.667530379129279, ""2"": 3.667530379129279}",periodic_model
nix,heart_ventricle_right,Правый желудочек,94.0,Поздняя диастола,231.9627088924033,3.0898069584389702,1.3500099541405992,-0.17585356714886302,0,,,,periodic_fourier_ridge_with_cycle_contrasts,5.622446517443634,"{""1"": -3.667530379129279, ""2"": 3.667530379129279}",periodic_model
nix,heart_ventricle_right,Правый желудочек,95.0,Поздняя диастола,231.69715272692818,2.824250792963852,1.2339821661276094,-0.2655561654751182,0,,,,periodic_fourier_ridge_with_cycle_contrasts,5.622446517443634,"{""1"": -3.667530379129279, ""2"": 3.667530379129279}",periodic_model
nix,heart_ventricle_right,Правый желудочек,96.0,Поздняя диастола,231.33839122286167,2.465489288897345,1.0772307547394586,-0.3587615040665071,0,,,,periodic_fourier_ridge_with_cycle_contrasts,5.622446517443634,"{""1"": -3.667530379129279, ""2"": 3.667530379129279}",periodic_model
nix,heart_ventricle_right,Правый желудочек,97.0,Поздняя диастола,230.88204264334422,2.009140709379892,0.8778412352020514,-0.4563485795174529,0,,,,periodic_fourier_ridge_with_cycle_contrasts,5.622446517443634,"{""1"": -3.667530379129279, ""2"": 3.667530379129279}",periodic_model
nix,heart_ventricle_right,Правый желудочек,98.0,Поздняя диастола,230.32295497932355,1.4500530453592262,0.6335625725484983,-0.5590876640206659,0,,,,periodic_fourier_ridge_with_cycle_contrasts,5.622446517443634,"{""1"": -3.667530379129279, ""2"": 3.667530379129279}",periodic_model
nix,heart_ventricle_right,Правый желудочек,99.0,Поздняя диастола,229.65533593527687,0.7824340013125379,0.3418639754645529,-0.6676190440466883,0,,,,periodic_fourier_ridge_with_cycle_contrasts,5.622446517443634,"{""1"": -3.667530379129279, ""2"": 3.667530379129279}",periodic_model
nix,heart_ventricle_right,Правый желудочек,100.0,Поздняя диастола,228.87290193396433,0.0,0.0,-0.7824340013125379,0,,,,periodic_fourier_ridge_with_cycle_contrasts,5.622446517443634,"{""1"": -3.667530379129279, ""2"": 3.667530379129279}",periodic_model_boundary
