point_id,kind,model,rho1,rho2,L_mm,Z,dZ_dlogrho1,dZ_dlogrho2,relative_residual,reciprocity_abs,elapsed_seconds
a1,anchor,variable_transverse,7.18638637403607,15.3137875396276,50,123.128983283315,121.360082146945,1.02394403498113,3.54331212913396e-10,0,1.9785914
a1,anchor,variable_transverse,7.18638637403607,15.3137875396276,60,122.795628847158,122.184352348393,1.58573172261948,2.09904071268074e-10,1.4210854715202e-14,4.0855812
a1,anchor,variable_transverse,7.18638637403607,15.3137875396276,70,94.0087825221583,92.0668568452983,1.91032615950715,1.42220448609953e-10,5.6843418860808e-14,6.1098135
a1,anchor,variable_transverse,7.18638637403607,15.3137875396276,80,97.1313868197238,94.548766322925,2.45311492225062,4.91765875176604e-10,2.8421709430404e-14,8.1343506
a1,anchor,variable_transverse,7.18638637403607,15.3137875396276,90,82.7014919644853,79.6597474345377,2.92009832189225,2.44843717433901e-10,1.4210854715202e-14,10.422597
a1,anchor,variable_transverse,7.18638637403607,15.3137875396276,110,77.9061896465379,74.7564936767935,3.87680621026136,7.271920574081e-10,4.2632564145606e-14,12.4509381
a1,anchor,variable_transverse,7.18638637403607,15.3137875396276,120,70.921625754153,66.3810243582234,4.49168070085806,2.38925846081974e-10,1.4210854715202e-14,14.457404
a1,anchor,variable_transverse,7.18638637403607,15.3137875396276,130,65.2260683470225,60.587079895857,4.66890650613691,8.37373024764852e-10,0,16.4627525
a1,anchor,variable_transverse,7.18638637403607,15.3137875396276,140,63.1306031570849,57.9943023956278,5.24774069222769,4.66819092901485e-10,1.4210854715202e-14,18.4090142
g00_01,grid,variable_transverse,0.1,0.153992652605949,50,1.73154758067214,1.71424709394862,0.015869788070092,7.09633086705878e-11,0,1.9623657
g00_01,grid,variable_transverse,0.1,0.153992652605949,60,1.62940959907202,1.61534413516029,0.0244394304741293,1.78268821531775e-10,6.66133814775094e-16,4.0479807
g00_01,grid,variable_transverse,0.1,0.153992652605949,70,1.28631789597421,1.26023980972848,0.0294229832598019,2.25958790320583e-10,0,6.1743546
g00_01,grid,variable_transverse,0.1,0.153992652605949,80,1.3374652000599,1.29941790247949,0.0387187795661456,1.35757140282914e-10,4.44089209850063e-16,8.2370975
g00_01,grid,variable_transverse,0.1,0.153992652605949,90,1.14300853739331,1.09715388478215,0.045381023651724,2.53464997709271e-10,4.44089209850063e-16,10.2396175
g00_01,grid,variable_transverse,0.1,0.153992652605949,110,1.0324985008704,0.976047024359133,0.0601120840384575,2.05005553113593e-10,6.66133814775094e-16,12.0955862
g00_01,grid,variable_transverse,0.1,0.153992652605949,120,0.968871948406839,0.897596661414027,0.0704799138232856,3.91117137488105e-10,7.7715611723761e-16,14.0921288
g00_01,grid,variable_transverse,0.1,0.153992652605949,130,0.883950743668569,0.810166170995827,0.0734146644338601,3.73825024504561e-10,7.7715611723761e-16,15.9585149
g00_01,grid,variable_transverse,0.1,0.153992652605949,140,0.84940645755049,0.766899218221649,0.0822415268200554,3.83705788330263e-10,5.55111512312578e-16,17.8802784
g00_03,grid,variable_transverse,0.1,0.365174127254838,50,1.7432807245892,1.73072460740674,0.0111215593851252,1.62637460529684e-10,4.44089209850063e-16,1.8926028
g00_03,grid,variable_transverse,0.1,0.365174127254838,60,1.64748633921262,1.64072049275777,0.017147673373904,1.64246769406783e-10,4.44089209850063e-16,3.9167212
g00_03,grid,variable_transverse,0.1,0.365174127254838,70,1.30806269669994,1.29080681287048,0.0206134756424689,2.07987774712318e-10,0,5.9248718
g00_03,grid,variable_transverse,0.1,0.365174127254838,80,1.36606743748617,1.33952774228673,0.0271089706263902,1.53451376027728e-10,4.44089209850063e-16,7.9509754
g00_03,grid,variable_transverse,0.1,0.365174127254838,90,1.17651020492968,1.14432098726769,0.0317395778776999,3.0851798466117e-10,4.44089209850063e-16,9.9789913
g00_03,grid,variable_transverse,0.1,0.365174127254838,110,1.07675810507839,1.03859361928248,0.04184364869232,4.83781999009334e-10,4.44089209850063e-16,11.9361887
g00_03,grid,variable_transverse,0.1,0.365174127254838,120,1.02068380515421,0.970917210679302,0.0489214209760724,2.94676085484636e-10,2.22044604925031e-16,14.0269783
g00_03,grid,variable_transverse,0.1,0.365174127254838,130,0.937769764103218,0.886683877084533,0.0506814990403468,3.95551178720935e-10,6.66133814775094e-16,16.0013677
g00_03,grid,variable_transverse,0.1,0.365174127254838,140,0.909537258907501,0.852768491502913,0.0564767566379152,5.77472630847603e-10,4.44089209850063e-16,17.9869064
g00_05,grid,variable_transverse,0.1,0.865964323360065,50,1.7508295981745,1.7428321646982,0.00656041702478019,1.77110159854975e-10,4.44089209850063e-16,1.9192646
g00_05,grid,variable_transverse,0.1,0.865964323360065,60,1.65913885114822,1.65938264563346,0.0101429750515624,1.51791419425455e-10,2.22044604925031e-16,3.8722632
g00_05,grid,variable_transverse,0.1,0.865964323360065,70,1.32206800665661,1.3132425159693,0.0121908566560569,2.58196822932533e-10,1.11022302462516e-15,5.904274
g00_05,grid,variable_transverse,0.1,0.865964323360065,80,1.38449206248547,1.36894689373316,0.0160478601387344,1.44127394140065e-10,4.44089209850063e-16,7.8967535
g00_05,grid,variable_transverse,0.1,0.865964323360065,90,1.19808513328203,1.17885184698713,0.0187992361308084,3.51387768682921e-10,2.22044604925031e-16,9.9979195
g00_05,grid,variable_transverse,0.1,0.865964323360065,110,1.10518827436779,1.08410455409208,0.0247749937723834,2.8449231254633e-10,2.22044604925031e-16,12.0744911
g00_05,grid,variable_transverse,0.1,0.865964323360065,120,1.05391242135665,1.02407895827048,0.0289562985207471,2.45357348670234e-10,2.22044604925031e-16,14.1739241
g00_05,grid,variable_transverse,0.1,0.865964323360065,130,0.972138320547029,0.941810524620371,0.0299013236587289,3.68780881345782e-10,5.55111512312578e-16,16.2205645
g00_05,grid,variable_transverse,0.1,0.865964323360065,140,0.947769050596634,0.914257389174845,0.0332015045234683,3.32138805394996e-10,5.55111512312578e-16,18.2175417
g00_07,grid,variable_transverse,0.1,2.05352502645715,50,1.75503904601865,1.7501567811487,0.00344391795888509,1.04023172035621e-10,4.44089209850063e-16,1.9652021
g00_07,grid,variable_transverse,0.1,2.05352502645715,60,1.66565698394117,1.670703619934,0.00534286189718977,1.37959026856738e-10,0,4.0092511
g00_07,grid,variable_transverse,0.1,2.05352502645715,70,1.32990367024044,1.32684845004611,0.00642476137094119,1.48303810085153e-10,4.44089209850063e-16,6.0672851
g00_07,grid,variable_transverse,0.1,2.05352502645715,80,1.39481470467845,1.38680721948863,0.00847232044670763,2.10604463415147e-10,2.22044604925031e-16,8.1263128
g00_07,grid,variable_transverse,0.1,2.05352502645715,90,1.21018412563986,1.19982176597583,0.00993732712923816,1.91520290611389e-10,2.22044604925031e-16,10.198803
g00_07,grid,variable_transverse,0.1,2.05352502645715,110,1.12114517363163,1.11172270162745,0.0131204806305575,5.86344473536179e-10,2.22044604925031e-16,12.1989507
g00_07,grid,variable_transverse,0.1,2.05352502645715,120,1.07256913358951,1.05632536703587,0.0153485952661788,2.9034135089324e-10,0,14.2301069
g00_07,grid,variable_transverse,0.1,2.05352502645715,130,0.991385452986674,0.97512806199772,0.0158182689943481,2.84305314762007e-10,0,16.342718
g00_07,grid,variable_transverse,0.1,2.05352502645715,140,0.96911524955629,0.951273332175206,0.017520915018151,2.757184630311e-10,2.22044604925031e-16,18.5311365
g00_09,grid,variable_transverse,0.1,4.86967525165863,50,1.75716422374104,1.75406136985824,0.00166385921611907,1.92857297466744e-10,2.22044604925031e-16,2.1846655
g00_09,grid,variable_transverse,0.1,4.86967525165863,60,1.66895842730808,1.67676050336786,0.0025887955933426,1.9346366589219e-10,4.44089209850063e-16,4.4197132
g00_09,grid,variable_transverse,0.1,4.86967525165863,70,1.33387469665622,1.33413144041616,0.003114849063908,2.38905589191233e-10,0,6.6284713
g00_09,grid,variable_transverse,0.1,4.86967525165863,80,1.40005514175706,1.39638646325233,0.00411403318505052,1.95983548343167e-10,2.22044604925031e-16,8.9301737
g00_09,grid,variable_transverse,0.1,4.86967525165863,90,1.21633400096903,1.2110827640092,0.00483094847446365,3.16613738715066e-10,8.88178419700125e-16,11.2911811
g00_09,grid,variable_transverse,0.1,4.86967525165863,110,1.12927231879719,1.12658291051659,0.00639079098126493,6.40648283079199e-10,4.44089209850063e-16,13.559365
g00_09,grid,variable_transverse,0.1,4.86967525165863,120,1.08208040539745,1.07369334024219,0.00748267900717868,4.34237628621603e-10,2.22044604925031e-16,15.9228171
g00_09,grid,variable_transverse,0.1,4.86967525165863,130,1.00118191621868,0.993034121585163,0.00770204315879525,4.33619848998121e-10,0,18.1421485
g00_09,grid,variable_transverse,0.1,4.86967525165863,140,0.979957912105126,0.971113487212025,0.00851761662092606,4.00963885442568e-10,0,20.3336729
g00_11,grid,variable_transverse,0.1,11.5478198468946,50,1.75816309293277,1.75596565266131,0.000758150104762231,1.45931998916061e-10,4.44089209850063e-16,2.3765494
g00_11,grid,variable_transverse,0.1,11.5478198468946,60,1.67051398757163,1.67972363786789,0.00118186751441212,1.57218971300512e-10,0,4.7520502
g00_11,grid,variable_transverse,0.1,11.5478198468946,70,1.33574673408916,1.33769663543469,0.0014226393380631,1.45129247713044e-10,2.22044604925031e-16,7.0099679
g00_11,grid,variable_transverse,0.1,11.5478198468946,80,1.40252890461331,1.40108406597961,0.00188090880391706,4.28285187559304e-10,1.33226762955019e-15,9.242526
g00_11,grid,variable_transverse,0.1,11.5478198468946,90,1.21923988103715,1.21661157779404,0.00221031722691702,2.34766913771217e-10,0,11.6069552
g00_11,grid,variable_transverse,0.1,11.5478198468946,110,1.13311871292375,1.13389418715456,0.00292748809225108,3.15471262562486e-10,2.22044604925031e-16,14.1219676
g00_11,grid,variable_transverse,0.1,11.5478198468946,120,1.08658504976746,1.08224699660972,0.00342929043444587,1.69223650487736e-10,6.66133814775094e-16,16.5503633
g00_11,grid,variable_transverse,0.1,11.5478198468946,130,1.00581691958057,1.0018408541121,0.00352711106861179,3.86927610220195e-10,2.22044604925031e-16,19.0882853
g00_11,grid,variable_transverse,0.1,11.5478198468946,140,0.985081478573804,0.980854747392245,0.0038970868441547,2.12217003899034e-10,6.66133814775094e-16,21.4320231
g00_13,grid,variable_transverse,0.1,27.3841963426436,50,1.75861021872685,1.75683799563222,0.000332803315101023,1.04342801165628e-10,2.22044604925031e-16,2.2757018
g00_13,grid,variable_transverse,0.1,27.3841963426436,60,1.67121137180417,1.68108381317938,0.000519366248824574,1.49755533913426e-10,2.22044604925031e-16,4.8182614
g00_13,grid,variable_transverse,0.1,27.3841963426436,70,1.33658629135216,1.3393339248481,0.000625327306492688,2.26491053592978e-10,2.22044604925031e-16,7.2293693
g00_13,grid,variable_transverse,0.1,27.3841963426436,80,1.40363920187259,1.40324386764351,0.000827213382309237,1.94418839247667e-10,2.22044604925031e-16,9.5240622
g00_13,grid,variable_transverse,0.1,27.3841963426436,90,1.22054488220875,1.21915547491761,0.000972473404435331,3.46528315684232e-10,2.22044604925031e-16,12.1727266
g00_13,grid,variable_transverse,0.1,27.3841963426436,110,1.13484762838608,1.13726256780127,0.00128873055382359,2.44322176419938e-10,2.22044604925031e-16,14.7162612
g00_13,grid,variable_transverse,0.1,27.3841963426436,120,1.08861050998462,1.08618987426415,0.00150990321797378,3.91880159228641e-10,2.22044604925031e-16,17.2720608
g00_13,grid,variable_transverse,0.1,27.3841963426436,130,1.00789970230517,1.00589702599168,0.00155226721802867,2.21090004015594e-10,0,19.8917658
g00_13,grid,variable_transverse,0.1,27.3841963426436,140,0.987382193422395,0.985336990705064,0.00171426184090387,5.39848918003479e-10,4.44089209850063e-16,22.5568497
g00_15,grid,variable_transverse,0.1,64.9381631576211,50,1.75880450722126,1.75722197812869,0.000143053661707028,1.22077155823027e-10,4.44089209850063e-16,2.6222838
g00_15,grid,variable_transverse,0.1,64.9381631576211,60,1.67151465658401,1.68168322061035,0.000223369719042655,2.35728694892414e-10,4.44089209850063e-16,5.612404
g00_15,grid,variable_transverse,0.1,64.9381631576211,70,1.33695147459799,1.3400556419752,0.000268975032816284,3.5047457212055e-10,4.44089209850063e-16,8.1832616
g00_15,grid,variable_transverse,0.1,64.9381631576211,80,1.4041223468943,1.40419648966632,0.000355907022817385,1.64231277842091e-10,4.44089209850063e-16,10.6562802
g00_15,grid,variable_transverse,0.1,64.9381631576211,90,1.2211129223347,1.22027796553002,0.000418485422943705,3.69196431419183e-10,4.44089209850063e-16,13.0793952
g00_15,grid,variable_transverse,0.1,64.9381631576211,110,1.13560048933407,1.1387497566529,0.000554710804817529,3.01043462087696e-10,2.22044604925031e-16,15.3994301
g00_15,grid,variable_transverse,0.1,64.9381631576211,120,1.08949260308735,1.08793106621805,0.000649946170620514,4.79799806348798e-10,0,17.9095118
g00_15,grid,variable_transverse,0.1,64.9381631576211,130,1.00880643662943,1.0076873725542,0.00066801853890412,2.3792903140781e-10,2.22044604925031e-16,20.4570818
g00_15,grid,variable_transverse,0.1,64.9381631576211,140,0.988383434365213,0.987314371429873,0.000737552205657713,8.39325052640047e-10,5.55111512312578e-16,23.4290517
g01_00,grid,variable_transverse,0.155507915397319,0.1,50,2.66815638830009,2.63737248749619,0.0276922716463148,1.54235277410254e-10,0,2.5871738
g01_00,grid,variable_transverse,0.155507915397319,0.1,60,2.50602628935553,2.48422098197462,0.0426684527747198,1.40377196122042e-10,0,5.0558618
g01_00,grid,variable_transverse,0.155507915397319,0.1,70,1.9594946710234,1.9143670497045,0.0515224207714049,1.95948712468822e-10,1.33226762955019e-15,7.5553538
g01_00,grid,variable_transverse,0.155507915397319,0.1,80,2.02336172722622,1.95729477356415,0.0677967018663617,1.69282466935887e-10,0,9.9673256
g01_00,grid,variable_transverse,0.155507915397319,0.1,90,1.70999765086615,1.62914998822905,0.0798531163404338,2.42655368831279e-10,2.22044604925031e-16,12.1583781
g01_00,grid,variable_transverse,0.155507915397319,0.1,110,1.51926341655066,1.42000360005061,0.106732990756231,3.11449191796599e-10,2.22044604925031e-16,14.2612294
g01_00,grid,variable_transverse,0.155507915397319,0.1,120,1.40121768829462,1.27416625529293,0.125726867640949,3.08654993337275e-10,4.44089209850063e-16,16.4180727
g01_00,grid,variable_transverse,0.155507915397319,0.1,130,1.26466742272074,1.13209473301089,0.132092588977221,3.66235665852371e-10,4.44089209850063e-16,18.4587533
g01_00,grid,variable_transverse,0.155507915397319,0.1,140,1.19738791760542,1.04803872517313,0.149103602403931,3.4057255471105e-10,4.44089209850063e-16,20.5186622
g01_02,grid,variable_transverse,0.155507915397319,0.237137370566166,50,2.69128326707554,2.66343890866093,0.0247432207518308,1.26205234021831e-10,0,1.9496378
g01_02,grid,variable_transverse,0.155507915397319,0.237137370566166,60,2.5416553037663,2.52442181481874,0.03811951119571,1.09634347982215e-10,1.77635683940025e-15,3.982406
g01_02,grid,variable_transverse,0.155507915397319,0.237137370566166,70,2.00245289106071,1.96298951373986,0.045898098240522,1.18331649536223e-10,8.88178419700125e-16,6.0304289
g01_02,grid,variable_transverse,0.155507915397319,0.237137370566166,80,2.07982907011746,2.02103969769704,0.0602746717234641,2.53597330191394e-10,4.44089209850063e-16,8.078
g01_02,grid,variable_transverse,0.155507915397319,0.237137370566166,90,1.7764078041655,1.7046719540011,0.0707951035924621,1.52248325679867e-10,8.88178419700125e-16,10.0078865
g01_02,grid,variable_transverse,0.155507915397319,0.237137370566166,110,1.60761032586813,1.52135603770051,0.0937709067272091,3.43000370251736e-10,0,12.0130711
g01_02,grid,variable_transverse,0.155507915397319,0.237137370566166,120,1.50500141937136,1.39367613169198,0.109873790859353,2.5692076107821e-10,2.22044604925031e-16,14.1033032
g01_02,grid,variable_transverse,0.155507915397319,0.237137370566166,130,1.37323610199771,1.25818831779408,0.11447557315016,4.58763987051785e-10,8.88178419700125e-16,16.2395712
g01_02,grid,variable_transverse,0.155507915397319,0.237137370566166,140,1.31947676937715,1.19091221477058,0.1282651355682,1.97489168869587e-10,0,18.2108244
g01_04,grid,variable_transverse,0.155507915397319,0.562341325190349,50,2.70959841794759,2.68910873606898,0.0173809337293569,1.98821490205996e-10,8.88178419700125e-16,1.764087
g01_04,grid,variable_transverse,0.155507915397319,0.562341325190349,60,2.56988345166351,2.56397837699773,0.0268085090741837,2.86763450149114e-10,0,3.6366439
g01_04,grid,variable_transverse,0.155507915397319,0.562341325190349,70,2.03641259447576,2.01064728658894,0.0322299038813353,3.99837735095163e-10,4.44089209850063e-16,5.4681816
g01_04,grid,variable_transverse,0.155507915397319,0.562341325190349,80,2.12440607196286,2.08339956692146,0.0422978938442212,2.26080529873904e-10,0,7.1729013
g01_04,grid,variable_transverse,0.155507915397319,0.562341325190349,90,1.82873050027968,1.77820368742341,0.0496270637463724,5.28571629540477e-10,4.44089209850063e-16,8.893648
g01_04,grid,variable_transverse,0.155507915397319,0.562341325190349,110,1.67672968237705,1.61886287593981,0.0654190994603925,4.40114941165242e-10,0,10.6328234
g01_04,grid,variable_transverse,0.155507915397319,0.562341325190349,120,1.58586164415445,1.50787739419234,0.0764326708673693,7.72867948270182e-10,2.22044604925031e-16,12.5563002
g01_04,grid,variable_transverse,0.155507915397319,0.562341325190349,130,1.45724715900465,1.37740459688938,0.0791987342893001,4.19071799728037e-10,4.44089209850063e-16,14.5773718
g01_04,grid,variable_transverse,0.155507915397319,0.562341325190349,140,1.41335718276834,1.32474131277182,0.0882686306113444,9.05477664696629e-10,8.88178419700125e-16,16.5124841
g01_06,grid,variable_transverse,0.155507915397319,1.33352143216332,50,2.72140513904265,2.70802243462357,0.0102691051466338,1.67114779166195e-10,1.33226762955019e-15,1.9415752
g01_06,grid,variable_transverse,0.155507915397319,1.33352143216332,60,2.58811493584492,2.59314690015814,0.015882419623544,2.15460686836043e-10,1.33226762955019e-15,4.0195286
g01_06,grid,variable_transverse,0.155507915397319,1.33352143216332,70,2.05832707339448,2.04571962589573,0.0190904875907166,2.22273919748563e-10,0,6.1568314
g01_06,grid,variable_transverse,0.155507915397319,1.33352143216332,80,2.15317541472155,2.12926273911161,0.0250776398053999,3.84245638817409e-10,4.44089209850063e-16,7.9906151
g01_06,grid,variable_transverse,0.155507915397319,1.33352143216332,90,1.86248992169118,1.83217738936088,0.0294394181651103,4.49243913719953e-10,2.22044604925031e-16,9.7987122
g01_06,grid,variable_transverse,0.155507915397319,1.33352143216332,110,1.72121048299759,1.68999434022558,0.0387917401963219,4.29802554811865e-10,4.44089209850063e-16,11.4776921
g01_06,grid,variable_transverse,0.155507915397319,1.33352143216332,120,1.63781395973472,1.59089106592269,0.0453068134400196,3.75555956639319e-10,4.44089209850063e-16,13.1827688
g01_06,grid,variable_transverse,0.155507915397319,1.33352143216332,130,1.51099211745712,1.46350814325329,0.0467939238744675,6.23715409660594e-10,2.22044604925031e-16,14.9798462
g01_06,grid,variable_transverse,0.155507915397319,1.33352143216332,140,1.47315185891625,1.42080583625323,0.0519651626718546,5.89404373064752e-10,4.44089209850063e-16,16.9056914
g01_08,grid,variable_transverse,0.155507915397319,3.16227766016838,50,2.72799770739814,2.71948469505242,0.00539679413480126,9.51926551715463e-11,4.44089209850063e-16,2.1154461
g01_08,grid,variable_transverse,0.155507915397319,3.16227766016838,60,2.59832670024302,2.61087176412948,0.00837536040855538,2.12399067206805e-10,4.44089209850063e-16,4.2546302
g01_08,grid,variable_transverse,0.155507915397319,3.16227766016838,70,2.07060379360933,2.06702487137593,0.0100719392577138,2.31024133241079e-10,0,6.3345417
g01_08,grid,variable_transverse,0.155507915397319,3.16227766016838,80,2.16931454612959,2.15715392578185,0.0132536940097836,2.0516465383271e-10,0,8.6972003
g01_08,grid,variable_transverse,0.155507915397319,3.16227766016838,90,1.88144670692872,1.86501003554488,0.0155789884032056,2.01163597148209e-10,2.22044604925031e-16,11.2051613
g01_08,grid,variable_transverse,0.155507915397319,3.16227766016838,110,1.74620786705376,1.73323067274872,0.0205657313677252,3.15463321669088e-10,6.66133814775094e-16,13.5393588
g01_08,grid,variable_transverse,0.155507915397319,3.16227766016838,120,1.66702013322374,1.64132645107125,0.0240412001358031,4.18859547218568e-10,6.66133814775094e-16,15.8032027
g01_08,grid,variable_transverse,0.155507915397319,3.16227766016838,130,1.54112774403835,1.51563019268372,0.0247808828996907,3.07987190127356e-10,0,18.1040241
g01_08,grid,variable_transverse,0.155507915397319,3.16227766016838,140,1.50657803015379,1.47872551064977,0.0274512970295272,3.75633237114755e-10,8.88178419700125e-16,20.1638537
g01_10,grid,variable_transverse,0.155507915397319,7.49894209332456,50,2.73132922140145,2.72560228618809,0.00260944664496485,1.52816933932523e-10,1.77635683940025e-15,2.1213691
g01_10,grid,variable_transverse,0.155507915397319,7.49894209332456,60,2.60350392824613,2.62036597249927,0.00406141878823869,1.44314842447494e-10,8.88178419700125e-16,4.2734729
g01_10,grid,variable_transverse,0.155507915397319,7.49894209332456,70,2.07683140783234,2.0784423650195,0.00488699098694532,1.59532857435414e-10,0,6.5165897
g01_10,grid,variable_transverse,0.155507915397319,7.49894209332456,80,2.17751547422582,2.17213064566826,0.00644090775878885,2.66680201061214e-10,0,8.9159799
g01_10,grid,variable_transverse,0.155507915397319,7.49894209332456,90,1.89109174737999,1.88266232099279,0.00757988028054975,2.46072601343135e-10,4.44089209850063e-16,11.4278927
g01_10,grid,variable_transverse,0.155507915397319,7.49894209332456,110,1.75895165264325,1.75652116817868,0.0100254903040162,3.25779322443361e-10,8.88178419700125e-16,13.9182599
g01_10,grid,variable_transverse,0.155507915397319,7.49894209332456,120,1.68192379635677,1.66852250159464,0.0117301468345426,3.33963630426074e-10,8.88178419700125e-16,16.7687476
g01_10,grid,variable_transverse,0.155507915397319,7.49894209332456,130,1.55648066897542,1.54367418603795,0.0120758157400206,6.94415964315708e-10,0,19.2918983
g01_10,grid,variable_transverse,0.155507915397319,7.49894209332456,140,1.52357234399583,1.50980426054307,0.0133558610879512,3.50965300825787e-10,4.44089209850063e-16,21.6373712
g01_12,grid,variable_transverse,0.155507915397319,17.7827941003892,50,2.73289615896294,2.72858843437222,0.00118965834998178,2.06181822690783e-10,8.88178419700125e-16,2.2980977
g01_12,grid,variable_transverse,0.155507915397319,17.7827941003892,60,2.60594499367099,2.62501470083313,0.00185518408962574,9.68815685279811e-11,0,4.6393782
g01_12,grid,variable_transverse,0.155507915397319,17.7827941003892,70,2.07976926924565,2.08403625699003,0.00223324791937233,1.30868833190873e-10,4.44089209850063e-16,6.9741208
g01_12,grid,variable_transverse,0.155507915397319,17.7827941003892,80,2.18138937937461,2.17948148299342,0.00294634373062474,2.8836224192896e-10,4.44089209850063e-16,9.0646378
g01_12,grid,variable_transverse,0.155507915397319,17.7827941003892,90,1.89565237410901,1.89133676468858,0.0034700207708851,2.09105206324071e-10,4.44089209850063e-16,11.3492934
g01_12,grid,variable_transverse,0.155507915397319,17.7827941003892,110,1.76498726685355,1.76799021359009,0.00459508279877021,3.52304762040716e-10,2.22044604925031e-16,13.5614443
g01_12,grid,variable_transverse,0.155507915397319,17.7827941003892,120,1.68898737089476,1.68192836538688,0.00537897972644286,2.63568212678775e-10,6.66133814775094e-16,15.8796139
g01_12,grid,variable_transverse,0.155507915397319,17.7827941003892,130,1.56374969849968,1.55747906966626,0.00553318440104909,5.61998735782449e-10,6.66133814775094e-16,18.3924885
g01_12,grid,variable_transverse,0.155507915397319,17.7827941003892,140,1.53160835333511,1.52507657824672,0.00611414974380305,2.24058968663012e-10,6.66133814775094e-16,20.8168429
g01_14,grid,variable_transverse,0.155507915397319,42.1696503428582,50,2.73359787946551,2.72995717023096,0.000522390125792923,1.96878962691416e-10,8.88178419700125e-16,2.4374653
g01_14,grid,variable_transverse,0.155507915397319,42.1696503428582,60,2.60703985433893,2.62714986589533,0.000815519967755312,3.36031091333209e-10,8.88178419700125e-16,4.8627208
g01_14,grid,variable_transverse,0.155507915397319,42.1696503428582,70,2.08108740722386,2.08660670353587,0.000981955946566692,3.9104449871842e-10,4.44089209850063e-16,7.2792933
g01_14,grid,variable_transverse,0.155507915397319,42.1696503428582,80,2.18312887430379,2.18286315235957,0.00129620989923815,3.9902342343602e-10,1.33226762955019e-15,9.5654545
g01_14,grid,variable_transverse,0.155507915397319,42.1696503428582,90,1.89770145823306,1.89533045244044,0.00152722813277425,3.2080856373865e-10,2.22044604925031e-16,11.8701319
g01_14,grid,variable_transverse,0.155507915397319,42.1696503428582,110,1.7677014767361,1.77327733228568,0.00202352754866346,3.68326810008838e-10,8.88178419700125e-16,14.3271198
g01_14,grid,variable_transverse,0.155507915397319,42.1696503428582,120,1.69216491318984,1.68811172744198,0.00236916070801891,6.23473003258692e-10,4.44089209850063e-16,16.5233713
g01_14,grid,variable_transverse,0.155507915397319,42.1696503428582,130,1.56701761438663,1.5638411286867,0.00243595918676464,6.03146722968571e-10,2.22044604925031e-16,18.6926325
g01_14,grid,variable_transverse,0.155507915397319,42.1696503428582,140,1.53521853227899,1.53210801841659,0.00269041111985883,6.46731771786491e-10,0,21.0247633
g01_16,grid,variable_transverse,0.155507915397319,100,50,2.73390287284976,2.73055986048627,0.000224584691263368,8.67162423547118e-11,4.44089209850063e-16,2.1368147
g01_16,grid,variable_transverse,0.155507915397319,100,60,2.6075161188171,2.62809112790739,0.000350800762221968,1.95775146387381e-10,0,4.6500751
g01_16,grid,variable_transverse,0.155507915397319,100,70,2.08166090551141,2.08774015086458,0.000422446662184055,1.54765305264631e-10,4.44089209850063e-16,6.7860799
g01_16,grid,variable_transverse,0.155507915397319,100,80,2.18388600689363,2.1843552319767,0.000557788460139255,2.40566025836081e-10,4.44089209850063e-16,8.9440205
g01_16,grid,variable_transverse,0.155507915397319,100,90,1.89859361973884,1.89709330589281,0.000657332540962819,1.98133674342558e-10,4.44089209850063e-16,11.2216206
g01_16,grid,variable_transverse,0.155507915397319,100,110,1.76888370155893,1.77561252497178,0.000871148483013573,3.43351664832749e-10,8.88178419700125e-16,13.3412352
g01_16,grid,variable_transverse,0.155507915397319,100,120,1.69354911127244,1.69084333945088,0.00102000348759384,2.7847645010854e-10,4.44089209850063e-16,15.6545058
g01_16,grid,variable_transverse,0.155507915397319,100,130,1.56844066849747,1.56665028924776,0.00104850282381355,6.71370600744498e-10,0,17.9573202
g01_16,grid,variable_transverse,0.155507915397319,100,140,1.53679004279982,1.53521111038373,0.00115773899397104,4.73527089071459e-10,2.22044604925031e-16,20.8799804
g02_01,grid,variable_transverse,0.241827117512196,0.153992652605949,50,4.14629290852085,4.09677557191337,0.0430427329841097,1.53283483985911e-10,2.66453525910038e-15,2.5420809
g02_01,grid,variable_transverse,0.241827117512196,0.153992652605949,60,3.91232151240691,3.88537181750957,0.0663565400409842,1.2387075156141e-10,0,5.0451842
g02_01,grid,variable_transverse,0.241827117512196,0.153992652605949,70,3.05110263502187,2.9822506289852,0.0801424200481064,1.15988216451038e-10,8.88178419700125e-16,8.0818526
g02_01,grid,variable_transverse,0.241827117512196,0.153992652605949,80,3.14682901565454,3.04516644484806,0.105191215893641,2.20383054741365e-10,0,10.4800445
g02_01,grid,variable_transverse,0.241827117512196,0.153992652605949,90,2.65719724376174,2.5310427003691,0.124200620513631,1.84320654941472e-10,8.88178419700125e-16,12.973321
g02_01,grid,variable_transverse,0.241827117512196,0.153992652605949,110,2.36672267711862,2.21522241349355,0.166005010965523,4.03837157516636e-10,4.44089209850063e-16,15.4454733
g02_01,grid,variable_transverse,0.241827117512196,0.153992652605949,120,2.1761479121546,1.97857133220504,0.195400983561175,1.98096328833986e-10,0,18.2203155
g02_01,grid,variable_transverse,0.241827117512196,0.153992652605949,130,1.96436927024126,1.75855343352273,0.205352141401828,4.6843129231061e-10,8.88178419700125e-16,20.7468915
g02_01,grid,variable_transverse,0.241827117512196,0.153992652605949,140,1.85968747727737,1.62790695830298,0.231876013379415,2.19590358458636e-10,0,23.3144084
g02_03,grid,variable_transverse,0.241827117512196,0.365174127254838,50,4.18229431745207,4.13722723624749,0.0385756676717353,2.66514873762562e-10,1.77635683940025e-15,2.679758
g02_03,grid,variable_transverse,0.241827117512196,0.365174127254838,60,3.9678143820885,3.94780933644525,0.0594607126447778,1.87392360294556e-10,8.88178419700125e-16,5.5400691
g02_03,grid,variable_transverse,0.241827117512196,0.365174127254838,70,3.1180238673172,3.05779639442374,0.0716071604483314,1.63591089404541e-10,0,8.2152569
g02_03,grid,variable_transverse,0.241827117512196,0.365174127254838,80,3.23457423652892,3.14387638527895,0.0938010046029143,3.9176461723528e-10,1.77635683940025e-15,10.693413
g02_03,grid,variable_transverse,0.241827117512196,0.365174127254838,90,2.76064321119716,2.64833007939687,0.110438933845233,2.47599268116076e-10,0,13.3814623
g02_03,grid,variable_transverse,0.241827117512196,0.365174127254838,110,2.50433653376336,2.37264113463441,0.146277622068673,4.48366741310018e-10,0,16.2103461
g02_03,grid,variable_transverse,0.241827117512196,0.365174127254838,120,2.3376823894717,2.16400816258287,0.171261096169759,2.46482148296158e-10,4.44089209850063e-16,19.1717442
g02_03,grid,variable_transverse,0.241827117512196,0.365174127254838,130,2.13339666296379,1.95427434433822,0.178479723471845,5.58994880319925e-10,0,21.7536337
g02_03,grid,variable_transverse,0.241827117512196,0.365174127254838,140,2.0498227765984,1.84980131438156,0.200035379340731,3.21364247348122e-10,0,24.9651502
g02_05,grid,variable_transverse,0.241827117512196,0.865964323360065,50,4.21088211893026,4.17721553483935,0.0271616837958172,3.47284008569956e-10,8.88178419700125e-16,2.6879108
g02_05,grid,variable_transverse,0.241827117512196,0.865964323360065,60,4.01189751534034,4.00947538465663,0.041914962605861,2.04616439146929e-10,0,5.3396805
g02_05,grid,variable_transverse,0.241827117512196,0.865964323360065,70,3.17106674600943,3.13211479298361,0.0503990562149358,1.32476099447874e-10,2.66453525910038e-15,8.0666123
g02_05,grid,variable_transverse,0.241827117512196,0.865964323360065,80,3.30402601234503,3.24081491176349,0.0659763233276616,5.25055834673012e-10,4.44089209850063e-16,11.3825319
g02_05,grid,variable_transverse,0.241827117512196,0.865964323360065,90,2.84235890422512,2.76295081322182,0.0775942020049055,2.38992907058841e-10,0,13.9742429
g02_05,grid,variable_transverse,0.241827117512196,0.865964323360065,110,2.61228034781378,2.52464727682718,0.102279284751033,8.39015342226313e-10,1.33226762955019e-15,16.5403813
g02_05,grid,variable_transverse,0.241827117512196,0.865964323360065,120,2.46385885174799,2.34185931529786,0.119398330808572,4.02568839057325e-10,0,19.0473568
g02_05,grid,variable_transverse,0.241827117512196,0.865964323360065,130,2.26452139300149,2.1399908554431,0.123747306520348,1.02173158943762e-09,4.44089209850063e-16,21.7801787
g02_05,grid,variable_transverse,0.241827117512196,0.865964323360065,140,2.19638902315226,2.05837588071756,0.13795074283231,3.96667344967629e-10,8.88178419700125e-16,24.4579932
g02_07,grid,variable_transverse,0.241827117512196,2.05352502645715,50,4.22934734079025,4.206760229212,0.0160736207080692,2.40183991584497e-10,0,2.6511046
g02_07,grid,variable_transverse,0.241827117512196,2.05352502645715,60,4.04042441549128,4.05506927184408,0.0248713285874386,1.43163240504365e-10,8.88178419700125e-16,5.259949
g02_07,grid,variable_transverse,0.241827117512196,2.05352502645715,70,3.20536137245982,3.18695142057862,0.0298990225050853,2.01398875731249e-10,8.88178419700125e-16,8.0135135
g02_07,grid,variable_transverse,0.241827117512196,2.05352502645715,80,3.34893428286225,3.31230290774233,0.0391762122735346,3.74043430910324e-10,1.77635683940025e-15,10.3762171
g02_07,grid,variable_transverse,0.241827117512196,2.05352502645715,90,2.89518340307945,2.84730719724775,0.0461014287475929,2.79851285838147e-10,8.88178419700125e-16,12.8619891
g02_07,grid,variable_transverse,0.241827117512196,2.05352502645715,110,2.68187490877741,2.63582281585026,0.0607401149753362,4.8336789997563e-10,0,15.6118404
g02_07,grid,variable_transverse,0.241827117512196,2.05352502645715,120,2.54507418732155,2.47147102445232,0.0708802774356385,3.32965545725974e-10,0,18.2571917
g02_07,grid,variable_transverse,0.241827117512196,2.05352502645715,130,2.34855705265171,2.27446079781268,0.0732214283453815,9.62359223318062e-10,0,20.7177021
g02_07,grid,variable_transverse,0.241827117512196,2.05352502645715,140,2.2899040508075,2.20845691058962,0.0813293747185292,4.59252388745864e-10,0,23.3341861
g02_09,grid,variable_transverse,0.241827117512196,4.86967525165863,50,4.23967175650416,4.22469693869741,0.0084567149582663,3.90917539040267e-10,0,2.7746618
g02_09,grid,variable_transverse,0.241827117512196,4.86967525165863,60,4.0564240455115,4.08282308219913,0.0131300117689146,2.13299250712343e-10,8.88178419700125e-16,5.4052049
g02_09,grid,variable_transverse,0.241827117512196,4.86967525165863,70,3.22459877744264,3.22031908484724,0.0157916326058819,2.17412154024452e-10,4.44089209850063e-16,8.0609456
g02_09,grid,variable_transverse,0.241827117512196,4.86967525165863,80,3.37415957743344,3.35585203059774,0.0207271090669266,5.88218492263684e-10,8.88178419700125e-16,10.5166409
g02_09,grid,variable_transverse,0.241827117512196,4.86967525165863,90,2.92488482777851,2.89870931620301,0.0244234495474574,2.37836349020308e-10,4.44089209850063e-16,13.2374535
g02_09,grid,variable_transverse,0.241827117512196,4.86967525165863,110,2.72103572338624,2.70351024180464,0.0322366555631304,9.13858571832522e-10,0,15.974286
g02_09,grid,variable_transverse,0.241827117512196,4.86967525165863,120,2.59078890816513,2.5503453223794,0.0376518088279385,3.33660680653515e-10,0,18.4895533
g02_09,grid,variable_transverse,0.241827117512196,4.86967525165863,130,2.39573552417168,2.35599048024476,0.0388171409982776,1.3369735299795e-09,0,20.7012785
g02_09,grid,variable_transverse,0.241827117512196,4.86967525165863,140,2.34224394392082,2.29908400973095,0.0430079117106872,3.06644272176848e-10,8.88178419700125e-16,23.1332225
g02_11,grid,variable_transverse,0.241827117512196,11.5478198468946,50,4.24489417752467,4.23428157526498,0.00409227984224524,2.44150135269732e-10,2.66453525910038e-15,2.5423207
g02_11,grid,variable_transverse,0.241827117512196,11.5478198468946,60,4.06454343180333,4.09770672105377,0.00637221978203988,2.49755140503442e-10,0,4.7908117
g02_11,grid,variable_transverse,0.241827117512196,11.5478198468946,70,3.2343666226036,3.23822153764141,0.00766839672123985,3.15236454708409e-10,4.44089209850063e-16,7.4819025
g02_11,grid,variable_transverse,0.241827117512196,11.5478198468946,80,3.38698955973821,3.37926390447382,0.0100807842073873,3.90517368691156e-10,1.77635683940025e-15,9.8333151
g02_11,grid,variable_transverse,0.241827117512196,11.5478198468946,90,2.94001140509358,2.92637835004783,0.0118930184047634,4.52845340171159e-10,8.88178419700125e-16,12.4849244
g02_11,grid,variable_transverse,0.241827117512196,11.5478198468946,110,2.74101917878851,2.7400140650012,0.0157278251073139,6.68016633306275e-10,0,15.0696162
g02_11,grid,variable_transverse,0.241827117512196,11.5478198468946,120,2.61413907435718,2.59292565424208,0.0183862302116921,5.33943729160102e-10,1.77635683940025e-15,17.7895226
g02_11,grid,variable_transverse,0.241827117512196,11.5478198468946,130,2.41979364154227,2.39990663497643,0.0189310832866063,8.82839022386894e-10,0,20.2111076
g02_11,grid,variable_transverse,0.241827117512196,11.5478198468946,140,2.36887880344368,2.34776667248144,0.0209413403399371,5.50663868781848e-10,8.88178419700125e-16,22.7388955
g02_13,grid,variable_transverse,0.241827117512196,27.3841963426436,50,4.24735217067738,4.23896413851507,0.00186670715278508,4.54569346850062e-10,0,35.6601048
g02_13,grid,variable_transverse,0.241827117512196,27.3841963426436,60,4.06837437224364,4.10500059287863,0.00291232051994906,2.08007239091315e-10,8.88178419700125e-16,69.1047289
g02_13,grid,variable_transverse,0.241827117512196,27.3841963426436,70,3.23897774831835,3.24700014401879,0.00350621398503164,2.95208985290998e-10,0,88.2340909
g02_13,grid,variable_transverse,0.241827117512196,27.3841963426436,80,3.39305424460658,3.39076477740543,0.00461389708237723,6.93521255899634e-10,4.44089209850063e-16,90.6070675
g02_13,grid,variable_transverse,0.241827117512196,27.3841963426436,90,2.94716907880516,2.93998723916236,0.00544767171733765,2.95703668489363e-10,0,93.2369361
g02_13,grid,variable_transverse,0.241827117512196,27.3841963426436,110,2.7504903045735,2.75800558647976,0.00721281011783442,1.18197952389888e-09,4.44089209850063e-16,95.4728136
g02_13,grid,variable_transverse,0.241827117512196,27.3841963426436,120,2.62521377229079,2.61393365601232,0.00843605537681912,3.57485434975737e-10,1.33226762955019e-15,97.7755388
g02_13,grid,variable_transverse,0.241827117512196,27.3841963426436,130,2.43119223711717,2.42154351323196,0.00867920304296577,1.0452012217996e-09,8.88178419700125e-16,99.9956283
g02_13,grid,variable_transverse,0.241827117512196,27.3841963426436,140,2.38148219124002,2.37171006545218,0.00959204014513185,4.04550629491743e-10,4.44089209850063e-16,102.7152299
g02_15,grid,variable_transverse,0.241827117512196,64.9381631576211,50,4.24845342099495,4.24111170303795,0.000819955759404553,3.42536620219821e-10,0,2.5082688
g02_15,grid,variable_transverse,0.241827117512196,64.9381631576211,60,4.07009338797856,4.10835263747729,0.00128064936142506,1.69793529597077e-10,1.77635683940025e-15,4.9633337
g02_15,grid,variable_transverse,0.241827117512196,64.9381631576211,70,3.24104756109878,3.25103634506784,0.00154218584371112,2.22630884128576e-10,1.33226762955019e-15,7.1201222
g02_15,grid,variable_transverse,0.241827117512196,64.9381631576211,80,3.39577867801895,3.39605875347636,0.00203049862175619,5.30358406006033e-10,2.22044604925031e-15,9.5799138
g02_15,grid,variable_transverse,0.241827117512196,64.9381631576211,90,2.9503865195781,2.94625658221296,0.00239846107645272,3.1935671059709e-10,8.88178419700125e-16,11.9767453
g02_15,grid,variable_transverse,0.241827117512196,64.9381631576211,110,2.75475145035844,2.76630456173457,0.00317738555849746,8.45599761664692e-10,4.44089209850063e-16,14.1548426
g02_15,grid,variable_transverse,0.241827117512196,64.9381631576211,120,2.63019806065905,2.62362945849486,0.00371693244209001,3.40076800108787e-10,8.88178419700125e-16,16.370542
g02_15,grid,variable_transverse,0.241827117512196,64.9381631576211,130,2.43631904007165,2.43152104350045,0.00382228183362583,1.03019950471075e-09,8.88178419700125e-16,18.6314731
g02_15,grid,variable_transverse,0.241827117512196,64.9381631576211,140,2.38714684901759,2.38274027418085,0.00422220647562498,5.67182382253467e-10,0,21.1470878
g03_00,grid,variable_transverse,0.376060309308639,0.1,50,6.38767761295506,6.31807822171071,0.0565377084530855,1.02473824904652e-10,3.5527136788005e-15,2.6748344
g03_00,grid,variable_transverse,0.376060309308639,0.1,60,6.02802411429384,6.01007830455372,0.0872774645826189,1.40404854283383e-10,1.77635683940025e-15,5.4038211
g03_00,grid,variable_transverse,0.376060309308639,0.1,70,4.64985967629239,4.56192037429393,0.105797218379186,9.45470485771213e-11,3.5527136788005e-15,7.9016885
g03_00,grid,variable_transverse,0.376060309308639,0.1,80,4.76158382365671,4.63004502187289,0.138786536677798,1.6783213710932e-10,1.77635683940025e-15,10.2007398
g03_00,grid,variable_transverse,0.376060309308639,0.1,90,3.97094161732069,3.80202523258807,0.164888373591804,1.84281623809052e-10,8.88178419700125e-16,12.6288854
g03_00,grid,variable_transverse,0.376060309308639,0.1,110,3.4767582057195,3.28037218367545,0.222747641363986,2.10422623975109e-10,4.44089209850063e-16,14.9405618
g03_00,grid,variable_transverse,0.376060309308639,0.1,120,3.1295285173506,2.86306429147603,0.263607203918259,1.93483482139706e-10,1.33226762955019e-15,17.286297
g03_00,grid,variable_transverse,0.376060309308639,0.1,130,2.7872533292049,2.50773156439763,0.279994212348359,1.60262408725027e-10,8.88178419700125e-16,19.9527973
g03_00,grid,variable_transverse,0.376060309308639,0.1,140,2.58897613801426,2.27129184801782,0.319106591429129,1.63176458102409e-10,8.88178419700125e-16,22.3993843
g03_02,grid,variable_transverse,0.376060309308639,0.237137370566166,50,6.44206120272473,6.36207607377376,0.0668992027504465,1.51464943043532e-10,8.88178419700125e-16,2.4144218
g03_02,grid,variable_transverse,0.376060309308639,0.237137370566166,60,6.11194723150944,6.078177487114,0.10320391232951,1.8228747841279e-10,1.77635683940025e-15,4.7893999
g03_02,grid,variable_transverse,0.376060309308639,0.237137370566166,70,4.75141509143519,4.64478455709158,0.124680732107924,1.79689215923179e-10,1.77635683940025e-15,7.3333592
g03_02,grid,variable_transverse,0.376060309308639,0.237137370566166,80,4.89465065518268,4.7380553975741,0.163182056660322,1.93398689610293e-10,1.77635683940025e-15,10.619796
g03_02,grid,variable_transverse,0.376060309308639,0.237137370566166,90,4.12873527017173,3.93165070613961,0.193161204287005,2.89481094873264e-10,8.88178419700125e-16,13.6224569
g03_02,grid,variable_transverse,0.376060309308639,0.237137370566166,110,3.68877026444205,3.45706049921939,0.258189490624566,3.51578579398032e-10,1.33226762955019e-15,16.4345626
g03_02,grid,variable_transverse,0.376060309308639,0.237137370566166,120,3.37963293436967,3.07273303171592,0.303647832992031,3.15538428757586e-10,1.33226762955019e-15,19.3021609
g03_02,grid,variable_transverse,0.376060309308639,0.237137370566166,130,3.05148424899241,2.7324391003063,0.319203903551137,2.81824986981653e-10,1.77635683940025e-15,21.7514627
g03_02,grid,variable_transverse,0.376060309308639,0.237137370566166,140,2.88875015107423,2.5295242801107,0.360597175587585,3.476908916572e-10,8.88178419700125e-16,24.1034932
g03_04,grid,variable_transverse,0.376060309308639,0.562341325190349,50,6.49810181398823,6.42485213852434,0.0601384899002402,1.90553351745733e-10,1.77635683940025e-15,2.4108227
g03_04,grid,variable_transverse,0.376060309308639,0.562341325190349,60,6.19838543197687,6.17516254172013,0.0927571968256435,1.17387957519803e-10,1.77635683940025e-15,4.7488967
g03_04,grid,variable_transverse,0.376060309308639,0.562341325190349,70,4.85568328105849,4.7621867645733,0.111734699905028,1.96699121966104e-10,1.77635683940025e-15,7.0699537
g03_04,grid,variable_transverse,0.376060309308639,0.562341325190349,80,5.03097500550639,4.8909355473399,0.145950573253093,3.1853409627337e-10,0,9.2653569
g03_04,grid,variable_transverse,0.376060309308639,0.562341325190349,90,4.28985822037742,4.11376137029629,0.172268721700894,1.4203518064849e-10,8.88178419700125e-16,11.7864564
g03_04,grid,variable_transverse,0.376060309308639,0.562341325190349,110,3.90312343980772,3.70154943484264,0.228184698990223,4.973630230004e-10,0,14.3855804
g03_04,grid,variable_transverse,0.376060309308639,0.562341325190349,120,3.63102205508688,3.36044555556565,0.266912669338704,4.2322486192615e-10,8.88178419700125e-16,17.0404918
g03_04,grid,variable_transverse,0.376060309308639,0.562341325190349,130,3.31460657096151,3.03620357470147,0.278235750058585,5.77829893586174e-10,4.44089209850063e-16,19.4990059
g03_04,grid,variable_transverse,0.376060309308639,0.562341325190349,140,3.18485598434622,2.87417062947759,0.311961624077846,2.59270022899855e-10,4.44089209850063e-16,21.7661719
g03_06,grid,variable_transverse,0.376060309308639,1.33352143216332,50,6.54272236448456,6.48714588956685,0.0424449689285164,1.64481119716245e-10,0,2.2028528
g03_06,grid,variable_transverse,0.376060309308639,1.33352143216332,60,6.26723451911888,6.27130566672504,0.065539329422792,2.06404936293813e-10,8.88178419700125e-16,4.5820309
g03_06,grid,variable_transverse,0.376060309308639,1.33352143216332,70,4.93854637926023,4.87810390770496,0.0788238504850816,2.38105867017944e-10,0,6.864473
g03_06,grid,variable_transverse,0.376060309308639,1.33352143216332,80,5.13916430231182,5.0416447997415,0.102893660980633,2.27923657254111e-10,1.77635683940025e-15,9.2802566
g03_06,grid,variable_transverse,0.376060309308639,1.33352143216332,90,4.41746908593656,4.29239838291361,0.121313254752269,3.08401995019853e-10,0,11.6747265
g03_06,grid,variable_transverse,0.376060309308639,1.33352143216332,110,4.07169995300562,3.93850996864787,0.159909444328904,7.03115111320485e-10,0,14.1667905
g03_06,grid,variable_transverse,0.376060309308639,1.33352143216332,120,3.82788738080972,3.63740127214755,0.186494664389659,3.65165091815184e-10,4.44089209850063e-16,16.6105313
g03_06,grid,variable_transverse,0.376060309308639,1.33352143216332,130,3.51924244236195,3.3254840976892,0.193331679371894,8.02415457274185e-10,2.22044604925031e-15,19.1613293
g03_06,grid,variable_transverse,0.376060309308639,1.33352143216332,140,3.41367344055538,3.19925536352882,0.215594533008675,4.55165073827673e-10,8.88178419700125e-16,22.0779956
g03_08,grid,variable_transverse,0.376060309308639,3.16227766016838,50,6.57160040055775,6.53329749839209,0.0251584971158952,2.05212574427021e-10,0,2.9982312
g03_08,grid,variable_transverse,0.376060309308639,3.16227766016838,60,6.31187455251356,6.34258174827978,0.0389510645960645,1.35291007342303e-10,0,5.7609747
g03_08,grid,variable_transverse,0.376060309308639,3.16227766016838,70,4.99222407725616,4.96386029758069,0.0468350179079301,2.95404342770271e-10,0,8.2401749
g03_08,grid,variable_transverse,0.376060309308639,3.16227766016838,80,5.20925430317066,5.15308655008721,0.0611918636057915,4.3937175922502e-10,3.5527136788005e-15,10.6497933
g03_08,grid,variable_transverse,0.376060309308639,3.16227766016838,90,4.50011955793464,4.42421883689912,0.0721888596240976,2.90629676560426e-10,8.88178419700125e-16,13.1278969
g03_08,grid,variable_transverse,0.376060309308639,3.16227766016838,110,4.18058861874638,4.11227094340074,0.0951081291703153,6.75799324343959e-10,0,15.7144932
g03_08,grid,variable_transverse,0.376060309308639,3.16227766016838,120,3.95483401470455,3.83975348480627,0.110876136966129,4.31420901060239e-10,0,18.2248212
g03_08,grid,variable_transverse,0.376060309308639,3.16227766016838,130,3.65062558467354,3.53546722639787,0.114561054191833,3.98114958935395e-10,8.88178419700125e-16,20.60905
g03_08,grid,variable_transverse,0.376060309308639,3.16227766016838,140,3.55992355770271,3.43373782130833,0.12728522459126,4.26979376772996e-10,8.88178419700125e-16,23.0182027
g03_10,grid,variable_transverse,0.376060309308639,7.49894209332456,50,6.58776882301563,6.5613662251067,0.0132513585362524,1.65686701938172e-10,1.77635683940025e-15,2.4888325
g03_10,grid,variable_transverse,0.376060309308639,7.49894209332456,60,6.33694473430353,6.38604356371664,0.0205856867504676,3.37783658106239e-10,4.44089209850063e-15,5.1077777
g03_10,grid,variable_transverse,0.376060309308639,7.49894209332456,70,5.02237390885259,5.01613075881638,0.0247637101889186,3.6591832489771e-10,1.77635683940025e-15,7.8877623
g03_10,grid,variable_transverse,0.376060309308639,7.49894209332456,80,5.24867544179975,5.2210908192571,0.0324099787490646,2.48443358778717e-10,0,10.7226046
g03_10,grid,variable_transverse,0.376060309308639,7.49894209332456,90,4.5466525708242,4.50468073749949,0.0382865874330143,5.18398376244047e-10,1.77635683940025e-15,13.2331838
g03_10,grid,variable_transverse,0.376060309308639,7.49894209332456,110,4.24193867665512,4.21823681804282,0.0505314965615859,3.6981608977627e-10,0,15.49995
g03_10,grid,variable_transverse,0.376060309308639,7.49894209332456,120,4.02638054872766,3.96309384544299,0.0589612729305785,7.78379282580976e-10,8.88178419700125e-16,17.9735161
g03_10,grid,variable_transverse,0.376060309308639,7.49894209332456,130,3.72447671876412,3.66298329589073,0.0607965968249974,5.71311749906448e-10,8.88178419700125e-16,20.4508463
g03_10,grid,variable_transverse,0.376060309308639,7.49894209332456,140,3.64187826346665,3.57554874844075,0.0673795225655358,6.51628341036103e-10,0,22.8067318
g03_12,grid,variable_transverse,0.376060309308639,17.7827941003892,50,6.59595528234653,6.57638314016772,0.00641767209669086,1.96558609243782e-10,1.77635683940025e-15,2.3902888
g03_12,grid,variable_transverse,0.376060309308639,17.7827941003892,60,6.34967941280211,6.4093783948763,0.00999868579609957,1.99542311502238e-10,0,4.7004179
g03_12,grid,variable_transverse,0.376060309308639,17.7827941003892,70,5.0376971624307,5.04420747098828,0.0120349228279701,2.34165106789248e-10,8.88178419700125e-16,6.9780566
g03_12,grid,variable_transverse,0.376060309308639,17.7827941003892,80,5.26874456100759,5.25769235826662,0.0157754559243621,2.42734045811315e-10,1.77635683940025e-15,9.3496609
g03_12,grid,variable_transverse,0.376060309308639,17.7827941003892,90,4.57037448314017,4.5480441725165,0.0186592803465801,2.57163447297044e-10,2.66453525910038e-15,11.9532693
g03_12,grid,variable_transverse,0.376060309308639,17.7827941003892,110,4.27327509139509,4.27545023846982,0.0246739480528786,3.5157872030135e-10,0,14.5202652
g03_12,grid,variable_transverse,0.376060309308639,17.7827941003892,120,4.06296010540145,4.0297562642863,0.0288160059556485,6.00737701510191e-10,1.77635683940025e-15,16.8194426
g03_12,grid,variable_transverse,0.376060309308639,17.7827941003892,130,3.76217145552269,3.7317474338928,0.0296744502640618,5.23817409956526e-10,2.22044604925031e-15,19.1222649
g03_12,grid,variable_transverse,0.376060309308639,17.7827941003892,140,3.68362195799112,3.65180969088529,0.0328345036347642,5.08164870466365e-10,2.66453525910038e-15,21.5124234
g03_14,grid,variable_transverse,0.376060309308639,42.1696503428582,50,6.5998110052592,6.58372604443824,0.00292905362767285,2.45604011567886e-10,1.77635683940025e-15,2.4155903
g03_14,grid,variable_transverse,0.376060309308639,42.1696503428582,60,6.3556921321077,6.42082369606662,0.00457226398535295,3.46051559847696e-10,1.77635683940025e-15,4.7713461
g03_14,grid,variable_transverse,0.376060309308639,42.1696503428582,70,5.0449358328829,5.05798685496974,0.00550575206404938,3.08047797085924e-10,0,7.1215696
g03_14,grid,variable_transverse,0.376060309308639,42.1696503428582,80,5.27823767439513,5.27568804316449,0.00722427952618668,4.33300274138481e-10,1.77635683940025e-15,9.7281181
g03_14,grid,variable_transverse,0.376060309308639,42.1696503428582,90,4.58160740837892,4.56939144172665,0.00855192780757378,2.68541567562402e-10,0,12.8710703
g03_14,grid,variable_transverse,0.376060309308639,42.1696503428582,110,4.28813749373369,4.30367363202874,0.0113220071578886,9.3369931012158e-10,8.88178419700125e-16,15.4330377
g03_14,grid,variable_transverse,0.376060309308639,42.1696503428582,120,4.08032177461721,4.06267500771301,0.0132291407137943,5.36181494378904e-10,0,17.8010698
g03_14,grid,variable_transverse,0.376060309308639,42.1696503428582,130,3.78004350961733,3.76565593940509,0.0136123427508975,9.67384210299157e-10,2.66453525910038e-15,20.0671544
g03_14,grid,variable_transverse,0.376060309308639,42.1696503428582,140,3.70338835878181,3.68934863041793,0.015048022090452,6.20407096318457e-10,4.44089209850063e-16,22.4308311
g03_16,grid,variable_transverse,0.376060309308639,100,50,6.60153925218227,6.58709570733737,0.00128701729612268,2.54480791209123e-10,2.66453525910038e-15,2.2719886
g03_16,grid,variable_transverse,0.376060309308639,100,60,6.35839137020844,6.42608670023009,0.00201125222306433,1.46971056998643e-10,1.77635683940025e-15,4.6778747
g03_16,grid,variable_transverse,0.376060309308639,100,70,5.04818654468912,5.06432600118362,0.00242247350155942,1.76649769453452e-10,0,8.0729088
g03_16,grid,variable_transverse,0.376060309308639,100,80,5.28250417721968,5.2839765598396,0.00318033961366296,3.07411626912669e-10,8.88178419700125e-16,11.0122537
g03_16,grid,variable_transverse,0.376060309308639,100,90,4.58665909133014,4.5792317870986,0.00376648835891333,1.62775586966861e-10,1.77635683940025e-15,14.1278732
g03_16,grid,variable_transverse,0.376060309308639,100,110,4.29482736183976,4.31670025000511,0.00498929605117791,5.44108493889191e-10,2.66453525910038e-15,17.0537859
g03_16,grid,variable_transverse,0.376060309308639,100,120,4.08813927887683,4.07787739908273,0.00583080221313985,3.03330071987625e-10,0,19.9301743
g03_16,grid,variable_transverse,0.376060309308639,100,130,3.78808563711451,3.78130184454951,0.00599686296813669,5.59074095701746e-10,8.88178419700125e-16,22.4219283
g03_16,grid,variable_transverse,0.376060309308639,100,140,3.71227652981282,3.70665231277979,0.00662604185529567,2.54034751281759e-10,1.33226762955019e-15,25.0084979
g04_01,grid,variable_transverse,0.584803547642573,0.153992652605949,50,9.92237419564095,9.8091958008047,0.0876047352943568,5.96042919077991e-11,1.77635683940025e-15,2.4822806
g04_01,grid,variable_transverse,0.584803547642573,0.153992652605949,60,9.42198766763436,9.40085471859484,0.135345551883064,7.5029250180109e-11,1.77635683940025e-15,5.115939
g04_01,grid,variable_transverse,0.584803547642573,0.153992652605949,70,7.24115759874025,7.10253937249858,0.164126217769697,9.26745584969724e-11,0,7.7222893
g04_01,grid,variable_transverse,0.584803547642573,0.153992652605949,80,7.40767392619708,7.20476418789145,0.214640094281808,9.8771635515657e-11,1.77635683940025e-15,10.3131701
g04_01,grid,variable_transverse,0.584803547642573,0.153992652605949,90,6.16947632104923,5.90579521175151,0.255629730468824,1.29963052651331e-10,3.5527136788005e-15,12.8466757
g04_01,grid,variable_transverse,0.584803547642573,0.153992652605949,110,5.42240232576095,5.12251395535504,0.345365781066483,1.4703846977505e-10,0,15.5169688
g04_01,grid,variable_transverse,0.584803547642573,0.153992652605949,120,4.86080535649688,4.44850197003373,0.408365482435756,1.74766134496966e-10,0,18.3650047
g04_01,grid,variable_transverse,0.584803547642573,0.153992652605949,130,4.33087191176521,3.8995958447988,0.433872897585072,1.96581650181806e-10,0,21.1061235
g04_01,grid,variable_transverse,0.584803547642573,0.153992652605949,140,4.02267845313246,3.53234305647727,0.494801017925217,2.18308036109046e-10,0,23.7902223
g04_03,grid,variable_transverse,0.584803547642573,0.365174127254838,50,10.0067711906886,9.87719260732155,0.103977478675449,1.01111747753602e-10,1.77635683940025e-15,2.5839615
g04_03,grid,variable_transverse,0.584803547642573,0.365174127254838,60,9.55232997701851,9.50621681839547,0.160528295439446,5.5597363271603e-11,3.5527136788005e-15,5.2095494
g04_03,grid,variable_transverse,0.584803547642573,0.365174127254838,70,7.39894291050514,7.23081866892768,0.194004698978461,1.00928799300359e-10,1.77635683940025e-15,7.5911608
g04_03,grid,variable_transverse,0.584803547642573,0.365174127254838,80,7.61378710940773,7.37141016225721,0.253145063172716,1.5707933903188e-10,0,9.903833
g04_03,grid,variable_transverse,0.584803547642573,0.365174127254838,90,6.41448008668445,6.10614936902434,0.300368464358592,1.42485925148506e-10,8.88178419700125e-16,12.2005716
g04_03,grid,variable_transverse,0.584803547642573,0.365174127254838,110,5.75163656321829,5.39575272787079,0.401558049018509,1.96595657173367e-10,1.77635683940025e-15,14.4781098
g04_03,grid,variable_transverse,0.584803547642573,0.365174127254838,120,5.24884558672725,4.77245650176871,0.471821745105244,1.41092257442956e-10,1.77635683940025e-15,17.0459358
g04_03,grid,variable_transverse,0.584803547642573,0.365174127254838,130,4.74094277168554,4.24688046415479,0.496128376364137,2.99928934483894e-10,0,19.4635792
g04_03,grid,variable_transverse,0.584803547642573,0.365174127254838,140,4.48819908658896,3.93189427266108,0.560798583545206,1.91737961283556e-10,1.77635683940025e-15,21.8444013
g04_05,grid,variable_transverse,0.584803547642573,0.865964323360065,50,10.0940049576425,9.97462110148664,0.0937542601850975,2.29548071464688e-10,0,2.0099707
g04_05,grid,variable_transverse,0.584803547642573,0.865964323360065,60,9.68698307644295,9.65688329932286,0.144712594388214,1.31027614210608e-10,3.5527136788005e-15,4.1013042
g04_05,grid,variable_transverse,0.584803547642573,0.865964323360065,70,7.56142875340085,7.41329663181676,0.174379461217012,1.66734215431905e-10,8.88178419700125e-16,6.8255453
g04_05,grid,variable_transverse,0.584803547642573,0.865964323360065,80,7.82558891511838,7.60827503429458,0.227097620027767,1.7682778890096e-10,0,9.6055742
g04_05,grid,variable_transverse,0.584803547642573,0.865964323360065,90,6.66540310709263,6.3888377240867,0.268677149615327,1.38880145229263e-10,4.44089209850063e-15,12.0967808
g04_05,grid,variable_transverse,0.584803547642573,0.865964323360065,110,6.08551788905993,5.77546128419228,0.355951944348484,3.96921425717875e-10,0,14.4948671
g04_05,grid,variable_transverse,0.584803547642573,0.865964323360065,120,5.64004001393942,5.21885961485996,0.415953848363929,1.99750566076998e-10,1.77635683940025e-15,17.0173274
g04_05,grid,variable_transverse,0.584803547642573,0.865964323360065,130,5.15050020733818,4.71830428258192,0.433703652368098,5.3231748647328e-10,3.5527136788005e-15,19.322564
g04_05,grid,variable_transverse,0.584803547642573,0.865964323360065,140,4.94935537854731,4.4672653296496,0.48653195997697,2.57140325005704e-10,8.88178419700125e-16,21.9396481
g04_07,grid,variable_transverse,0.584803547642573,2.05352502645715,50,10.1636500640076,10.0716690850005,0.0663283696519299,1.78185359556093e-10,0,2.5409998
g04_07,grid,variable_transverse,0.584803547642573,2.05352502645715,60,9.79452200485918,9.80679601446447,0.102488974251808,2.16331270181179e-10,1.77635683940025e-15,4.9004306
g04_07,grid,variable_transverse,0.584803547642573,2.05352502645715,70,7.69089966573736,7.59412638454481,0.123302291626937,1.5116463357965e-10,3.5527136788005e-15,7.1523774
g04_07,grid,variable_transverse,0.584803547642573,2.05352502645715,80,7.99412658019746,7.8426543347118,0.160473835334293,2.48563844863526e-10,1.77635683940025e-15,9.4624027
g04_07,grid,variable_transverse,0.584803547642573,2.05352502645715,90,6.86465918456687,6.66718177197122,0.189640200474031,3.28276354783834e-10,3.5527136788005e-15,11.7312648
g04_07,grid,variable_transverse,0.584803547642573,2.05352502645715,110,6.34878392123509,6.14485128470563,0.250012043081368,3.29908807372442e-10,0,14.0612313
g04_07,grid,variable_transverse,0.584803547642573,2.05352502645715,120,5.94717345060091,5.65014454769859,0.291274755509712,2.80387240238542e-10,2.66453525910038e-15,16.4409973
g04_07,grid,variable_transverse,0.584803547642573,2.05352502645715,130,5.46982725753162,5.16887095783637,0.302014306484249,5.32341397816278e-10,2.66453525910038e-15,18.8340716
g04_07,grid,variable_transverse,0.584803547642573,2.05352502645715,140,5.30659560397922,4.97399764378188,0.336951549354338,5.93978249380002e-10,1.77635683940025e-15,21.5899678
g04_09,grid,variable_transverse,0.584803547642573,4.86967525165863,50,10.2088134327383,10.1437675269027,0.0393788652638409,2.89990124483878e-10,7.105427357601e-15,2.7332187
g04_09,grid,variable_transverse,0.584803547642573,4.86967525165863,60,9.8643834045306,9.91823294322068,0.0610074448159912,2.07768541619451e-10,0,5.1899776
g04_09,grid,variable_transverse,0.584803547642573,4.86967525165863,70,7.7749310084807,7.72826019052502,0.0733778935838699,1.50527588723577e-10,1.77635683940025e-15,7.5661037
g04_09,grid,variable_transverse,0.584803547642573,4.86967525165863,80,8.10352319175639,8.01643133770211,0.0955841878235504,3.92744465633006e-10,0,9.8501001
g04_09,grid,variable_transverse,0.584803547642573,4.86967525165863,90,6.99395949477493,6.87313033577099,0.113024101146958,2.190259222213e-10,0,12.2164045
g04_09,grid,variable_transverse,0.584803547642573,4.86967525165863,110,6.51915338242858,6.41642949802874,0.148923191455059,5.15967279260933e-10,1.77635683940025e-15,14.6344131
g04_09,grid,variable_transverse,0.584803547642573,4.86967525165863,120,6.14558802110591,5.96606044073325,0.173428553268695,2.78511221197105e-10,3.5527136788005e-15,17.0633401
g04_09,grid,variable_transverse,0.584803547642573,4.86967525165863,130,5.6752143524735,5.49675100316756,0.179222729476736,7.1238367811725e-10,0,19.530463
g04_09,grid,variable_transverse,0.584803547642573,4.86967525165863,140,5.53532771062912,5.3403847132379,0.199216070944271,4.10776278362854e-10,8.88178419700125e-16,22.2498516
g04_11,grid,variable_transverse,0.584803547642573,11.5478198468946,50,10.2341343134709,10.1876950276287,0.0207648931817224,3.27732883383883e-10,7.105427357601e-15,2.7772746
g04_11,grid,variable_transverse,0.584803547642573,11.5478198468946,60,9.90367035021445,9.98630066050085,0.0322781610261348,1.9727454144549e-10,7.105427357601e-15,5.8728179
g04_11,grid,variable_transverse,0.584803547642573,11.5478198468946,70,7.82219223479623,7.81015701441608,0.0388406903560456,2.40148985940484e-10,0,8.6608483
g04_11,grid,variable_transverse,0.584803547642573,11.5478198468946,80,8.1651323728332,8.1226552447328,0.0506809267732038,5.18423468176964e-10,1.77635683940025e-15,11.1757292
g04_11,grid,variable_transverse,0.584803547642573,11.5478198468946,90,7.06685328596501,6.99905623626837,0.060011167021463,3.59514662102029e-10,0,13.6097774
g04_11,grid,variable_transverse,0.584803547642573,11.5478198468946,110,6.6152662055486,6.58232195957422,0.0792095887939672,7.18807809380246e-10,3.5527136788005e-15,16.0905632
g04_11,grid,variable_transverse,0.584803547642573,11.5478198468946,120,6.25755531394786,6.15893460955836,0.0923247208964408,3.93193918018786e-10,0,18.7990723
g04_11,grid,variable_transverse,0.584803547642573,11.5478198468946,130,5.79080623335087,5.69617854237777,0.0952118967790183,7.85343278003249e-10,1.77635683940025e-15,21.2614079
g04_11,grid,variable_transverse,0.584803547642573,11.5478198468946,140,5.66365836722621,5.5623093329514,0.105565606629494,4.54945807982895e-10,0,23.7603126
g04_13,grid,variable_transverse,0.584803547642573,27.3841963426436,50,10.2469674282021,10.2112250030121,0.010064744806704,2.44233111307971e-10,0,2.7444185
g04_13,grid,variable_transverse,0.584803547642573,27.3841963426436,60,9.92364577384024,10.0228893929636,0.0156905579427054,1.79380538166441e-10,1.77635683940025e-15,5.3649755
g04_13,grid,variable_transverse,0.584803547642573,27.3841963426436,70,7.84623511272292,7.85419859389977,0.0188914843102329,2.1027329517964e-10,3.5527136788005e-15,8.0697279
g04_13,grid,variable_transverse,0.584803547642573,27.3841963426436,80,8.19652719781109,8.17989435317321,0.0246887417893729,5.07438995370032e-10,1.77635683940025e-15,10.3325842
g04_13,grid,variable_transverse,0.584803547642573,27.3841963426436,90,7.10405001633592,7.06700329983667,0.0292714377497661,4.5452783279086e-10,1.77635683940025e-15,12.8736853
g04_13,grid,variable_transverse,0.584803547642573,27.3841963426436,110,6.66440581842599,6.67199484133201,0.0387090636046426,5.16758805286872e-10,1.77635683940025e-15,15.3557588
g04_13,grid,variable_transverse,0.584803547642573,27.3841963426436,120,6.3148556584002,6.26329864462552,0.0451591157997073,4.24313952147664e-10,1.77635683940025e-15,17.8297307
g04_13,grid,variable_transverse,0.584803547642573,27.3841963426436,130,5.84986110157582,5.80384226402105,0.046509911733925,4.56720678096215e-10,0,20.3437806
g04_13,grid,variable_transverse,0.584803547642573,27.3841963426436,140,5.72908372814184,5.68178311786451,0.0514838521697129,5.92922769767767e-10,8.88178419700125e-16,22.9586103
g04_15,grid,variable_transverse,0.584803547642573,64.9381631576211,50,10.253015889534,10.2227406779668,0.00459614160920996,1.92583660719352e-10,7.105427357601e-15,2.612605
g04_15,grid,variable_transverse,0.584803547642573,64.9381631576211,60,9.93308377325449,10.0408509061087,0.00717905346303716,2.04152497253165e-10,3.5527136788005e-15,5.4251136
g04_15,grid,variable_transverse,0.584803547642573,64.9381631576211,70,7.8576007899917,7.87583170965858,0.00864729594602606,1.76007297203363e-10,8.88178419700125e-16,8.5650051
g04_15,grid,variable_transverse,0.584803547642573,64.9381631576211,80,8.21138791714694,8.20806115467776,0.0113123639201974,3.50463368443043e-10,1.77635683940025e-15,11.7502918
g04_15,grid,variable_transverse,0.584803547642573,64.9381631576211,90,7.12167629197213,7.10048292321513,0.0134234542333861,2.45988640385665e-10,1.77635683940025e-15,14.6449132
g04_15,grid,variable_transverse,0.584803547642573,64.9381631576211,110,6.6877286273807,6.7162694767676,0.0177724475127637,4.31464246987284e-10,8.88178419700125e-16,17.212239
g04_15,grid,variable_transverse,0.584803547642573,64.9381631576211,120,6.34207151093724,6.31488071533397,0.0207441270170716,2.86730769677531e-10,1.77635683940025e-15,19.9115827
g04_15,grid,variable_transverse,0.584803547642573,64.9381631576211,130,5.87788014251758,5.85697859714888,0.0213472373765075,4.80120543844081e-10,2.66453525910038e-15,22.263509
g04_15,grid,variable_transverse,0.584803547642573,64.9381631576211,140,5.76008522059592,5.740643084807,0.023608193949903,3.12674165232268e-10,3.5527136788005e-15,24.6599391
g05_00,grid,variable_transverse,0.90941580610853,0.1,50,15.3117425487468,15.1737431546407,0.0893492650895089,6.20624241190573e-11,1.06581410364015e-14,2.3665163
g05_00,grid,variable_transverse,0.90941580610853,0.1,60,14.5778603654927,14.6171611604027,0.138215534094257,4.89491597077909e-11,3.5527136788005e-15,4.9986569
g05_00,grid,variable_transverse,0.90941580610853,0.1,70,11.0909013107741,10.9546868193891,0.168121762730298,6.20597852206772e-11,1.77635683940025e-15,7.9123049
g05_00,grid,variable_transverse,0.90941580610853,0.1,80,11.2848609275456,11.0820771589438,0.219527700282635,1.2215134191766e-10,1.77635683940025e-15,10.3838351
g05_00,grid,variable_transverse,0.90941580610853,0.1,90,9.29820041889888,9.01976296338946,0.262815489547837,7.22590830487764e-11,0,12.836358
g05_00,grid,variable_transverse,0.90941580610853,0.1,110,8.07153196653275,7.78827258877224,0.358175393036313,1.43760061579083e-10,3.5527136788005e-15,15.1998733
g05_00,grid,variable_transverse,0.90941580610853,0.1,120,7.09087950476993,6.66069539571603,0.425394651734336,1.08133675609093e-10,2.66453525910038e-15,17.5784498
g05_00,grid,variable_transverse,0.90941580610853,0.1,130,6.24023786034468,5.79111384147383,0.456505744142699,2.16867127643937e-10,3.5527136788005e-15,20.0301833
g05_00,grid,variable_transverse,0.90941580610853,0.1,140,5.68985836629958,5.17439876462776,0.52544253525758,1.29680204725072e-10,1.77635683940025e-15,22.5789749
g05_02,grid,variable_transverse,0.90941580610853,0.237137370566166,50,15.4092454923279,15.2248357197794,0.135749071657749,8.71265316723855e-11,8.88178419700125e-15,2.8093247
g05_02,grid,variable_transverse,0.90941580610853,0.237137370566166,60,14.7286682000132,14.6965743938658,0.209913635856255,1.45632800161044e-10,7.105427357601e-15,5.3911864
g05_02,grid,variable_transverse,0.90941580610853,0.237137370566166,70,11.274097705383,11.0518673243521,0.254652704812061,1.52615416076544e-10,3.5527136788005e-15,7.7762824
g05_02,grid,variable_transverse,0.90941580610853,0.237137370566166,80,11.523895468946,11.2076440112007,0.332004946886988,1.64095839123837e-10,7.105427357601e-15,10.16454
g05_02,grid,variable_transverse,0.90941580610853,0.237137370566166,90,9.5839254184154,9.1720898850444,0.396236162616192,2.16081434390922e-10,1.77635683940025e-15,12.5681149
g05_02,grid,variable_transverse,0.90941580610853,0.237137370566166,110,8.45929762303842,7.9989712786104,0.535478730287841,2.10596443481484e-10,0,14.8496894
g05_02,grid,variable_transverse,0.90941580610853,0.237137370566166,120,7.55018581298557,6.91212608043812,0.632602330082681,2.92268834976615e-10,0,17.3079635
g05_02,grid,variable_transverse,0.90941580610853,0.237137370566166,130,6.73066383299332,6.06516026196864,0.672277652624521,3.13321036912042e-10,1.77635683940025e-15,19.7590806
g05_02,grid,variable_transverse,0.90941580610853,0.237137370566166,140,6.25188610564467,5.49487965169593,0.767297160983814,3.7117174331044e-10,8.88178419700125e-16,22.4987673
g05_04,grid,variable_transverse,0.90941580610853,0.562341325190349,50,15.5402257615813,15.3299406021775,0.161613278186381,1.50053566069854e-10,3.5527136788005e-15,2.6622433
g05_04,grid,variable_transverse,0.90941580610853,0.562341325190349,60,14.9311288382034,14.8596133989894,0.249721010037443,1.39018345853349e-10,3.5527136788005e-15,5.1378603
g05_04,grid,variable_transverse,0.90941580610853,0.562341325190349,70,11.5192831450903,11.250450260044,0.301917216369731,1.60693794234869e-10,5.32907051820075e-15,7.6010875
g05_04,grid,variable_transverse,0.90941580610853,0.562341325190349,80,11.843205034284,11.4648757343477,0.39276860277987,2.3933305613141e-10,1.77635683940025e-15,10.0061268
g05_04,grid,variable_transverse,0.90941580610853,0.562341325190349,90,9.96427036501147,9.4816827796403,0.466993042124607,1.77187133034971e-10,1.77635683940025e-15,12.7431709
g05_04,grid,variable_transverse,0.90941580610853,0.562341325190349,110,8.97056376738852,8.42153902913061,0.624534226581063,2.35862889476262e-10,1.77635683940025e-15,15.2475224
g05_04,grid,variable_transverse,0.90941580610853,0.562341325190349,120,8.15222038974218,7.412716765075,0.73311839470634,2.45127293028668e-10,1.77635683940025e-15,17.8571653
g05_04,grid,variable_transverse,0.90941580610853,0.562341325190349,130,7.367026767831,6.60188572629696,0.771060736039644,3.67923727592758e-10,8.88178419700125e-16,20.619447
g05_04,grid,variable_transverse,0.90941580610853,0.562341325190349,140,6.97485546445687,6.11317668617161,0.872218431647436,2.93138862953557e-10,3.5527136788005e-15,23.374968
g05_06,grid,variable_transverse,0.90941580610853,1.33352143216332,50,15.6760217910964,15.4811711195271,0.146167657188705,1.91944513876353e-10,0,2.2968011
g05_06,grid,variable_transverse,0.90941580610853,1.33352143216332,60,15.1409134936473,15.0937022170373,0.225792998351534,2.11898620065853e-10,7.105427357601e-15,4.615175
g05_06,grid,variable_transverse,0.90941580610853,1.33352143216332,70,11.7725289066336,11.5340833429552,0.272186074370271,1.54527543788981e-10,1.77635683940025e-15,6.9386724
g05_06,grid,variable_transverse,0.90941580610853,1.33352143216332,80,12.1723281136198,11.8320006251969,0.353422465235657,3.38539441509173e-10,1.77635683940025e-15,9.233512
g05_06,grid,variable_transverse,0.90941580610853,1.33352143216332,90,10.3549733366614,9.92039378836822,0.418966550928842,3.17315721729299e-10,1.77635683940025e-15,11.7753139
g05_06,grid,variable_transverse,0.90941580610853,1.33352143216332,110,9.49062483865798,9.0112739201822,0.555261799489289,2.93874943601955e-10,3.5527136788005e-15,14.1456029
g05_06,grid,variable_transverse,0.90941580610853,1.33352143216332,120,8.7609549590678,8.10538907594938,0.64820267051527,3.39706154852736e-10,0,16.7120572
g05_06,grid,variable_transverse,0.90941580610853,1.33352143216332,130,8.00446822504387,7.33348863771686,0.675991508435632,4.56547548366606e-10,1.77635683940025e-15,19.022469
g05_06,grid,variable_transverse,0.90941580610853,1.33352143216332,140,7.69311701338597,6.94492354644748,0.758847324534995,5.47787872564259e-10,2.66453525910038e-15,21.2667838
g05_08,grid,variable_transverse,0.90941580610853,3.16227766016838,50,15.7847319615757,15.632382816699,0.103656932629982,2.89139068292357e-10,3.5527136788005e-15,2.2271151
g05_08,grid,variable_transverse,0.90941580610853,3.16227766016838,60,15.3089017479978,15.3274819618067,0.160286935643038,2.90793263605048e-10,5.32907051820075e-15,4.5093974
g05_08,grid,variable_transverse,0.90941580610853,3.16227766016838,70,11.9748533285097,11.8161924320714,0.192908558907382,2.55807911648068e-10,3.5527136788005e-15,6.8382499
g05_08,grid,variable_transverse,0.90941580610853,3.16227766016838,80,12.4349240158008,12.1966281757804,0.250323628253499,4.23321690759309e-10,0,9.1060006
g05_08,grid,variable_transverse,0.90941580610853,3.16227766016838,90,10.6660458678891,10.3540051283425,0.296401410870726,3.90524761958369e-10,3.5527136788005e-15,11.2916891
g05_08,grid,variable_transverse,0.90941580610853,3.16227766016838,110,9.90177100292149,9.58712590775498,0.390888772113162,4.19064842738336e-10,3.5527136788005e-15,13.3934715
g05_08,grid,variable_transverse,0.90941580610853,3.16227766016838,120,9.24011004793546,8.77704187355972,0.454916416031089,4.26156936220969e-10,0,15.5508767
g05_08,grid,variable_transverse,0.90941580610853,3.16227766016838,130,8.50273093425423,8.03524407484215,0.471760142604579,6.34112633015046e-10,5.32907051820075e-15,17.5750561
g05_08,grid,variable_transverse,0.90941580610853,3.16227766016838,140,8.25089979881281,7.73489975204686,0.526661213666036,6.32176779939168e-10,0,19.6853942
g05_10,grid,variable_transverse,0.90941580610853,7.49894209332456,50,15.8553690612964,15.7450304988656,0.0616412550052964,2.97658847436477e-10,3.5527136788005e-15,2.0896143
g05_10,grid,variable_transverse,0.90941580610853,7.49894209332456,60,15.4182460649824,15.5017279456479,0.0955636009571087,2.06073319238861e-10,1.77635683940025e-15,4.1944357
g05_10,grid,variable_transverse,0.90941580610853,7.49894209332456,70,12.1064234683344,12.0260117215954,0.114982070658817,3.30867049907603e-10,1.77635683940025e-15,6.3791117
g05_10,grid,variable_transverse,0.90941580610853,7.49894209332456,80,12.6057040388441,12.4677014472423,0.14933701790295,5.27914438297734e-10,3.5527136788005e-15,8.4653627
g05_10,grid,variable_transverse,0.90941580610853,7.49894209332456,90,10.8682931032285,10.6757043858658,0.176930001642291,4.53151181551977e-10,3.5527136788005e-15,10.5213479
g05_10,grid,variable_transverse,0.90941580610853,7.49894209332456,110,10.1683387399111,10.01160609338,0.233192639976231,5.3424391548277e-10,1.77635683940025e-15,12.6569677
g05_10,grid,variable_transverse,0.90941580610853,7.49894209332456,120,9.55022244497222,9.27028476049276,0.271266934281616,6.20779920262956e-10,5.32907051820075e-15,14.7307892
g05_10,grid,variable_transverse,0.90941580610853,7.49894209332456,130,8.82378362487869,8.54720089966887,0.280361857629794,7.64588980628004e-10,1.77635683940025e-15,16.8169199
g05_10,grid,variable_transverse,0.90941580610853,7.49894209332456,140,8.60866065316183,8.30746516518846,0.311821398820352,6.80671406778733e-10,1.77635683940025e-15,18.8990096
g05_12,grid,variable_transverse,0.90941580610853,17.7827941003892,50,15.8950261792868,15.8137862657867,0.0325410587066303,2.99350220630879e-10,0,2.1099977
g05_12,grid,variable_transverse,0.90941580610853,17.7827941003892,60,15.479818318455,15.6083440206069,0.0506171656985311,3.51998268034952e-10,3.5527136788005e-15,4.2555071
g05_12,grid,variable_transverse,0.90941580610853,17.7827941003892,70,12.1805197895128,12.1543394910284,0.0609299769587243,2.47646571822506e-10,3.5527136788005e-15,6.3609794
g05_12,grid,variable_transverse,0.90941580610853,17.7827941003892,80,12.7020100759328,12.6336835992145,0.0792693377883784,3.62331483267253e-10,5.32907051820075e-15,8.4865278
g05_12,grid,variable_transverse,0.90941580610853,17.7827941003892,90,10.9824625068546,10.8727462673075,0.094047539999953,3.82399792719865e-10,0,10.5868709
g05_12,grid,variable_transverse,0.90941580610853,17.7827941003892,110,10.318914847204,10.2713283681696,0.124165862449177,4.88165913592377e-10,0,12.6182511
g05_12,grid,variable_transverse,0.90941580610853,17.7827941003892,120,9.72544406517806,9.57191024863213,0.144564994802048,5.68064773055428e-10,5.32907051820075e-15,14.6598341
g05_12,grid,variable_transverse,0.90941580610853,17.7827941003892,130,9.0046955349243,8.8590854453546,0.149098266479011,6.41751586047972e-10,5.32907051820075e-15,16.7885937
g05_12,grid,variable_transverse,0.90941580610853,17.7827941003892,140,8.80962650511576,8.65480778865684,0.165406417521303,6.34239790733341e-10,3.5527136788005e-15,19.2747399
g05_14,grid,variable_transverse,0.90941580610853,42.1696503428582,50,15.9151449672515,15.850660440339,0.0157856695948116,2.02100632016115e-10,1.77635683940025e-15,2.2797975
g05_14,grid,variable_transverse,0.90941580610853,42.1696503428582,60,15.5111547430049,15.6657209082975,0.024625163324501,3.10426221531578e-10,3.5527136788005e-15,4.7069059
g05_14,grid,variable_transverse,0.90941580610853,42.1696503428582,70,12.2182505643047,12.223431421797,0.0296594984926492,2.66877875352266e-10,5.32907051820075e-15,7.3074865
g05_14,grid,variable_transverse,0.90941580610853,42.1696503428582,80,12.7511330736268,12.7232289127083,0.0386469734498634,4.20368977744471e-10,3.5527136788005e-15,9.6509699
g05_14,grid,variable_transverse,0.90941580610853,42.1696503428582,90,11.0407788026157,10.9791942405775,0.0459117129842899,4.41802193799253e-10,0,12.0225001
g05_14,grid,variable_transverse,0.90941580610853,42.1696503428582,110,10.3959738542836,10.4118836258645,0.0607290389969454,5.20739327690064e-10,1.77635683940025e-15,14.5810285
g05_14,grid,variable_transverse,0.90941580610853,42.1696503428582,120,9.81520144355107,9.73530735963176,0.0707703646870865,5.42020464515855e-10,5.32907051820075e-15,17.3673136
g05_14,grid,variable_transverse,0.90941580610853,42.1696503428582,130,9.09720796720311,9.02764957588514,0.0728916494049742,6.96392441934524e-10,1.77635683940025e-15,19.9222865
g05_14,grid,variable_transverse,0.90941580610853,42.1696503428582,140,8.91217680247021,8.84200543180416,0.0807323191890211,7.40189340872729e-10,0,22.3696384
g05_16,grid,variable_transverse,0.90941580610853,100,50,15.9246339536518,15.8687227046543,0.0072126732749127,1.94079903820959e-10,5.32907051820075e-15,2.5511024
g05_16,grid,variable_transverse,0.90941580610853,100,60,15.5259708565223,15.6939115345626,0.0112732342255961,3.36075841927518e-10,5.32907051820075e-15,5.3198927
g05_16,grid,variable_transverse,0.90941580610853,100,70,12.2360993067553,12.2573986307327,0.0135837833930017,3.50560535158569e-10,1.77635683940025e-15,8.2964412
g05_16,grid,variable_transverse,0.90941580610853,100,80,12.7744017703753,12.7673317185214,0.0177180143569875,3.0288920727619e-10,1.77635683940025e-15,10.7382051
g05_16,grid,variable_transverse,0.90941580610853,100,90,11.068432855136,11.0316918020168,0.0210666460724758,3.56980880806646e-10,3.5527136788005e-15,13.0951843
g05_16,grid,variable_transverse,0.90941580610853,100,110,10.4325740019837,10.4813419298165,0.0278985564186101,4.83954299001213e-10,5.32907051820075e-15,15.4836737
g05_16,grid,variable_transverse,0.90941580610853,100,120,9.85786402119903,9.81613823049595,0.032527731256704,6.76958839891691e-10,1.77635683940025e-15,18.0401829
g05_16,grid,variable_transverse,0.90941580610853,100,130,9.14113194706766,9.11091465977329,0.033474986955116,4.30719081745639e-10,1.77635683940025e-15,20.5425954
g05_16,grid,variable_transverse,0.90941580610853,100,140,8.96080338677934,8.93430842809096,0.0370409982511469,7.46925197102966e-10,7.105427357601e-15,23.0024435
g06_01,grid,variable_transverse,1.4142135623731,0.153992652605949,50,23.7730166840496,23.5446939364155,0.138131266770574,6.20474578335478e-11,1.4210854715202e-14,2.5499651
g06_01,grid,variable_transverse,1.4142135623731,0.153992652605949,60,22.7873761142243,22.8383528776104,0.213886496152647,6.52136578849026e-11,7.105427357601e-15,5.4287795
g06_01,grid,variable_transverse,1.4142135623731,0.153992652605949,70,17.2634918903239,17.038636116425,0.260251526376322,8.16539484116354e-11,0,8.7970099
g06_01,grid,variable_transverse,1.4142135623731,0.153992652605949,80,17.5551260376203,17.2330126055796,0.33881213807193,9.83220629644167e-11,7.105427357601e-15,11.4658013
g06_01,grid,variable_transverse,1.4142135623731,0.153992652605949,90,14.4438585314091,14.009650669595,0.406311586969076,9.89047776234665e-11,3.5527136788005e-15,13.8329406
g06_01,grid,variable_transverse,1.4142135623731,0.153992652605949,110,12.5988773839215,12.1657206803729,0.553953428223707,1.85731374662695e-10,3.5527136788005e-15,16.1134878
g06_01,grid,variable_transverse,1.4142135623731,0.153992652605949,120,11.0172292362983,10.3527368232103,0.657372016849197,1.07317448395432e-10,1.77635683940025e-15,19.0672116
g06_01,grid,variable_transverse,1.4142135623731,0.153992652605949,130,9.70287806245188,9.0115259438565,0.705561492414547,1.89605809768365e-10,3.5527136788005e-15,22.1751053
g06_01,grid,variable_transverse,1.4142135623731,0.153992652605949,140,8.84790611892305,8.05410922834097,0.812886713136392,1.76983939573417e-10,0,24.8348573
g06_03,grid,variable_transverse,1.4142135623731,0.365174127254838,50,23.9239382034361,23.6234102570755,0.210372326055099,5.58370433395447e-11,3.5527136788005e-15,2.2049673
g06_03,grid,variable_transverse,1.4142135623731,0.365174127254838,60,23.0210284290339,22.9608397265149,0.325606489773367,5.68838997707529e-11,7.105427357601e-15,4.5067253
g06_03,grid,variable_transverse,1.4142135623731,0.365174127254838,70,17.5474208165145,17.1885091524975,0.395139469463633,1.00976142449433e-10,3.5527136788005e-15,6.7329652
g06_03,grid,variable_transverse,1.4142135623731,0.365174127254838,80,17.9245022443394,17.4262272599079,0.513661216069236,1.90734903791767e-10,3.5527136788005e-15,8.9256136
g06_03,grid,variable_transverse,1.4142135623731,0.365174127254838,90,14.8861323867364,14.2440566591622,0.614067887581425,7.90089618771835e-11,5.32907051820075e-15,11.3188859
g06_03,grid,variable_transverse,1.4142135623731,0.365174127254838,110,13.1993670652295,12.4903832588767,0.830270157412888,2.12320926826545e-10,0,13.7469458
g06_03,grid,variable_transverse,1.4142135623731,0.365174127254838,120,11.7278974789397,10.7398711514437,0.979994695586444,1.1125716325862e-10,3.5527136788005e-15,16.1802718
g06_03,grid,variable_transverse,1.4142135623731,0.365174127254838,130,10.4618235597075,9.43345180283298,1.04163796540209,2.9999292129789e-10,1.77635683940025e-15,18.5126987
g06_03,grid,variable_transverse,1.4142135623731,0.365174127254838,140,9.71848055478926,8.54830556851891,1.18997413790242,2.260307874291e-10,1.77635683940025e-15,20.9957933
g06_05,grid,variable_transverse,1.4142135623731,0.865964323360065,50,24.1272334363041,23.7859112311013,0.251221572979078,9.75751188894282e-11,7.105427357601e-15,2.9839762
g06_05,grid,variable_transverse,1.4142135623731,0.865964323360065,60,23.335548104528,23.2131558224187,0.388514310652524,1.24243640721926e-10,3.5527136788005e-15,5.9278616
g06_05,grid,variable_transverse,1.4142135623731,0.865964323360065,70,17.9284455663921,17.4958606464594,0.469886119563727,1.09782921908533e-10,7.105427357601e-15,8.4109946
g06_05,grid,variable_transverse,1.4142135623731,0.865964323360065,80,18.4192872614792,17.8233922168807,0.609540329457585,3.15918747038314e-10,3.5527136788005e-15,10.840204
g06_05,grid,variable_transverse,1.4142135623731,0.865964323360065,90,15.4764731449642,14.7223696219984,0.725917251818736,1.48667196118158e-10,0,13.3177598
g06_05,grid,variable_transverse,1.4142135623731,0.865964323360065,110,13.9933369495264,13.1439935639884,0.971358137576513,3.23800539408056e-10,5.32907051820075e-15,15.8164914
g06_05,grid,variable_transverse,1.4142135623731,0.865964323360065,120,12.6619619318658,11.5135068545872,1.1391484379064,2.26408918423618e-10,3.5527136788005e-15,18.8277432
g06_05,grid,variable_transverse,1.4142135623731,0.865964323360065,130,11.4493110354091,10.262955601737,1.19829155583088,4.18304614775715e-10,1.77635683940025e-15,21.6124815
g06_05,grid,variable_transverse,1.4142135623731,0.865964323360065,140,10.841379517835,9.50517124122482,1.35669508363637,2.9840460161622e-10,0,24.1806039
g06_07,grid,variable_transverse,1.4142135623731,2.05352502645715,50,24.3386470561364,24.0206992000181,0.227906192719665,2.39980336058987e-10,3.5527136788005e-15,2.5896042
g06_07,grid,variable_transverse,1.4142135623731,2.05352502645715,60,23.6624203192896,23.5768903939819,0.352338472346267,2.64271566801595e-10,3.5527136788005e-15,5.8007484
g06_07,grid,variable_transverse,1.4142135623731,2.05352502645715,70,18.3231743128154,17.9366635558195,0.424880966340788,3.01627045236853e-10,7.105427357601e-15,9.3045528
g06_07,grid,variable_transverse,1.4142135623731,2.05352502645715,80,18.9308365103768,18.3925555068065,0.550146438810022,4.30046956895933e-10,7.105427357601e-15,11.8801482
g06_07,grid,variable_transverse,1.4142135623731,2.05352502645715,90,16.0847137238956,15.4031055772703,0.65320875295936,3.06951682567449e-10,1.06581410364015e-14,14.1415894
g06_07,grid,variable_transverse,1.4142135623731,2.05352502645715,110,14.8034272181241,14.0600407917144,0.866208405087505,4.03836335142252e-10,8.88178419700125e-15,16.3360569
g06_07,grid,variable_transverse,1.4142135623731,2.05352502645715,120,13.6092326681105,12.5884148410955,1.01015485397113,4.21889580518509e-10,0,18.5264508
g06_07,grid,variable_transverse,1.4142135623731,2.05352502645715,130,12.4413882241299,11.3983187401508,1.05358417847077,6.81112563805639e-10,5.32907051820075e-15,20.7901487
g06_07,grid,variable_transverse,1.4142135623731,2.05352502645715,140,11.9601892828892,10.7974649486276,1.18368759237431,4.17973045315867e-10,7.105427357601e-15,23.0505997
g06_09,grid,variable_transverse,1.4142135623731,4.86967525165863,50,24.508352741406,24.2563465701525,0.162011560174786,2.76096539332959e-10,7.105427357601e-15,2.1903406
g06_09,grid,variable_transverse,1.4142135623731,4.86967525165863,60,23.9248649807305,23.9414883583053,0.250706008018339,1.94389295323378e-10,0,4.3782414
g06_09,grid,variable_transverse,1.4142135623731,4.86967525165863,70,18.6393710642286,18.3767385148611,0.301833247232671,3.05153554286688e-10,0,6.5446718
g06_09,grid,variable_transverse,1.4142135623731,4.86967525165863,80,19.3400829134975,18.9599581687685,0.39057909176838,4.71098959215032e-10,1.06581410364015e-14,8.7264533
g06_09,grid,variable_transverse,1.4142135623731,4.86967525165863,90,16.5702680937904,16.0784937241683,0.463188768401412,2.76350535338379e-10,1.06581410364015e-14,11.4860444
g06_09,grid,variable_transverse,1.4142135623731,4.86967525165863,110,15.4455495513869,14.9578573540761,0.611177436371201,6.08225640298221e-10,1.77635683940025e-15,14.4732252
g06_09,grid,variable_transverse,1.4142135623731,4.86967525165863,120,14.3567788125704,13.6344948127514,0.710516982584199,4.56527324119578e-10,8.88178419700125e-15,16.8982453
g06_09,grid,variable_transverse,1.4142135623731,4.86967525165863,130,13.2188195888761,12.4912896719863,0.736880376091426,8.42277031805211e-10,1.77635683940025e-15,19.305521
g06_09,grid,variable_transverse,1.4142135623731,4.86967525165863,140,12.8311750628006,12.0291195507124,0.823261764069537,4.18544111415255e-10,0,21.8862156
g06_11,grid,variable_transverse,1.4142135623731,11.5478198468946,50,24.6188444873387,24.4323809020248,0.096501029331879,4.29023662604953e-10,3.5527136788005e-15,2.9967282
g06_11,grid,variable_transverse,1.4142135623731,11.5478198468946,60,24.0960244876211,24.2139699913838,0.149709006600874,2.28358716220586e-10,0,6.248035
g06_11,grid,variable_transverse,1.4142135623731,11.5478198468946,70,18.8453916910978,18.7049318806956,0.180191556538865,3.14597012275086e-10,3.5527136788005e-15,9.3628727
g06_11,grid,variable_transverse,1.4142135623731,11.5478198468946,80,19.6067584364132,19.382917487322,0.233380957021426,4.83555532303563e-10,3.5527136788005e-15,12.5309017
g06_11,grid,variable_transverse,1.4142135623731,11.5478198468946,90,16.8865648533491,16.5809290839132,0.276924828743541,4.52830818009923e-10,7.105427357601e-15,16.2567926
g06_11,grid,variable_transverse,1.4142135623731,11.5478198468946,110,15.8626557764068,15.6214045694266,0.365167242364909,7.96648706588622e-10,8.88178419700125e-15,20.2105271
g06_11,grid,variable_transverse,1.4142135623731,11.5478198468946,120,14.8414862584126,14.4046712774557,0.424315323593695,6.01105696608319e-10,1.77635683940025e-15,23.7767363
g06_11,grid,variable_transverse,1.4142135623731,11.5478198468946,130,13.7206562965982,13.2906651274141,0.438559452559577,9.83713178916929e-10,0,26.4293556
g06_11,grid,variable_transverse,1.4142135623731,11.5478198468946,140,13.390807164344,12.9239812275308,0.488127003884108,7.27016721552155e-10,8.88178419700125e-15,28.8232848
g06_13,grid,variable_transverse,1.4142135623731,27.3841963426436,50,24.6809624129021,24.5400179077562,0.0510021397537486,3.20220195815583e-10,7.105427357601e-15,2.5439564
g06_13,grid,variable_transverse,1.4142135623731,27.3841963426436,60,24.1925333702415,24.380981284199,0.0793837806029006,2.4069629451797e-10,7.105427357601e-15,5.0602123
g06_13,grid,variable_transverse,1.4142135623731,27.3841963426436,70,18.9615711177049,18.9060083547037,0.0955911296456518,3.71796961172508e-10,0,7.6085538
g06_13,grid,variable_transverse,1.4142135623731,27.3841963426436,80,19.757343154142,19.6423498898956,0.124019031602927,5.92849237753867e-10,0,10.2076946
g06_13,grid,variable_transverse,1.4142135623731,27.3841963426436,90,17.0653532290874,16.8892075209271,0.14736466069514,4.58071601231937e-10,7.105427357601e-15,12.8126828
g06_13,grid,variable_transverse,1.4142135623731,27.3841963426436,110,16.0985710444747,16.028077226423,0.194649213823164,9.13348433811943e-10,3.5527136788005e-15,15.3534958
g06_13,grid,variable_transverse,1.4142135623731,27.3841963426436,120,15.1157068439561,14.8764108029023,0.226372808363619,4.57383665931246e-10,1.24344978758018e-14,38.6691178
g06_13,grid,variable_transverse,1.4142135623731,27.3841963426436,130,14.0037897518212,13.7784230259245,0.233474053491628,7.93968906290504e-10,3.5527136788005e-15,80.7372689
g06_13,grid,variable_transverse,1.4142135623731,27.3841963426436,140,13.7055532344267,13.4676836753647,0.259196580083909,6.95801962998811e-10,1.77635683940025e-15,133.8941232
g06_15,grid,variable_transverse,1.4142135623731,64.9381631576211,50,24.7125071723345,24.5978146899462,0.0247616725818049,4.87186750014934e-10,7.105427357601e-15,37.234434
g06_15,grid,variable_transverse,1.4142135623731,64.9381631576211,60,24.2416974039114,24.4709657438307,0.0386513062109612,3.44802266993762e-10,0,75.8991278
g06_15,grid,variable_transverse,1.4142135623731,64.9381631576211,70,19.0207884258442,19.0143973613499,0.0465700318654217,3.86413953657909e-10,3.5527136788005e-15,124.4354227
g06_15,grid,variable_transverse,1.4142135623731,64.9381631576211,80,19.8342272072307,19.7824769127186,0.0605144559188725,4.24908722771228e-10,7.105427357601e-15,127.4373038
g06_15,grid,variable_transverse,1.4142135623731,64.9381631576211,90,17.1567657741774,17.0559497318554,0.0720002237313978,3.34053288921222e-10,3.5527136788005e-15,130.3165278
g06_15,grid,variable_transverse,1.4142135623731,64.9381631576211,110,16.2194196543024,16.2484140015762,0.0952812416545779,8.14842482986333e-10,1.06581410364015e-14,132.9798307
g06_15,grid,variable_transverse,1.4142135623731,64.9381631576211,120,15.2563113540512,15.1322560917013,0.110910808374952,5.76154329506571e-10,3.5527136788005e-15,135.322249
g06_15,grid,variable_transverse,1.4142135623731,64.9381631576211,130,14.1487101679322,14.0423381346146,0.114234072989477,1.07333391756195e-09,1.06581410364015e-14,137.5104483
g06_15,grid,variable_transverse,1.4142135623731,64.9381631576211,140,13.8663122595947,13.7610306704732,0.126611229793612,8.66916626167557e-10,1.77635683940025e-15,139.7248702
g07_00,grid,variable_transverse,2.19921403011256,0.1,50,36.759416295504,36.4787559336234,0.117438634532802,3.31809599567442e-11,2.1316282072803e-14,2.5887656
g07_00,grid,variable_transverse,2.19921403011256,0.1,60,35.3912003882582,35.5923289102961,0.181945456031601,3.28732309641346e-11,1.4210854715202e-14,5.6799162
g07_00,grid,variable_transverse,2.19921403011256,0.1,70,26.5964462098902,26.4068027620383,0.221672132334612,4.87533532313468e-11,0,9.3171241
g07_00,grid,variable_transverse,2.19921403011256,0.1,80,26.957547334993,26.6771575717588,0.28790736915805,6.09251203681828e-11,0,12.9987101
g07_00,grid,variable_transverse,2.19921403011256,0.1,90,22.0218103746141,21.6304355284387,0.346228885949329,5.44891843021831e-11,0,17.2315874
g07_00,grid,variable_transverse,2.19921403011256,0.1,110,19.1024507002784,18.8208551527473,0.474315420707684,9.23799003195623e-11,3.5527136788005e-15,20.9548436
g07_00,grid,variable_transverse,2.19921403011256,0.1,120,16.4461072985493,15.8712619397478,0.564202971929842,6.51625994777847e-11,3.5527136788005e-15,24.0230345
g07_00,grid,variable_transverse,2.19921403011256,0.1,130,14.3647584139946,13.7789464453197,0.609743002373987,9.55190338393074e-11,0,26.5646945
g07_00,grid,variable_transverse,2.19921403011256,0.1,140,12.9238191872743,12.2475737385695,0.707626870155584,6.68680175306665e-11,1.77635683940025e-15,28.728581
g07_02,grid,variable_transverse,2.19921403011256,0.237137370566166,50,36.8998512203264,36.5231402637603,0.21357946692274,5.16478198818207e-11,7.105427357601e-15,2.0346873
g07_02,grid,variable_transverse,2.19921403011256,0.237137370566166,60,35.6088382457331,35.6614867423561,0.331028306395431,4.40383076281495e-11,1.4210854715202e-14,4.4460445
g07_02,grid,variable_transverse,2.19921403011256,0.237137370566166,70,26.8614766370137,26.4914105105793,0.402856715810151,5.03353777806297e-11,7.105427357601e-15,6.9407503
g07_02,grid,variable_transverse,2.19921403011256,0.237137370566166,80,27.3017222804082,26.7851542704222,0.52302669696127,6.31184234702774e-11,1.06581410364015e-14,9.3344488
g07_02,grid,variable_transverse,2.19921403011256,0.237137370566166,90,22.4354358186886,21.7620402100891,0.628060424635062,7.29506637433921e-11,7.105427357601e-15,12.2607932
g07_02,grid,variable_transverse,2.19921403011256,0.237137370566166,110,19.6679916915993,19.0044924073876,0.856825943032692,9.48642388925202e-11,0,15.7460799
g07_02,grid,variable_transverse,2.19921403011256,0.237137370566166,120,17.1177606529857,16.0905358748451,1.01591614423387,1.00227273908105e-10,3.5527136788005e-15,19.1528843
g07_02,grid,variable_transverse,2.19921403011256,0.237137370566166,130,15.0881296942068,14.020767129565,1.09047012154866,1.04978386837913e-10,8.88178419700125e-15,22.1250625
g07_02,grid,variable_transverse,2.19921403011256,0.237137370566166,140,13.7606497020079,12.5353303705695,1.25767163911872,1.2545990023982e-10,8.88178419700125e-15,25.0053781
g07_04,grid,variable_transverse,2.19921403011256,0.562341325190349,50,37.1334928871671,36.6444595642246,0.326065615449967,4.09356554053244e-11,1.4210854715202e-14,2.5369131
g07_04,grid,variable_transverse,2.19921403011256,0.562341325190349,60,35.9708871594469,35.8504069854758,0.505117289552995,7.60007374531175e-11,2.1316282072803e-14,5.230205
g07_04,grid,variable_transverse,2.19921403011256,0.562341325190349,70,27.3015129386287,26.722423555932,0.613107759875266,1.16795368695591e-10,7.105427357601e-15,7.6365867
g07_04,grid,variable_transverse,2.19921403011256,0.562341325190349,80,27.8726368499795,27.082473463588,0.794879900362208,1.28812008521557e-10,1.06581410364015e-14,9.8122685
g07_04,grid,variable_transverse,2.19921403011256,0.562341325190349,90,23.1199272265822,22.1227561322895,0.95150690116023,1.16078476524539e-10,0,12.4323217
g07_04,grid,variable_transverse,2.19921403011256,0.562341325190349,110,20.5979920898799,19.5049373448666,1.28747046431612,1.64951558035799e-10,3.5527136788005e-15,14.9855912
g07_04,grid,variable_transverse,2.19921403011256,0.562341325190349,120,18.2174188700521,16.6866978722674,1.51824425244355,1.70270153445047e-10,1.06581410364015e-14,17.6148899
g07_04,grid,variable_transverse,2.19921403011256,0.562341325190349,130,16.2625859024932,14.6703654366714,1.61388545444451,1.40382942797251e-10,0,20.0008981
g07_04,grid,variable_transverse,2.19921403011256,0.562341325190349,140,15.1092572748383,13.2973317966208,1.84561826960412,1.69404864729032e-10,1.77635683940025e-15,23.1447588
g07_06,grid,variable_transverse,2.19921403011256,1.33352143216332,50,37.4490755198707,36.8957702604159,0.390571980353912,1.27936367726899e-10,1.4210854715202e-14,3.204487
g07_06,grid,variable_transverse,2.19921403011256,1.33352143216332,60,36.4595375513393,36.2408904851333,0.604503430540079,9.72012925774911e-11,1.4210854715202e-14,6.3694483
g07_06,grid,variable_transverse,2.19921403011256,1.33352143216332,70,27.8936131843135,27.1979448990172,0.731274076691512,9.06367201024818e-11,1.4210854715202e-14,9.459049
g07_06,grid,variable_transverse,2.19921403011256,1.33352143216332,80,28.6394921402956,27.6957489002941,0.946150199502637,1.89525823223392e-10,1.4210854715202e-14,12.2884305
g07_06,grid,variable_transverse,2.19921403011256,1.33352143216332,90,24.0360674049206,22.8616990711225,1.12823189140288,1.44291384790797e-10,7.105427357601e-15,14.9428006
g07_06,grid,variable_transverse,2.19921403011256,1.33352143216332,110,21.8311023643256,20.5161720252637,1.51092637154741,3.48907921594115e-10,3.5527136788005e-15,17.2917087
g07_06,grid,variable_transverse,2.19921403011256,1.33352143216332,120,19.6667139923737,17.8824315383898,1.77015152347352,1.82318038955326e-10,3.5527136788005e-15,19.625836
g07_06,grid,variable_transverse,2.19921403011256,1.33352143216332,130,17.7948928334719,15.9523404871713,1.8621871466374,2.88656816578276e-10,3.5527136788005e-15,22.1196986
g07_06,grid,variable_transverse,2.19921403011256,1.33352143216332,140,16.853439586289,14.7781083871673,2.11042288916582,2.5523869885707e-10,7.105427357601e-15,24.3139637
g07_08,grid,variable_transverse,2.19921403011256,3.16227766016838,50,37.7782638161966,37.2603709841106,0.355408302458218,1.67299707089951e-10,7.105427357601e-15,2.3193189
g07_08,grid,variable_transverse,2.19921403011256,3.16227766016838,60,36.9688928073054,36.806084807337,0.549853425712077,1.23568500409652e-10,1.4210854715202e-14,4.90375
g07_08,grid,variable_transverse,2.19921403011256,3.16227766016838,70,28.5088459174501,27.8828225861167,0.663214595570093,1.86951575641685e-10,7.105427357601e-15,8.3145927
g07_08,grid,variable_transverse,2.19921403011256,3.16227766016838,80,29.4347541637615,28.5782410091303,0.856560229678803,2.40539925351145e-10,3.5527136788005e-15,11.5774936
g07_08,grid,variable_transverse,2.19921403011256,3.16227766016838,90,24.9828289676295,23.9179002442688,1.01826999019493,2.95377140808307e-10,1.06581410364015e-14,14.8937596
g07_08,grid,variable_transverse,2.19921403011256,3.16227766016838,110,23.093088445094,21.9393844673519,1.35141931063524,4.23510627527228e-10,3.5527136788005e-15,18.7299294
g07_08,grid,variable_transverse,2.19921403011256,3.16227766016838,120,21.1408754279364,19.5506505874885,1.5743110048802,3.69037419831544e-10,7.105427357601e-15,22.1702513
g07_08,grid,variable_transverse,2.19921403011256,3.16227766016838,130,19.3388618435029,17.7142752628788,1.64204905392736,4.33139868421402e-10,1.4210854715202e-14,24.8065379
g07_08,grid,variable_transverse,2.19921403011256,3.16227766016838,140,18.5962960767605,16.7859596842211,1.84651581614289,4.21074457548858e-10,0,27.1700489
g07_10,grid,variable_transverse,2.19921403011256,7.49894209332456,50,38.0432304678726,37.6276871874189,0.253258556137464,9.59635684420831e-11,0,2.0747374
g07_10,grid,variable_transverse,2.19921403011256,7.49894209332456,60,37.3789403578336,37.3747231618126,0.392165396582453,2.4906646624507e-10,0,4.2590186
g07_10,grid,variable_transverse,2.19921403011256,7.49894209332456,70,29.0029908962903,28.5691667045496,0.472251129085938,2.67836503996964e-10,7.105427357601e-15,6.4743464
g07_10,grid,variable_transverse,2.19921403011256,7.49894209332456,80,30.0726947447117,29.4613110778424,0.609561731394817,2.38691411954756e-10,2.1316282072803e-14,8.7811439
g07_10,grid,variable_transverse,2.19921403011256,7.49894209332456,90,25.7406291240652,24.9697986362507,0.7237330668943,3.40583527169994e-10,7.105427357601e-15,11.0660778
g07_10,grid,variable_transverse,2.19921403011256,7.49894209332456,110,24.0960500139356,23.3394509534801,0.955714398416646,6.19974380723614e-10,3.5527136788005e-15,14.514117
g07_10,grid,variable_transverse,2.19921403011256,7.49894209332456,120,22.3072199471277,21.1800350066008,1.10980217404661,4.76493965663684e-10,0,18.2454116
g07_10,grid,variable_transverse,2.19921403011256,7.49894209332456,130,20.5518496443098,19.4165550701746,1.15097310998422,4.10009571679202e-10,3.5527136788005e-15,21.4899337
g07_10,grid,variable_transverse,2.19921403011256,7.49894209332456,140,19.9564643816613,18.7062913453005,1.2870119595839,5.46667217306036e-10,1.4210854715202e-14,24.5856181
g07_12,grid,variable_transverse,2.19921403011256,17.7827941003892,50,38.2160922371235,37.9028393099177,0.151100567307577,2.84200176141396e-10,2.1316282072803e-14,2.8861389
g07_12,grid,variable_transverse,2.19921403011256,17.7827941003892,60,37.6468844374728,37.8008428799686,0.234553406809908,1.63462493412061e-10,1.4210854715202e-14,5.5313193
g07_12,grid,variable_transverse,2.19921403011256,17.7827941003892,70,29.3255851528806,29.0824251564445,0.282379707653107,2.06803201802359e-10,3.5527136788005e-15,7.9512625
g07_12,grid,variable_transverse,2.19921403011256,17.7827941003892,80,30.4892127237267,30.1213691053049,0.364813597597693,2.83616955538648e-10,7.105427357601e-15,10.1367041
g07_12,grid,variable_transverse,2.19921403011256,17.7827941003892,90,26.2352255491349,25.754457149593,0.433378642724852,2.93851374865887e-10,0,12.257134
g07_12,grid,variable_transverse,2.19921403011256,17.7827941003892,110,24.7487806421526,24.3769082456217,0.571897850760997,5.06521077025534e-10,3.5527136788005e-15,14.316667
g07_12,grid,variable_transverse,2.19921403011256,17.7827941003892,120,23.0648715477743,22.3827451549014,0.663759325650138,3.56374949804853e-10,1.06581410364015e-14,16.7919718
g07_12,grid,variable_transverse,2.19921403011256,17.7827941003892,130,21.3362586020653,20.6647226267366,0.686014908556046,4.51824569129669e-10,1.06581410364015e-14,19.4526678
g07_12,grid,variable_transverse,2.19921403011256,17.7827941003892,140,20.8319570202586,20.10494134687,0.764190905954231,3.48256046901003e-10,0,21.9223163
g07_14,grid,variable_transverse,2.19921403011256,42.1696503428582,50,38.3134089528266,38.0713840095337,0.0799504354987574,1.75195388150443e-10,1.4210854715202e-14,2.1994406
g07_14,grid,variable_transverse,2.19921403011256,42.1696503428582,60,37.7981666066151,38.0624755681178,0.124509799273912,1.81411758440655e-10,2.1316282072803e-14,4.3862655
g07_14,grid,variable_transverse,2.19921403011256,42.1696503428582,70,29.5077472701812,29.3974421397338,0.149969179944013,2.19604519789845e-10,7.105427357601e-15,6.8095181
g07_14,grid,variable_transverse,2.19921403011256,42.1696503428582,80,30.7247275993652,30.5269394129022,0.194081508699395,2.36913576657861e-10,1.06581410364015e-14,9.3481029
g07_14,grid,variable_transverse,2.19921403011256,42.1696503428582,90,26.5151717304354,26.2367375939976,0.230879490532263,2.59452147792147e-10,3.5527136788005e-15,11.6518854
g07_14,grid,variable_transverse,2.19921403011256,42.1696503428582,110,25.1184442798692,25.0138003001143,0.305179143789278,2.4703453612747e-10,0,14.0404968
g07_14,grid,variable_transverse,2.19921403011256,42.1696503428582,120,23.4940548926325,23.1206145329568,0.354499878272652,2.49984581312875e-10,3.5527136788005e-15,16.2465422
g07_14,grid,variable_transverse,2.19921403011256,42.1696503428582,130,21.7793689090326,21.4275452894109,0.365596859981304,5.62838622496553e-10,1.4210854715202e-14,18.5360705
g07_14,grid,variable_transverse,2.19921403011256,42.1696503428582,140,21.3249512675804,20.9560674540869,0.406210453283744,4.2265147439416e-10,7.105427357601e-15,21.4811271
g07_16,grid,variable_transverse,2.19921403011256,100,50,38.3628774906646,38.1619960894393,0.0388484955632033,1.47549738237168e-10,0,2.9819797
g07_16,grid,variable_transverse,2.19921403011256,100,60,37.8753072307644,38.2036063755864,0.0606717601438262,1.5073935078902e-10,0,5.7187958
g07_16,grid,variable_transverse,2.19921403011256,100,70,29.6006868239404,29.5674549407468,0.0731222532588116,2.40621890164681e-10,1.06581410364015e-14,8.1920626
g07_16,grid,variable_transverse,2.19921403011256,100,80,30.8450931720042,30.7462631699822,0.094780615594975,3.31509573500195e-10,7.105427357601e-15,10.3336483
g07_16,grid,variable_transverse,2.19921403011256,100,90,26.6584459502788,26.497908992072,0.112899210993604,4.17038617014385e-10,7.105427357601e-15,12.4735556
g07_16,grid,variable_transverse,2.19921403011256,100,110,25.3079893359217,25.3592723064613,0.149510559669366,3.57280583070322e-10,7.105427357601e-15,14.5872001
g07_16,grid,variable_transverse,2.19921403011256,100,120,23.7143269178452,23.5212540475656,0.173831179692733,4.26800000010637e-10,0,16.7622236
g07_16,grid,variable_transverse,2.19921403011256,100,130,22.0063855809496,21.8407594095254,0.179024838934687,5.66050883881745e-10,2.1316282072803e-14,18.9366716
g07_16,grid,variable_transverse,2.19921403011256,100,140,21.576985621635,21.4157911921499,0.198583948811113,5.04187336195577e-10,3.5527136788005e-15,21.3825058
g08_01,grid,variable_transverse,3.4199518933534,0.153992652605949,50,57.0419892309873,56.5705272263783,0.181327300744989,2.9677700762353e-11,1.4210854715202e-14,2.5566113
g08_01,grid,variable_transverse,3.4199518933534,0.153992652605949,60,55.2850668475079,55.5476470277736,0.281174753375354,2.25349899382298e-11,2.8421709430404e-14,4.968431
g08_01,grid,variable_transverse,3.4199518933534,0.153992652605949,70,41.3712687967046,41.047952564314,0.342544298547225,1.86672333012561e-11,0,7.1616026
g08_01,grid,variable_transverse,3.4199518933534,0.153992652605949,80,41.9150612716936,41.4526082094246,0.443791975086136,5.59281080414672e-11,2.8421709430404e-14,9.3082573
g08_01,grid,variable_transverse,3.4199518933534,0.153992652605949,90,34.2099076571972,33.6085768866564,0.53425235107277,3.49340370117897e-11,1.4210854715202e-14,11.4952236
g08_01,grid,variable_transverse,3.4199518933534,0.153992652605949,110,29.8328704598188,29.4090172301809,0.732491904112973,6.35391930143487e-11,1.77635683940025e-14,13.6011883
g08_01,grid,variable_transverse,3.4199518933534,0.153992652605949,120,25.5589374147254,24.6710039313478,0.870514081740763,3.92190463352806e-11,1.06581410364015e-14,15.9529346
g08_01,grid,variable_transverse,3.4199518933534,0.153992652605949,130,22.3450439144645,21.438790053275,0.940731578793796,1.20038597759855e-10,1.06581410364015e-14,17.927082
g08_01,grid,variable_transverse,3.4199518933534,0.153992652605949,140,20.1085171777681,19.0645097295687,1.09294752472112,4.51325141144152e-11,3.5527136788005e-15,20.0333198
g08_03,grid,variable_transverse,3.4199518933534,0.365174127254838,50,57.2590036621939,56.6388265792449,0.330305944981917,5.64241701924834e-11,2.8421709430404e-14,2.6775561
g08_03,grid,variable_transverse,3.4199518933534,0.365174127254838,60,55.6216699725647,55.6540418756071,0.512365350680861,4.674495918031e-11,1.4210854715202e-14,5.5152876
g08_03,grid,variable_transverse,3.4199518933534,0.365174127254838,70,41.7811490088442,41.1778913822378,0.623518682852425,7.17541416562497e-11,2.8421709430404e-14,8.3912708
g08_03,grid,variable_transverse,3.4199518933534,0.365174127254838,80,42.4460324405142,41.618402355234,0.807538376619727,1.07633300884816e-10,0,10.8431118
g08_03,grid,variable_transverse,3.4199518933534,0.365174127254838,90,34.8486968453721,33.8105189856417,0.970734689017146,8.15761083851254e-11,0,13.1421185
g08_03,grid,variable_transverse,3.4199518933534,0.365174127254838,110,30.7070207093384,29.6915108771123,1.32550711969815,1.06920336694395e-10,0,15.3394577
g08_03,grid,variable_transverse,3.4199518933534,0.365174127254838,120,26.5961418035921,25.0077844782489,1.57013396263158,1.13101608832977e-10,2.1316282072803e-14,17.6286716
g08_03,grid,variable_transverse,3.4199518933534,0.365174127254838,130,23.4620774838037,21.8099677920859,1.68533006341275,1.44759276736162e-10,1.77635683940025e-14,19.7574429
g08_03,grid,variable_transverse,3.4199518933534,0.365174127254838,140,21.4021764327375,19.5068044540517,1.94588198913009,1.30987868507234e-10,7.105427357601e-15,21.9470268
g08_05,grid,variable_transverse,3.4199518933534,0.865964323360065,50,57.6207781051019,56.8258852291411,0.505485518279641,1.05261236994642e-10,1.4210854715202e-14,2.3974261
g08_05,grid,variable_transverse,3.4199518933534,0.865964323360065,60,56.1827095669889,55.9453707939482,0.783640439008698,4.46788651893639e-11,0,4.5655783
g08_05,grid,variable_transverse,3.4199518933534,0.865964323360065,70,42.4630284616802,41.5337764093822,0.9511785610973,7.46683772650878e-11,0,6.9410101
g08_05,grid,variable_transverse,3.4199518933534,0.865964323360065,80,43.3285966507403,42.0758906953076,1.23026214256977,1.83266211606234e-10,7.105427357601e-15,9.3752984
g08_05,grid,variable_transverse,3.4199518933534,0.865964323360065,90,35.9079532111771,34.3656679537627,1.47422294661744,6.75859225422967e-11,1.4210854715202e-14,11.8365545
g08_05,grid,variable_transverse,3.4199518933534,0.865964323360065,110,32.1475758555837,30.4632160782758,1.99674730620197,2.42142732588933e-10,0,13.9776377
g08_05,grid,variable_transverse,3.4199518933534,0.865964323360065,120,28.2978279160045,25.9258928799703,2.35228009850316,1.44813582594406e-10,3.5527136788005e-15,16.1333678
g08_05,grid,variable_transverse,3.4199518933534,0.865964323360065,130,25.279495387492,22.810070485258,2.50045812025733,1.7573303499163e-10,3.5527136788005e-15,18.2602007
g08_05,grid,variable_transverse,3.4199518933534,0.865964323360065,140,23.4913623379076,20.6815132984834,2.86258015472632,1.30064427774646e-10,1.06581410364015e-14,20.4030566
g08_07,grid,variable_transverse,3.4199518933534,2.05352502645715,50,58.110766864931,57.2146718444713,0.607340050178849,1.19701382649495e-10,7.105427357601e-15,2.1452509
g08_07,grid,variable_transverse,3.4199518933534,2.05352502645715,60,56.941935757258,56.5496121604573,0.940611412367172,1.18163876732452e-10,7.105427357601e-15,4.429965
g08_07,grid,variable_transverse,3.4199518933534,2.05352502645715,70,43.38300316068,42.2691786715258,1.13790502486323,1.29863577494249e-10,0,6.7409582
g08_07,grid,variable_transverse,3.4199518933534,2.05352502645715,80,44.517321152401,43.0228746082399,1.46888591620098,2.55513275015809e-10,2.1316282072803e-14,9.2851163
g08_07,grid,variable_transverse,3.4199518933534,2.05352502645715,90,37.3295528560041,35.5072870869457,1.7533401809264,1.77506235923268e-10,7.105427357601e-15,11.7263804
g08_07,grid,variable_transverse,3.4199518933534,2.05352502645715,110,34.0630113579489,32.0282192102541,2.35057648936709,3.73459967886313e-10,7.105427357601e-15,13.9535202
g08_07,grid,variable_transverse,3.4199518933534,2.05352502645715,120,30.5467053551239,27.7741237018176,2.7508621847587,2.47744730502113e-10,1.06581410364015e-14,16.0241184
g08_07,grid,variable_transverse,3.4199518933534,2.05352502645715,130,27.6571635313405,24.7912875455568,2.89384696432894,3.96789327763752e-10,7.105427357601e-15,18.0762001
g08_07,grid,variable_transverse,3.4199518933534,2.05352502645715,140,26.2006511569515,22.972798432628,3.28299023051187,2.50103961745425e-10,7.105427357601e-15,20.1626585
g08_09,grid,variable_transverse,3.4199518933534,4.86967525165863,50,58.6234436557167,57.7810246299021,0.554354803671311,1.59585189190515e-10,2.1316282072803e-14,2.0979282
g08_09,grid,variable_transverse,3.4199518933534,4.86967525165863,60,57.7356837176503,57.4277814736027,0.858128360571787,1.30960393919885e-10,4.9737991503207e-14,4.2175272
g08_09,grid,variable_transverse,3.4199518933534,4.86967525165863,70,44.3417853223253,43.3329184902696,1.03509979474955,2.18793540429841e-10,7.105427357601e-15,6.5131461
g08_09,grid,variable_transverse,3.4199518933534,4.86967525165863,80,45.7538513868157,44.3912450304303,1.33386096076677,2.36649555855904e-10,1.4210854715202e-14,8.797048
g08_09,grid,variable_transverse,3.4199518933534,4.86967525165863,90,38.8031011631217,37.1460332986888,1.58720933948691,1.98390836738617e-10,0,11.3474042
g08_09,grid,variable_transverse,3.4199518933534,4.86967525165863,110,36.0292845068277,34.2399525231406,2.10875809298002,3.77460946637949e-10,1.4210854715202e-14,13.9923163
g08_09,grid,variable_transverse,3.4199518933534,4.86967525165863,120,32.8409784668601,30.3632851969126,2.45370867029421,3.11614799220557e-10,0,16.7536544
g08_09,grid,variable_transverse,3.4199518933534,4.86967525165863,130,30.0600031545427,27.5255424196076,2.55916144734252,3.86724251075832e-10,1.4210854715202e-14,19.1074626
g08_09,grid,variable_transverse,3.4199518933534,4.86967525165863,140,28.9157280522819,26.092212841435,2.88062242052447,3.47024227981377e-10,7.105427357601e-15,21.4044948
g08_11,grid,variable_transverse,3.4199518933534,11.5478198468946,50,59.0372305641895,58.353741451724,0.395981294730435,2.39602386212775e-10,1.4210854715202e-14,2.2226524
g08_11,grid,variable_transverse,3.4199518933534,11.5478198468946,60,58.3763768411116,58.3146053193293,0.613470912904869,1.11189453156962e-10,0,4.3843652
g08_11,grid,variable_transverse,3.4199518933534,11.5478198468946,70,45.1139238532392,44.4030384235739,0.738797172098073,1.34290390296812e-10,7.105427357601e-15,6.6776558
g08_11,grid,variable_transverse,3.4199518933534,11.5478198468946,80,46.7484576498581,45.7656995979732,0.951490796417597,5.14206542563731e-10,1.4210854715202e-14,8.6327881
g08_11,grid,variable_transverse,3.4199518933534,11.5478198468946,90,39.9856913571397,38.7843164724088,1.13074264976496,1.35293630146879e-10,1.4210854715202e-14,10.6788332
g08_11,grid,variable_transverse,3.4199518933534,11.5478198468946,110,37.5961131355673,36.4237613076964,1.49472516916433,4.72436481963156e-10,7.105427357601e-15,12.6695546
g08_11,grid,variable_transverse,3.4199518933534,11.5478198468946,120,34.6608772761903,32.901395258198,1.73360327185097,3.04698837011457e-10,0,14.8960704
g08_11,grid,variable_transverse,3.4199518933534,11.5478198468946,130,31.9525553303125,30.176806940981,1.79776436774142,5.23961137111976e-10,7.105427357601e-15,17.3475772
g08_11,grid,variable_transverse,3.4199518933534,11.5478198468946,140,31.0399238961062,29.0861992136879,2.01210438515998,1.92303686392987e-10,7.105427357601e-15,19.7878992
g08_13,grid,variable_transverse,3.4199518933534,27.3841963426436,50,59.3077272852582,58.783941594867,0.236643992543496,2.65596152604094e-10,1.4210854715202e-14,2.3663213
g08_13,grid,variable_transverse,3.4199518933534,27.3841963426436,60,58.7958540088133,58.9809741177678,0.367499813624081,2.95220539686151e-10,1.4210854715202e-14,4.7370045
g08_13,grid,variable_transverse,3.4199518933534,27.3841963426436,70,45.6189931125734,45.2055141539006,0.442469035170578,2.86775720431164e-10,7.105427357601e-15,6.8544656
g08_13,grid,variable_transverse,3.4199518933534,27.3841963426436,80,47.3991339473439,46.7958649900491,0.570374045556499,5.35393403382776e-10,2.8421709430404e-14,8.9279266
g08_13,grid,variable_transverse,3.4199518933534,27.3841963426436,90,40.7590372782589,40.0097173935495,0.67817385902421,3.58794755439802e-10,2.8421709430404e-14,11.0539053
g08_13,grid,variable_transverse,3.4199518933534,27.3841963426436,110,38.6177472333314,38.0462195678449,0.895820148367297,7.75475427607557e-10,7.105427357601e-15,13.1257951
g08_13,grid,variable_transverse,3.4199518933534,27.3841963426436,120,35.8452643701161,34.7796947824099,1.03840748658148,5.14769293023575e-10,1.4210854715202e-14,15.2173748
g08_13,grid,variable_transverse,3.4199518933534,27.3841963426436,130,33.1786503594535,32.1257586291054,1.07310489167868,8.14417495338613e-10,0,17.2644803
g08_13,grid,variable_transverse,3.4199518933534,27.3841963426436,140,32.4096322852299,31.272248491761,1.19646244276131,6.08919663062864e-10,7.105427357601e-15,19.4449858
g08_15,grid,variable_transverse,3.4199518933534,64.9381631576211,50,59.4602217193246,59.0479337855942,0.125357422181447,3.53539966120472e-10,0,2.1753735
g08_15,grid,variable_transverse,3.4199518933534,64.9381631576211,60,59.0330077201258,59.3908311982348,0.1952976376551,3.31016964175664e-10,7.105427357601e-15,4.2758273
g08_15,grid,variable_transverse,3.4199518933534,64.9381631576211,70,45.9045801940803,45.6989203948109,0.235255296774843,3.19015012544674e-10,7.105427357601e-15,6.4030906
g08_15,grid,variable_transverse,3.4199518933534,64.9381631576211,80,47.7675518929092,47.4299627422417,0.303785455158461,4.70114851864915e-10,7.105427357601e-15,8.7343162
g08_15,grid,variable_transverse,3.4199518933534,64.9381631576211,90,41.1973443183533,40.7642094398522,0.361698383495875,4.6647203227246e-10,7.105427357601e-15,11.1044917
g08_15,grid,variable_transverse,3.4199518933534,64.9381631576211,110,39.1970883557387,39.0439039573965,0.478558784949788,6.60840493585163e-10,2.1316282072803e-14,13.4847162
g08_15,grid,variable_transverse,3.4199518933534,64.9381631576211,120,36.5170356965398,35.9339264136526,0.555193243130688,5.06247936187487e-10,7.105427357601e-15,15.9776592
g08_15,grid,variable_transverse,3.4199518933534,64.9381631576211,130,33.8721361563095,33.3187956463883,0.572496689369938,1.09262648177597e-09,7.105427357601e-15,18.3548643
g08_15,grid,variable_transverse,3.4199518933534,64.9381631576211,140,33.1818739184886,32.6046407136201,0.636655481550703,6.425925784551e-10,7.105427357601e-15,20.5644999
g09_00,grid,variable_transverse,5.31829589694499,0.1,50,88.3154781686846,87.6657291690392,0.137247915088508,7.96962821921997e-12,1.4210854715202e-14,2.2121607
g09_00,grid,variable_transverse,5.31829589694499,0.1,60,86.0532927852038,86.6028030283887,0.212755530050678,1.2556999847596e-11,2.8421709430404e-14,4.682652
g09_00,grid,variable_transverse,5.31829589694499,0.1,70,64.005649878923,63.7364847325927,0.259066399833281,1.82853408074165e-11,2.8421709430404e-14,6.9288827
g09_00,grid,variable_transverse,5.31829589694499,0.1,80,64.7279104820673,64.3287689678615,0.334818224761025,1.68423854634546e-11,2.8421709430404e-14,9.220968
g09_00,grid,variable_transverse,5.31829589694499,0.1,90,52.6347779765171,52.1380186009001,0.403404075459188,1.84597231559497e-11,1.4210854715202e-14,11.5534393
g09_00,grid,variable_transverse,5.31829589694499,0.1,110,45.8931170033589,45.8338052814267,0.554124769155928,4.00026603241015e-11,2.8421709430404e-14,13.9016105
g09_00,grid,variable_transverse,5.31829589694499,0.1,120,38.88481238215,38.1985894187933,0.658723493160673,3.56128356442677e-11,1.4210854715202e-14,16.2544523
g09_00,grid,variable_transverse,5.31829589694499,0.1,130,33.8510809883388,33.1830665121933,0.714273291575648,5.73691954026536e-11,1.4210854715202e-14,18.5598034
g09_00,grid,variable_transverse,5.31829589694499,0.1,140,30.2323649089774,29.469972952564,0.833662075227674,4.8300729023856e-11,7.105427357601e-15,20.9412367
g09_02,grid,variable_transverse,5.31829589694499,0.237137370566166,50,88.4896286440981,87.6973983908374,0.280044735481643,1.86313952445361e-11,1.4210854715202e-14,2.2719311
g09_02,grid,variable_transverse,5.31829589694499,0.237137370566166,60,86.3234048960912,86.6519435315178,0.434528305975383,1.57436382729981e-11,5.6843418860808e-14,4.6356767
g09_02,grid,variable_transverse,5.31829589694499,0.237137370566166,70,64.3346182084044,63.7959897072967,0.52921934875872,1.20776523377162e-11,0,6.9057745
g09_02,grid,variable_transverse,5.31829589694499,0.237137370566166,80,65.1531525258144,64.4036367053204,0.684170625192062,2.45444812727471e-11,1.4210854715202e-14,9.2977677
g09_02,grid,variable_transverse,5.31829589694499,0.237137370566166,90,53.147183784858,52.22918235743,0.824349737133693,2.59853262592116e-11,0,11.3970569
g09_02,grid,variable_transverse,5.31829589694499,0.237137370566166,110,46.5967870924745,45.9616000180305,1.13144239193317,3.94617582300862e-11,0,13.5255723
g09_02,grid,variable_transverse,5.31829589694499,0.237137370566166,120,39.7207911374853,38.3496096669971,1.34322357932305,3.57522255775227e-11,1.4210854715202e-14,15.6108186
g09_02,grid,variable_transverse,5.31829589694499,0.237137370566166,130,34.7559830589351,33.3499065263755,1.45137597967421,4.4079528033682e-11,1.4210854715202e-14,17.7489011
g09_02,grid,variable_transverse,5.31829589694499,0.237137370566166,140,31.2866731316547,29.6712177053623,1.68805569241456,3.93075168667622e-11,7.105427357601e-15,19.8935368
g09_04,grid,variable_transverse,5.31829589694499,0.562341325190349,50,88.8250673658671,87.8025558800482,0.51095580710003,1.68545436298804e-11,1.4210854715202e-14,2.0268266
g09_04,grid,variable_transverse,5.31829589694499,0.562341325190349,60,86.8440072936483,86.8155402717197,0.793042257749935,4.12624295033721e-11,1.4210854715202e-14,4.218964
g09_04,grid,variable_transverse,5.31829589694499,0.562341325190349,70,64.9683862953182,63.9954342135545,0.964849095203662,5.49578313190574e-11,1.4210854715202e-14,6.544253
g09_04,grid,variable_transverse,5.31829589694499,0.562341325190349,80,65.9724082694584,64.6581290519279,1.2469752968136,6.17591413175424e-11,2.8421709430404e-14,8.7802115
g09_04,grid,variable_transverse,5.31829589694499,0.562341325190349,90,54.1336644394801,52.5391370073206,1.5003037698364,4.20466482527509e-11,7.105427357601e-15,11.2057768
g09_04,grid,variable_transverse,5.31829589694499,0.562341325190349,110,47.9482398533828,46.3963731050928,2.05098728659703,1.1828628347722e-10,0,13.4800497
g09_04,grid,variable_transverse,5.31829589694499,0.562341325190349,120,41.3226126941058,38.8668523790326,2.4268599215033,8.75681404561583e-11,1.4210854715202e-14,15.6628226
g09_04,grid,variable_transverse,5.31829589694499,0.562341325190349,130,36.4808903724075,33.9196295335382,2.60465361968705,8.30100820856259e-11,1.4210854715202e-14,17.840353
g09_04,grid,variable_transverse,5.31829589694499,0.562341325190349,140,33.2865096324755,30.3508284726582,3.01063147926362,1.15620429672602e-10,7.105427357601e-15,20.1043535
g09_06,grid,variable_transverse,5.31829589694499,1.33352143216332,50,89.3853852437513,88.0910971361515,0.783826936382139,4.65796378046549e-11,2.8421709430404e-14,2.3542461
g09_06,grid,variable_transverse,5.31829589694499,1.33352143216332,60,87.7134055791041,87.2646508674502,1.21573112170647,3.62043258133469e-11,0,4.8025154
g09_06,grid,variable_transverse,5.31829589694499,1.33352143216332,70,66.0248066075996,64.543453503786,1.47535388080022,4.7933740501991e-11,2.8421709430404e-14,7.4582762
g09_06,grid,variable_transverse,5.31829589694499,1.33352143216332,80,67.3369136310659,65.3620447152992,1.90434581692292,1.16430976241215e-10,2.8421709430404e-14,10.0545575
g09_06,grid,variable_transverse,5.31829589694499,1.33352143216332,90,55.7727921088436,53.3936286501346,2.28397845649218,6.72653307324869e-11,2.1316282072803e-14,12.7879657
g09_06,grid,variable_transverse,5.31829589694499,1.33352143216332,110,50.1800986077084,47.5867923701893,3.09740079253868,3.75195292064855e-11,7.105427357601e-15,15.29264
g09_06,grid,variable_transverse,5.31829589694499,1.33352143216332,120,43.9560856967902,40.2807620001645,3.64470602087802,9.36740851468974e-11,7.105427357601e-15,17.9931878
g09_06,grid,variable_transverse,5.31829589694499,1.33352143216332,130,39.2932200332386,35.4593219588324,3.87399763068472,9.00186419213456e-11,0,20.717793
g09_06,grid,variable_transverse,5.31829589694499,1.33352143216332,140,36.5228985478556,32.161401855938,4.43982224834821,1.02254433094946e-10,1.4210854715202e-14,23.2447828
g09_08,grid,variable_transverse,5.31829589694499,3.16227766016838,50,90.1463535099527,88.6927742898932,0.944647078203073,9.38737144703887e-11,1.4210854715202e-14,2.4043404
g09_08,grid,variable_transverse,5.31829589694499,3.16227766016838,60,88.8930148699826,88.1994674886259,1.46357130389596,1.05706313761959e-10,0,4.7879072
g09_08,grid,variable_transverse,5.31829589694499,3.16227766016838,70,67.4539158368381,65.6803574504663,1.77027451626074,7.37168714639878e-11,2.8421709430404e-14,7.117512
g09_08,grid,variable_transverse,5.31829589694499,3.16227766016838,80,69.1798073975226,66.8243268578702,2.28069135820446,1.53925603849253e-10,5.6843418860808e-14,9.3416423
g09_08,grid,variable_transverse,5.31829589694499,3.16227766016838,90,57.978614362424,55.1574475951018,2.72465745639501,9.66237142287492e-11,0,11.6685494
g09_08,grid,variable_transverse,5.31829589694499,3.16227766016838,110,53.1560161837949,50.0095148214308,3.65756676750717,1.51927538020678e-10,3.5527136788005e-14,14.0544767
g09_08,grid,variable_transverse,5.31829589694499,3.16227766016838,120,47.4458830961866,43.1375700690445,4.2751556384154,1.50028824072622e-10,0,16.41881
g09_08,grid,variable_transverse,5.31829589694499,3.16227766016838,130,42.9825729719948,38.5211005505836,4.4969874744132,2.43828242086335e-10,7.105427357601e-15,18.7658985
g09_08,grid,variable_transverse,5.31829589694499,3.16227766016838,140,40.7312517929129,35.7063339355818,5.1069810701776,2.04599877584934e-10,7.105427357601e-15,21.1447064
g09_10,grid,variable_transverse,5.31829589694499,7.49894209332456,50,90.9449930065196,89.5727980188869,0.864881759584227,1.11487708608192e-10,0,2.5187893
g09_10,grid,variable_transverse,5.31829589694499,7.49894209332456,60,90.129921073441,89.5637055494724,1.33921436761789,9.62197233394651e-11,1.4210854715202e-14,5.2193075
g09_10,grid,variable_transverse,5.31829589694499,7.49894209332456,70,68.9477791110963,67.3320165336236,1.61518503129692,1.20620090198769e-10,0,7.9603187
g09_10,grid,variable_transverse,5.31829589694499,7.49894209332456,80,71.1026811383416,68.9461503471983,2.07737913739659,2.29175028584409e-10,1.4210854715202e-14,10.6474127
g09_10,grid,variable_transverse,5.31829589694499,7.49894209332456,90,60.2719513673223,57.7000975328283,2.47392718857718,7.17420425363399e-11,1.4210854715202e-14,13.2390748
g09_10,grid,variable_transverse,5.31829589694499,7.49894209332456,110,56.2202408009356,53.447531292527,3.2911783588977,2.68712278436404e-10,0,15.4767195
g09_10,grid,variable_transverse,5.31829589694499,7.49894209332456,120,51.0167266489912,47.1561554496282,3.82456414651136,1.1121388952729e-10,0,17.8980688
g09_10,grid,variable_transverse,5.31829589694499,7.49894209332456,130,46.7220156506126,42.7641733526353,3.9884766676397,2.54967160711663e-10,1.4210854715202e-14,20.2616513
g09_10,grid,variable_transverse,5.31829589694499,7.49894209332456,140,44.9608575271679,40.5522064820796,4.49385983492918,1.16336681330265e-10,2.1316282072803e-14,22.6441477
g09_12,grid,variable_transverse,5.31829589694499,17.7827941003892,50,91.5913504186794,90.466049645697,0.619294546827939,9.87489475577497e-11,1.4210854715202e-14,2.2975607
g09_12,grid,variable_transverse,5.31829589694499,17.7827941003892,60,91.130980781398,90.9465894752479,0.959653024632973,1.97076457622701e-10,2.8421709430404e-14,4.8144654
g09_12,grid,variable_transverse,5.31829589694499,17.7827941003892,70,70.1540653804239,69.0000294496004,1.15556406558348,1.83401194659369e-10,1.4210854715202e-14,7.2013816
g09_12,grid,variable_transverse,5.31829589694499,17.7827941003892,80,72.6535564731846,71.0855305175374,1.4854169816166,1.29023549577515e-10,0,9.4752768
g09_12,grid,variable_transverse,5.31829589694499,17.7827941003892,90,62.1173822130748,60.2516981522361,1.76658824074921,2.70293550108564e-10,1.4210854715202e-14,11.887723
g09_12,grid,variable_transverse,5.31829589694499,17.7827941003892,110,58.6684493798137,56.8546663955864,2.33822320671769,2.12071328616837e-10,1.4210854715202e-14,14.4211274
g09_12,grid,variable_transverse,5.31829589694499,17.7827941003892,120,53.8565801369215,51.1099296317788,2.70821957415648,1.54454447277601e-10,2.8421709430404e-14,16.9268969
g09_12,grid,variable_transverse,5.31829589694499,17.7827941003892,130,49.6748548452941,46.8934474822997,2.80804160548656,2.63278437581391e-10,7.105427357601e-15,19.476791
g09_12,grid,variable_transverse,5.31829589694499,17.7827941003892,140,48.2782706161278,45.2198224410366,3.14575370730939,4.98961245754254e-10,2.8421709430404e-14,21.9739317
g09_14,grid,variable_transverse,5.31829589694499,42.1696503428582,50,92.0147383431045,91.1388758807866,0.370714358456243,1.8262230130182e-10,1.4210854715202e-14,2.4391194
g09_14,grid,variable_transverse,5.31829589694499,42.1696503428582,60,91.7876843778047,91.9885623013656,0.57579848723325,1.44046417758282e-10,0,4.6440609
g09_14,grid,variable_transverse,5.31829589694499,42.1696503428582,70,70.9446778901942,70.254366341277,0.693190145877622,1.24293003507725e-10,0,7.0023589
g09_14,grid,variable_transverse,5.31829589694499,42.1696503428582,80,73.6701681911298,72.6934424231334,0.891885934154851,2.01585891625142e-10,2.8421709430404e-14,9.3977673
g09_14,grid,variable_transverse,5.31829589694499,42.1696503428582,90,63.3265444781954,62.1654569666213,1.06121660634844,1.60806168034803e-10,7.105427357601e-15,11.7795053
g09_14,grid,variable_transverse,5.31829589694499,42.1696503428582,110,60.2678228973056,59.392640251281,1.40351829853219,1.70342545850323e-10,7.105427357601e-15,14.0130501
g09_14,grid,variable_transverse,5.31829589694499,42.1696503428582,120,55.7081888216112,54.0434544355564,1.62464174164417,2.68120117238194e-10,1.4210854715202e-14,16.3824506
g09_14,grid,variable_transverse,5.31829589694499,42.1696503428582,130,51.5913652373197,49.9366758119747,1.67864379180069,4.22517649500572e-10,2.1316282072803e-14,18.6382521
g09_14,grid,variable_transverse,5.31829589694499,42.1696503428582,140,50.4212232001273,48.6364180790235,1.87330123232103,2.17621509097169e-10,3.5527136788005e-14,21.1047637
g09_16,grid,variable_transverse,5.31829589694499,100,50,92.2537591539573,91.5524967346255,0.196605179449412,1.12940663402211e-10,1.4210854715202e-14,2.2816941
g09_16,grid,variable_transverse,5.31829589694499,100,60,92.1594512784617,92.6305679158476,0.306329991439379,1.60775139307933e-10,0,4.6516305
g09_16,grid,variable_transverse,5.31829589694499,100,70,71.3923295053829,71.0269893532785,0.368976616659248,1.78072520198923e-10,0,7.0773206
g09_16,grid,variable_transverse,5.31829589694499,100,80,74.2465700726722,73.6849180387981,0.475568814587424,2.38270089275448e-10,1.4210854715202e-14,9.5833108
g09_16,grid,variable_transverse,5.31829589694499,100,90,64.0127790999825,63.3458409259397,0.566628974732595,1.54524090186504e-10,1.4210854715202e-14,12.2030474
g09_16,grid,variable_transverse,5.31829589694499,100,110,61.1759742410003,60.9559079841768,0.750608433266509,1.88425689533271e-10,2.8421709430404e-14,14.6198692
g09_16,grid,variable_transverse,5.31829589694499,100,120,56.7597471816873,55.849096567008,0.869573265642688,2.58767361339236e-10,1.4210854715202e-14,16.997204
g09_16,grid,variable_transverse,5.31829589694499,100,130,52.6767224175267,51.8026022991858,0.896508975700097,2.03331892129157e-10,0,19.1604152
g09_16,grid,variable_transverse,5.31829589694499,100,140,51.6309229629539,50.7221585836425,0.997866957505496,4.33497491650197e-10,0,21.4256313
g10_01,grid,variable_transverse,8.27037108400028,0.153992652605949,50,136.960398644022,135.844484109971,0.211813729322426,2.09346567078146e-11,5.6843418860808e-14,2.1682607
g10_01,grid,variable_transverse,8.27037108400028,0.153992652605949,60,134.313333322018,135.05299732126,0.32845397048494,1.32245031865946e-11,0,4.5164003
g10_01,grid,variable_transverse,8.27037108400028,0.153992652605949,70,99.5117833456398,99.0473647323771,0.39976265917159,1.5559006393774e-11,1.4210854715202e-14,7.082292
g10_01,grid,variable_transverse,8.27037108400028,0.153992652605949,80,100.599575894002,99.9505086444172,0.515709188803854,1.92951843770471e-11,2.8421709430404e-14,9.3412343
g10_01,grid,variable_transverse,8.27037108400028,0.153992652605949,90,81.7851366571106,81.0365539208025,0.621815938787119,2.36935073671083e-11,2.8421709430404e-14,11.6207366
g10_01,grid,variable_transverse,8.27037108400028,0.153992652605949,110,71.7047327740253,71.6462216870786,0.8552226287079,5.00516293681126e-11,0,13.8942394
g10_01,grid,variable_transverse,8.27037108400028,0.153992652605949,120,60.4399159906324,59.3810416143137,1.01541989641372,2.96752413706354e-11,0,16.1845721
g10_01,grid,variable_transverse,8.27037108400028,0.153992652605949,130,52.6585974036427,51.6138108700316,1.10079798542103,3.0462626558332e-11,7.105427357601e-15,18.4296725
g10_01,grid,variable_transverse,8.27037108400028,0.153992652605949,140,47.0483358226358,45.8652551895298,1.28612117012255,3.44560530524071e-11,1.4210854715202e-14,20.6107721
g10_03,grid,variable_transverse,8.27037108400028,0.365174127254838,50,137.229305111883,135.893247618404,0.432629279982488,2.01170021056019e-11,5.6843418860808e-14,1.9811039
g10_03,grid,variable_transverse,8.27037108400028,0.365174127254838,60,134.730546481654,135.128351594419,0.671484419152978,2.17563033492776e-11,0,4.1363753
g10_03,grid,variable_transverse,8.27037108400028,0.365174127254838,70,100.01967237033,99.1384015714731,0.81744494958409,1.65314819811672e-11,0,6.4076011
g10_03,grid,variable_transverse,8.27037108400028,0.365174127254838,80,101.254902235199,100.065278741641,1.05486547977317,3.40503487524364e-11,2.8421709430404e-14,8.8264819
g10_03,grid,variable_transverse,8.27037108400028,0.365174127254838,90,82.5753853026435,81.1762373420619,1.27196363254949,2.79698203639467e-11,2.8421709430404e-14,11.5835472
g10_03,grid,variable_transverse,8.27037108400028,0.365174127254838,110,72.7913560110425,71.8428264776584,1.74810028046241,4.80206660185407e-11,0,14.3801481
g10_03,grid,variable_transverse,8.27037108400028,0.365174127254838,120,61.7292704775648,59.6125482716834,2.07274442169117,2.35036713823759e-11,2.8421709430404e-14,16.9181863
g10_03,grid,variable_transverse,8.27037108400028,0.365174127254838,130,54.05395600911,51.8693243950206,2.2391896414715,5.60675917345415e-11,7.105427357601e-15,19.1244512
g10_03,grid,variable_transverse,8.27037108400028,0.365174127254838,140,48.6757726022462,46.1736346113706,2.60707331617893,3.21435631519241e-11,2.1316282072803e-14,21.3492523
g10_05,grid,variable_transverse,8.27037108400028,0.865964323360065,50,137.747939283082,136.055217411294,0.790628719015333,5.02271468841628e-11,2.8421709430404e-14,2.2109603
g10_05,grid,variable_transverse,8.27037108400028,0.865964323360065,60,135.535681037569,135.37977836835,1.22739776019183,4.38980810249164e-11,5.6843418860808e-14,4.4589965
g10_05,grid,variable_transverse,8.27037108400028,0.865964323360065,70,100.999402594544,99.4444531437874,1.49269451283047,3.03917442344215e-11,1.4210854715202e-14,6.830604
g10_05,grid,variable_transverse,8.27037108400028,0.865964323360065,80,102.519097362615,100.455918434816,1.92573684757368,7.79814600848725e-11,2.8421709430404e-14,9.0405057
g10_05,grid,variable_transverse,8.27037108400028,0.865964323360065,90,84.0987936613187,81.6520596966493,2.3187463445524,5.08536470006446e-11,1.4210854715202e-14,11.3475514
g10_05,grid,variable_transverse,8.27037108400028,0.865964323360065,110,74.8812221100578,72.5121665269108,3.17427912948016,7.83000075366492e-11,2.8421709430404e-14,13.7425248
g10_05,grid,variable_transverse,8.27037108400028,0.865964323360065,120,64.2031997270362,60.4068856214919,3.75123659668932,7.97339291519159e-11,1.4210854715202e-14,16.315765
g10_05,grid,variable_transverse,8.27037108400028,0.865964323360065,130,56.7175081964342,52.7437813650368,4.02540923197252,1.26543325192116e-10,1.4210854715202e-14,18.6372983
g10_05,grid,variable_transverse,8.27037108400028,0.865964323360065,140,51.767120534504,47.2176643880129,4.65776148620083,9.40506860733922e-11,1.4210854715202e-14,20.8155889
g10_07,grid,variable_transverse,8.27037108400028,2.05352502645715,50,138.61600430205,136.500448171668,1.21577021672497,5.88599987930949e-11,8.5265128291212e-14,1.9810741
g10_07,grid,variable_transverse,8.27037108400028,2.05352502645715,60,136.882825864537,136.071896357577,1.88593312175278,6.97817323210925e-11,0,4.0074246
g10_07,grid,variable_transverse,8.27037108400028,2.05352502645715,70,102.635716190323,100.288121479152,2.28786254533298,5.56169460483106e-11,2.8421709430404e-14,6.1722569
g10_07,grid,variable_transverse,8.27037108400028,2.05352502645715,80,104.628923957762,101.539021316957,2.94804851227512,5.78836821092325e-11,2.8421709430404e-14,8.2732292
g10_07,grid,variable_transverse,8.27037108400028,2.05352502645715,90,86.6351990612692,82.9674138294446,3.53845565361102,5.88683999681273e-11,5.6843418860808e-14,10.5298751
g10_07,grid,variable_transverse,8.27037108400028,2.05352502645715,110,78.3398436286161,74.3489609757128,4.80583997649804,1.27506055999265e-10,2.8421709430404e-14,12.6582753
g10_07,grid,variable_transverse,8.27037108400028,2.05352502645715,120,68.2788638196,62.5842435227282,5.64747508233465,7.25311701573144e-11,2.8421709430404e-14,14.903458
g10_07,grid,variable_transverse,8.27037108400028,2.05352502645715,130,61.0693412316345,55.114125082875,6.00195905943197,1.26966403885736e-10,1.4210854715202e-14,17.1437974
g10_07,grid,variable_transverse,8.27037108400028,2.05352502645715,140,56.7804155034795,50.0078424932767,6.88577144049037,9.26342017927298e-11,2.8421709430404e-14,19.1298303
g10_09,grid,variable_transverse,8.27037108400028,4.86967525165863,50,139.798137378554,137.431875835492,1.46969072695083,9.14596970734837e-11,8.5265128291212e-14,1.8734205
g10_09,grid,variable_transverse,8.27037108400028,4.86967525165863,60,138.715444413452,137.517790018792,2.27710627847114,2.94531301781882e-11,5.6843418860808e-14,3.910205
g10_09,grid,variable_transverse,8.27037108400028,4.86967525165863,70,104.855213109313,102.045286551911,2.75343394398733,8.44194832783059e-11,2.8421709430404e-14,5.8674562
g10_09,grid,variable_transverse,8.27037108400028,4.86967525165863,80,107.486245311941,103.797069471417,3.54147041769857,2.06504489291711e-10,2.8421709430404e-14,7.7583099
g10_09,grid,variable_transverse,8.27037108400028,4.86967525165863,90,90.0578024214398,85.692642402944,4.23399482119057,7.6168105454432e-11,1.4210854715202e-14,9.748393
g10_09,grid,variable_transverse,8.27037108400028,4.86967525165863,110,82.9644078685479,78.1003611371895,5.69253151906676,1.56492816583537e-10,2.8421709430404e-14,11.9048844
g10_09,grid,variable_transverse,8.27037108400028,4.86967525165863,120,73.6945348737285,66.9998922480303,6.64434002863445,8.25909779380504e-11,4.2632564145606e-14,14.1939604
g10_09,grid,variable_transverse,8.27037108400028,4.86967525165863,130,66.7939211205373,59.8456630207226,6.98815622166437,2.29747480271396e-10,2.8421709430404e-14,16.1906595
g10_09,grid,variable_transverse,8.27037108400028,4.86967525165863,140,63.3169811111257,55.4916538596711,7.94402689031376,1.00409452838234e-10,0,18.5030362
g10_11,grid,variable_transverse,8.27037108400028,11.5478198468946,50,141.042587584268,138.799697621792,1.34972710418359,1.96359423283885e-10,2.8421709430404e-14,2.3457378
g10_11,grid,variable_transverse,8.27037108400028,11.5478198468946,60,140.642780940983,139.636720330642,2.08985174107745,1.59527296351892e-10,2.8421709430404e-14,4.7364594
g10_11,grid,variable_transverse,8.27037108400028,11.5478198468946,70,107.182247297251,104.60916997355,2.51979246105225,1.68790201902105e-10,0,6.8362992
g10_11,grid,variable_transverse,8.27037108400028,11.5478198468946,80,110.476693435627,107.08734738856,3.23564753099439,4.18836998474723e-10,1.4210854715202e-14,8.8132531
g10_11,grid,variable_transverse,8.27037108400028,11.5478198468946,90,93.626960087101,89.6378541113668,3.85598688649202,1.61604749941004e-10,1.4210854715202e-14,10.9825759
g10_11,grid,variable_transverse,8.27037108400028,11.5478198468946,110,87.7407246720252,83.4457587210547,5.13774141185681,4.25604227405544e-10,0,13.4877573
g10_11,grid,variable_transverse,8.27037108400028,11.5478198468946,120,79.2524810170954,73.2369862317032,5.96155631246156,3.58208770265619e-10,0,16.1264295
g10_11,grid,variable_transverse,8.27037108400028,11.5478198468946,130,72.6134231751735,66.4299937758421,6.2160608328598,5.24972316970203e-10,1.4210854715202e-14,18.5631887
g10_11,grid,variable_transverse,8.27037108400028,11.5478198468946,140,69.9057192775471,63.0187779526982,7.01035564459536,3.2416073212347e-10,1.4210854715202e-14,21.0400717
g10_13,grid,variable_transverse,8.27037108400028,27.3841963426436,50,142.05251626443,140.193290324559,0.968820431875228,2.03552069583483e-10,2.8421709430404e-14,2.2164181
g10_13,grid,variable_transverse,8.27037108400028,27.3841963426436,60,142.206790904046,141.792793912422,1.50108790127591,9.45123541832112e-11,0,4.4464144
g10_13,grid,variable_transverse,8.27037108400028,27.3841963426436,70,109.066374665942,107.208521625945,1.80704778686767,9.07516501188245e-11,1.4210854715202e-14,6.6408436
g10_13,grid,variable_transverse,8.27037108400028,27.3841963426436,80,112.895186034397,110.417540090818,2.31918930454198,3.00001668281847e-10,1.4210854715202e-14,8.7667448
g10_13,grid,variable_transverse,8.27037108400028,27.3841963426436,90,96.5067424909043,93.6120258599209,2.75999057386939,1.18600373428227e-10,4.2632564145606e-14,10.8881123
g10_13,grid,variable_transverse,8.27037108400028,27.3841963426436,110,91.5669727728602,88.7626999888355,3.65855868692789,3.37773796768031e-10,0,12.9311508
g10_13,grid,variable_transverse,8.27037108400028,27.3841963426436,120,83.6841299222388,79.3960664393143,4.23097660568957,2.57833664406253e-10,0,15.1508516
g10_13,grid,variable_transverse,8.27037108400028,27.3841963426436,130,77.2205834791984,72.8611691612863,4.38610102774298,3.21075693727519e-10,2.8421709430404e-14,17.1418229
g10_13,grid,variable_transverse,8.27037108400028,27.3841963426436,140,75.0864991434312,70.2950697401996,4.91804718229879,2.8602817630395e-10,0,19.3545961
g10_15,grid,variable_transverse,8.27037108400028,64.9381631576211,50,142.715403488121,141.245897248924,0.580910253204501,2.15834878812897e-10,5.6843418860808e-14,2.4188006
g10_15,grid,variable_transverse,8.27037108400028,64.9381631576211,60,143.234816318612,143.421860949535,0.902108708569939,1.05144471083524e-10,2.8421709430404e-14,5.0032295
g10_15,grid,variable_transverse,8.27037108400028,64.9381631576211,70,110.303702836484,109.168725037175,1.0857547904316,6.92255681381997e-11,4.2632564145606e-14,7.2562124
g10_15,grid,variable_transverse,8.27037108400028,64.9381631576211,80,114.483699629233,112.927388862477,1.39478121100905,3.4253394495128e-10,0,9.6449097
g10_15,grid,variable_transverse,8.27037108400028,64.9381631576211,90,98.3973348494407,96.6009217718356,1.66062332883142,1.40163129332435e-10,1.4210854715202e-14,12.1758823
g10_15,grid,variable_transverse,8.27037108400028,64.9381631576211,110,94.0713837520336,92.7337203890833,2.1994711755647,4.38066052539113e-10,1.4210854715202e-14,14.7869256
g10_15,grid,variable_transverse,8.27037108400028,64.9381631576211,120,86.5789989249452,83.9777443287856,2.54198470033224,1.94845492831427e-10,2.8421709430404e-14,17.3944009
g10_15,grid,variable_transverse,8.27037108400028,64.9381631576211,130,80.2163283849549,77.6131077588842,2.62593378615517,3.96822921024533e-10,1.4210854715202e-14,19.7603
g10_15,grid,variable_transverse,8.27037108400028,64.9381631576211,140,78.4391880167296,75.6346415262619,2.93301861138267,1.82629007400528e-10,0,21.8885571
g11_00,grid,variable_transverse,12.8610816683515,0.1,50,212.124062744658,210.387652949616,0.149425536842287,1.97636050244055e-11,0,2.2986656
g11_00,grid,variable_transverse,12.8610816683515,0.1,60,209.256778428784,210.533829030347,0.23148377066542,3.11294342493255e-11,5.6843418860808e-14,4.7059111
g11_00,grid,variable_transverse,12.8610816683515,0.1,70,154.313676337961,153.87028701833,0.281403457875464,3.47540781802576e-11,2.8421709430404e-14,7.21549
g11_00,grid,variable_transverse,12.8610816683515,0.1,80,155.858154680889,155.268728380773,0.362333800217843,2.61541021345361e-11,5.6843418860808e-14,9.3160858
g11_00,grid,variable_transverse,12.8610816683515,0.1,90,126.51578486592,125.906396513201,0.436904411963677,4.8166597306456e-11,1.4210854715202e-14,11.6493634
g11_00,grid,variable_transverse,12.8610816683515,0.1,110,111.257116210888,111.934057260528,0.601465816640075,5.09655854031656e-11,4.2632564145606e-14,13.996768
g11_00,grid,variable_transverse,12.8610816683515,0.1,120,93.0033061295453,92.2221551625511,0.713363536132716,5.68757419830701e-11,2.8421709430404e-14,16.252005
g11_00,grid,variable_transverse,12.8610816683515,0.1,130,80.8844675043581,80.1715772931036,0.774234844232709,4.43108549478089e-11,1.4210854715202e-14,18.4800787
g11_00,grid,variable_transverse,12.8610816683515,0.1,140,72.0187704781303,71.2579513641597,0.906885030990884,7.05087178189637e-11,0,20.6808561
g11_02,grid,variable_transverse,12.8610816683515,0.237137370566166,50,212.320683383754,210.407325086036,0.326985470177533,3.08153199172993e-11,1.13686837721616e-13,2.3714176
g11_02,grid,variable_transverse,12.8610816683515,0.237137370566166,60,209.561528213512,210.563830609439,0.507020580653865,2.22557952682582e-11,5.6843418860808e-14,4.8386333
g11_02,grid,variable_transverse,12.8610816683515,0.237137370566166,70,154.684278337945,153.906009989953,0.616747089740397,1.89400003708587e-11,0,7.4927688
g11_02,grid,variable_transverse,12.8610816683515,0.237137370566166,80,156.335435488569,155.313034620849,0.794414324990701,3.4687914334761e-11,5.6843418860808e-14,9.8173481
g11_02,grid,variable_transverse,12.8610816683515,0.237137370566166,90,127.091500071768,125.960254106712,0.958499393618076,3.29698440180129e-11,7.105427357601e-14,12.2839192
g11_02,grid,variable_transverse,12.8610816683515,0.237137370566166,110,112.04995342238,112.010593323922,1.3202459610878,5.96977461450863e-11,5.6843418860808e-14,14.9020845
g11_02,grid,variable_transverse,12.8610816683515,0.237137370566166,120,93.9435101662978,92.310118447917,1.56533648834458,6.68847643847762e-11,2.8421709430404e-14,17.4138666
g11_02,grid,variable_transverse,12.8610816683515,0.237137370566166,130,81.9041947600716,80.2680292841726,1.69648578940024,6.6164089152347e-11,2.8421709430404e-14,19.8498708
g11_02,grid,variable_transverse,12.8610816683515,0.237137370566166,140,73.2122861459182,71.3756250930193,1.98403510821795,6.31902949079925e-11,1.4210854715202e-14,22.4139882
g11_04,grid,variable_transverse,12.8610816683515,0.562341325190349,50,212.736022952496,210.482422296941,0.668542914105768,3.43337506369753e-11,5.6843418860808e-14,2.2675055
g11_04,grid,variable_transverse,12.8610816683515,0.562341325190349,60,210.20588770062,210.679317901599,1.03755001480773,2.32240067299788e-11,2.8421709430404e-14,5.2283574
g11_04,grid,variable_transverse,12.8610816683515,0.562341325190349,70,155.468242566675,154.045309248793,1.26238851323438,2.97738678497739e-11,8.5265128291212e-14,17.2310634
g11_04,grid,variable_transverse,12.8610816683515,0.562341325190349,80,157.34544214486,155.488987229154,1.62657359869385,6.13410827887671e-11,0,19.3199782
g11_04,grid,variable_transverse,12.8610816683515,0.562341325190349,90,128.310267108804,126.17431078934,1.96265511122617,3.182040714666e-11,2.8421709430404e-14,21.561048
g11_04,grid,variable_transverse,12.8610816683515,0.562341325190349,110,113.728339531,112.313063276864,2.7014824406511,7.02663587986912e-11,7.105427357601e-14,23.8440357
g11_04,grid,variable_transverse,12.8610816683515,0.562341325190349,120,95.9322029355626,92.6649459279781,3.19860235644374,5.27749107890017e-11,5.6843418860808e-14,26.1556409
g11_04,grid,variable_transverse,12.8610816683515,0.562341325190349,130,84.0558293014873,80.6593398044593,3.45461253613989,1.0506200661122e-10,2.8421709430404e-14,28.3723726
g11_04,grid,variable_transverse,12.8610816683515,0.562341325190349,140,75.7242631664003,71.8481211526632,4.02618925575207,4.87470396984357e-11,1.4210854715202e-14,30.5559888
g11_06,grid,variable_transverse,12.8610816683515,1.33352143216332,50,213.538131298996,210.731950196024,1.22372759999705,3.33402059810991e-11,0,2.1116506
g11_06,grid,variable_transverse,12.8610816683515,1.33352143216332,60,211.450931158664,211.065586222888,1.8994442630999,5.38370940647509e-11,5.6843418860808e-14,4.2835638
g11_06,grid,variable_transverse,12.8610816683515,1.33352143216332,70,156.982477202003,154.514947235199,2.30882931734049,6.16349243434018e-11,5.6843418860808e-14,6.7168315
g11_06,grid,variable_transverse,12.8610816683515,1.33352143216332,80,159.296413623907,156.088654113109,2.97424270706264,4.76512082633678e-11,8.5265128291212e-14,9.049589
g11_06,grid,variable_transverse,12.8610816683515,1.33352143216332,90,130.662870509151,126.904815662881,3.58369013889794,9.59152109877715e-11,8.5265128291212e-14,11.5145796
g11_06,grid,variable_transverse,12.8610816683515,1.33352143216332,110,116.960822981125,113.343625191782,4.91389397856332,1.19928302153242e-10,0,13.5983229
g11_06,grid,variable_transverse,12.8610816683515,1.33352143216332,120,99.7531915831516,93.8847101262801,5.7985286478873,1.25714158555686e-10,0,15.610985
g11_06,grid,variable_transverse,12.8610816683515,1.33352143216332,130,88.168776589636,82.0014887584739,6.2210763664014,7.57247149069342e-11,2.8421709430404e-14,17.5367609
g11_06,grid,variable_transverse,12.8610816683515,1.33352143216332,140,80.5025853314096,73.4518064260928,7.20560870331395,1.17324041030514e-10,1.4210854715202e-14,19.5184824
g11_08,grid,variable_transverse,12.8610816683515,3.16227766016838,50,214.883346657212,211.419116737319,1.886267342767,5.16255423754393e-11,2.8421709430404e-14,1.8388153
g11_08,grid,variable_transverse,12.8610816683515,3.16227766016838,60,213.538113501815,212.131911532178,2.92525657019294,6.09260753938005e-11,2.8421709430404e-14,3.7143728
g11_08,grid,variable_transverse,12.8610816683515,3.16227766016838,70,159.516465531752,155.813632997112,3.54707805855612,8.68307598425632e-11,2.8421709430404e-14,5.6165139
g11_08,grid,variable_transverse,12.8610816683515,3.16227766016838,80,162.558959153043,157.75531419333,4.56414667083897,1.09998230683004e-10,2.8421709430404e-14,7.4149422
g11_08,grid,variable_transverse,12.8610816683515,3.16227766016838,90,134.587750168851,128.929659444046,5.4819600048159,8.5483845619779e-11,2.8421709430404e-14,9.2894149
g11_08,grid,variable_transverse,12.8610816683515,3.16227766016838,110,122.321701066773,116.178148846271,7.45822789438526,1.14856260265067e-10,0,11.1358751
g11_08,grid,variable_transverse,12.8610816683515,3.16227766016838,120,106.061017366626,97.2375550756344,8.75096724709626,1.34376900949498e-10,2.8421709430404e-14,13.031091
g11_08,grid,variable_transverse,12.8610816683515,3.16227766016838,130,94.9027732361358,85.6504801302434,9.29866226890896,2.02699075624577e-10,2.8421709430404e-14,14.8564389
g11_08,grid,variable_transverse,12.8610816683515,3.16227766016838,140,88.2679141561023,77.7511694363112,10.678584881895,2.08124369332218e-10,1.4210854715202e-14,16.6921864
g11_10,grid,variable_transverse,12.8610816683515,7.49894209332456,50,216.720249163705,212.861356995288,2.28718597780073,1.14620282310381e-10,0,2.0667124
g11_10,grid,variable_transverse,12.8610816683515,7.49894209332456,60,216.384896047602,214.367797486016,3.54242314886394,1.53750698416679e-10,2.8421709430404e-14,4.1716922
g11_10,grid,variable_transverse,12.8610816683515,7.49894209332456,70,162.962746187255,158.529049867489,4.28169194790216,1.31612245828643e-10,5.6843418860808e-14,6.1958914
g11_10,grid,variable_transverse,12.8610816683515,7.49894209332456,80,166.989459955136,161.242374036276,5.4996415464315,2.55105829216106e-10,0,8.2625009
g11_10,grid,variable_transverse,12.8610816683515,7.49894209332456,90,139.898339562874,133.140375903416,6.57943336950355,1.38379384623262e-10,0,10.4025849
g11_10,grid,variable_transverse,12.8610816683515,7.49894209332456,110,129.509798086983,121.987781056852,8.86156482736116,2.59081574537414e-10,0,12.4281866
g11_10,grid,variable_transverse,12.8610816683515,7.49894209332456,120,114.465547522817,104.062356919408,10.3266628056462,1.80047207345239e-10,2.8421709430404e-14,14.5433004
g11_10,grid,variable_transverse,12.8610816683515,7.49894209332456,130,103.785189106272,92.9621080827893,10.8591979996905,3.55199665813961e-10,0,16.4316381
g11_10,grid,variable_transverse,12.8610816683515,7.49894209332456,140,98.4201683029693,86.2335426411112,12.3564497157046,2.4301471633572e-10,1.4210854715202e-14,18.4264009
g11_12,grid,variable_transverse,12.8610816683515,17.7827941003892,50,218.659903065439,214.987883182808,2.10695754311209,1.09129117658749e-10,0,1.7879597
g11_12,grid,variable_transverse,12.8610816683515,17.7827941003892,60,219.387702744045,217.658278730727,3.26085281752103,2.04680517157597e-10,2.8421709430404e-14,3.6304002
g11_12,grid,variable_transverse,12.8610816683515,17.7827941003892,70,166.586868443702,162.508316567475,3.93021883009413,1.75632653510828e-10,2.8421709430404e-14,5.5238987
g11_12,grid,variable_transverse,12.8610816683515,17.7827941003892,80,171.640563871971,166.344832823793,5.04012668641299,2.284509079578e-10,0,7.406751
g11_12,grid,variable_transverse,12.8610816683515,17.7827941003892,90,145.453094320127,139.26185013688,6.01017283086974,1.5808498886658e-10,0,9.264613
g11_12,grid,variable_transverse,12.8610816683515,17.7827941003892,110,136.956394600702,130.300098552959,8.02205343798766,3.21055947771871e-10,0,11.1099319
g11_12,grid,variable_transverse,12.8610816683515,17.7827941003892,120,123.116562739885,113.742437995374,9.29282130167985,2.50795758785833e-10,2.8421709430404e-14,13.081357
g11_12,grid,variable_transverse,12.8610816683515,17.7827941003892,130,112.841699647895,103.179234941416,9.68771711940181,4.19241069220276e-10,4.2632564145606e-14,15.0908431
g11_12,grid,variable_transverse,12.8610816683515,17.7827941003892,140,108.683393590848,97.9245675943265,10.9355956607264,3.18406840645918e-10,1.4210854715202e-14,17.150288
g11_14,grid,variable_transverse,12.8610816683515,42.1696503428582,50,220.238353170819,217.162630401822,1.51604773197376,1.14950772251798e-10,1.70530256582424e-13,1.9385164
g11_14,grid,variable_transverse,12.8610816683515,42.1696503428582,60,221.830974536664,221.019281303036,2.34775654478786,2.23321162580497e-10,8.5265128291212e-14,4.0272896
g11_14,grid,variable_transverse,12.8610816683515,42.1696503428582,70,169.529133494292,166.558342360242,2.8252630983964,2.42084711874039e-10,2.8421709430404e-14,6.0727909
g11_14,grid,variable_transverse,12.8610816683515,42.1696503428582,80,175.412368491094,171.528986711719,3.62128065398302,1.97463183191397e-10,2.8421709430404e-14,8.0519766
g11_14,grid,variable_transverse,12.8610816683515,42.1696503428582,90,149.947029338945,145.451789057987,4.31208563488346,3.40300097892065e-10,2.8421709430404e-14,10.0100704
g11_14,grid,variable_transverse,12.8610816683515,42.1696503428582,110,142.937644098366,138.598795166606,5.72571552724247,3.61620859382807e-10,2.8421709430404e-14,12.2819998
g11_14,grid,variable_transverse,12.8610816683515,42.1696503428582,120,130.032436631342,123.336770149417,6.61015558911549,5.30474878141872e-10,5.6843418860808e-14,14.4229102
g11_14,grid,variable_transverse,12.8610816683515,42.1696503428582,130,120.030022001646,113.195350380715,6.85104887074766,2.33766283695754e-10,0,16.3479989
g11_14,grid,variable_transverse,12.8610816683515,42.1696503428582,140,116.773900521211,109.266836000076,7.6886257834009,5.3530057084522e-10,2.8421709430404e-14,18.3814076
g11_16,grid,variable_transverse,12.8610816683515,100,50,221.276516243401,218.809826715302,0.910551119210104,1.63782238836516e-10,1.13686837721616e-13,1.9544175
g11_16,grid,variable_transverse,12.8610816683515,100,60,223.440120142269,223.565867979935,1.4132080465474,1.5209349294613e-10,5.6843418860808e-14,3.9563068
g11_16,grid,variable_transverse,12.8610816683515,100,70,171.465204787465,169.621141279073,1.70030819442569,1.20171471446483e-10,5.6843418860808e-14,5.8805027
g11_16,grid,variable_transverse,12.8610816683515,100,80,177.894737717257,175.446990345789,2.18144217300336,2.07211622242814e-10,1.13686837721616e-13,7.7775943
g11_16,grid,variable_transverse,12.8610816683515,100,90,152.903139271807,150.119950451249,2.59865864679872,2.44156961350472e-10,2.8421709430404e-14,9.6563857
g11_16,grid,variable_transverse,12.8610816683515,100,110,146.86010534509,144.813183935201,3.44760523115337,4.41090106256389e-10,0,11.5709275
g11_16,grid,variable_transverse,12.8610816683515,100,120,134.558541334408,130.492625296546,3.97745899916865,4.51142204748643e-10,2.8421709430404e-14,13.596995
g11_16,grid,variable_transverse,12.8610816683515,100,130,124.712804584266,120.615391573272,4.10786912170659,5.97287379606724e-10,0,15.4547592
g11_16,grid,variable_transverse,12.8610816683515,100,140,122.019128365063,117.611369000525,4.59213547858614,2.96041833265631e-10,1.4210854715202e-14,17.2842776
g12_01,grid,variable_transverse,20,0.153992652605949,50,328.716623076179,325.745473841559,0.230597017706912,2.34606999480786e-11,1.13686837721616e-13,1.771292
g12_01,grid,variable_transverse,20,0.153992652605949,60,326.400550333127,328.204325782301,0.357080531032152,2.26898598425606e-11,5.6843418860808e-14,3.5829645
g12_01,grid,variable_transverse,20,0.153992652605949,70,239.837376841264,239.077485976374,0.433822594462791,2.61052092273434e-11,1.13686837721616e-13,5.4368329
g12_01,grid,variable_transverse,20,0.153992652605949,80,242.209021634662,241.29523806009,0.557886632461118,3.89133202690549e-11,5.6843418860808e-14,7.2237784
g12_01,grid,variable_transverse,20,0.153992652605949,90,196.623573517366,195.710423423709,0.673089713024531,3.16124792965027e-11,1.13686837721616e-13,9.1533708
g12_01,grid,variable_transverse,20,0.153992652605949,110,173.895196295871,175.01181379442,0.92814339953293,4.41551609560759e-11,2.8421709430404e-14,11.0608116
g12_01,grid,variable_transverse,20,0.153992652605949,120,144.569954823246,143.364551892391,1.09907877884526,5.53522433681954e-11,0,12.9467342
g12_01,grid,variable_transverse,20,0.153992652605949,130,125.802683581438,124.662755003447,1.19247860430457,4.42594283088731e-11,0,14.7602608
g12_01,grid,variable_transverse,20,0.153992652605949,140,112.077145821117,110.886912271762,1.39806923195096,6.70963173684072e-11,1.4210854715202e-14,16.6927643
g12_03,grid,variable_transverse,20,0.365174127254838,50,329.02014854448,325.775806175645,0.504918091602392,2.16943754436488e-11,1.13686837721616e-13,1.8030075
g12_03,grid,variable_transverse,20,0.365174127254838,60,326.870791871327,328.25017036156,0.78257279574275,1.79985940314666e-11,1.70530256582424e-13,3.7315093
g12_03,grid,variable_transverse,20,0.365174127254838,70,240.408884265787,239.132011193462,0.951355961457368,3.03604389821016e-11,1.13686837721616e-13,5.6384776
g12_03,grid,variable_transverse,20,0.365174127254838,80,242.944113107683,241.363162941284,1.22387164703221,3.2752918818417e-11,2.8421709430404e-14,7.4669466
g12_03,grid,variable_transverse,20,0.365174127254838,90,197.51078172799,195.792864776936,1.47751617767465,3.79956423050018e-11,1.13686837721616e-13,9.3027926
g12_03,grid,variable_transverse,20,0.365174127254838,110,175.119033145559,175.129612936703,2.03854967242487,6.04466540431909e-11,5.6843418860808e-14,11.1626752
g12_03,grid,variable_transverse,20,0.365174127254838,120,146.018969632004,143.499202141588,2.41314342420877,6.97034103514804e-11,8.5265128291212e-14,13.2258797
g12_03,grid,variable_transverse,20,0.365174127254838,130,127.37376204855,124.81023654121,2.61452134281061,7.22921893572385e-11,2.8421709430404e-14,15.1217651
g12_03,grid,variable_transverse,20,0.365174127254838,140,113.917676129019,111.066860512848,3.06051716523394,5.41905597176361e-11,1.4210854715202e-14,17.1482039
g12_05,grid,variable_transverse,20,0.865964323360065,50,329.66183515659,325.891456596044,1.03337914759599,3.0551755380187e-11,0,1.9763429
g12_05,grid,variable_transverse,20,0.865964323360065,60,327.865843170905,328.427116728291,1.60298027459647,2.35604156806823e-11,0,3.9647866
g12_05,grid,variable_transverse,20,0.865964323360065,70,241.618795735141,239.345235883306,1.94920025061521,4.22423484248399e-11,2.8421709430404e-14,5.8626833
g12_05,grid,variable_transverse,20,0.865964323360065,80,244.500925056762,241.632953586541,2.50838612433273,5.34739129184711e-11,1.13686837721616e-13,7.681193
g12_05,grid,variable_transverse,20,0.865964323360065,90,199.390474391358,196.120899239088,3.02845665816324,4.86407816334883e-11,8.5265128291212e-14,9.5711998
g12_05,grid,variable_transverse,20,0.865964323360065,110,177.711984621074,175.594814110883,4.17567224310898,6.00510624944141e-11,2.8421709430404e-14,11.4031288
g12_05,grid,variable_transverse,20,0.865964323360065,120,149.086402843811,144.042975734109,4.93611805041172,6.5581888814439e-11,5.6843418860808e-14,13.269357
g12_05,grid,variable_transverse,20,0.865964323360065,130,130.69155637389,125.409493293409,5.32972838499346,6.74897139112257e-11,0,15.0912155
g12_05,grid,variable_transverse,20,0.865964323360065,140,117.794753241283,111.790837707679,6.21744136074982,9.03403588396721e-11,1.4210854715202e-14,17.1698425
g12_07,grid,variable_transverse,20,2.05352502645715,50,330.90269019542,326.27591281116,1.89457574354782,3.79615952911717e-11,1.13686837721616e-13,2.0537105
g12_07,grid,variable_transverse,20,2.05352502645715,60,329.790907648896,329.020414617588,2.93907850420791,4.59577885889533e-11,1.70530256582424e-13,4.3862185
g12_07,grid,variable_transverse,20,2.05352502645715,70,243.958750354476,240.065988166928,3.57058195158119,4.93026402410076e-11,5.6843418860808e-14,6.544832
g12_07,grid,variable_transverse,20,2.05352502645715,80,247.512057106099,242.55360300198,4.5940525746768,6.36475146950492e-11,1.13686837721616e-13,8.7009506
g12_07,grid,variable_transverse,20,2.05352502645715,90,203.023660606695,197.242410149693,5.53876200431437,6.21802029752388e-11,2.8421709430404e-14,11.0103589
g12_07,grid,variable_transverse,20,2.05352502645715,110,182.712799774452,177.1813923216,7.60836307229398,1.03331053029125e-10,8.5265128291212e-14,13.3218981
g12_07,grid,variable_transverse,20,2.05352502645715,120,154.988049129306,145.915885619482,8.96330732163585,9.07304172318314e-11,2.8421709430404e-14,15.6068487
g12_07,grid,variable_transverse,20,2.05352502645715,130,137.042541293433,127.469389107349,9.61425788069264,1.03671269636123e-10,5.6843418860808e-14,18.1276488
g12_07,grid,variable_transverse,20,2.05352502645715,140,125.180237496424,114.254118810046,11.1465258708749,1.27007266205886e-10,2.8421709430404e-14,20.7320389
g12_09,grid,variable_transverse,20,4.86967525165863,50,332.987878459513,327.336644475161,2.92730188055218,4.9354544795948e-11,0,2.510987
g12_09,grid,variable_transverse,20,4.86967525165863,60,333.024226623931,330.662958044531,4.53672318330592,7.40114790097307e-11,1.13686837721616e-13,5.229228
g12_09,grid,variable_transverse,20,4.86967525165863,70,247.882196567674,242.065086411555,5.49838604076863,6.9010849808456e-11,2.8421709430404e-14,7.6787616
g12_09,grid,variable_transverse,20,4.86967525165863,80,252.557556544605,245.118462419932,7.06675347949262,1.44891692949959e-10,5.6843418860808e-14,10.0997928
g12_09,grid,variable_transverse,20,4.86967525165863,90,209.097140395011,200.359416632233,8.49297817115222,1.42558818255916e-10,8.5265128291212e-14,12.4322766
g12_09,grid,variable_transverse,20,4.86967525165863,110,191.023765323483,181.555638046273,11.5766371047295,1.1934525981237e-10,1.70530256582424e-13,14.5796801
g12_09,grid,variable_transverse,20,4.86967525165863,120,164.750664453274,151.078575288155,13.5600402017003,1.15975868548126e-10,2.8421709430404e-14,16.6953728
g12_09,grid,variable_transverse,20,4.86967525165863,130,147.462529985696,133.086525561241,14.4059009355105,9.6731310460742e-11,0,18.7566683
g12_09,grid,variable_transverse,20,4.86967525165863,140,137.207639076363,120.878623009738,16.5596030995333,1.84726185459031e-10,5.6843418860808e-14,20.8761581
g12_11,grid,variable_transverse,20,11.5478198468946,50,335.842955372908,329.570241146022,3.56031296115826,1.30348395715631e-10,1.13686837721616e-13,2.1183596
g12_11,grid,variable_transverse,20,11.5478198468946,60,337.445799903909,334.119845877478,5.51007518702618,8.90580715793269e-11,2.27373675443232e-13,4.3016377
g12_11,grid,variable_transverse,20,11.5478198468946,70,253.232397493777,246.261010236914,6.65700830178238,1.18382436219445e-10,2.8421709430404e-14,6.4314728
g12_11,grid,variable_transverse,20,11.5478198468946,80,259.427931641408,250.503840033362,8.54117288041021,1.53811715238695e-10,1.13686837721616e-13,8.5283687
g12_11,grid,variable_transverse,20,11.5478198468946,90,217.337203535772,206.865252299683,10.224165886273,1.47261637773195e-10,5.6843418860808e-14,10.7987948
g12_11,grid,variable_transverse,20,11.5478198468946,110,202.198472134442,190.553275312778,13.7972660849316,2.45557170695813e-10,5.6843418860808e-14,13.244767
g12_11,grid,variable_transverse,20,11.5478198468946,120,177.793645453916,161.626507840107,16.0497937000622,1.71946581969111e-10,2.8421709430404e-14,15.5404223
g12_11,grid,variable_transverse,20,11.5478198468946,130,161.244493752611,144.384635834503,16.8742828095195,2.46603764330608e-10,2.8421709430404e-14,17.783412
g12_11,grid,variable_transverse,20,11.5478198468946,140,152.974726366192,133.998365508868,19.2186848492022,2.22758529465782e-10,1.4210854715202e-13,20.023249
g12_13,grid,variable_transverse,20,27.3841963426436,50,338.866963149723,332.876969201433,3.28986502585919,1.00561960295477e-10,0,2.322632
g12_13,grid,variable_transverse,20,27.3841963426436,60,342.12356763076,339.228770056533,5.08732912218414,1.5509875219021e-10,0,4.4762139
g12_13,grid,variable_transverse,20,27.3841963426436,70,258.875619824778,252.436362345792,6.12906371308925,1.5474653987811e-10,5.6843418860808e-14,6.6659968
g12_13,grid,variable_transverse,20,27.3841963426436,80,266.662432056766,258.41706840256,7.85153829047275,1.8831682771656e-10,2.27373675443232e-13,8.8191364
g12_13,grid,variable_transverse,20,27.3841963426436,90,225.982237928384,216.363352567446,9.36790452832537,1.2802061637238e-10,2.8421709430404e-14,10.9934244
g12_13,grid,variable_transverse,20,27.3841963426436,110,213.810298859091,203.480372223378,12.5278694774345,2.08119969567017e-10,5.6843418860808e-14,13.1664398
g12_13,grid,variable_transverse,20,27.3841963426436,120,191.259133942975,176.649654073819,14.4856780866936,2.91790525913866e-10,5.6843418860808e-14,15.6744182
g12_13,grid,variable_transverse,20,27.3841963426436,130,175.338358864371,160.238257871247,15.0981412376521,2.560141067706e-10,2.8421709430404e-14,18.0916627
g12_13,grid,variable_transverse,20,27.3841963426436,140,168.960913172884,152.155652389573,17.0579414307188,3.22005035580587e-10,0,20.8280637
g12_15,grid,variable_transverse,20,64.9381631576211,50,341.334621514616,336.271465919382,2.37300032097036,1.32917573743644e-10,5.6843418860808e-14,2.4571489
g12_15,grid,variable_transverse,20,64.9381631576211,60,345.939928791487,344.467290638213,3.67153640510513,1.67977512599281e-10,0,4.6898424
g12_15,grid,variable_transverse,20,64.9381631576211,70,263.469513257122,258.745967783129,4.41649457846098,2.27827232655778e-10,1.13686837721616e-13,6.7770086
g12_15,grid,variable_transverse,20,64.9381631576211,80,272.545288312311,266.487852481733,5.65489079664668,2.0632657336806e-10,5.6843418860808e-14,8.827436
g12_15,grid,variable_transverse,20,64.9381631576211,90,232.99518236408,226.004449567883,6.73714568515753,2.49887871695875e-10,8.5265128291212e-14,11.0271212
g12_15,grid,variable_transverse,20,64.9381631576211,110,223.162001205136,216.434382111733,8.96253912134783,3.55262763870961e-10,0,13.1107947
g12_15,grid,variable_transverse,20,64.9381631576211,120,202.051936079101,191.594969535639,10.3273818392445,5.41314224789017e-10,5.6843418860808e-14,15.1340819
g12_15,grid,variable_transverse,20,64.9381631576211,130,186.553899049028,175.837268516686,10.7012980450732,3.70694200149105e-10,5.6843418860808e-14,17.122004
g12_15,grid,variable_transverse,20,64.9381631576211,140,181.594919393867,169.835182917608,12.0196658032065,5.87469472635225e-10,0,19.2685139
v0_0,validation,variable_transverse,0.152785591422335,0.151356124843621,50,2.63319262489844,2.60359364296578,0.0265949081812416,6.08693910295107e-11,1.33226762955019e-15,2.0979644
v0_0,validation,variable_transverse,0.152785591422335,0.151356124843621,60,2.47980784319645,2.45916085781854,0.0409694444548638,1.32843351380145e-10,8.88178419700125e-16,4.2714479
v0_0,validation,variable_transverse,0.152785591422335,0.151356124843621,70,1.94681391540824,1.90367998681277,0.049393429186398,1.43397985897902e-10,1.99840144432528e-15,6.3709129
v0_0,validation,variable_transverse,0.152785591422335,0.151356124843621,80,2.01649464522245,1.95312228605555,0.0649284147658711,1.29964308161658e-10,1.33226762955019e-15,8.5077502
v0_0,validation,variable_transverse,0.152785591422335,0.151356124843621,90,1.71371620185296,1.63642806560236,0.0763474885934217,2.0310669824777e-10,0,10.6609613
v0_0,validation,variable_transverse,0.152785591422335,0.151356124843621,110,1.537384531792,1.44313131764021,0.101543333489764,1.44052882721791e-10,0,12.737002
v0_0,validation,variable_transverse,0.152785591422335,0.151356124843621,120,1.42946252200457,1.30882972254579,0.119273393130722,2.05827593578695e-10,0,14.8193989
v0_0,validation,variable_transverse,0.152785591422335,0.151356124843621,130,1.29783100185617,1.17256482844485,0.124744626086123,4.02951708031943e-10,4.44089209850063e-16,17.0821585
v0_0,validation,variable_transverse,0.152785591422335,0.151356124843621,140,1.23872123347574,1.09819215853291,0.140253697886311,2.8201306783e-10,4.44089209850063e-16,19.3823581
v0_2,validation,variable_transverse,0.152785591422335,6.76082975391981,50,2.68333938767802,2.67755050132846,0.00276443105162673,1.02556566425416e-10,8.88178419700125e-16,2.3622323
v0_2,validation,variable_transverse,0.152785591422335,6.76082975391981,60,2.55720933230135,2.57327701418618,0.00430150966444726,9.28604647314499e-11,4.44089209850063e-16,5.1586875
v0_2,validation,variable_transverse,0.152785591422335,6.76082975391981,70,2.03993340405039,2.04109656274051,0.00517559253951976,1.31473394529375e-10,1.33226762955019e-15,7.8199368
v0_2,validation,variable_transverse,0.152785591422335,6.76082975391981,80,2.13881276861991,2.13301548167941,0.00682100885014741,3.94691794608561e-10,4.44089209850063e-16,10.3265163
v0_2,validation,variable_transverse,0.152785591422335,6.76082975391981,90,1.8573362253037,1.84848409794617,0.00802563111481065,1.82429400853956e-10,4.44089209850063e-16,12.8684251
v0_2,validation,variable_transverse,0.152785591422335,6.76082975391981,110,1.72714918756526,1.72392277490707,0.0106133996966584,3.19204100266055e-10,0,15.6088093
v0_2,validation,variable_transverse,0.152785591422335,6.76082975391981,120,1.65148036146072,1.63743083188023,0.0124175232287863,1.09723367094727e-10,4.44089209850063e-16,18.3890434
v0_2,validation,variable_transverse,0.152785591422335,6.76082975391981,130,1.52818665156057,1.51468410136899,0.0127846586590376,4.43499683802601e-10,0,21.1001893
v0_2,validation,variable_transverse,0.152785591422335,6.76082975391981,140,1.49573663535834,1.48118362710534,0.0141415202245078,3.15087234788172e-10,4.44089209850063e-16,23.8967611
v1_0,validation,variable_transverse,0.574565967681867,0.151356124843621,50,9.74914851349749,9.63815534531127,0.0860834722520528,5.73400359276422e-11,0,2.9560234
v1_0,validation,variable_transverse,0.574565967681867,0.151356124843621,60,9.25511759255397,9.23421325785691,0.132990705400795,7.26727416214799e-11,1.77635683940025e-15,5.8554362
v1_0,validation,variable_transverse,0.574565967681867,0.151356124843621,70,7.1140130830726,6.97794712643522,0.161268062471724,7.57363320713028e-11,0,8.6149976
v1_0,validation,variable_transverse,0.574565967681867,0.151356124843621,80,7.27787397772231,7.07848753707334,0.210928513440882,1.01016201384027e-10,1.77635683940025e-15,11.2430499
v1_0,validation,variable_transverse,0.574565967681867,0.151356124843621,90,6.06171077443209,5.80269110981003,0.251186298207221,8.71650267217917e-11,1.77635683940025e-15,14.1470431
v1_0,validation,variable_transverse,0.574565967681867,0.151356124843621,110,5.32682271595757,5.0320008946228,0.339360113787499,1.23433208970886e-10,0,17.0852947
v1_0,validation,variable_transverse,0.574565967681867,0.151356124843621,120,4.77593768791031,4.37077013547168,0.401278327092931,1.41998275761448e-10,0,19.6852504
v1_0,validation,variable_transverse,0.574565967681867,0.151356124843621,130,4.25517817681867,3.83131584002266,0.426338526969882,1.74216301767006e-10,1.77635683940025e-15,22.1986051
v1_0,validation,variable_transverse,0.574565967681867,0.151356124843621,140,3.95237110900492,3.47047365609464,0.48619459014824,2.06450409048579e-10,8.88178419700125e-16,24.8425424
v1_2,validation,variable_transverse,0.574565967681867,6.76082975391981,50,10.0424274613945,9.98711813390553,0.0303022053025708,1.89009722463173e-10,3.5527136788005e-15,2.6769832
v1_2,validation,variable_transverse,0.574565967681867,6.76082975391981,60,9.70813126327182,9.77386248149646,0.0470067455167032,6.97270468444138e-11,5.32907051820075e-15,5.6852608
v1_2,validation,variable_transverse,0.574565967681867,6.76082975391981,70,7.66052124245939,7.63039335150814,0.0565451307187479,1.07678468068976e-10,1.77635683940025e-15,8.8972815
v1_2,validation,variable_transverse,0.574565967681867,6.76082975391981,80,7.99039754084408,7.92489632036069,0.0737135254500435,2.51302321569177e-10,2.66453525910038e-15,11.9381116
v1_2,validation,variable_transverse,0.574565967681867,6.76082975391981,90,6.90581496233898,6.81104291216115,0.0872007944783826,2.17899105020163e-10,3.5527136788005e-15,15.0649456
v1_2,validation,variable_transverse,0.574565967681867,6.76082975391981,110,6.44924566253082,6.37955976445785,0.114961562987034,2.92369906497126e-10,1.77635683940025e-15,18.1372578
v1_2,validation,variable_transverse,0.574565967681867,6.76082975391981,120,6.09054261418125,5.95051542347109,0.133922305636061,1.69866765918359e-10,8.88178419700125e-16,21.1927248
v1_2,validation,variable_transverse,0.574565967681867,6.76082975391981,130,5.63001098693585,5.49234069443972,0.138265637764552,4.01810891930493e-10,0,24.0787959
v1_2,validation,variable_transverse,0.574565967681867,6.76082975391981,140,5.49851962390569,5.34907437096932,0.153512907595871,2.68232191983764e-10,1.77635683940025e-15,27.1529487
v2_0,validation,variable_transverse,2.67078296372665,0.151356124843621,50,44.6360673331711,44.257240426837,0.168296383931989,1.39610919385908e-11,1.4210854715202e-14,3.1886493
v2_0,validation,variable_transverse,2.67078296372665,0.151356124843621,60,43.1216764256926,43.3087289644192,0.260893368031969,2.94555575979307e-11,7.105427357601e-15,6.355119
v2_0,validation,variable_transverse,2.67078296372665,0.151356124843621,70,32.3704369135584,32.0807088569649,0.317813950407605,3.57880790589219e-11,1.4210854715202e-14,9.4186016
v2_0,validation,variable_transverse,2.67078296372665,0.151356124843621,80,32.8223960325677,32.4081508069369,0.412304864847375,2.77622773062343e-11,7.105427357601e-15,12.6938755
v2_0,validation,variable_transverse,2.67078296372665,0.151356124843621,90,26.8339815187501,26.2837035584725,0.495966001206746,4.13625946957943e-11,1.4210854715202e-14,16.1906871
v2_0,validation,variable_transverse,2.67078296372665,0.151356124843621,110,23.3822588798051,22.9402137776821,0.679198942477379,5.15995691194498e-11,3.5527136788005e-15,19.5914846
v2_0,validation,variable_transverse,2.67078296372665,0.151356124843621,120,20.1340703064211,19.3135932226016,0.8070969372146,3.71187533208778e-11,7.105427357601e-15,22.8959528
v2_0,validation,variable_transverse,2.67078296372665,0.151356124843621,130,17.6276728754056,16.7849487540228,0.870986493543649,5.77984514585391e-11,3.5527136788005e-15,26.2682164
v2_0,validation,variable_transverse,2.67078296372665,0.151356124843621,140,15.9080027041022,14.9367977263617,1.00993199224998,7.99180093193723e-11,1.06581410364015e-14,29.5819995
v2_2,validation,variable_transverse,2.67078296372665,6.76082975391981,50,46.0626735829921,45.4995000658398,0.354034782608253,1.19037705320815e-10,7.105427357601e-15,2.9468165
v2_2,validation,variable_transverse,2.67078296372665,6.76082975391981,60,45.3311963227525,45.2366534488864,0.548088127425468,9.58454887208914e-11,1.4210854715202e-14,6.4609026
v2_2,validation,variable_transverse,2.67078296372665,6.76082975391981,70,35.0460963915846,34.4206673545502,0.660298915342939,9.53403951230675e-11,1.4210854715202e-14,10.58568
v2_2,validation,variable_transverse,2.67078296372665,6.76082975391981,80,36.2825905532484,35.4194629981047,0.851440849117266,1.75301869470512e-10,2.1316282072803e-14,13.996608
v2_2,validation,variable_transverse,2.67078296372665,6.76082975391981,90,30.9673915199054,29.8991381201565,1.01155668799389,1.10581835270768e-10,0,17.2366258
v2_2,validation,variable_transverse,2.67078296372665,6.76082975391981,110,28.9380184232188,27.8454610968268,1.3379383793248,1.91007759319305e-10,1.4210854715202e-14,20.2251667
v2_2,validation,variable_transverse,2.67078296372665,6.76082975391981,120,26.6542356215372,25.080008057907,1.55402101672987,1.10480849201376e-10,7.105427357601e-15,23.4849317
v2_2,validation,variable_transverse,2.67078296372665,6.76082975391981,130,24.5138109128619,22.9187493198296,1.61426757075086,2.50592517566126e-10,1.77635683940025e-14,26.615444
v2_2,validation,variable_transverse,2.67078296372665,6.76082975391981,140,23.7422436336042,21.9786861568601,1.80883285619672,2.570975301596e-10,1.77635683940025e-14,30.4960836
v3_0,validation,variable_transverse,12.4147304931956,0.151356124843621,50,204.896497228127,203.160618523624,0.21827628225339,1.9825743584239e-11,8.5265128291212e-14,3.0075401
v3_0,validation,variable_transverse,12.4147304931956,0.151356124843621,60,202.067457673032,203.196159328386,0.338303411823167,2.76188618654398e-11,1.4210854715202e-13,5.7678248
v3_0,validation,variable_transverse,12.4147304931956,0.151356124843621,70,149.1151762923,148.551813365082,0.4114146017586,3.52541204044325e-11,0,8.4672476
v3_0,validation,variable_transverse,12.4147304931956,0.151356124843621,80,150.65197159004,149.903263785918,0.529889263083205,2.61428466045257e-11,8.5265128291212e-14,11.2063642
v3_0,validation,variable_transverse,12.4147304931956,0.151356124843621,90,122.36633668719,121.558943547027,0.639127690148226,4.00509809279533e-11,4.2632564145606e-14,13.7039301
v3_0,validation,variable_transverse,12.4147304931956,0.151356124843621,110,107.676485152548,108.028388214495,0.880049153144277,5.53378059672138e-11,1.4210854715202e-14,15.8824642
v3_0,validation,variable_transverse,12.4147304931956,0.151356124843621,120,90.1623618205522,89.0530640914525,1.04379205156909,5.9064642984248e-11,2.8421709430404e-14,18.115207
v3_0,validation,variable_transverse,12.4147304931956,0.151356124843621,130,78.4923760217775,77.4210446098309,1.13224123350281,6.03854023256218e-11,1.4210854715202e-14,20.2846013
v3_0,validation,variable_transverse,12.4147304931956,0.151356124843621,140,70.0027817424508,68.8200232851931,1.32527174499389,6.35276074774853e-11,1.4210854715202e-14,22.6365416
v3_2,validation,variable_transverse,12.4147304931956,6.76082975391981,50,209.101809843042,205.402121972332,2.19584636800617,5.6255874754148e-11,2.8421709430404e-14,2.3611545
v3_2,validation,variable_transverse,12.4147304931956,6.76082975391981,60,208.590000736885,206.671096531479,3.40142774972719,2.13910521380525e-10,0,4.7094277
v3_2,validation,variable_transverse,12.4147304931956,6.76082975391981,70,157.030538162565,152.775475535239,4.11247520120174,1.7422613689778e-10,2.8421709430404e-14,7.1064171
v3_2,validation,variable_transverse,12.4147304931956,6.76082975391981,80,160.840661079623,155.319398278407,5.2835950072527,1.1707967820215e-10,5.6843418860808e-14,9.4677081
v3_2,validation,variable_transverse,12.4147304931956,6.76082975391981,90,134.616369901003,128.11988182514,6.32260986186873,2.76264501879859e-10,1.13686837721616e-13,11.6890431
v3_2,validation,variable_transverse,12.4147304931956,6.76082975391981,110,124.386358520772,117.15227496109,8.52132715768573,1.03111979334457e-10,1.4210854715202e-14,13.98691
v3_2,validation,variable_transverse,12.4147304931956,6.76082975391981,120,109.815758734941,99.8052362155358,9.93689988297888,3.57713117705385e-10,2.8421709430404e-14,16.2779047
v3_2,validation,variable_transverse,12.4147304931956,6.76082975391981,130,99.4668348647966,89.0467893068746,10.4578119247685,3.00426751799994e-10,1.4210854715202e-14,18.7050505
v3_2,validation,variable_transverse,12.4147304931956,6.76082975391981,140,94.1846311298595,82.4417693680822,11.9073064560705,3.9374910690144e-10,0,20.9727733
