point_id,kind,model,rho1,rho2,L_mm,Z,dZ_dlogrho1,dZ_dlogrho2,relative_residual,reciprocity_abs,elapsed_seconds
a0,anchor,variable_transverse,1.91669414449528,15.3137875396276,50,33.3241322217641,33.0560941633431,0.13274649746784,3.40198843760189e-10,0,2.1495834
a0,anchor,variable_transverse,1.91669414449528,15.3137875396276,60,32.761027372918,32.9018359499077,0.206015804101036,1.73394690223034e-10,2.1316282072803e-14,4.1688647
a0,anchor,variable_transverse,1.91669414449528,15.3137875396276,70,25.5502314239101,25.3424167705158,0.24800734912686,1.20452258769043e-10,7.105427357601e-15,6.1914725
a0,anchor,variable_transverse,1.91669414449528,15.3137875396276,80,26.568631781589,26.2504570883232,0.320640159019009,4.42463891361658e-10,7.105427357601e-15,8.4181448
a0,anchor,variable_transverse,1.91669414449528,15.3137875396276,90,22.8660617860952,22.4442995797944,0.380771694189434,1.62877682921416e-10,7.105427357601e-15,10.4683803
a0,anchor,variable_transverse,1.91669414449528,15.3137875396276,110,21.5396316356479,21.2095532182211,0.502339534557171,6.0971893940015e-10,7.105427357601e-15,12.4371752
a0,anchor,variable_transverse,1.91669414449528,15.3137875396276,120,20.0971248559736,19.4976273562713,0.583239208157677,3.09274774811341e-10,7.105427357601e-15,14.5140397
a0,anchor,variable_transverse,1.91669414449528,15.3137875396276,130,18.5863883100995,17.9961535280779,0.60283538417529,6.3704022737296e-10,1.06581410364015e-14,16.3843486
a0,anchor,variable_transverse,1.91669414449528,15.3137875396276,140,18.1433841543477,17.5036225765731,0.671387925664344,3.86240447174826e-10,3.5527136788005e-15,18.3901373
g00_00,grid,variable_transverse,0.1,0.1,50,1.72433481540309,1.70551900611781,0.0173874681599642,6.52063339962653e-11,2.22044604925031e-16,2.1119902
g00_00,grid,variable_transverse,0.1,0.1,60,1.61830256171983,1.60189651265628,0.0267750548133815,1.02477540069783e-10,4.44089209850063e-16,4.2542358
g00_00,grid,variable_transverse,0.1,0.1,70,1.27293758338461,1.24399791425194,0.0322764044291662,2.11415395066363e-10,6.66133814775094e-16,6.3219023
g00_00,grid,variable_transverse,0.1,0.1,80,1.3198500645836,1.27807274783113,0.0425114325873099,1.39986990453184e-10,0,8.2830013
g00_00,grid,variable_transverse,0.1,0.1,90,1.12235040603707,1.07197510846824,0.0498866485376351,1.38044753945863e-10,2.22044604925031e-16,10.196373
g00_00,grid,variable_transverse,0.1,0.1,110,1.0050796226154,0.942376390089141,0.066352693694562,1.14713721397515e-10,4.44089209850063e-16,12.1424705
g00_00,grid,variable_transverse,0.1,0.1,120,0.936686157880736,0.857937317118316,0.0779842347152385,2.87965794202824e-10,1.11022302462516e-16,14.0848907
g00_00,grid,variable_transverse,0.1,0.1,130,0.850361687231349,0.768471172887367,0.0815421926307699,2.18589818828591e-10,5.55111512312578e-16,15.9710995
g00_00,grid,variable_transverse,0.1,0.1,140,0.811714804776342,0.719804115101224,0.0916602005265883,3.0468385978393e-10,5.55111512312578e-16,17.9117997
g00_02,grid,variable_transverse,0.1,0.237137370566166,50,1.73793422149776,1.72286748969203,0.0136339332898443,1.65226606772459e-10,8.88178419700125e-16,1.9811999
g00_02,grid,variable_transverse,0.1,0.237137370566166,60,1.63924658927279,1.62862035468697,0.0210045096115164,3.14365717444619e-10,2.22044604925031e-16,4.0145966
g00_02,grid,variable_transverse,0.1,0.237137370566166,70,1.29815501302104,1.27624295561008,0.0252639535822214,3.46166214607814e-10,8.88178419700125e-16,6.0890638
g00_02,grid,variable_transverse,0.1,0.237137370566166,80,1.35303755429527,1.32042531636289,0.0332281856143355,2.07491060152168e-10,0,8.066381
g00_02,grid,variable_transverse,0.1,0.237137370566166,90,1.16125283704875,1.12187655015623,0.0389157421635372,5.58291838957609e-10,8.88178419700125e-16,10.0843728
g00_02,grid,variable_transverse,0.1,0.237137370566166,110,1.05662746309681,1.00890376382351,0.0513943497225977,3.30925460461863e-10,0,12.0632552
g00_02,grid,variable_transverse,0.1,0.237137370566166,120,0.997136492676727,0.936162205827214,0.0601517660022466,5.80940877539637e-10,4.44089209850063e-16,14.0945116
g00_02,grid,variable_transverse,0.1,0.237137370566166,130,0.913346476055664,0.850493212327735,0.0624645028417452,5.46340448860505e-10,1.11022302462516e-16,16.0226748
g00_02,grid,variable_transverse,0.1,0.237137370566166,140,0.882288795899274,0.812236097745034,0.0697729095504997,8.41931818489981e-10,2.22044604925031e-16,17.9736447
g00_04,grid,variable_transverse,0.1,0.562341325190349,50,1.74755002582154,1.73742193876869,0.00869213194883817,2.5115668427468e-10,2.22044604925031e-16,1.95923
g00_04,grid,variable_transverse,0.1,0.562341325190349,60,1.65407253738591,1.6510390349062,0.0134181340309407,4.59814246443997e-10,0,3.9746167
g00_04,grid,variable_transverse,0.1,0.562341325190349,70,1.31597903392751,1.30321444486674,0.0161266185174339,4.81335850808524e-10,6.66133814775094e-16,6.0273253
g00_04,grid,variable_transverse,0.1,0.562341325190349,80,1.3764795402345,1.35579627657419,0.0212150255027998,3.3753662559985e-10,0,8.0830207
g00_04,grid,variable_transverse,0.1,0.562341325190349,90,1.18870115227155,1.16341851538771,0.0248417590152296,6.31180575688046e-10,0,10.2072653
g00_04,grid,variable_transverse,0.1,0.562341325190349,110,1.09282381424988,1.06378009156573,0.0327297298095162,5.59245586516507e-10,2.22044604925031e-16,12.2706714
g00_04,grid,variable_transverse,0.1,0.562341325190349,120,1.03946236055457,1.00034897082938,0.0382501426745966,7.83978556302623e-10,6.66133814775094e-16,14.3354791
g00_04,grid,variable_transverse,0.1,0.562341325190349,130,0.957206128056078,0.91723523850176,0.0395540501874434,6.37258572166059e-10,5.55111512312578e-16,16.2470113
g00_04,grid,variable_transverse,0.1,0.562341325190349,140,0.931175144016678,0.886882183670167,0.043990845022696,1.01556965013505e-09,1.11022302462516e-16,18.2260958
g00_06,grid,variable_transverse,0.1,1.33352143216332,50,1.75327018459602,1.74702126195733,0.00481112888259679,1.72100372359503e-10,4.44089209850063e-16,2.0228959
g00_06,grid,variable_transverse,0.1,1.33352143216332,60,1.66291524860385,1.66585242946677,0.00745117234104071,2.84291585823993e-10,4.44089209850063e-16,4.0444489
g00_06,grid,variable_transverse,0.1,1.33352143216332,70,1.32660726173081,1.32101764729945,0.00895741750557891,3.02431718993331e-10,8.88178419700125e-16,6.1367703
g00_06,grid,variable_transverse,0.1,1.33352143216332,80,1.39046981385305,1.3791492277499,0.0118014246822226,1.67211272568186e-10,0,8.1543553
g00_06,grid,variable_transverse,0.1,1.33352143216332,90,1.20508968714347,1.19082776887932,0.0138330492216955,3.75355882908628e-10,4.44089209850063e-16,10.2140713
g00_06,grid,variable_transverse,0.1,1.33352143216332,110,1.11442263879259,1.09987284194499,0.0182449818799079,1.52657874462033e-10,2.22044604925031e-16,12.160999
g00_06,grid,variable_transverse,0.1,1.33352143216332,120,1.06470710166172,1.04248697930803,0.0213325474768595,5.27247705865148e-10,2.22044604925031e-16,14.3665114
g00_06,grid,variable_transverse,0.1,1.33352143216332,130,0.983279239701638,0.960840949707782,0.0220045425303829,3.26095668518815e-10,1.11022302462516e-16,16.5496523
g00_06,grid,variable_transverse,0.1,1.33352143216332,140,0.96013140220161,0.935414856376445,0.0244001897869132,7.47645974645656e-10,2.22044604925031e-16,18.7938133
g00_08,grid,variable_transverse,0.1,3.16227766016838,50,1.75629263811384,1.75243903987012,0.00241486656027022,9.3657185757719e-11,8.88178419700125e-16,2.1450906
g00_08,grid,variable_transverse,0.1,3.16227766016838,60,1.66760326117771,1.67424129593909,0.00375227351697708,3.08952116083795e-10,0,4.3279087
g00_08,grid,variable_transverse,0.1,3.16227766016838,70,1.33224439604683,1.33110168318016,0.00451346959479077,2.93745348561803e-10,8.88178419700125e-16,6.7268673
g00_08,grid,variable_transverse,0.1,3.16227766016838,80,1.39790267719205,1.39239908976247,0.00595697105855257,1.24951322917076e-10,0,9.0012262
g00_08,grid,variable_transverse,0.1,3.16227766016838,90,1.21380713322778,1.20639353476279,0.00699134271892491,3.88653235333112e-10,2.22044604925031e-16,11.3077549
g00_08,grid,variable_transverse,0.1,3.16227766016838,110,1.12593109950035,1.12039064036947,0.00924046076280989,3.66823337818959e-10,6.66133814775094e-16,13.6294924
g00_08,grid,variable_transverse,0.1,3.16227766016838,120,1.07816911647323,1.0664535915309,0.0108149323085351,4.54539718294331e-10,0,15.944106
g00_08,grid,variable_transverse,0.1,3.16227766016838,130,0.997154830020932,0.985573705792599,0.0111381190232438,4.37140763539142e-10,4.44089209850063e-16,18.1525284
g00_08,grid,variable_transverse,0.1,3.16227766016838,140,0.975502838322907,0.962852422568734,0.0123260227058448,4.59711305992819e-10,3.33066907387547e-16,20.5732534
g00_10,grid,variable_transverse,0.1,7.49894209332456,50,1.75776051621569,1.75519154989346,0.00112979440732404,1.95215950858874e-10,4.44089209850063e-16,2.3256972
g00_10,grid,variable_transverse,0.1,7.49894209332456,60,1.6698866858492,1.67851820031157,0.00175974286916233,4.07629063062305e-10,2.22044604925031e-16,4.579358
g00_10,grid,variable_transverse,0.1,7.49894209332456,70,1.33499171094856,1.33624603350995,0.00211783763335086,5.17386292800141e-10,6.66133814775094e-16,6.8782963
g00_10,grid,variable_transverse,0.1,7.49894209332456,80,1.40153089114487,1.39917189451093,0.00279882078611787,3.84986320989651e-10,4.44089209850063e-16,9.1610145
g00_10,grid,variable_transverse,0.1,7.49894209332456,90,1.21806727366859,1.21436041967215,0.00328793312460105,6.96324868635079e-10,2.22044604925031e-16,11.8092572
g00_10,grid,variable_transverse,0.1,7.49894209332456,110,1.13156602480916,1.13091576979239,0.0043525809959133,4.81183407309472e-10,4.44089209850063e-16,14.2022603
g00_10,grid,variable_transverse,0.1,7.49894209332456,120,1.08476638415124,1.07876169187135,0.00509769786414888,9.34491813049397e-10,4.44089209850063e-16,16.8151906
g00_10,grid,variable_transverse,0.1,7.49894209332456,130,1.00394605393392,0.998253522106265,0.00524487601319178,4.63478867723932e-10,4.44089209850063e-16,19.0774301
g00_10,grid,variable_transverse,0.1,7.49894209332456,140,0.983013966845053,0.976888218054988,0.00579725740042318,1.11105143835599e-09,4.44089209850063e-16,21.3665249
g00_12,grid,variable_transverse,0.1,17.7827941003892,50,1.7584320258925,1.75648858314895,0.000504074416834506,1.02944497817234e-10,2.22044604925031e-16,2.5664104
g00_12,grid,variable_transverse,0.1,17.7827941003892,60,1.6709333522758,1.68053875661929,0.000786287764072863,2.72226636984691e-10,0,5.0501766
g00_12,grid,variable_transverse,0.1,17.7827941003892,70,1.33625156799733,1.33867775441369,0.000946607345467988,3.91677726268914e-10,4.44089209850063e-16,7.4380171
g00_12,grid,variable_transverse,0.1,17.7827941003892,80,1.40319646414094,1.40237808188037,0.00125193466436999,2.69729025192296e-10,4.44089209850063e-16,10.2061565
g00_12,grid,variable_transverse,0.1,17.7827941003892,90,1.22002444250364,1.21813555467892,0.00147153287144136,3.76663126299333e-10,4.44089209850063e-16,12.7796179
g00_12,grid,variable_transverse,0.1,17.7827941003892,110,1.13415801340898,1.1359117463393,0.00194965494187525,1.9346371018691e-10,0,15.2900485
g00_12,grid,variable_transverse,0.1,17.7827941003892,120,1.08780256844133,1.08460851462263,0.00228410725861395,5.51548770057894e-10,2.22044604925031e-16,18.0338072
g00_12,grid,variable_transverse,0.1,17.7827941003892,130,1.0070690092549,1.0042705292999,0.00234865229253382,3.59263341286603e-10,2.22044604925031e-16,20.5561523
g00_12,grid,variable_transverse,0.1,17.7827941003892,140,0.986464714759683,0.983540007905331,0.00259428498281903,8.18000144549102e-10,4.44089209850063e-16,23.2843633
g00_14,grid,variable_transverse,0.1,42.1696503428582,50,1.75872756823513,1.75706951888968,0.000218595867800752,1.27245165776352e-10,4.44089209850063e-16,2.9596362
g00_14,grid,variable_transverse,0.1,42.1696503428582,60,1.67139453459724,1.68144517092217,0.000341247400126502,1.73964731695799e-10,4.44089209850063e-16,5.5498525
g00_14,grid,variable_transverse,0.1,42.1696503428582,70,1.33680683104072,1.3397690026358,0.000410898913606557,1.66751672129722e-10,6.66133814775094e-16,8.0591148
g00_14,grid,variable_transverse,0.1,42.1696503428582,80,1.40393096522115,1.40381809778291,0.000543642323578183,1.84061889496702e-10,2.22044604925031e-16,10.3882365
g00_14,grid,variable_transverse,0.1,42.1696503428582,90,1.22088789919408,1.21983206410914,0.000639180041085856,1.58017261845748e-10,0,12.8027909
g00_14,grid,variable_transverse,0.1,42.1696503428582,110,1.13530223026849,1.13815891776302,0.000847168449412821,2.68438129827895e-10,8.88178419700125e-16,15.1858993
g00_14,grid,variable_transverse,0.1,42.1696503428582,120,1.08914314066318,1.08723929450053,0.00099259530612717,3.60757097871628e-10,4.44089209850063e-16,17.9989687
g00_14,grid,variable_transverse,0.1,42.1696503428582,130,1.00844723867373,1.0069761462702,0.00102029905200522,3.34114444253114e-10,8.88178419700125e-16,20.8164035
g00_14,grid,variable_transverse,0.1,42.1696503428582,140,0.987986827479025,0.986528927917663,0.00112661471546308,2.874517553311e-10,1.11022302462516e-16,23.4215892
g00_16,grid,variable_transverse,0.1,100,50,1.75885479383048,1.75732192596957,9.33780768315595e-05,1.74380694271866e-10,0,2.4896313
g00_16,grid,variable_transverse,0.1,100,60,1.67159318211801,1.68183932187469,0.000145826621048372,3.17417461180286e-10,0,4.9662464
g00_16,grid,variable_transverse,0.1,100,70,1.33704603427627,1.34024361748519,0.000175606017231315,3.46052461336897e-10,0,7.4213092
g00_16,grid,variable_transverse,0.1,100,80,1.40424747242026,1.40444466975621,0.00023237802386655,3.49610085674849e-10,4.44089209850063e-16,9.5733425
g00_16,grid,variable_transverse,0.1,100,90,1.22126005230124,1.22057045029133,0.000273250846325563,3.98741636857267e-10,8.88178419700125e-16,11.66174
g00_16,grid,variable_transverse,0.1,100,110,1.13579551868771,1.13913735577954,0.000362220620624216,3.30356902567206e-10,6.66133814775094e-16,13.7500293
g00_16,grid,variable_transverse,0.1,100,120,1.08972111729448,1.08838489147069,0.000424412757158561,5.06814146811799e-10,0,15.8497385
g00_16,grid,variable_transverse,0.1,100,130,1.00904129658278,1.00815390237098,0.000436183239701546,4.50384301372576e-10,2.22044604925031e-16,17.8754801
g00_16,grid,variable_transverse,0.1,100,140,0.988642731999363,0.987829521128043,0.000481552195572403,7.42443702410497e-10,1.11022302462516e-16,19.9222566
g01_01,grid,variable_transverse,0.155507915397319,0.153992652605949,50,2.68004573833892,2.64987926026259,0.0270699816537511,4.30556897257089e-11,8.88178419700125e-16,1.9659882
g01_01,grid,variable_transverse,0.155507915397319,0.153992652605949,60,2.52434356297483,2.50351653359008,0.0417020692028779,1.58062888947676e-10,1.33226762955019e-15,4.1310746
g01_01,grid,variable_transverse,0.155507915397319,0.153992652605949,70,1.98159534486342,1.93773397161751,0.0502770117678046,1.16100312547463e-10,0,6.0920028
g01_01,grid,variable_transverse,0.155507915397319,0.153992652605949,80,2.05242668522261,1.98794683634737,0.0660838479954809,1.49561313344699e-10,0,7.9976399
g01_01,grid,variable_transverse,0.155507915397319,0.153992652605949,90,1.74420366294478,1.66552394089086,0.0777132598109285,2.28135943751599e-10,0,10.0205818
g01_01,grid,variable_transverse,0.155507915397319,0.153992652605949,110,1.56486878008024,1.46900435386267,0.103359683065737,2.70003310454699e-10,0,12.1846103
g01_01,grid,variable_transverse,0.155507915397319,0.153992652605949,120,1.45486055415104,1.33206720350825,0.121403517552675,2.98758327345357e-10,2.22044604925031e-16,14.3509596
g01_01,grid,variable_transverse,0.155507915397319,0.153992652605949,130,1.32089659429192,1.19339513370994,0.126973784947305,3.70083631855139e-10,0,16.2501975
g01_01,grid,variable_transverse,0.155507915397319,0.153992652605949,140,1.26073189656572,1.11769812858747,0.142761496506639,3.19308732456727e-10,6.66133814775094e-16,18.0503616
g01_03,grid,variable_transverse,0.155507915397319,0.365174127254838,50,2.70124731687716,2.67685759502245,0.0212844448541277,1.36424090349883e-10,0,1.8619173
g01_03,grid,variable_transverse,0.155507915397319,0.365174127254838,60,2.5570083394923,2.54510045408618,0.0328034505912765,2.16334872621151e-10,8.88178419700125e-16,3.6283039
g01_03,grid,variable_transverse,0.155507915397319,0.365174127254838,70,2.02092969506413,1.98792111283286,0.0394597423506109,1.84484648230357e-10,0,5.4103772
g01_03,grid,variable_transverse,0.155507915397319,0.365174127254838,80,2.10408619240859,2.05367422553573,0.0517919331110437,2.35129786536151e-10,8.88178419700125e-16,7.1148558
g01_03,grid,variable_transverse,0.155507915397319,0.365174127254838,90,1.8048868903261,1.74318396850676,0.0607845438181006,3.7797165711683e-10,4.44089209850063e-16,8.9403347
g01_03,grid,variable_transverse,0.155507915397319,0.365174127254838,110,1.64527296832155,1.57253914008911,0.0802697432106504,4.48699830163024e-10,4.44089209850063e-16,10.9677463
g01_03,grid,variable_transverse,0.155507915397319,0.365174127254838,120,1.54909058779476,1.45369918377174,0.0938853937158364,4.13115897215644e-10,2.22044604925031e-16,12.9637521
g01_03,grid,variable_transverse,0.155507915397319,0.365174127254838,130,1.41910013215959,1.32097241048113,0.0975164302286238,5.81303839897149e-10,4.44089209850063e-16,14.881554
g01_03,grid,variable_transverse,0.155507915397319,0.365174127254838,140,1.37079039661683,1.26152028558629,0.108945230437055,4.11359055782427e-10,4.44089209850063e-16,16.9557874
g01_05,grid,variable_transverse,0.155507915397319,0.865964323360065,50,2.71627345450878,2.69956582241084,0.0135961262136291,2.05899627380294e-10,1.33226762955019e-15,2.02983
g01_05,grid,variable_transverse,0.155507915397319,0.865964323360065,60,2.58018468024809,2.58009837747594,0.0209959507015269,2.52752127473487e-10,4.44089209850063e-16,3.9919345
g01_05,grid,variable_transverse,0.155507915397319,0.865964323360065,70,2.04879532455214,2.03003433659312,0.0252360946739544,3.12103427349561e-10,8.88178419700125e-16,5.9097582
g01_05,grid,variable_transverse,0.155507915397319,0.865964323360065,80,2.14065878420389,2.1087494646414,0.0331294860980778,4.81391642028699e-10,8.88178419700125e-16,7.6715501
g01_05,grid,variable_transverse,0.155507915397319,0.865964323360065,90,1.84779992094643,1.80804038321081,0.0388747551227575,3.10646110818465e-10,0,9.3920609
g01_05,grid,variable_transverse,0.155507915397319,0.865964323360065,110,1.70185734312439,1.65821052901273,0.0512122794973509,2.89572646327569e-10,0,11.0879621
g01_05,grid,variable_transverse,0.155507915397319,0.865964323360065,120,1.615212183533,1.5538156154383,0.0598085715974292,4.03418132007096e-10,4.44089209850063e-16,12.9147267
g01_05,grid,variable_transverse,0.155507915397319,0.865964323360065,130,1.48763186614844,1.42510274965554,0.0618592640748779,5.42840843086719e-10,4.44089209850063e-16,14.9761949
g01_05,grid,variable_transverse,0.155507915397319,0.865964323360065,140,1.447188513385,1.37801494407089,0.0688076723545009,4.8691376434113e-10,1.11022302462516e-15,17.1199039
g01_07,grid,variable_transverse,0.155507915397319,2.05352502645715,50,2.72522653937975,2.71457596955333,0.00753543930708944,1.37398086288218e-10,0,2.0575685
g01_07,grid,variable_transverse,0.155507915397319,2.05352502645715,60,2.59402993649862,2.60327345198768,0.0116743750428499,2.09398217462204e-10,4.44089209850063e-16,4.1648344
g01_07,grid,variable_transverse,0.155507915397319,2.05352502645715,70,2.06543743539197,2.05789103262351,0.0140352583895939,3.86920143669579e-10,0,6.7450725
g01_07,grid,variable_transverse,0.155507915397319,2.05352502645715,80,2.16251934062271,2.1451903555349,0.0184524496860466,3.16322435851537e-10,1.33226762955019e-15,9.1866787
g01_07,grid,variable_transverse,0.155507915397319,2.05352502645715,90,1.8734621509529,1.85092263721236,0.0216752612541577,5.69926208321413e-10,4.44089209850063e-16,11.5352024
g01_07,grid,variable_transverse,0.155507915397319,2.05352502645715,110,1.73567335206006,1.7146727117283,0.0285837559304358,5.57030313463593e-10,0,13.8228284
g01_07,grid,variable_transverse,0.155507915397319,2.05352502645715,120,1.65470868109341,1.6196742418784,0.0333973237679525,5.58986466215504e-10,0,15.942893
g01_07,grid,variable_transverse,0.155507915397319,2.05352502645715,130,1.52843180564239,1.49327120279461,0.0344552570259794,5.92821043133258e-10,8.88178419700125e-16,18.0563872
g01_07,grid,variable_transverse,0.155507915397319,2.05352502645715,140,1.49250592612631,1.45390250457873,0.0382109493896111,5.90848104988008e-10,6.66133814775094e-16,20.3065509
g01_09,grid,variable_transverse,0.155507915397319,4.86967525165863,50,2.72996256410973,2.7230597228387,0.00378586788189467,2.17205237364193e-10,4.44089209850063e-16,2.1728641
g01_09,grid,variable_transverse,0.155507915397319,4.86967525165863,60,2.60137828880942,2.61641594948831,0.00588455657715444,1.54028073045396e-10,4.44089209850063e-16,4.462426
g01_09,grid,variable_transverse,0.155507915397319,4.86967525165863,70,2.07427406101363,2.07369127173332,0.00707872489336972,2.71810275937523e-10,0,6.9777028
g01_09,grid,variable_transverse,0.155507915397319,4.86967525165863,80,2.1741462230968,2.16589475421788,0.00932279530299926,2.78675196028735e-10,8.88178419700125e-16,9.3936695
g01_09,grid,variable_transverse,0.155507915397319,4.86967525165863,90,1.88712781054965,1.87530948660442,0.0109654014040977,3.75691562794302e-10,4.44089209850063e-16,11.894776
g01_09,grid,variable_transverse,0.155507915397319,4.86967525165863,110,1.75371117626321,1.7468131563999,0.0144903792495299,3.25424565016842e-10,0,14.5824739
g01_09,grid,variable_transverse,0.155507915397319,4.86967525165863,120,1.67579351594774,1.65718262069154,0.0169474351996237,4.34787792387579e-10,2.22044604925031e-16,17.0591474
g01_09,grid,variable_transverse,0.155507915397319,4.86967525165863,130,1.55016794265556,1.53198650595511,0.0174565728643591,4.15466125653045e-10,0,19.3331519
g01_09,grid,variable_transverse,0.155507915397319,4.86967525165863,140,1.51658800380665,1.49685998661853,0.0193203794250474,5.07009098510007e-10,2.22044604925031e-16,21.6720184
g01_11,grid,variable_transverse,0.155507915397319,11.5478198468946,50,2.73226452963273,2.72737429231822,0.00177240204237856,1.99534098011385e-10,8.88178419700125e-16,2.3307014
g01_11,grid,variable_transverse,0.155507915397319,11.5478198468946,60,2.6049604374775,2.62312314705084,0.00276160596580716,2.98133287144061e-10,1.77635683940025e-15,4.5181932
g01_11,grid,variable_transverse,0.155507915397319,11.5478198468946,70,2.07858418751176,2.08175974683001,0.00332375710600296,3.15614953431574e-10,4.44089209850063e-16,6.7420756
g01_11,grid,variable_transverse,0.155507915397319,11.5478198468946,80,2.17982623821901,2.17648867098791,0.0043831434777301,3.20800101949086e-10,2.22044604925031e-15,8.9245585
g01_11,grid,variable_transverse,0.155507915397319,11.5478198468946,90,1.89381171362666,1.88780403332958,0.00516048378130822,3.38181164486907e-10,6.66133814775094e-16,11.1968108
g01_11,grid,variable_transverse,0.155507915397319,11.5478198468946,110,1.76255043241884,1.76331701857279,0.0068302255817963,3.20740261471577e-10,4.44089209850063e-16,13.722884
g01_11,grid,variable_transverse,0.155507915397319,11.5478198468946,120,1.6861350943179,1.67646475448363,0.00799390151349655,3.14147090093933e-10,0,16.2912369
g01_11,grid,variable_transverse,0.155507915397319,11.5478198468946,130,1.56081514123555,1.5518545736678,0.00822587221714559,3.76724927928899e-10,4.44089209850063e-16,18.6238819
g01_11,grid,variable_transverse,0.155507915397319,11.5478198468946,140,1.52836504150737,1.51885654015989,0.00909307441108267,4.57957464358499e-10,1.33226762955019e-15,21.1747263
g01_13,grid,variable_transverse,0.155507915397319,27.3841963426436,50,2.73331819578917,2.72940885752355,0.000791119407905985,2.87003896235853e-10,0,2.3454016
g01_13,grid,variable_transverse,0.155507915397319,27.3841963426436,60,2.60660333329117,2.62629413717351,0.00123447235814741,1.92648705233654e-10,8.88178419700125e-16,4.7738074
g01_13,grid,variable_transverse,0.155507915397319,27.3841963426436,70,2.08056182620586,2.08557641836018,0.00148625565184838,1.99231357494829e-10,4.44089209850063e-16,7.212428
g01_13,grid,variable_transverse,0.155507915397319,27.3841963426436,80,2.18243517153219,2.18150738101516,0.00196145622661628,2.13800001222457e-10,8.88178419700125e-16,9.6168321
g01_13,grid,variable_transverse,0.155507915397319,27.3841963426436,90,1.8968841906035,1.89372904656779,0.00231064119959962,4.24378780114972e-10,0,11.8713544
g01_13,grid,variable_transverse,0.155507915397319,27.3841963426436,110,1.76661874374501,1.77115674391937,0.00306084326601184,5.58728548692442e-10,4.44089209850063e-16,14.0233686
g01_13,grid,variable_transverse,0.155507915397319,27.3841963426436,120,1.69089728213055,1.68563143151467,0.00358342137984075,4.17016703606605e-10,0,16.2735031
g01_13,grid,variable_transverse,0.155507915397319,27.3841963426436,130,1.56571411111318,1.56128963244295,0.00368518423808946,4.46336544740944e-10,6.66133814775094e-16,18.5105031
g01_13,grid,variable_transverse,0.155507915397319,27.3841963426436,140,1.533778719726,1.52928864761566,0.00407096162333407,5.6110062657632e-10,0,20.7664077
g01_15,grid,variable_transverse,0.155507915397319,64.9381631576211,50,2.73378208810932,2.730320546522,0.00034315680556957,1.63637260634993e-10,0,2.3726358
g01_15,grid,variable_transverse,0.155507915397319,64.9381631576211,60,2.60732747491289,2.62771728603038,0.000535888499600348,2.12971600552241e-10,0,4.5293343
g01_15,grid,variable_transverse,0.155507915397319,64.9381631576211,70,2.08143373965996,2.08728995451023,0.000645303143075222,2.20434646945091e-10,1.33226762955019e-15,6.8300569
g01_15,grid,variable_transverse,0.155507915397319,64.9381631576211,80,2.18358607859683,2.18376251724116,0.000851952031852967,2.9386841448537e-10,1.33226762955019e-15,9.0053664
g01_15,grid,variable_transverse,0.155507915397319,64.9381631576211,90,1.89824018004751,1.89639297087125,0.00100391168053931,3.10931885207496e-10,4.44089209850063e-16,11.3009863
g01_15,grid,variable_transverse,0.155507915397319,64.9381631576211,110,1.76841531694457,1.77468471480415,0.001330340683602,3.45215379470399e-10,1.33226762955019e-15,13.4586311
g01_15,grid,variable_transverse,0.155507915397319,64.9381631576211,120,1.69300069794827,1.68975799149299,0.00155762865082634,4.1584545931666e-10,2.22044604925031e-16,16.4958836
g01_15,grid,variable_transverse,0.155507915397319,64.9381631576211,130,1.56787690292759,1.56553424747788,0.00160131422428131,3.6958748919714e-10,4.44089209850063e-16,19.0251971
g01_15,grid,variable_transverse,0.155507915397319,64.9381631576211,140,1.53616751054681,1.53397842661612,0.00176832382464576,4.83472711636229e-10,0,21.5017865
g02_00,grid,variable_transverse,0.241827117512196,0.1,50,4.12804900046518,4.08058411087492,0.0409987008453309,1.76475728077911e-10,8.88178419700125e-16,3.0417536
g02_00,grid,variable_transverse,0.241827117512196,0.1,60,3.8841917002598,3.86034765555968,0.0632251914389776,9.01679744100233e-11,1.33226762955019e-15,5.6888302
g02_00,grid,variable_transverse,0.241827117512196,0.1,70,3.01710025473527,2.95185316085264,0.0764902483146332,1.12278567073792e-10,1.77635683940025e-15,8.0882307
g02_00,grid,variable_transverse,0.241827117512196,0.1,80,3.10217261631986,3.00539997676612,0.100517845491309,2.04208930329891e-10,8.88178419700125e-16,10.6024269
g02_00,grid,variable_transverse,0.241827117512196,0.1,90,2.60442429311254,2.48353068840254,0.118896448338801,1.12655223014458e-10,0,13.3011649
g02_00,grid,variable_transverse,0.241827117512196,0.1,110,2.29600022428398,2.15069829592821,0.159769113879613,2.8898376218043e-10,8.88178419700125e-16,15.8094515
g02_00,grid,variable_transverse,0.241827117512196,0.1,120,2.0927737055269,1.90207052080757,0.188647345451706,2.17840996711632e-10,8.88178419700125e-16,18.4190874
g02_00,grid,variable_transverse,0.241827117512196,0.1,130,1.8765312582734,1.67689859245338,0.199259950780194,4.10680367404083e-10,4.44089209850063e-16,20.987922
g02_00,grid,variable_transverse,0.241827117512196,0.1,140,1.76029284575355,1.53445182587343,0.225970311112728,2.59669934306436e-10,6.66133814775094e-16,23.7333992
g02_02,grid,variable_transverse,0.241827117512196,0.237137370566166,50,4.16478733571256,4.11616259919077,0.0421415334726019,3.11142109033184e-10,8.88178419700125e-16,2.7434954
g02_02,grid,variable_transverse,0.241827117512196,0.237137370566166,60,3.94083018062401,3.91530765367849,0.0649547521904193,1.25510733680759e-10,8.88178419700125e-16,5.1637449
g02_02,grid,variable_transverse,0.241827117512196,0.237137370566166,70,3.08550661111335,3.01851725248133,0.0783262683197739,1.33453688434993e-10,1.33226762955019e-15,8.0444596
g02_02,grid,variable_transverse,0.241827117512196,0.237137370566166,80,3.19196053315864,3.09257698808367,0.10269339712308,3.58471252583539e-10,8.88178419700125e-16,10.6852457
g02_02,grid,variable_transverse,0.241827117512196,0.237137370566166,90,2.71044109144858,2.58747041500527,0.121058469338811,2.10689828527099e-10,0,13.6875276
g02_02,grid,variable_transverse,0.241827117512196,0.237137370566166,110,2.43770910147597,2.29124607850243,0.161007057038359,5.80610104249938e-10,8.88178419700125e-16,16.2168554
g02_02,grid,variable_transverse,0.241827117512196,0.237137370566166,120,2.25958171638462,2.06831513424359,0.188968970327598,2.49422346254722e-10,0,19.046026
g02_02,grid,variable_transverse,0.241827117512196,0.237137370566166,130,2.05184983625571,1.85360117344288,0.197692824647253,6.6971694241657e-10,1.33226762955019e-15,21.9036888
g02_02,grid,variable_transverse,0.241827117512196,0.237137370566166,140,1.95826910417223,1.73598226871837,0.222342602220301,2.34033715594742e-10,4.44089209850063e-16,24.553006
g02_04,grid,variable_transverse,0.241827117512196,0.562341325190349,50,4.19783866039478,4.15811395453842,0.0332259595065381,3.36241515311738e-10,8.88178419700125e-16,2.5617805
g02_04,grid,variable_transverse,0.241827117512196,0.562341325190349,60,3.99177805507668,3.98002057705732,0.0512335154681548,1.99330503923811e-10,4.44089209850063e-16,5.5227383
g02_04,grid,variable_transverse,0.241827117512196,0.562341325190349,70,3.14686829585501,3.09664513262187,0.0616398738646919,2.4240774868126e-10,0,8.5150038
g02_04,grid,variable_transverse,0.241827117512196,0.562341325190349,80,3.27234752785609,3.19456608901863,0.0807010575715635,5.87288992886073e-10,8.88178419700125e-16,11.1160617
g02_04,grid,variable_transverse,0.241827117512196,0.562341325190349,90,2.80509770750478,2.70831572331728,0.0949407249510541,3.12631540504565e-10,8.88178419700125e-16,13.6913012
g02_04,grid,variable_transverse,0.241827117512196,0.562341325190349,110,2.56312439289536,2.45237101620414,0.125370193966256,5.58601925893557e-10,0,16.4538197
g02_04,grid,variable_transverse,0.241827117512196,0.562341325190349,120,2.40644597888344,2.25741444574708,0.146516058373466,3.92947605771382e-10,8.88178419700125e-16,19.1633611
g02_04,grid,variable_transverse,0.241827117512196,0.562341325190349,130,2.20494621173535,2.05200775102675,0.15221930432933,6.07717313394642e-10,4.44089209850063e-16,21.8276589
g02_04,grid,variable_transverse,0.241827117512196,0.562341325190349,140,2.12989530032916,1.95976656417991,0.170102388899941,4.76184770853286e-10,0,24.5528105
g02_06,grid,variable_transverse,0.241827117512196,1.33352143216332,50,4.22131796550456,4.19354235198438,0.0212658260070232,2.27673654033492e-10,1.77635683940025e-15,2.8009094
g02_06,grid,variable_transverse,0.241827117512196,1.33352143216332,60,4.02801038284113,4.03466089309942,0.0328555773365981,1.81246828219576e-10,0,5.2581124
g02_06,grid,variable_transverse,0.241827117512196,1.33352143216332,70,3.19043830752208,3.1624128855681,0.0394964004287507,2.1142790971154e-10,0,7.8104133
g02_06,grid,variable_transverse,0.241827117512196,1.33352143216332,80,3.32938767552511,3.28030962516082,0.0517191131092106,4.50364144158234e-10,4.44089209850063e-16,10.1866409
g02_06,grid,variable_transverse,0.241827117512196,1.33352143216332,90,2.87218741802279,2.80956129721564,0.0608342045470655,3.0317424711834e-10,8.88178419700125e-16,13.0439098
g02_06,grid,variable_transverse,0.241827117512196,1.33352143216332,110,2.65158221369501,2.58611831540329,0.0801337531873869,5.3737918716473e-10,0,15.5067266
g02_06,grid,variable_transverse,0.241827117512196,1.33352143216332,120,2.50972686716443,2.41355211237983,0.0935049017841751,3.5517046951282e-10,4.44089209850063e-16,18.0741295
g02_06,grid,variable_transverse,0.241827117512196,1.33352143216332,130,2.31201599685192,2.21444975196173,0.0967315287286153,8.42180577675874e-10,8.88178419700125e-16,20.5778402
g02_06,grid,variable_transverse,0.241827117512196,1.33352143216332,140,2.24928277940613,2.14156996923416,0.107619859040674,3.72287471048736e-10,0,23.5088911
g02_08,grid,variable_transverse,0.241827117512196,3.16227766016838,50,4.23533051425763,4.21701243061769,0.0118018919018386,2.93723683208322e-10,0,2.58481
g02_08,grid,variable_transverse,0.241827117512196,3.16227766016838,60,4.0496897952332,4.07092089933069,0.0182925511442274,1.47458347585024e-10,1.77635683940025e-15,5.1747381
g02_08,grid,variable_transverse,0.241827117512196,3.16227766016838,70,3.21650062947164,3.20600843679507,0.0219945747018591,1.85053599058921e-10,1.77635683940025e-15,7.7475181
g02_08,grid,variable_transverse,0.241827117512196,3.16227766016838,80,3.36353544758938,3.33716495755507,0.0288430027387044,6.69665430511062e-10,0,10.543628
g02_08,grid,variable_transverse,0.241827117512196,3.16227766016838,90,2.9123706350133,2.87664574365171,0.0339631483431505,3.02471148305785e-10,0,13.1947274
g02_08,grid,variable_transverse,0.241827117512196,3.16227766016838,110,2.70452723511593,2.67444642980366,0.0447822881947623,8.20428326053422e-10,4.44089209850063e-16,15.5843974
g02_08,grid,variable_transverse,0.241827117512196,3.16227766016838,120,2.57151251377239,2.5164714165658,0.0522784255058035,3.34231472988173e-10,8.88178419700125e-16,17.8952408
g02_08,grid,variable_transverse,0.241827117512196,3.16227766016838,130,2.37585349153627,2.32100358894684,0.0539446078159575,1.01266994605785e-09,4.44089209850063e-16,20.5804014
g02_08,grid,variable_transverse,0.241827117512196,3.16227766016838,140,2.32020273390219,2.26022951779525,0.0598359875928796,3.66915589028835e-10,1.33226762955019e-15,22.8811262
g02_10,grid,variable_transverse,0.241827117512196,7.49894209332456,50,4.24275131799087,4.23029687970054,0.00593501393430968,4.02129817676487e-10,1.77635683940025e-15,2.2477132
g02_10,grid,variable_transverse,0.241827117512196,7.49894209332456,60,4.06120901880285,4.0915126498327,0.00922923034259718,2.26793721788327e-10,1.77635683940025e-15,4.8237439
g02_10,grid,variable_transverse,0.241827117512196,7.49894209332456,70,3.23035453972393,3.23076975970852,0.0111034433499769,2.29442145701928e-10,0,7.3183895
g02_10,grid,variable_transverse,0.241827117512196,7.49894209332456,80,3.38171727903655,3.36951302239687,0.0145859382772499,6.22579258483362e-10,8.88178419700125e-16,9.8653572
g02_10,grid,variable_transverse,0.241827117512196,7.49894209332456,90,2.93379312447094,2.91484971630054,0.0171983752625994,3.19845029973662e-10,8.88178419700125e-16,12.5588091
g02_10,grid,variable_transverse,0.241827117512196,7.49894209332456,110,2.73279962141741,2.72479399431286,0.0227236220461492,9.22853498468801e-10,4.44089209850063e-16,14.9966566
g02_10,grid,variable_transverse,0.241827117512196,7.49894209332456,120,2.60453216908482,2.57516577369168,0.0265537992019526,4.82052671437039e-10,1.77635683940025e-15,17.4786064
g02_10,grid,variable_transverse,0.241827117512196,7.49894209332456,130,2.40989919396544,2.38159876294966,0.0273561336048027,1.15816984372787e-09,0,28.0807824
g02_10,grid,variable_transverse,0.241827117512196,7.49894209332456,140,2.35792979557604,2.32748465976515,0.0302821918186593,5.47675457113728e-10,4.44089209850063e-16,62.801077
g02_12,grid,variable_transverse,0.241827117512196,17.7827941003892,50,4.24636119640675,4.23705984713868,0.00278042442873262,4.10375333446507e-10,0,35.1237194
g02_12,grid,variable_transverse,0.241827117512196,17.7827941003892,60,4.06682898186635,4.10203211384435,0.00433418723239909,1.58540670128722e-10,0,44.5701968
g02_12,grid,variable_transverse,0.241827117512196,17.7827941003892,70,3.23711739492269,3.24342682550996,0.00521704788022158,2.58290578605621e-10,8.88178419700125e-16,47.0738369
g02_12,grid,variable_transverse,0.241827117512196,17.7827941003892,80,3.39060671136617,3.38608133204646,0.00686222041994722,8.09782945100652e-10,0,49.6723138
g02_12,grid,variable_transverse,0.241827117512196,17.7827941003892,90,2.94427975828501,2.93444369831295,0.00809950527119039,2.79971043192081e-10,4.44089209850063e-16,51.96138
g02_12,grid,variable_transverse,0.241827117512196,17.7827941003892,110,2.74666575281728,2.7506731364473,0.0107185420621895,8.91110407460307e-10,8.88178419700125e-16,54.2246903
g02_12,grid,variable_transverse,0.241827117512196,17.7827941003892,120,2.62074102870111,2.60536986862728,0.0125339188877598,4.21920978561146e-10,4.44089209850063e-16,56.7251842
g02_12,grid,variable_transverse,0.241827117512196,17.7827941003892,130,2.42658976469544,2.41272613304791,0.0128996285645907,1.29756416184949e-09,4.44089209850063e-16,59.2378717
g02_12,grid,variable_transverse,0.241827117512196,17.7827941003892,140,2.37639464649065,2.36195643887749,0.0142619101705231,4.83136232914153e-10,4.44089209850063e-16,61.8196883
g02_14,grid,variable_transverse,0.241827117512196,42.1696503428582,50,4.24801445405514,4.24025127843173,0.00124158655733616,4.48185968701722e-10,8.88178419700125e-16,2.2857869
g02_14,grid,variable_transverse,0.241827117512196,42.1696503428582,60,4.06940794781394,4.10700902955714,0.0019382759506324,2.16808831523051e-10,0,4.4715679
g02_14,grid,variable_transverse,0.241827117512196,42.1696503428582,70,3.24022218260947,3.24941834138246,0.00233387139343382,2.81480494492297e-10,4.44089209850063e-16,6.9908198
g02_14,grid,variable_transverse,0.241827117512196,42.1696503428582,80,3.39469207809229,3.39393601667902,0.00307216688660929,7.5785607127428e-10,8.88178419700125e-16,9.262353
g02_14,grid,variable_transverse,0.241827117512196,42.1696503428582,90,2.94910312450659,2.94374232059998,0.00362824911537191,2.51066025277076e-10,0,11.4750238
g02_14,grid,variable_transverse,0.241827117512196,42.1696503428582,110,2.7530514477419,2.76297549420093,0.00480549170527517,9.75180126056794e-10,8.88178419700125e-16,13.6641429
g02_14,grid,variable_transverse,0.241827117512196,42.1696503428582,120,2.62820944797656,2.61973968518787,0.00562112965557181,3.92816999364721e-10,0,15.9733165
g02_14,grid,variable_transverse,0.241827117512196,42.1696503428582,130,2.43427385481074,2.42751900904088,0.00578160767709505,1.2906004519718e-09,0,18.4864923
g02_14,grid,variable_transverse,0.241827117512196,42.1696503428582,140,2.38488743925032,2.37831692660168,0.00638786103817289,4.75251308481436e-10,4.44089209850063e-16,21.2143654
g02_16,grid,variable_transverse,0.241827117512196,100,50,4.24874257348247,4.24168201664084,0.000538681258974954,5.33761704934128e-10,8.88178419700125e-16,2.6507971
g02_16,grid,variable_transverse,0.241827117512196,100,60,4.07054507498641,4.10924371311669,0.000841617177577089,2.47945067384929e-10,8.88178419700125e-16,5.1298404
g02_16,grid,variable_transverse,0.241827117512196,100,70,3.24159151219944,3.25210953191889,0.00101356812802127,2.76583084663729e-10,4.44089209850063e-16,7.4969358
g02_16,grid,variable_transverse,0.241827117512196,100,80,3.39649491939967,3.39746713244656,0.00133470995393241,9.60061027663461e-10,8.88178419700125e-16,9.826201
g02_16,grid,variable_transverse,0.241827117512196,100,90,2.9512326091411,2.947925068748,0.0015767789275222,3.19713143556681e-10,8.88178419700125e-16,12.1520862
g02_16,grid,variable_transverse,0.241827117512196,100,110,2.75587239594996,2.76851437164339,0.00208915227710201,1.23262277414107e-09,0,14.6161932
g02_16,grid,variable_transverse,0.241827117512196,100,120,2.63150937761798,2.62621170732942,0.00244399716623341,5.76272044630544e-10,4.44089209850063e-16,17.2716024
g02_16,grid,variable_transverse,0.241827117512196,100,130,2.43766742566004,2.43417717381172,0.00251289898632409,1.50410012273111e-09,4.44089209850063e-16,19.6955635
g02_16,grid,variable_transverse,0.241827117512196,100,140,2.388636208124,2.38567528806935,0.00277541342515009,7.11350871254523e-10,4.44089209850063e-16,22.1436673
g03_01,grid,variable_transverse,0.376060309308639,0.153992652605949,50,6.4137278637307,6.33703271466353,0.0636218581075717,1.43744346019321e-10,1.77635683940025e-15,2.3624129
g03_01,grid,variable_transverse,0.376060309308639,0.153992652605949,60,6.06823118792321,6.03943257326676,0.0981800686661186,8.65198368305656e-11,1.77635683940025e-15,5.1559392
g03_01,grid,variable_transverse,0.376060309308639,0.153992652605949,70,4.69855723699874,4.59769468905124,0.118813873460571,1.27959974161784e-10,1.77635683940025e-15,8.4466393
g03_01,grid,variable_transverse,0.376060309308639,0.153992652605949,80,4.82543003439926,4.67667383786802,0.155686560445558,1.79393803684558e-10,1.77635683940025e-15,11.3974317
g03_01,grid,variable_transverse,0.376060309308639,0.153992652605949,90,4.04672443155521,3.85812358719101,0.184624814975041,1.09709297123361e-10,8.88178419700125e-16,14.299276
g03_01,grid,variable_transverse,0.376060309308639,0.153992652605949,110,3.57886130555076,3.35717973486266,0.248098482194558,1.16916392769345e-10,1.33226762955019e-15,17.0244354
g03_01,grid,variable_transverse,0.376060309308639,0.153992652605949,120,3.25017176590164,2.95442824601391,0.292698382099941,9.74571942074041e-11,8.88178419700125e-16,19.4466217
g03_01,grid,variable_transverse,0.376060309308639,0.153992652605949,130,2.91505201067341,2.60611939959482,0.309255597698848,3.16921808113622e-10,8.88178419700125e-16,21.9053275
g03_01,grid,variable_transverse,0.376060309308639,0.153992652605949,140,2.73429556626711,2.38481974016666,0.350879768136045,2.1772967076764e-10,1.33226762955019e-15,24.2242439
g03_03,grid,variable_transverse,0.376060309308639,0.365174127254838,50,6.4708288150471,6.392128569453,0.0656014070345236,1.90585866672973e-10,8.88178419700125e-16,2.3307464
g03_03,grid,variable_transverse,0.376060309308639,0.365174127254838,60,6.15632118774854,6.12462642985537,0.101180987636671,1.25179365948053e-10,8.88178419700125e-16,4.7085274
g03_03,grid,variable_transverse,0.376060309308639,0.365174127254838,70,4.8049801981424,4.70108445021625,0.122043642728627,2.15336179418613e-10,3.5527136788005e-15,6.9588474
g03_03,grid,variable_transverse,0.376060309308639,0.365174127254838,80,4.96471755235617,4.81140100112086,0.159555995106199,3.65928891647052e-10,1.77635683940025e-15,9.5661832
g03_03,grid,variable_transverse,0.376060309308639,0.365174127254838,90,4.21160591078175,4.01916834988593,0.188564326127727,3.63546743781698e-10,2.66453525910038e-15,12.1326805
g03_03,grid,variable_transverse,0.376060309308639,0.365174127254838,110,3.7992621592411,3.57500367569006,0.250804452439792,3.51561809520786e-10,0,14.7524365
g03_03,grid,variable_transverse,0.376060309308639,0.365174127254838,120,3.50938579043353,3.2118227659211,0.294099687949638,3.33575959784961e-10,2.22044604925031e-15,17.1776167
g03_03,grid,variable_transverse,0.376060309308639,0.365174127254838,130,3.18756896782491,2.8797980906906,0.307762248529214,4.65914649797395e-10,4.44089209850063e-16,19.4226896
g03_03,grid,variable_transverse,0.376060309308639,0.365174127254838,140,3.04217104302431,2.69721502554523,0.346283063388841,3.74020504972886e-10,1.33226762955019e-15,21.70593
g03_05,grid,variable_transverse,0.376060309308639,0.865964323360065,50,6.52235069328096,6.45736320585303,0.0518652560363299,1.38762802950408e-10,1.77635683940025e-15,2.2758057
g03_05,grid,variable_transverse,0.376060309308639,0.865964323360065,60,6.23579197830676,6.22534330933468,0.0800247367819679,1.99723168959261e-10,1.77635683940025e-15,4.6584728
g03_05,grid,variable_transverse,0.376060309308639,0.865964323360065,70,4.90072005839238,4.82273370408621,0.0963030267814215,2.7839161573914e-10,8.88178419700125e-16,7.136173
g03_05,grid,variable_transverse,0.376060309308639,0.865964323360065,80,5.08978585193967,4.96967944752315,0.125725897120131,2.46182864824393e-10,0,9.4461292
g03_05,grid,variable_transverse,0.376060309308639,0.865964323360065,90,4.35924413680159,4.20717606361988,0.148278655826451,3.98789562395407e-10,8.88178419700125e-16,12.0672735
g03_05,grid,variable_transverse,0.376060309308639,0.865964323360065,110,3.99488580096207,3.82574388531412,0.195811393152042,3.51104883231399e-10,0,14.531764
g03_05,grid,variable_transverse,0.376060309308639,0.865964323360065,120,3.73825588327934,3.5057910309749,0.228622947318199,3.6868071619605e-10,0,17.2487722
g03_05,grid,variable_transverse,0.376060309308639,0.865964323360065,130,3.42621321369848,3.18832473846093,0.237580372908245,4.28026785743737e-10,8.88178419700125e-16,20.1461889
g03_05,grid,variable_transverse,0.376060309308639,0.865964323360065,140,3.30980430677747,3.04544079580145,0.265588105989309,4.98903662154455e-10,4.44089209850063e-16,23.2426092
g03_07,grid,variable_transverse,0.376060309308639,2.05352502645715,50,6.55903742542958,6.51263741051859,0.0332611563743296,3.65532878431969e-10,1.77635683940025e-15,2.5261359
g03_07,grid,variable_transverse,0.376060309308639,2.05352502645715,60,6.29243992041574,6.3106589547785,0.0514185781159096,3.44594457566754e-10,8.88178419700125e-16,5.0657416
g03_07,grid,variable_transverse,0.376060309308639,2.05352502645715,70,4.96885633174633,4.92546350752582,0.0618252394125766,3.27954716462736e-10,8.88178419700125e-16,7.5610374
g03_07,grid,variable_transverse,0.376060309308639,2.05352502645715,80,5.17873392959971,5.1031834399279,0.0807274005637044,4.508998629074e-10,2.66453525910038e-15,10.0935241
g03_07,grid,variable_transverse,0.376060309308639,2.05352502645715,90,4.46412371262047,4.36520048211068,0.095191383947638,4.75419933023672e-10,1.77635683940025e-15,12.7264642
g03_07,grid,variable_transverse,0.376060309308639,2.05352502645715,110,4.13317209913753,4.03454208595864,0.125389642101191,4.64459988840948e-10,2.66453525910038e-15,15.1575633
g03_07,grid,variable_transverse,0.376060309308639,2.05352502645715,120,3.89956001454974,3.74927949517148,0.146169050580079,3.7508737990925e-10,1.77635683940025e-15,17.6163952
g03_07,grid,variable_transverse,0.376060309308639,2.05352502645715,130,3.59347313374407,3.44170554584304,0.151245178698862,6.24301139893747e-10,1.77635683940025e-15,20.0282308
g03_07,grid,variable_transverse,0.376060309308639,2.05352502645715,140,3.49636967752059,3.32918095455676,0.168323152816697,5.58062363672943e-10,1.33226762955019e-15,22.5930411
g03_09,grid,variable_transverse,0.376060309308639,4.86967525165863,50,6.58096806487127,6.54933606062111,0.0184835825691852,1.73339528405407e-10,1.77635683940025e-15,2.6904064
g03_09,grid,variable_transverse,0.376060309308639,4.86967525165863,60,6.32638931354571,6.36739774043177,0.0286650899203853,1.73064341962251e-10,2.66453525910038e-15,5.5649228
g03_09,grid,variable_transverse,0.376060309308639,4.86967525165863,70,5.00967806934602,4.99370450422586,0.0344734718619813,2.92049760257866e-10,1.77635683940025e-15,8.2043045
g03_09,grid,variable_transverse,0.376060309308639,4.86967525165863,80,5.23206727395427,5.19189868567411,0.0450779213927017,3.01440234605376e-10,8.88178419700125e-16,10.6161697
g03_09,grid,variable_transverse,0.376060309308639,4.86967525165863,90,4.52704036099934,4.47013011441443,0.0532136296623062,2.13583687299455e-10,0,12.9914909
g03_09,grid,variable_transverse,0.376060309308639,4.86967525165863,110,4.21606808794296,4.17271975787997,0.0701615844685644,4.94048148106353e-10,8.88178419700125e-16,15.3552207
g03_09,grid,variable_transverse,0.376060309308639,4.86967525165863,120,3.99620233408945,3.91010338559571,0.0818247053515015,3.35333913968337e-10,8.88178419700125e-16,17.9130257
g03_09,grid,variable_transverse,0.376060309308639,4.86967525165863,130,3.69334478931327,3.60824226301107,0.0844481531188352,6.72721482853187e-10,8.88178419700125e-16,20.2571083
g03_09,grid,variable_transverse,0.376060309308639,4.86967525165863,140,3.60735544373241,3.51472867549312,0.0936983290026858,4.50172627567036e-10,1.33226762955019e-15,22.6382187
g03_11,grid,variable_transverse,0.376060309308639,11.5478198468946,50,6.59259541253885,6.57013818981475,0.00930405298192094,2.50515308212312e-10,1.77635683940025e-15,2.2657862
g03_11,grid,variable_transverse,0.376060309308639,11.5478198468946,60,6.34444837115244,6.39966440191573,0.0144762512118099,2.20290048173365e-10,2.66453525910038e-15,4.6409145
g03_11,grid,variable_transverse,0.376060309308639,11.5478198468946,70,5.03140173008015,5.03251736822274,0.0174194936738111,2.18984902447797e-10,8.88178419700125e-16,7.1634937
g03_11,grid,variable_transverse,0.376060309308639,11.5478198468946,80,5.26049552013541,5.2424436591507,0.0228171778050715,3.25408162841763e-10,0,9.7558846
g03_11,grid,variable_transverse,0.376060309308639,11.5478198468946,90,4.56062039645593,4.52997084760629,0.0269725973274683,2.26074730030642e-10,8.88178419700125e-16,12.2260474
g03_11,grid,variable_transverse,0.376060309308639,11.5478198468946,110,4.26038272024238,4.25158844280007,0.0356354265750996,7.07407852584238e-10,1.77635683940025e-15,14.4916361
g03_11,grid,variable_transverse,0.376060309308639,11.5478198468946,120,4.04790657729021,4.00194375569271,0.0416007226849988,3.01077620380695e-10,0,16.9112322
g03_11,grid,variable_transverse,0.376060309308639,11.5478198468946,130,3.74666493235948,3.7030726500915,0.0428646142009418,6.16301217439095e-10,4.44089209850063e-16,19.3257315
g03_11,grid,variable_transverse,0.376060309308639,11.5478198468946,140,3.66645799411142,3.62002918655797,0.0474627151356553,5.32447555042304e-10,8.88178419700125e-16,21.7229884
g03_13,grid,variable_transverse,0.376060309308639,27.3841963426436,50,6.59825626041347,6.58073921992834,0.00436170480487986,3.11394836614973e-10,1.77635683940025e-15,2.3296962
g03_13,grid,variable_transverse,0.376060309308639,27.3841963426436,60,6.353266216752,6.41616467720713,0.00680288613678357,2.29562062148253e-10,0,4.7858897
g03_13,grid,variable_transverse,0.376060309308639,27.3841963426436,70,5.04201491690551,5.05237680352551,0.00819023950503129,1.74260487419486e-10,3.5527136788005e-15,7.7304595
g03_13,grid,variable_transverse,0.376060309308639,27.3841963426436,80,5.2744058939539,5.26835819428523,0.0107419951248027,3.94953054846993e-10,8.88178419700125e-16,10.448155
g03_13,grid,variable_transverse,0.376060309308639,27.3841963426436,90,4.57707225815206,4.5606937704966,0.0127116003660794,3.17916235978422e-10,1.77635683940025e-15,12.8076554
g03_13,grid,variable_transverse,0.376060309308639,27.3841963426436,110,4.28213485112946,4.29216866915682,0.0168206865362019,5.23248497128036e-10,8.88178419700125e-16,15.0528714
g03_13,grid,variable_transverse,0.376060309308639,27.3841963426436,120,4.07330869435061,4.04925290542771,0.0196502112694781,4.76201446514052e-10,0,17.3315962
g03_13,grid,variable_transverse,0.376060309308639,27.3841963426436,130,3.77282599087611,3.75183468491089,0.0202264961234545,5.79922159970302e-10,8.88178419700125e-16,19.662678
g03_13,grid,variable_transverse,0.376060309308639,27.3841963426436,140,3.69540802245175,3.67405345426299,0.0223685607151702,6.21584087587244e-10,4.44089209850063e-16,22.0014344
g03_15,grid,variable_transverse,0.376060309308639,64.9381631576211,50,6.60085029108499,6.58574546621813,0.00194854252201057,2.21247656804962e-10,1.77635683940025e-15,2.6783674
g03_15,grid,variable_transverse,0.376060309308639,64.9381631576211,60,6.35731496826301,6.42397683475718,0.00304361826445376,1.42544069789545e-10,1.77635683940025e-15,6.085222
g03_15,grid,variable_transverse,0.376060309308639,64.9381631576211,70,5.04689012951208,5.06178446913549,0.00366553644558056,2.77342202120603e-10,1.77635683940025e-15,9.1308873
g03_15,grid,variable_transverse,0.376060309308639,64.9381631576211,80,5.28080237518604,5.28065264514307,0.00481120481089697,4.10194648401771e-10,1.77635683940025e-15,12.2013798
g03_15,grid,variable_transverse,0.376060309308639,64.9381631576211,90,4.58464382946789,4.57528484882679,0.00569687175911184,3.36680231557143e-10,8.88178419700125e-16,15.17511
g03_15,grid,variable_transverse,0.376060309308639,64.9381631576211,110,4.29215813082277,4.3114739919141,0.00754471365273533,7.26659997614579e-10,8.88178419700125e-16,17.7930132
g03_15,grid,variable_transverse,0.376060309308639,64.9381631576211,120,4.08501995164511,4.07177761710543,0.00881662660527283,4.12777822928171e-10,8.88178419700125e-16,20.4276134
g03_15,grid,variable_transverse,0.376060309308639,64.9381631576211,130,3.78487713908772,3.77502532292385,0.0090695668402546,7.13514603061121e-10,2.22044604925031e-15,22.8784127
g03_15,grid,variable_transverse,0.376060309308639,64.9381631576211,140,3.70873102599215,3.69971221972633,0.0100232279969042,5.47908732178889e-10,1.33226762955019e-15,25.412455
g04_00,grid,variable_transverse,0.584803547642573,0.1,50,9.88761488492268,9.78897144771967,0.0730813778549598,5.55036522943814e-11,3.5527136788005e-15,2.6029409
g04_00,grid,variable_transverse,0.584803547642573,0.1,60,9.36827864331454,9.36946754693654,0.112936751622439,4.98874819226338e-11,3.5527136788005e-15,5.1972885
g04_00,grid,variable_transverse,0.584803547642573,0.1,70,7.1759789137299,7.06417043702448,0.137157300699341,4.87603691535553e-11,8.88178419700125e-16,7.7225116
g04_00,grid,variable_transverse,0.584803547642573,0.1,80,7.32239495086953,7.15498742224628,0.179537442822244,1.27621871229665e-10,3.5527136788005e-15,10.3012974
g04_00,grid,variable_transverse,0.584803547642573,0.1,90,6.06782530783186,5.84554137225781,0.21418917959156,6.97683892335115e-11,3.5527136788005e-15,13.1571755
g04_00,grid,variable_transverse,0.584803547642573,0.1,110,5.28474540330389,5.03940570943921,0.290742701743321,2.25276523753863e-10,8.88178419700125e-16,15.9202853
g04_00,grid,variable_transverse,0.584803547642573,0.1,120,4.6978064435487,4.34935931129876,0.344762592627763,8.38623881477665e-11,0,18.9291881
g04_00,grid,variable_transverse,0.584803547642573,0.1,130,4.15725407919504,3.79188036971454,0.368182936746306,2.47983011531739e-10,2.66453525910038e-15,21.4707858
g04_00,grid,variable_transverse,0.584803547642573,0.1,140,3.82425251493688,3.40694356285584,0.421732997345853,1.03145578202954e-10,4.44089209850063e-16,24.0006856
g04_02,grid,variable_transverse,0.584803547642573,0.237137370566166,50,9.96276893420513,9.8384541759617,0.0987279071414455,6.30269525799066e-11,3.5527136788005e-15,2.6789445
g04_02,grid,variable_transverse,0.584803547642573,0.237137370566166,60,9.48438472584451,9.44621955596329,0.152476177116509,5.6190306229262e-11,3.5527136788005e-15,5.1016946
g04_02,grid,variable_transverse,0.584803547642573,0.237137370566166,70,7.31675902060695,7.15785848408103,0.184589144105066,9.02050164963928e-11,8.88178419700125e-16,7.4005082
g04_02,grid,variable_transverse,0.584803547642573,0.237137370566166,80,7.50648922596163,7.27662128265608,0.24113636671383,1.18469141618824e-10,1.77635683940025e-15,9.6710884
g04_02,grid,variable_transverse,0.584803547642573,0.237137370566166,90,6.28705070888867,5.99239599895707,0.286648584912765,1.37621226938897e-10,3.5527136788005e-15,12.0663273
g04_02,grid,variable_transverse,0.584803547642573,0.237137370566166,110,5.58083147772495,5.24114687838003,0.385253636099108,1.60168591879993e-10,1.77635683940025e-15,14.5678413
g04_02,grid,variable_transverse,0.584803547642573,0.237137370566166,120,5.04783818206056,4.58949713008611,0.454103721234794,1.55381849466627e-10,1.77635683940025e-15,17.0498755
g04_02,grid,variable_transverse,0.584803547642573,0.237137370566166,130,4.52905330321366,4.05147240636576,0.479925616517769,1.85694885147104e-10,2.66453525910038e-15,19.1829024
g04_02,grid,variable_transverse,0.584803547642573,0.237137370566166,140,4.24817320011407,3.70780230673331,0.544861337914639,2.14251419993211e-10,0,21.2298039
g04_04,grid,variable_transverse,0.584803547642573,0.562341325190349,50,10.051518236438,9.92378185020576,0.102120734948707,1.49917161518564e-10,0,2.4979952
g04_04,grid,variable_transverse,0.584803547642573,0.562341325190349,60,9.62140510006863,9.57829680646164,0.157626230019628,1.06371773110105e-10,7.105427357601e-15,5.0850149
g04_04,grid,variable_transverse,0.584803547642573,0.562341325190349,70,7.48235537425508,7.31823153827061,0.190194595172015,1.05324889788506e-10,3.5527136788005e-15,7.7788927
g04_04,grid,variable_transverse,0.584803547642573,0.562341325190349,80,7.72256754544734,7.48492222651707,0.247907426956106,2.45036139725743e-10,1.77635683940025e-15,10.1377284
g04_04,grid,variable_transverse,0.584803547642573,0.562341325190349,90,6.54344469663217,6.2418501184081,0.293672131998911,1.64309409452451e-10,1.77635683940025e-15,12.6915637
g04_04,grid,variable_transverse,0.584803547642573,0.562341325190349,110,5.92361691486584,5.57872414645603,0.390678642269164,2.95872671056839e-10,4.44089209850063e-15,14.8845879
g04_04,grid,variable_transverse,0.584803547642573,0.562341325190349,120,5.45061541501725,4.9880290579251,0.457681261026543,1.98861167771572e-10,2.66453525910038e-15,17.3724117
g04_04,grid,variable_transverse,0.584803547642573,0.562341325190349,130,4.95261487500815,4.4753286151543,0.479066547945352,3.60303172438316e-10,0,19.8058356
g04_04,grid,variable_transverse,0.584803547642573,0.562341325190349,140,4.72697488935647,4.1921186777642,0.539332147222469,2.26355965190301e-10,2.66453525910038e-15,22.4608291
g04_06,grid,variable_transverse,0.584803547642573,1.33352143216332,50,10.1318327846285,10.0252294799554,0.0809611974706308,2.68217360872403e-10,0,2.2665964
g04_06,grid,variable_transverse,0.584803547642573,1.33352143216332,60,9.74537909496234,9.73506681703682,0.125007457243508,2.01555478668492e-10,7.105427357601e-15,4.5245542
g04_06,grid,variable_transverse,0.584803547642573,1.33352143216332,70,7.63176009289823,7.50767596047361,0.150485592239524,1.80523428665772e-10,1.77635683940025e-15,6.8617816
g04_06,grid,variable_transverse,0.584803547642573,1.33352143216332,80,7.91715615112668,7.73063869961623,0.195876335551246,2.68370530053373e-10,3.5527136788005e-15,9.0203589
g04_06,grid,variable_transverse,0.584803547642573,1.33352143216332,90,6.77368799432179,6.53427717225353,0.231550852492599,2.93437714151712e-10,8.88178419700125e-16,11.5278219
g04_06,grid,variable_transverse,0.584803547642573,1.33352143216332,110,6.22874950213187,5.96891436551803,0.305829982715266,4.00597728052331e-10,1.77635683940025e-15,13.7556193
g04_06,grid,variable_transverse,0.584803547642573,1.33352143216332,120,5.80725349780109,5.44502561413224,0.356714952711549,3.11601330996909e-10,1.77635683940025e-15,16.4605311
g04_06,grid,variable_transverse,0.584803547642573,1.33352143216332,130,5.32457247484409,4.95506370482055,0.370772944716115,6.69319836273447e-10,8.88178419700125e-16,19.1233234
g04_06,grid,variable_transverse,0.584803547642573,1.33352143216332,140,5.1443367810865,4.73404653315773,0.414689136326719,4.78992234165257e-10,3.5527136788005e-15,21.7263287
g04_08,grid,variable_transverse,0.584803547642573,3.16227766016838,50,10.1891567677737,10.1114725613279,0.0520233233668665,2.64831600012796e-10,3.5527136788005e-15,2.249096
g04_08,grid,variable_transverse,0.584803547642573,3.16227766016838,60,9.83395474685185,9.86829375817242,0.0804773858198819,2.60474600589575e-10,3.5527136788005e-15,4.6021818
g04_08,grid,variable_transverse,0.584803547642573,3.16227766016838,70,7.73833313300769,7.66816793197167,0.0967951898503165,2.20565935780798e-10,5.32907051820075e-15,6.9647274
g04_08,grid,variable_transverse,0.584803547642573,3.16227766016838,80,8.05586604830544,7.93856935713821,0.126011205636917,3.45913069440946e-10,0,9.3586022
g04_08,grid,variable_transverse,0.584803547642573,3.16227766016838,90,6.93762200652814,6.78086953724208,0.148933292409936,2.32861812678446e-10,0,11.8650855
g04_08,grid,variable_transverse,0.584803547642573,3.16227766016838,110,6.44493291094925,6.29487538910747,0.196204806162428,3.69137129897615e-10,2.66453525910038e-15,14.2953471
g04_08,grid,variable_transverse,0.584803547642573,3.16227766016838,120,6.05915993522147,5.82473290470354,0.228478722242762,3.25902726699939e-10,1.77635683940025e-15,16.8249653
g04_08,grid,variable_transverse,0.584803547642573,3.16227766016838,130,5.58583317715978,5.35026672644388,0.236457175597956,4.11596843596495e-10,1.77635683940025e-15,19.5659002
g04_08,grid,variable_transverse,0.584803547642573,3.16227766016838,140,5.4358910333654,5.17692574960795,0.263276048183518,5.05797496810041e-10,1.77635683940025e-15,22.4929857
g04_10,grid,variable_transverse,0.584803547642573,7.49894209332456,50,10.2234803673826,10.168860209107,0.0289487503328318,2.53322078820138e-10,3.5527136788005e-15,3.0016535
g04_10,grid,variable_transverse,0.584803547642573,7.49894209332456,60,9.88712389189443,9.95708711102509,0.0449237043583394,3.1353264190765e-10,7.105427357601e-15,5.6234874
g04_10,grid,variable_transverse,0.584803547642573,7.49894209332456,70,7.80228461759385,7.77500620805021,0.0540426017230595,4.50640206688499e-10,1.77635683940025e-15,8.0843424
g04_10,grid,variable_transverse,0.584803547642573,7.49894209332456,80,8.1391681840302,8.07703895804273,0.0704548519574763,4.5895745852972e-10,0,10.5022198
g04_10,grid,variable_transverse,0.584803547642573,7.49894209332456,90,7.03612093062408,6.94496185916507,0.0833649165343046,4.12886499584075e-10,8.88178419700125e-16,13.0107636
g04_10,grid,variable_transverse,0.584803547642573,7.49894209332456,110,6.57472388473213,6.51103684406526,0.109924785822015,7.15398195005832e-10,1.77635683940025e-15,15.6729712
g04_10,grid,variable_transverse,0.584803547642573,7.49894209332456,120,6.21031297646246,6.07603951563846,0.128060871964506,7.04673056340578e-10,3.5527136788005e-15,18.1991709
g04_10,grid,variable_transverse,0.584803547642573,7.49894209332456,130,5.74206373088263,5.61053565186702,0.13218709406467,8.72431939933633e-10,8.88178419700125e-16,20.7303105
g04_10,grid,variable_transverse,0.584803547642573,7.49894209332456,140,5.60958390004537,5.46709631425496,0.146729221031534,8.66479399141813e-10,1.77635683940025e-15,23.5096663
g04_12,grid,variable_transverse,0.584803547642573,17.7827941003892,50,10.2416992112223,10.2014368896909,0.0145859420771522,2.92314751718007e-10,3.5527136788005e-15,2.6482453
g04_12,grid,variable_transverse,0.584803547642573,17.7827941003892,60,9.91543847586042,10.0076535586746,0.0227085767954097,3.43627488578818e-10,3.5527136788005e-15,5.2062304
g04_12,grid,variable_transverse,0.584803547642573,17.7827941003892,70,7.83635493222693,7.83585601821345,0.0273335891168582,3.38776702862098e-10,2.66453525910038e-15,7.5639506
g04_12,grid,variable_transverse,0.584803547642573,17.7827941003892,80,8.18361985172667,8.15604083858124,0.0356958067951624,5.15939385081074e-10,0,10.0097851
g04_12,grid,variable_transverse,0.584803547642573,17.7827941003892,90,7.08875150755887,7.03867529708626,0.0422964720636338,4.43167652045777e-10,0,12.5220109
g04_12,grid,variable_transverse,0.584803547642573,17.7827941003892,110,6.64418396078663,6.63458434899443,0.0558843315616485,7.23212311172645e-10,1.77635683940025e-15,14.9766077
g04_12,grid,variable_transverse,0.584803547642573,17.7827941003892,120,6.29126915798716,6.21974367955568,0.065169647780915,4.78827396224586e-10,8.88178419700125e-16,17.6892089
g04_12,grid,variable_transverse,0.584803547642573,17.7827941003892,130,5.82556184188379,5.75893343507455,0.0671581814206243,5.10717602694308e-10,2.66453525910038e-15,20.2109219
g04_12,grid,variable_transverse,0.584803547642573,17.7827941003892,140,5.70217612280031,5.6319804407285,0.0743930760267347,8.25221117909589e-10,8.88178419700125e-16,22.9000105
g04_14,grid,variable_transverse,0.584803547642573,42.1696503428582,50,10.2505765601715,10.2180555243943,0.00684251118777873,1.95318312733462e-10,1.77635683940025e-15,2.930833
g04_14,grid,variable_transverse,0.584803547642573,42.1696503428582,60,9.92927524904194,10.0335378063164,0.0106787946858003,1.41166521018727e-10,5.32907051820075e-15,6.258289
g04_14,grid,variable_transverse,0.584803547642573,42.1696503428582,70,7.85301380012025,7.8670222838735,0.0128603606351021,2.45421443086881e-10,3.5527136788005e-15,9.3238201
g04_14,grid,variable_transverse,0.584803547642573,42.1696503428582,80,8.20538856637418,8.19658605068266,0.016816521509398,3.67686743107233e-10,1.77635683940025e-15,11.9697483
g04_14,grid,variable_transverse,0.584803547642573,42.1696503428582,90,7.11455867516942,7.08683904935842,0.0199475116830739,2.70396370821581e-10,8.88178419700125e-16,14.6337062
g04_14,grid,variable_transverse,0.584803547642573,42.1696503428582,110,6.67830736304726,6.69821744521392,0.026397097471654,2.97663703638772e-10,2.66453525910038e-15,17.1876545
g04_14,grid,variable_transverse,0.584803547642573,42.1696503428582,120,6.33107601705908,6.29384427776029,0.0308048062245519,3.31262596383992e-10,8.88178419700125e-16,19.5837876
g04_14,grid,variable_transverse,0.584803547642573,42.1696503428582,130,5.86656290439079,5.83531531463184,0.031711715553754,5.08742865120118e-10,8.88178419700125e-16,21.8634128
g04_14,grid,variable_transverse,0.584803547642573,42.1696503428582,140,5.74756681640334,5.71665561278843,0.0350843221982429,3.8262522719908e-10,1.77635683940025e-15,24.3449024
g04_16,grid,variable_transverse,0.584803547642573,100,50,10.2546468423504,10.2259092727145,0.00305814755631152,3.78273328976131e-10,3.5527136788005e-15,2.8256453
g04_16,grid,variable_transverse,0.584803547642573,100,60,9.93563207597155,10.0458016983331,0.00477978974199066,2.12659950684571e-10,3.5527136788005e-15,5.5741226
g04_16,grid,variable_transverse,0.584803547642573,100,70,7.86067048148064,7.88179679255141,0.00575816610021951,2.50063332662511e-10,8.88178419700125e-16,8.0257899
g04_16,grid,variable_transverse,0.584803547642573,100,80,8.21540431101547,8.21583565243312,0.00753522280794222,3.95910382079483e-10,3.5527136788005e-15,10.3279671
g04_16,grid,variable_transverse,0.584803547642573,100,90,7.12644284714978,7.10973061036695,0.00894382576168669,2.92297090299572e-10,1.77635683940025e-15,12.8072732
g04_16,grid,variable_transverse,0.584803547642573,100,110,6.69404053903222,6.72851242485168,0.0118454888221592,2.99071364829204e-10,1.77635683940025e-15,15.2166922
g04_16,grid,variable_transverse,0.584803547642573,100,120,6.34943927097136,6.3291515582017,0.0138277970149703,4.50791086806043e-10,8.88178419700125e-16,17.6938875
g04_16,grid,variable_transverse,0.584803547642573,100,130,5.88546109448401,5.8716684304925,0.0142259229091033,4.39823783140943e-10,0,20.3442456
g04_16,grid,variable_transverse,0.584803547642573,100,140,5.76846789387438,5.75690107134989,0.0157280510314452,4.99056006135368e-10,1.77635683940025e-15,23.0249939
g05_01,grid,variable_transverse,0.90941580610853,0.153992652605949,50,15.3554189047797,15.1936680712344,0.113095561455535,7.87340878429579e-11,1.77635683940025e-15,2.3986005
g05_01,grid,variable_transverse,0.90941580610853,0.153992652605949,60,14.6454218671462,14.6481431967178,0.17493277188619,4.35657664716829e-11,1.77635683940025e-15,4.7995939
g05_01,grid,variable_transverse,0.90941580610853,0.153992652605949,70,11.1730336712307,10.9926406972769,0.212533519916424,6.52718946376552e-11,1.77635683940025e-15,7.2821822
g05_01,grid,variable_transverse,0.90941580610853,0.153992652605949,80,11.3920730691939,11.1310322089492,0.277339911576558,8.50346954585112e-11,3.5527136788005e-15,9.6625053
g05_01,grid,variable_transverse,0.90941580610853,0.153992652605949,90,9.42646498176078,9.07928883210908,0.331566538238859,9.13111768062513e-11,0,12.0862376
g05_01,grid,variable_transverse,0.90941580610853,0.153992652605949,110,8.24600929335723,7.87085409514312,0.450173391274426,1.64851408212267e-10,0,14.5212587
g05_01,grid,variable_transverse,0.90941580610853,0.153992652605949,120,7.29784988217992,6.75940116545496,0.533363469062235,1.39646930818041e-10,0,17.140594
g05_01,grid,variable_transverse,0.90941580610853,0.153992652605949,130,6.46182494937324,5.89920889695046,0.569729879157222,2.52150865551818e-10,2.66453525910038e-15,19.8541894
g05_01,grid,variable_transverse,0.90941580610853,0.153992652605949,140,5.94438511206864,5.30139582490307,0.653125688004428,2.18889568949494e-10,1.77635683940025e-15,22.4139642
g05_03,grid,variable_transverse,0.90941580610853,0.365174127254838,50,15.4718863006143,15.270008015361,0.153212027145316,1.24436554088318e-10,3.5527136788005e-15,2.4501897
g05_03,grid,variable_transverse,0.90941580610853,0.365174127254838,60,14.8255135247562,14.766693569749,0.236827250319721,1.73330329085612e-10,3.5527136788005e-15,4.8955775
g05_03,grid,variable_transverse,0.90941580610853,0.365174127254838,70,11.3914841926738,11.1374071203603,0.286819938094633,1.98306297377575e-10,3.5527136788005e-15,7.5069258
g05_03,grid,variable_transverse,0.90941580610853,0.365174127254838,80,11.6768573432545,11.318434071862,0.373545911098646,1.86704386688422e-10,0,10.0714141
g05_03,grid,variable_transverse,0.90941580610853,0.365174127254838,90,9.76630494230931,9.30574111687143,0.444970026089442,1.92066808038967e-10,1.77635683940025e-15,12.6048152
g05_03,grid,variable_transverse,0.90941580610853,0.365174127254838,110,8.7051238742798,8.18221457138156,0.598227738912339,2.62829494145002e-10,0,15.2828847
g05_03,grid,variable_transverse,0.90941580610853,0.365174127254838,120,7.84013514050785,7.12974078426918,0.704496214556027,2.88886105530193e-10,5.32907051820075e-15,18.0203888
g05_03,grid,variable_transverse,0.90941580610853,0.365174127254838,130,7.03796970923257,6.29960597291871,0.744732963261914,4.15496522756125e-10,8.88178419700125e-16,20.4496364
g05_03,grid,variable_transverse,0.90941580610853,0.365174127254838,140,6.60182006130356,5.76609601280367,0.846153711953524,3.48630634409316e-10,1.77635683940025e-15,22.8071552
g05_05,grid,variable_transverse,0.90941580610853,0.865964323360065,50,15.6098314569952,15.402176692173,0.15897724307464,1.40690169222258e-10,1.77635683940025e-15,2.3062937
g05_05,grid,variable_transverse,0.90941580610853,0.865964323360065,60,15.0386669246377,14.9714817778885,0.245586370803059,1.95463343349576e-10,0,4.5651523
g05_05,grid,variable_transverse,0.90941580610853,0.865964323360065,70,11.6491931213873,11.3861725876265,0.2964446686832,1.95942515347183e-10,1.77635683940025e-15,7.0689814
g05_05,grid,variable_transverse,0.90941580610853,0.865964323360065,80,12.0121167645312,11.6406191321232,0.385245828139301,2.20729389785661e-10,1.77635683940025e-15,9.4452755
g05_05,grid,variable_transverse,0.90941580610853,0.865964323360065,90,10.1649312020189,9.69204287729704,0.457286800031622,2.71541914367591e-10,1.77635683940025e-15,12.0178076
g05_05,grid,variable_transverse,0.90941580610853,0.865964323360065,110,9.23825008799084,8.70540193237432,0.608560487473252,3.57799981396689e-10,3.5527136788005e-15,14.4018272
g05_05,grid,variable_transverse,0.90941580610853,0.865964323360065,120,8.46597065292087,7.74685498861219,0.71223025428192,3.81794140665955e-10,0,16.5886856
g05_05,grid,variable_transverse,0.90941580610853,0.865964323360065,130,7.69624674672897,6.95603715317858,0.745665878608872,4.16055966837566e-10,8.88178419700125e-16,18.8431087
g05_05,grid,variable_transverse,0.90941580610853,0.865964323360065,140,7.34650144244631,6.51704780249691,0.840067575742683,3.82714989490408e-10,0,21.166626
g05_07,grid,variable_transverse,0.90941580610853,2.05352502645715,50,15.7350356351855,15.5599609815483,0.12638661900785,1.91888213824271e-10,3.5527136788005e-15,2.2693766
g05_07,grid,variable_transverse,0.90941580610853,2.05352502645715,60,15.2320860877103,15.2155285456127,0.195295861511836,2.01066163073638e-10,1.4210854715202e-14,4.5290299
g05_07,grid,variable_transverse,0.90941580610853,2.05352502645715,70,11.882377518578,11.6812072895552,0.235187816932465,2.19467756416585e-10,0,6.8557772
g05_07,grid,variable_transverse,0.90941580610853,2.05352502645715,80,12.3149214676991,12.0222134147889,0.305223145725067,2.17196012714952e-10,1.77635683940025e-15,8.9327348
g05_07,grid,variable_transverse,0.90941580610853,2.05352502645715,90,10.5239355590273,10.1467825921534,0.361526578414727,3.11115489160648e-10,5.32907051820075e-15,11.1293305
g05_07,grid,variable_transverse,0.90941580610853,2.05352502645715,110,9.71419601670912,9.31261937983768,0.477667594694805,3.48090344913776e-10,1.77635683940025e-15,13.1537064
g05_07,grid,variable_transverse,0.90941580610853,2.05352502645715,120,9.02169107058839,8.4573381659882,0.556562393328248,4.41240711083236e-10,3.5527136788005e-15,15.2158552
g05_07,grid,variable_transverse,0.90941580610853,2.05352502645715,130,8.2759479791723,7.70196650642484,0.578594229533606,3.22311025042925e-10,1.77635683940025e-15,17.3304324
g05_07,grid,variable_transverse,0.90941580610853,2.05352502645715,140,7.997407989207,7.36052936101059,0.647545206231138,4.33881680690302e-10,0,19.4024695
g05_09,grid,variable_transverse,0.90941580610853,4.86967525165863,50,15.8246112067866,15.6945416845834,0.0813742150888235,3.42799897386397e-10,3.5527136788005e-15,2.0648004
g05_09,grid,variable_transverse,0.90941580610853,4.86967525165863,60,15.3705990757109,15.4235956814079,0.125971933177751,1.75446679607811e-10,1.77635683940025e-15,4.2777556
g05_09,grid,variable_transverse,0.90941580610853,4.86967525165863,70,12.0490957743907,11.9319571396316,0.151569027503853,2.06215528154079e-10,0,6.3793217
g05_09,grid,variable_transverse,0.90941580610853,4.86967525165863,80,12.5312731028253,12.3461741568597,0.196735629524545,6.05011410681662e-10,0,8.3623633
g05_09,grid,variable_transverse,0.90941580610853,4.86967525165863,90,10.780133051462,10.531504807375,0.232977946695561,2.35159732313897e-10,3.5527136788005e-15,10.5287912
g05_09,grid,variable_transverse,0.90941580610853,4.86967525165863,110,10.0521604167284,9.82150809419517,0.307018454269537,6.82140268035655e-10,0,12.5725404
g05_09,grid,variable_transverse,0.90941580610853,4.86967525165863,120,9.41508290539327,9.04950688732169,0.357132478078794,2.60055978462318e-10,1.77635683940025e-15,14.6522818
g05_09,grid,variable_transverse,0.90941580610853,4.86967525165863,130,8.68400942859359,8.31835418511689,0.369652047707869,9.32077307568185e-10,1.77635683940025e-15,16.7107089
g05_09,grid,variable_transverse,0.90941580610853,4.86967525165863,140,8.4530690495889,8.05188881028274,0.411825889384067,3.54159009542571e-10,1.77635683940025e-15,18.892998
g05_11,grid,variable_transverse,0.90941580610853,11.5478198468946,50,15.8783346685026,15.7842938381991,0.0453424321879494,2.57327006448334e-10,3.5527136788005e-15,2.0148306
g05_11,grid,variable_transverse,0.90941580610853,11.5478198468946,60,15.4538776981801,15.5625683251615,0.0704115251307594,3.09496218415692e-10,3.5527136788005e-15,4.134251
g05_11,grid,variable_transverse,0.90941580610853,11.5478198468946,70,12.1492986031547,12.0992386355025,0.084734281986087,3.235036986283e-10,5.32907051820075e-15,6.2864369
g05_11,grid,variable_transverse,0.90941580610853,11.5478198468946,80,12.6614105228951,12.562377279845,0.110141262900446,3.61687205623026e-10,0,8.4325069
g05_11,grid,variable_transverse,0.90941580610853,11.5478198468946,90,10.9343126414002,10.7880688682621,0.130579074954359,4.59668789776469e-10,3.5527136788005e-15,10.5003243
g05_11,grid,variable_transverse,0.90941580610853,11.5478198468946,110,10.2553788955679,10.1596817049072,0.172226621496023,4.8301578088042e-10,0,12.5193782
g05_11,grid,variable_transverse,0.90941580610853,11.5478198468946,120,9.65148980596199,9.44222676346677,0.200420610237283,5.84437872352364e-10,0,14.8114615
g05_11,grid,variable_transverse,0.90941580610853,11.5478198468946,130,8.92838594097811,8.72509983802871,0.206898609996306,4.62100503906788e-10,0,17.1662554
g05_11,grid,variable_transverse,0.90941580610853,11.5478198468946,140,8.72492061502342,8.50573349437846,0.229792944044604,7.10556414010501e-10,1.77635683940025e-15,19.4737193
g05_13,grid,variable_transverse,0.90941580610853,27.3841963426436,50,15.9068838405765,15.835316765466,0.0228681321553208,3.00473454369958e-10,1.06581410364015e-14,2.3590295
g05_13,grid,variable_transverse,0.90941580610853,27.3841963426436,60,15.4982764724419,15.6418218253099,0.0356261659296883,2.64438241668114e-10,3.5527136788005e-15,5.1240275
g05_13,grid,variable_transverse,0.90941580610853,27.3841963426436,70,12.2027417491125,12.1946474105402,0.0428974739413538,3.32365948424231e-10,0,7.3662197
g05_13,grid,variable_transverse,0.90941580610853,27.3841963426436,80,12.7309322615564,12.6859013728244,0.0558559980885442,4.5759125762111e-10,3.5527136788005e-15,9.8146777
g05_13,grid,variable_transverse,0.90941580610853,27.3841963426436,90,11.0167881661736,10.9348013233361,0.0663155836635505,4.66367420582163e-10,1.77635683940025e-15,12.4833259
g05_13,grid,variable_transverse,0.90941580610853,27.3841963426436,110,10.3642549063747,10.3532284117293,0.0876410209496793,7.20659466693065e-10,7.105427357601e-15,15.0754756
g05_13,grid,variable_transverse,0.90941580610853,27.3841963426436,120,9.77824561391274,9.66709571309336,0.102090183649267,6.71268909618155e-10,3.5527136788005e-15,17.7542727
g05_13,grid,variable_transverse,0.90941580610853,27.3841963426436,130,9.05913287001,8.95731779495104,0.105212728289667,9.28444285071027e-10,3.5527136788005e-15,20.1937861
g05_13,grid,variable_transverse,0.90941580610853,27.3841963426436,140,8.86999081783218,8.76395020611882,0.116613275492077,6.8589655595451e-10,3.5527136788005e-15,22.8071303
g05_15,grid,variable_transverse,0.90941580610853,64.9381631576211,50,15.9208064283458,15.8613724985242,0.0107352144573809,2.14693868160228e-10,1.77635683940025e-15,2.9021466
g05_15,grid,variable_transverse,0.90941580610853,64.9381631576211,60,15.5199911043175,15.6824311996181,0.0167647308167538,1.80230684920066e-10,1.77635683940025e-15,5.8258421
g05_15,grid,variable_transverse,0.90941580610853,64.9381631576211,70,12.2288946578278,12.2435635777666,0.0201969410238013,3.13021100170094e-10,1.77635683940025e-15,8.1974541
g05_15,grid,variable_transverse,0.90941580610853,64.9381631576211,80,12.7650064863849,12.7493604588579,0.0263322952831089,2.63605087083132e-10,1.77635683940025e-15,10.5161021
g05_15,grid,variable_transverse,0.90941580610853,64.9381631576211,90,11.057264010874,11.0102928268827,0.0312973650158314,2.53609787318386e-10,5.32907051820075e-15,13.0715135
g05_15,grid,variable_transverse,0.90941580610853,64.9381631576211,110,10.4177867913591,10.4530155846984,0.0414265570698966,4.60680886315928e-10,3.5527136788005e-15,15.5355269
g05_15,grid,variable_transverse,0.90941580610853,64.9381631576211,120,9.84062488226793,9.78316611951065,0.0482908044463377,5.03682404736984e-10,3.5527136788005e-15,18.0229644
g05_15,grid,variable_transverse,0.90941580610853,64.9381631576211,130,9.12338749097728,9.07696077418625,0.049715117008186,5.03845851439167e-10,0,20.4511134
g05_15,grid,variable_transverse,0.90941580610853,64.9381631576211,140,8.94116466882768,8.89668378079313,0.0550331434678839,4.56668488121451e-10,1.77635683940025e-15,23.1086002
g06_00,grid,variable_transverse,1.4142135623731,0.1,50,23.7208454134403,23.5263058195914,0.104337686626642,5.33676893670185e-11,3.5527136788005e-15,3.297005
g06_00,grid,variable_transverse,1.4142135623731,0.1,60,22.7065954651826,22.8097195436356,0.161540726626974,2.60609376560637e-11,3.5527136788005e-15,6.4701162
g06_00,grid,variable_transverse,1.4142135623731,0.1,70,17.1651605906264,17.0035508183605,0.196710116937691,2.79305290408224e-11,3.5527136788005e-15,8.8448841
g06_00,grid,variable_transverse,1.4142135623731,0.1,80,17.4270884413171,17.1880675288074,0.256176811566818,9.74261346937514e-11,3.5527136788005e-15,11.1788969
g06_00,grid,variable_transverse,1.4142135623731,0.1,90,14.2902368983455,13.9548675054794,0.307507168356298,4.66587600656764e-11,3.5527136788005e-15,13.6506156
g06_00,grid,variable_transverse,1.4142135623731,0.1,110,12.3891503550331,12.0894328388309,0.420358435047537,1.41811989526377e-10,3.5527136788005e-15,16.7968559
g06_00,grid,variable_transverse,1.4142135623731,0.1,120,10.7681122076519,10.2615203780054,0.499775360063252,6.21798077544057e-11,0,19.8673069
g06_00,grid,variable_transverse,1.4142135623731,0.1,130,9.43498826188084,8.91102681767257,0.538482286935287,1.51186640741034e-10,0,22.1188334
g06_00,grid,variable_transverse,1.4142135623731,0.1,140,8.53873940753466,7.93498993272437,0.622542674146288,6.90473975678681e-11,1.77635683940025e-15,24.3519491
g06_02,grid,variable_transverse,1.4142135623731,0.237137370566166,50,23.8405767188709,23.5753643251284,0.175036120992351,1.19164684384982e-10,7.105427357601e-15,2.2607623
g06_02,grid,variable_transverse,1.4142135623731,0.237137370566166,60,22.8919835141537,22.8860998554004,0.270998710449925,8.58275358424066e-11,0,4.4942181
g06_02,grid,variable_transverse,1.4142135623731,0.237137370566166,70,17.3907021780553,17.0971150114922,0.329359450328698,8.74431688799035e-11,7.105427357601e-15,6.786247
g06_02,grid,variable_transverse,1.4142135623731,0.237137370566166,80,17.7206875086296,17.30827828816,0.428518351922138,1.29662681343253e-10,3.5527136788005e-15,9.207346
g06_02,grid,variable_transverse,1.4142135623731,0.237137370566166,90,14.642266613224,14.1011500279591,0.513172760970767,1.38634500486574e-10,1.77635683940025e-15,11.7188913
g06_02,grid,variable_transverse,1.4142135623731,0.237137370566166,110,12.8688829997301,12.2928401505443,0.69705210860438,1.84540912778212e-10,7.105427357601e-15,14.0128471
g06_02,grid,variable_transverse,1.4142135623731,0.237137370566166,120,11.3372497544293,10.5045653112519,0.825161204094358,1.95074901732347e-10,3.5527136788005e-15,16.462175
g06_02,grid,variable_transverse,1.4142135623731,0.237137370566166,130,10.0455557369845,9.17777632003021,0.881573126633906,3.36086079182499e-10,1.77635683940025e-15,18.9618894
g06_02,grid,variable_transverse,1.4142135623731,0.237137370566166,140,9.24189979540712,8.24975557451109,1.01157664355227,2.35510020757771e-10,1.77635683940025e-15,22.1674016
g06_04,grid,variable_transverse,1.4142135623731,0.562341325190349,50,24.0210858214097,23.6931691331861,0.237786815892093,1.29020968208931e-10,3.5527136788005e-15,2.7331588
g06_04,grid,variable_transverse,1.4142135623731,0.562341325190349,60,23.1713588552425,23.0692331529766,0.367885791436753,9.65983701282858e-11,7.105427357601e-15,5.1999901
g06_04,grid,variable_transverse,1.4142135623731,0.562341325190349,70,17.7297000158582,17.3207471356301,0.445699835855798,1.18348304193433e-10,0,7.5985125
g06_04,grid,variable_transverse,1.4142135623731,0.562341325190349,80,18.1613342744397,17.5970917990934,0.578792918908506,2.32171906402867e-10,0,10.2190749
g06_04,grid,variable_transverse,1.4142135623731,0.562341325190349,90,15.1689843000201,14.450287060281,0.69060782321074,1.81719443348785e-10,1.77635683940025e-15,12.9826026
g06_04,grid,variable_transverse,1.4142135623731,0.562341325190349,110,13.5808155241771,12.7734737972599,0.928968221279318,4.05686395341669e-10,3.5527136788005e-15,15.7860978
g06_04,grid,variable_transverse,1.4142135623731,0.562341325190349,120,12.1774051965428,11.0757883437903,1.09298092130648,2.35829749212988e-10,3.5527136788005e-15,18.5025197
g06_04,grid,variable_transverse,1.4142135623731,0.562341325190349,130,10.9383204078576,9.79535702761131,1.1556000842773,4.62284404348834e-10,3.5527136788005e-15,20.9753234
g06_04,grid,variable_transverse,1.4142135623731,0.562341325190349,140,10.2615757135798,8.96756493407993,1.31417123659986,1.82864477082998e-10,1.77635683940025e-15,23.7416467
g06_06,grid,variable_transverse,1.4142135623731,1.33352143216332,50,24.2355183087875,23.897934350081,0.247513567437369,1.80515772078103e-10,3.5527136788005e-15,3.5586603
g06_06,grid,variable_transverse,1.4142135623731,1.33352143216332,60,23.502984685322,23.3867920501089,0.38267176376271,1.18940137048582e-10,3.5527136788005e-15,6.6964851
g06_06,grid,variable_transverse,1.4142135623731,1.33352143216332,70,18.1307862975288,17.7065589297345,0.462081462876207,1.57577285321135e-10,7.105427357601e-15,9.0036192
g06_06,grid,variable_transverse,1.4142135623731,1.33352143216332,80,18.6816293619345,18.0955532102858,0.598806240377443,2.25092397019707e-10,3.5527136788005e-15,11.2456808
g06_06,grid,variable_transverse,1.4142135623731,1.33352143216332,90,15.7886323118646,15.0484109088643,0.711929020338191,1.90546081841539e-10,1.77635683940025e-15,13.4565504
g06_06,grid,variable_transverse,1.4142135623731,1.33352143216332,110,14.4100042548699,13.5844369816881,0.947991222132085,3.75528802851408e-10,7.105427357601e-15,15.633247
g06_06,grid,variable_transverse,1.4142135623731,1.33352143216332,120,13.1498523005646,12.0314749901318,1.10837866594602,1.88240151417646e-10,1.77635683940025e-15,18.0323406
g06_06,grid,variable_transverse,1.4142135623731,1.33352143216332,130,11.9613323908662,10.8119725022996,1.16057161370629,3.52042371921486e-10,3.5527136788005e-15,20.1772578
g06_06,grid,variable_transverse,1.4142135623731,1.33352143216332,140,11.419884698946,10.1320298436489,1.30861193175152,2.37049660726573e-10,3.5527136788005e-15,22.4353136
g06_08,grid,variable_transverse,1.4142135623731,3.16227766016838,50,24.4307221098855,24.1433856158386,0.197320317348118,1.92859210407122e-10,1.4210854715202e-14,2.1017996
g06_08,grid,variable_transverse,1.4142135623731,3.16227766016838,60,23.8047812446089,23.7667381155614,0.305137455577362,1.90507883659513e-10,7.105427357601e-15,4.3047258
g06_08,grid,variable_transverse,1.4142135623731,3.16227766016838,70,18.4947564583191,18.1659865483422,0.367593314338554,2.01129682075568e-10,1.4210854715202e-14,6.5649077
g06_08,grid,variable_transverse,1.4142135623731,3.16227766016838,80,19.1529437357102,18.6883139186671,0.475728165158905,4.52532129402517e-10,7.105427357601e-15,9.6899194
g06_08,grid,variable_transverse,1.4142135623731,3.16227766016838,90,16.3483082976276,15.7554440920201,0.564365106950851,2.7912961079766e-10,3.5527136788005e-15,12.4432145
g06_08,grid,variable_transverse,1.4142135623731,3.16227766016838,110,15.1524163388628,14.5295070582375,0.746090576174404,5.35752542740115e-10,1.06581410364015e-14,14.7300975
g06_08,grid,variable_transverse,1.4142135623731,3.16227766016838,120,14.015810069301,13.1361513014067,0.868398781981171,3.9310144570877e-10,1.24344978758018e-14,17.1386216
g06_08,grid,variable_transverse,1.4142135623731,3.16227766016838,130,12.864763683827,11.9717887805388,0.902861298456736,6.62527410914738e-10,1.77635683940025e-15,19.9726165
g06_08,grid,variable_transverse,1.4142135623731,3.16227766016838,140,12.4351146191579,11.4449737355444,1.01125024048154,4.03136639962883e-10,3.5527136788005e-15,23.0231842
g06_10,grid,variable_transverse,1.4142135623731,7.49894209332456,50,24.5707103021119,24.3534341053079,0.127299319982217,3.58887342143597e-10,3.5527136788005e-15,3.1647183
g06_10,grid,variable_transverse,1.4142135623731,7.49894209332456,60,24.0214081419614,24.0917166881074,0.197205748621548,2.57787921575557e-10,0,6.5956362
g06_10,grid,variable_transverse,1.4142135623731,7.49894209332456,70,18.7555844162235,18.5577271204256,0.237358411684511,2.35689186768627e-10,7.105427357601e-15,10.0103972
g06_10,grid,variable_transverse,1.4142135623731,7.49894209332456,80,19.4904814553857,19.1931851283573,0.307234517736654,4.89796955776548e-10,1.4210854715202e-14,13.5667707
g06_10,grid,variable_transverse,1.4142135623731,7.49894209332456,90,16.7486294223648,16.3555827272,0.364390504160561,2.41572903923735e-10,0,17.7316336
g06_10,grid,variable_transverse,1.4142135623731,7.49894209332456,110,15.6807902325129,15.3240752552947,0.480443873773072,6.25533926488406e-10,1.77635683940025e-15,20.7400676
g06_10,grid,variable_transverse,1.4142135623731,7.49894209332456,120,14.6301736882058,14.0597464057549,0.55824903833603,3.41765777241907e-10,3.5527136788005e-15,23.1602523
g06_10,grid,variable_transverse,1.4142135623731,7.49894209332456,130,13.5020859118083,12.9331468247261,0.577852136910332,8.59363827053754e-10,0,25.568479
g06_10,grid,variable_transverse,1.4142135623731,7.49894209332456,140,13.1473231187991,12.5243310789971,0.644258478593156,5.94826725918126e-10,1.77635683940025e-15,28.1789935
g06_12,grid,variable_transverse,1.4142135623731,17.7827941003892,50,24.6548086040449,24.4938287949973,0.0710286195313873,4.04024096090147e-10,0,2.4820731
g06_12,grid,variable_transverse,1.4142135623731,17.7827941003892,60,24.1518608730789,24.3092469462734,0.110371597021621,1.42143927118323e-10,1.06581410364015e-14,5.1821243
g06_12,grid,variable_transverse,1.4142135623731,17.7827941003892,70,18.9126021104513,18.8196368313582,0.132868837299355,1.39025751967502e-10,7.105427357601e-15,7.8939358
g06_12,grid,variable_transverse,1.4142135623731,17.7827941003892,80,19.6938409608777,19.5308533395997,0.172230007015104,4.34841099362904e-10,0,10.4365511
g06_12,grid,variable_transverse,1.4142135623731,17.7827941003892,90,16.9899265860865,16.7566744621724,0.204500428680761,2.32651827801136e-10,7.105427357601e-15,14.3448936
g06_12,grid,variable_transverse,1.4142135623731,17.7827941003892,110,15.9989947132804,15.8531948358531,0.269854861704291,5.61747865859351e-10,1.06581410364015e-14,53.240101
g06_12,grid,variable_transverse,1.4142135623731,17.7827941003892,120,14.9999328747493,14.6735114841216,0.313678063496012,3.01069069146988e-10,8.88178419700125e-15,106.9450947
g06_12,grid,variable_transverse,1.4142135623731,17.7827941003892,130,13.8843263451226,13.568805672693,0.323824952323113,5.0745944610525e-10,0,145.2228832
g06_12,grid,variable_transverse,1.4142135623731,17.7827941003892,140,13.5728499697233,13.2342514513487,0.359917557744398,3.62886767060782e-10,1.77635683940025e-15,186.0225018
g06_14,grid,variable_transverse,1.4142135623731,42.1696503428582,50,24.6995511658444,24.5737577451138,0.0358577211767597,4.47710384130194e-10,0,50.8276893
g06_14,grid,variable_transverse,1.4142135623731,42.1696503428582,60,24.2214877296791,24.4334738944234,0.0558975516897731,2.91323249875386e-10,0,69.093949
g06_14,grid,variable_transverse,1.4142135623731,42.1696503428582,70,18.9964419139511,18.9692286916307,0.0673303051160844,4.11589340827702e-10,1.06581410364015e-14,72.1651473
g06_14,grid,variable_transverse,1.4142135623731,42.1696503428582,80,19.8026024869165,19.724046791029,0.0874273580292305,7.11731929815231e-10,7.105427357601e-15,74.978857
g06_14,grid,variable_transverse,1.4142135623731,42.1696503428582,90,17.1191504132617,16.9863908066921,0.103957958004539,2.84259859669614e-10,0,77.5082898
g06_14,grid,variable_transverse,1.4142135623731,42.1696503428582,110,16.1696638859791,16.1564381305735,0.137452113799172,1.01605703026647e-09,0,79.7689634
g06_14,grid,variable_transverse,1.4142135623731,42.1696503428582,120,15.1984060047654,15.0254198241254,0.159933243392524,5.59897605832698e-10,7.105427357601e-15,81.9904223
g06_14,grid,variable_transverse,1.4142135623731,42.1696503428582,130,14.0890513889831,13.9321904974769,0.164824871380946,1.13406147920743e-09,3.5527136788005e-15,84.3494804
g06_14,grid,variable_transverse,1.4142135623731,42.1696503428582,140,13.8001653789802,13.6386802528402,0.182814724821225,6.81707471585988e-10,1.77635683940025e-15,86.9595281
g06_16,grid,variable_transverse,1.4142135623731,100,50,24.7213891858323,24.614617157198,0.0168447084407632,3.75262938718225e-10,0,3.1918875
g06_16,grid,variable_transverse,1.4142135623731,100,60,24.2555689008556,24.4971912268207,0.0263217778553923,4.16604847645924e-10,7.105427357601e-15,6.7498651
g06_16,grid,variable_transverse,1.4142135623731,100,70,19.0375038463147,19.0460030230168,0.0317222622920371,5.29819480728095e-10,0,10.9937522
g06_16,grid,variable_transverse,1.4142135623731,100,80,19.8559539106465,19.8233994252089,0.0412448987141134,5.08380417107813e-10,7.105427357601e-15,15.0341441
g06_16,grid,variable_transverse,1.4142135623731,100,90,17.1826224466416,17.1046996871159,0.0490973448356707,4.96290250362262e-10,3.5527136788005e-15,18.78216
g06_16,grid,variable_transverse,1.4142135623731,100,110,16.2536485421865,16.3129403986058,0.0650173658974959,8.28788117566744e-10,0,21.4600427
g06_16,grid,variable_transverse,1.4142135623731,100,120,15.2961610261633,15.2072477493506,0.075705459863195,8.1948344846898e-10,7.105427357601e-15,23.8718765
g06_16,grid,variable_transverse,1.4142135623731,100,130,14.1897443724158,14.1195984751197,0.0779369416970062,1.14482039491577e-09,0,25.8952938
g06_16,grid,variable_transverse,1.4142135623731,100,140,13.9117803503735,13.8467745289788,0.0863345528484527,8.8428206868656e-10,0,27.9790714
g07_01,grid,variable_transverse,2.19921403011256,0.153992652605949,50,36.8192196786745,36.4948533999283,0.161181967845606,3.86488875388241e-11,1.4210854715202e-14,2.5379399
g07_01,grid,variable_transverse,2.19921403011256,0.153992652605949,60,35.4838695731536,35.6174076061194,0.249794942382307,4.60422252992319e-11,0,5.0754781
g07_01,grid,variable_transverse,2.19921403011256,0.153992652605949,70,26.7093314177085,26.4374594719079,0.304227208461661,4.80671647131407e-11,7.105427357601e-15,7.4660066
g07_01,grid,variable_transverse,2.19921403011256,0.153992652605949,80,27.1041591974462,26.716124973054,0.395100115877469,5.21199103935044e-11,7.105427357601e-15,10.5256539
g07_01,grid,variable_transverse,2.19921403011256,0.153992652605949,90,22.1980811076734,21.6779583476085,0.474896931922435,5.72663608980128e-11,7.105427357601e-15,14.2435964
g07_01,grid,variable_transverse,2.19921403011256,0.153992652605949,110,19.3437516889897,18.887164011358,0.649560983473075,6.5999269139138e-11,3.5527136788005e-15,17.4231501
g07_01,grid,variable_transverse,2.19921403011256,0.153992652605949,120,16.7329497569368,15.9503939413119,0.771633761346571,1.07462515986881e-10,3.5527136788005e-15,20.4145301
g07_01,grid,variable_transverse,2.19921403011256,0.153992652605949,130,14.6742926395866,13.8664326353116,0.831445576672419,9.47626063595809e-11,1.77635683940025e-15,23.2048084
g07_01,grid,variable_transverse,2.19921403011256,0.153992652605949,140,13.2825433448972,12.3521002476322,0.96225509221066,1.45284812048023e-10,1.77635683940025e-15,25.6696721
g07_03,grid,variable_transverse,2.19921403011256,0.365174127254838,50,37.0043712118565,36.5703700067238,0.270941370284968,3.95679334837061e-11,2.1316282072803e-14,2.7994082
g07_03,grid,variable_transverse,2.19921403011256,0.365174127254838,60,35.7708246986691,35.7350680686785,0.419869544055894,6.01271613913695e-11,2.1316282072803e-14,5.0257534
g07_03,grid,variable_transverse,2.19921403011256,0.365174127254838,70,27.0584997528009,26.5814595303599,0.51038613975271,6.65607977235383e-11,1.4210854715202e-14,7.4547991
g07_03,grid,variable_transverse,2.19921403011256,0.365174127254838,80,27.5574448938256,26.9008733930807,0.662247439089446,7.20628265553135e-11,1.06581410364015e-14,10.0919555
g07_03,grid,variable_transverse,2.19921403011256,0.365174127254838,90,22.7422996942878,21.9026925905163,0.794127003686859,1.0567180903044e-10,0,12.8781166
g07_03,grid,variable_transverse,2.19921403011256,0.365174127254838,110,20.0858683625861,19.2002478872827,1.07942340397787,1.07637895257114e-10,0,15.167288
g07_03,grid,variable_transverse,2.19921403011256,0.365174127254838,120,17.6126114633471,16.3241126027571,1.27667540802498,1.45386263402262e-10,7.105427357601e-15,17.9475546
g07_03,grid,variable_transverse,2.19921403011256,0.365174127254838,130,15.6180576085217,14.2764588063703,1.3640699224528,1.14462493179018e-10,5.32907051820075e-15,21.2168252
g07_03,grid,variable_transverse,2.19921403011256,0.365174127254838,140,14.3705754830089,12.8366984998351,1.56686709750068,1.58028515618002e-10,1.77635683940025e-15,24.3846181
g07_05,grid,variable_transverse,2.19921403011256,0.865964323360065,50,37.2841783625286,36.7522191162343,0.369102369447996,1.11944567629936e-10,0,3.0853431
g07_05,grid,variable_transverse,2.19921403011256,0.865964323360065,60,36.2042651572395,36.0179672968554,0.571527592820301,8.45076167005479e-11,7.105427357601e-15,6.1489012
g07_05,grid,variable_transverse,2.19921403011256,0.865964323360065,70,27.5845477143185,26.9267712741735,0.692562058224145,1.04815552070442e-10,3.5527136788005e-15,8.9252711
g07_05,grid,variable_transverse,2.19921403011256,0.865964323360065,80,28.2394035001191,27.3460074430166,0.897003657022275,2.15510508179766e-10,1.4210854715202e-14,11.5340513
g07_05,grid,variable_transverse,2.19921403011256,0.865964323360065,90,23.5585342957987,22.4409666923934,1.07168170276446,1.3302646753322e-10,3.5527136788005e-15,13.7922619
g07_05,grid,variable_transverse,2.19921403011256,0.865964323360065,110,21.1899407841951,19.9424003716482,1.44269865770502,1.63799195327752e-10,1.4210854715202e-14,16.1855724
g07_05,grid,variable_transverse,2.19921403011256,0.865964323360065,120,18.9143290414803,17.2052864847794,1.69578450130207,1.89825134748932e-10,3.5527136788005e-15,18.6017288
g07_05,grid,variable_transverse,2.19921403011256,0.865964323360065,130,17.0014024767483,15.2290186316733,1.7930878964288,2.02680091503909e-10,1.06581410364015e-14,20.8482462
g07_05,grid,variable_transverse,2.19921403011256,0.865964323360065,140,15.9521959838284,13.9454116983236,2.04119560852412,2.01039914514228e-10,0,23.1776063
g07_07,grid,variable_transverse,2.19921403011256,2.05352502645715,50,37.6175582980457,37.0695377145436,0.385414603294366,1.24472316937173e-10,2.1316282072803e-14,2.9707859
g07_07,grid,variable_transverse,2.19921403011256,2.05352502645715,60,36.7202593018335,36.5104042227894,0.596329836722218,1.24632918947626e-10,0,6.4165911
g07_07,grid,variable_transverse,2.19921403011256,2.05352502645715,70,28.2087559627632,27.5249413692061,0.720239769235329,1.03427919257127e-10,1.4210854715202e-14,9.7438172
g07_07,grid,variable_transverse,2.19921403011256,2.05352502645715,80,29.0470307455978,28.1172707483936,0.930953315069056,2.04133416755296e-10,7.105427357601e-15,13.3332318
g07_07,grid,variable_transverse,2.19921403011256,2.05352502645715,90,24.5216073461736,23.3670000099925,1.10820704307029,1.47476360035975e-10,1.77635683940025e-14,17.0855924
g07_07,grid,variable_transverse,2.19921403011256,2.05352502645715,110,22.479727749309,21.1997137507195,1.47688463077193,1.40125264398976e-10,1.06581410364015e-14,20.0343527
g07_07,grid,variable_transverse,2.19921403011256,2.05352502645715,120,20.4254392877956,18.6854367362576,1.72496492948389,1.87116999715226e-10,1.06581410364015e-14,22.6126149
g07_07,grid,variable_transverse,2.19921403011256,2.05352502645715,130,18.5911937647719,16.8034334195308,1.80628876838167,2.35990775952309e-10,7.105427357601e-15,24.7255186
g07_07,grid,variable_transverse,2.19921403011256,2.05352502645715,140,17.7540062791683,15.751063286186,2.038632284781,2.6382515860287e-10,3.5527136788005e-15,26.8897452
g07_09,grid,variable_transverse,2.19921403011256,4.86967525165863,50,37.9219442489114,37.4514543350744,0.30811370301651,1.62497712210309e-10,7.105427357601e-15,2.2111962
g07_09,grid,variable_transverse,2.19921403011256,4.86967525165863,60,37.1912005781565,37.1019421893584,0.476799088102958,3.26393267301784e-10,7.105427357601e-15,4.5254343
g07_09,grid,variable_transverse,2.19921403011256,4.86967525165863,70,28.7768468017424,28.2401878446762,0.574524017603809,3.1462895413583e-10,1.06581410364015e-14,6.8119035
g07_09,grid,variable_transverse,2.19921403011256,4.86967525165863,80,29.7807915115955,29.0381728395523,0.741649350408315,1.94747403260748e-10,3.5527136788005e-15,9.5733207
g07_09,grid,variable_transverse,2.19921403011256,4.86967525165863,90,25.3940002740883,24.4662174714331,0.880887944523957,3.54654506155449e-10,1.4210854715202e-14,13.34775
g07_09,grid,variable_transverse,2.19921403011256,4.86967525165863,110,23.6379071287218,22.6709085430335,1.16547301304584,4.07338431578642e-10,1.06581410364015e-14,16.8845655
g07_09,grid,variable_transverse,2.19921403011256,4.86967525165863,120,21.7749078322524,20.4031639070464,1.3550377830257,5.04835857411365e-10,3.5527136788005e-15,19.8987116
g07_09,grid,variable_transverse,2.19921403011256,4.86967525165863,130,19.9991046510811,18.6067748725355,1.40883001934749,3.45735904103077e-10,3.5527136788005e-15,23.0381728
g07_09,grid,variable_transverse,2.19921403011256,4.86967525165863,140,19.3375995303025,17.7947923028598,1.57936597116,4.65645226259049e-10,0,25.7664328
g07_11,grid,variable_transverse,2.19921403011256,11.5478198468946,50,38.1407524851374,37.7793656295842,0.199176269666833,1.98310821349153e-10,0,2.5203842
g07_11,grid,variable_transverse,2.19921403011256,11.5478198468946,60,37.5300230896232,37.6095442298467,0.308747652724379,1.53992587477686e-10,0,4.8355958
g07_11,grid,variable_transverse,2.19921403011256,11.5478198468946,70,29.1848986952813,28.8520746769303,0.371699097838155,1.33782918090102e-10,3.5527136788005e-15,7.0428446
g07_11,grid,variable_transverse,2.19921403011256,11.5478198468946,80,30.3075188941328,29.8251023445982,0.479912114409899,3.79209494342206e-10,3.5527136788005e-15,9.0915817
g07_11,grid,variable_transverse,2.19921403011256,11.5478198468946,90,26.0194388996681,25.4023230587889,0.569853848921201,2.99071594257526e-10,3.5527136788005e-15,11.3166158
g07_11,grid,variable_transverse,2.19921403011256,11.5478198468946,110,24.4640561928987,23.9117699412442,0.7519157198506,7.1783512100596e-10,3.5527136788005e-15,13.9885729
g07_11,grid,variable_transverse,2.19921403011256,11.5478198468946,120,22.7344274693723,21.8438113365227,0.872681918224522,3.01348310077096e-10,1.06581410364015e-14,16.5922721
g07_11,grid,variable_transverse,2.19921403011256,11.5478198468946,130,20.9944756034764,20.1061781335905,0.903305051088885,5.08954351651764e-10,7.105427357601e-15,18.8229375
g07_11,grid,variable_transverse,2.19921403011256,11.5478198468946,140,20.4508946665591,19.4799644848197,1.00796833249829,2.84065226349223e-10,3.5527136788005e-15,20.9835728
g07_13,grid,variable_transverse,2.19921403011256,27.3841963426436,50,38.272421634987,37.9990288074173,0.111285027561053,3.02250919127031e-10,7.105427357601e-15,2.287526
g07_13,grid,variable_transverse,2.19921403011256,27.3841963426436,60,37.734390307479,37.9500558131303,0.173025082285947,1.82545657618723e-10,1.4210854715202e-14,4.809139
g07_13,grid,variable_transverse,2.19921403011256,27.3841963426436,70,29.430942126694,29.2620738146003,0.208345213998153,1.87951445265447e-10,3.5527136788005e-15,7.2933834
g07_13,grid,variable_transverse,2.19921403011256,27.3841963426436,80,30.6253776424498,30.3525678233056,0.269387791448526,2.80810985801546e-10,0,9.5650223
g07_13,grid,variable_transverse,2.19921403011256,27.3841963426436,90,26.3970307927023,26.0293165065342,0.320228970197432,2.906933196999e-10,1.4210854715202e-14,11.8805908
g07_13,grid,variable_transverse,2.19921403011256,27.3841963426436,110,24.9623654623611,24.7398121730608,0.422874020206157,2.89536415957526e-10,0,13.9961193
g07_13,grid,variable_transverse,2.19921403011256,27.3841963426436,120,23.3128002090214,22.803132135951,0.490971602687708,4.01956062226564e-10,7.105427357601e-15,16.7763756
g07_13,grid,variable_transverse,2.19921403011256,27.3841963426436,130,21.5923489730678,21.0995964570976,0.506827048211519,4.67114710506702e-10,0,19.6868183
g07_13,grid,variable_transverse,2.19921403011256,27.3841963426436,140,21.1170324213424,20.5905149159169,0.563784344858505,3.86972266033935e-10,3.5527136788005e-15,22.7266326
g07_15,grid,variable_transverse,2.19921403011256,64.9381631576211,50,38.3425548603755,38.1242690573241,0.0562355828327849,1.63307027300567e-10,1.4210854715202e-14,2.4853223
g07_15,grid,variable_transverse,2.19921403011256,64.9381631576211,60,37.8435897627913,38.144787552797,0.0877109845736102,1.9817994264335e-10,1.4210854715202e-14,4.8886146
g07_15,grid,variable_transverse,2.19921403011256,64.9381631576211,70,29.5624664818273,29.4965848045718,0.105678969348874,1.92921655349975e-10,1.06581410364015e-14,6.9823618
g07_15,grid,variable_transverse,2.19921403011256,64.9381631576211,80,30.7955709254556,30.6547822792515,0.136879923190946,3.4795408223516e-10,1.4210854715202e-14,9.1822848
g07_15,grid,variable_transverse,2.19921403011256,64.9381631576211,90,26.5994753917543,26.3889247127414,0.162946962952312,4.41110029939081e-10,2.1316282072803e-14,11.3153126
g07_15,grid,variable_transverse,2.19921403011256,64.9381631576211,110,25.2299306676678,25.2150184630116,0.215599648875653,3.57133473758585e-10,7.105427357601e-15,13.4730468
g07_15,grid,variable_transverse,2.19921403011256,64.9381631576211,120,23.6235896721868,23.3539053951387,0.250567364669013,4.06883310396071e-10,1.06581410364015e-14,15.7852701
g07_15,grid,variable_transverse,2.19921403011256,64.9381631576211,130,21.9129081081215,21.6682505919111,0.258211754882282,4.16801354769584e-10,3.5527136788005e-15,18.2880205
g07_15,grid,variable_transverse,2.19921403011256,64.9381631576211,140,21.4732573543617,21.2239932099037,0.286629188225525,4.41584618153893e-10,7.105427357601e-15,20.8897042
g08_00,grid,variable_transverse,3.4199518933534,0.1,50,56.9756485677857,56.557033702317,0.128402817489459,1.55329892338277e-11,7.105427357601e-15,2.209648
g08_00,grid,variable_transverse,3.4199518933534,0.1,60,55.182216986876,55.5266492808823,0.199016414695583,1.04469361448745e-11,2.1316282072803e-14,4.435541
g08_00,grid,variable_transverse,3.4199518933534,0.1,70,41.2459669402358,41.0224168091259,0.24245795208695,1.58808335603376e-11,0,6.5792317
g08_00,grid,variable_transverse,3.4199518933534,0.1,80,41.7527295561793,41.4204174072927,0.314090061613249,4.46433414447853e-11,1.4210854715202e-14,8.6881964
g08_00,grid,variable_transverse,3.4199518933534,0.1,90,34.0144709313075,33.5693461840019,0.378157070829933,2.11855431944435e-11,7.105427357601e-15,11.002769
g08_00,grid,variable_transverse,3.4199518933534,0.1,110,29.5648100559592,29.3542048066116,0.518842474807223,4.02182596089498e-11,0,13.0344611
g08_00,grid,variable_transverse,3.4199518933534,0.1,120,25.2402281682916,24.6059153057409,0.617128856001947,4.30782268981674e-11,1.77635683940025e-14,15.047972
g08_00,grid,variable_transverse,3.4199518933534,0.1,130,22.0002600436133,21.3667860970919,0.668323990854119,5.53501149498423e-11,1.06581410364015e-14,17.3499341
g08_00,grid,variable_transverse,3.4199518933534,0.1,140,19.7075331175193,18.9778870162113,0.778065579955235,3.94815295800785e-11,3.5527136788005e-15,20.1609839
g08_02,grid,variable_transverse,3.4199518933534,0.237137370566166,50,57.1343605123682,56.595288766526,0.249047442548251,5.58947798444106e-11,7.105427357601e-15,2.9444654
g08_02,grid,variable_transverse,3.4199518933534,0.237137370566166,60,55.4283265401326,55.5862065812208,0.386296954980415,3.92146651844599e-11,0,5.6527285
g08_02,grid,variable_transverse,3.4199518933534,0.237137370566166,70,41.5457703498287,41.0949923341882,0.470448772349284,5.04441334279717e-11,1.4210854715202e-14,8.0152761
g08_02,grid,variable_transverse,3.4199518933534,0.237137370566166,80,42.1411381936407,41.5123994924756,0.609467232865252,7.72963085206734e-11,1.4210854715202e-14,10.2041394
g08_02,grid,variable_transverse,3.4199518933534,0.237137370566166,90,34.4820054684471,33.6814391711693,0.733333134403835,5.56763757277458e-11,0,12.4777823
g08_02,grid,variable_transverse,3.4199518933534,0.237137370566166,110,30.2056609895571,29.5109679449902,1.00390188315698,1.01127709788229e-10,7.105427357601e-15,14.5901362
g08_02,grid,variable_transverse,3.4199518933534,0.237137370566166,120,26.001679660159,24.7924593524189,1.1914646984843,8.37759320425927e-11,3.5527136788005e-15,16.7964341
g08_02,grid,variable_transverse,3.4199518933534,0.237137370566166,130,22.822791311151,21.5729640521004,1.2837764338589,1.30537433749587e-10,1.06581410364015e-14,18.9483829
g08_02,grid,variable_transverse,3.4199518933534,0.237137370566166,140,20.6627949239671,19.225041140471,1.48738651793446,6.91052445431382e-11,3.5527136788005e-15,21.3323015
g08_04,grid,variable_transverse,3.4199518933534,0.562341325190349,50,57.4207363265147,56.7115895957698,0.419480015563164,7.63456159973911e-11,0,2.2013681
g08_04,grid,variable_transverse,3.4199518933534,0.562341325190349,60,55.8725268423979,55.7674095936354,0.650565017838252,4.01555407750965e-11,1.4210854715202e-14,4.6757051
g08_04,grid,variable_transverse,3.4199518933534,0.562341325190349,70,42.0862565620599,41.3164689166471,0.790801909380395,6.06114005561198e-11,1.4210854715202e-14,7.1801089
g08_04,grid,variable_transverse,3.4199518933534,0.562341325190349,80,42.8410829634679,41.7963019348892,1.0236323374814,6.87195403390879e-11,2.1316282072803e-14,9.4877148
g08_04,grid,variable_transverse,3.4199518933534,0.562341325190349,90,35.3232541895551,34.0267608346337,1.22877526282661,7.91912329254239e-11,1.4210854715202e-14,11.6807961
g08_04,grid,variable_transverse,3.4199518933534,0.562341325190349,110,31.3538549939535,29.9930922927074,1.67181188594422,7.69229713865253e-11,2.1316282072803e-14,13.7453821
g08_04,grid,variable_transverse,3.4199518933534,0.562341325190349,120,27.3613898825557,25.3671482338458,1.97539046211357,1.00240243944392e-10,0,15.9917995
g08_04,grid,variable_transverse,3.4199518933534,0.562341325190349,130,24.2815600384322,22.2032111682657,2.11060247320295,1.16379057547793e-10,1.4210854715202e-14,18.0788836
g08_04,grid,variable_transverse,3.4199518933534,0.562341325190349,140,22.3464036876924,19.970921048997,2.42704089564438,1.52028691979734e-10,1.06581410364015e-14,20.3351435
g08_06,grid,variable_transverse,3.4199518933534,1.33352143216332,50,57.8545528895406,56.9924046225786,0.573050091421901,1.18312198862407e-10,2.8421709430404e-14,2.222161
g08_06,grid,variable_transverse,3.4199518933534,1.33352143216332,60,56.5450332126382,56.2043604246486,0.887939751194439,1.13051434580137e-10,0,4.7064151
g08_06,grid,variable_transverse,3.4199518933534,1.33352143216332,70,42.9024496353017,41.8494152230079,1.0760019175484,1.29115115872351e-10,1.4210854715202e-14,7.1849993
g08_06,grid,variable_transverse,3.4199518933534,1.33352143216332,80,43.8966775452163,42.4823502354615,1.39038691686059,1.86396108065471e-10,7.105427357601e-15,9.5328198
g08_06,grid,variable_transverse,3.4199518933534,1.33352143216332,90,36.5880142071889,34.8566828078224,1.66286076666845,1.90499730217705e-10,1.4210854715202e-14,11.6012894
g08_06,grid,variable_transverse,3.4199518933534,1.33352143216332,110,33.0663313590242,31.1394476385676,2.24087535595528,2.49430356070626e-10,2.1316282072803e-14,13.5850011
g08_06,grid,variable_transverse,3.4199518933534,1.33352143216332,120,29.3783794672615,26.7265334548455,2.63122080541094,2.40814074256671e-10,7.105427357601e-15,15.6912118
g08_06,grid,variable_transverse,3.4199518933534,1.33352143216332,130,26.4250193425223,23.67241385859,2.78218789246373,2.85402389317448e-10,0,17.6957807
g08_06,grid,variable_transverse,3.4199518933534,1.33352143216332,140,24.7997236337996,21.6831675326696,3.17050958217566,2.64432759376379e-10,3.5527136788005e-15,19.8207387
g08_08,grid,variable_transverse,3.4199518933534,3.16227766016838,50,58.3729654349463,57.4842963025687,0.600267373667372,2.7662189876209e-10,0,2.0774641
g08_08,grid,variable_transverse,3.4199518933534,3.16227766016838,60,57.3479331927806,56.967909010109,0.929319792271154,1.36214064089676e-10,1.4210854715202e-14,4.5434782
g08_08,grid,variable_transverse,3.4199518933534,3.16227766016838,70,43.8737643893079,42.7764863725547,1.12247078216005,1.68783862176699e-10,1.4210854715202e-14,6.8357663
g08_08,grid,variable_transverse,3.4199518933534,3.16227766016838,80,45.1505202850583,43.6757480014633,1.44757383509177,3.41440325172142e-10,1.4210854715202e-14,9.5026444
g08_08,grid,variable_transverse,3.4199518933534,3.16227766016838,90,38.084699340283,36.2904029528629,1.72489735982444,1.36046868594198e-10,0,12.2956337
g08_08,grid,variable_transverse,3.4199518933534,3.16227766016838,110,35.0728824239561,33.0893126224068,2.30121153211767,4.88460906725385e-10,7.105427357601e-15,14.8265335
g08_08,grid,variable_transverse,3.4199518933534,3.16227766016838,120,31.726687408391,29.0190877236015,2.68473310521487,1.97438145838146e-10,7.105427357601e-15,17.0628627
g08_08,grid,variable_transverse,3.4199518933534,3.16227766016838,130,28.8955564215602,26.1106396582807,2.81122192621005,5.47779268399194e-10,0,19.2673507
g08_08,grid,variable_transverse,3.4199518933534,3.16227766016838,140,27.6026199051724,24.4828163710863,3.17600875276454,2.51419879617063e-10,1.4210854715202e-14,21.571727
g08_10,grid,variable_transverse,3.4199518933534,7.49894209332456,50,58.8476990973921,58.0787196779749,0.481216830188203,2.03191320881711e-10,1.4210854715202e-14,2.2027235
g08_10,grid,variable_transverse,3.4199518933534,7.49894209332456,60,58.0828498053735,57.8888184411534,0.745065536443722,2.84343457147566e-10,2.8421709430404e-14,4.331756
g08_10,grid,variable_transverse,3.4199518933534,7.49894209332456,70,44.7603310677326,43.8896524639546,0.897826787759668,3.2673468967974e-10,1.4210854715202e-14,6.3656507
g08_10,grid,variable_transverse,3.4199518933534,7.49894209332456,80,46.2930608893076,45.1065284194131,1.15641543881748,5.60141501804619e-10,3.5527136788005e-14,8.3798787
g08_10,grid,variable_transverse,3.4199518933534,7.49894209332456,90,39.4444151026058,37.9993255380732,1.37481386763682,4.09204830316508e-10,7.105427357601e-15,10.5870916
g08_10,grid,variable_transverse,3.4199518933534,7.49894209332456,110,36.8799559418277,35.3800917604717,1.82088895259547,6.84455459731402e-10,7.105427357601e-15,12.9200977
g08_10,grid,variable_transverse,3.4199518933534,7.49894209332456,120,33.8297827891859,31.6902437209407,2.11453585339935,4.75170476416453e-10,1.4210854715202e-14,15.5286376
g08_10,grid,variable_transverse,3.4199518933534,7.49894209332456,130,31.0896244640388,28.9145455011568,2.19833142278914,7.22928885433345e-10,0,17.8808968
g08_10,grid,variable_transverse,3.4199518933534,7.49894209332456,140,30.0728671075684,27.6639333600509,2.4667619925847,6.20154501779854e-10,7.105427357601e-15,20.3364693
g08_12,grid,variable_transverse,3.4199518933534,17.7827941003892,50,59.1897796074607,58.5907729902378,0.311704537238708,1.98514700769696e-10,2.8421709430404e-14,2.16712
g08_12,grid,variable_transverse,3.4199518933534,17.7827941003892,60,58.6128211141504,58.6816416424235,0.483402410256681,1.11903896878973e-10,0,4.3187227
g08_12,grid,variable_transverse,3.4199518933534,17.7827941003892,70,45.3986281631451,44.8451440058743,0.582005267976781,8.57685358380982e-11,0,6.4329306
g08_12,grid,variable_transverse,3.4199518933534,17.7827941003892,80,47.1151664975407,46.3331985794124,0.749780631428109,2.36707135254085e-10,2.1316282072803e-14,8.5329844
g08_12,grid,variable_transverse,3.4199518933534,17.7827941003892,90,40.4214852950127,39.4594634279759,0.891100414584279,1.04198634079308e-10,3.5527136788005e-14,10.6389866
g08_12,grid,variable_transverse,3.4199518933534,17.7827941003892,110,38.171912373751,37.3183866386868,1.17698201266575,4.07301651173229e-10,2.1316282072803e-14,12.6768492
g08_12,grid,variable_transverse,3.4199518933534,17.7827941003892,120,35.3284846792709,33.9375619358585,1.36432651392977,2.11422756397297e-10,7.105427357601e-15,14.8428889
g08_12,grid,variable_transverse,3.4199518933534,17.7827941003892,130,32.6441941112025,31.2531391712224,1.41206200505055,9.72056790538414e-10,0,16.9689618
g08_12,grid,variable_transverse,3.4199518933534,17.7827941003892,140,31.8132171825847,30.2949027588621,1.57710125037354,2.51838312260589e-10,3.5527136788005e-15,19.1204815
g08_14,grid,variable_transverse,3.4199518933534,42.1696503428582,50,59.3959735889997,58.9345574870438,0.174395880461799,2.20377083213028e-10,2.1316282072803e-14,1.9567579
g08_14,grid,variable_transverse,3.4199518933534,42.1696503428582,60,58.9329986231303,59.2146524810364,0.271257979962935,1.91281027879178e-10,2.1316282072803e-14,4.364448
g08_14,grid,variable_transverse,3.4199518933534,42.1696503428582,70,45.7841288439728,45.4868093916958,0.326659817302201,1.35239376174552e-10,0,6.6990661
g08_14,grid,variable_transverse,3.4199518933534,42.1696503428582,80,47.6120868713381,47.1572285237204,0.421436539072209,1.7763647787788e-10,2.1316282072803e-14,8.9347551
g08_14,grid,variable_transverse,3.4199518933534,42.1696503428582,90,41.0123131072815,40.4395857606401,0.50141313662212,2.27830203803146e-10,7.105427357601e-15,11.4713442
g08_14,grid,variable_transverse,3.4199518933534,42.1696503428582,110,38.9524021821381,38.61454128139,0.662779120336428,5.50983930341218e-10,1.4210854715202e-14,13.8983012
g08_14,grid,variable_transverse,3.4199518933534,42.1696503428582,120,36.2332414533326,35.4371105518357,0.768536384026985,1.18163729530965e-10,2.1316282072803e-14,16.1715034
g08_14,grid,variable_transverse,3.4199518933534,42.1696503428582,130,33.5793525048756,32.8057014454424,0.79325802140524,6.93257210797454e-10,1.4210854715202e-14,18.3357074
g08_14,grid,variable_transverse,3.4199518933534,42.1696503428582,140,32.85608458747,32.032179538001,0.883187683325891,1.4705825976654e-10,7.105427357601e-15,20.6988134
g08_16,grid,variable_transverse,3.4199518933534,100,50,59.5059307461443,59.1308510545668,0.0882139082937179,2.5597925863614e-10,7.105427357601e-15,2.3276112
g08_16,grid,variable_transverse,3.4199518933534,100,60,59.1042704349251,59.5199009507084,0.137637532635988,2.76814328021952e-10,7.105427357601e-15,4.6569476
g08_16,grid,variable_transverse,3.4199518933534,100,70,45.990436319714,45.8543616986613,0.165851943174079,3.26842095360871e-10,0,6.8647902
g08_16,grid,variable_transverse,3.4199518933534,100,80,47.8784636334041,47.6300407271209,0.214348655146875,4.03614733492678e-10,1.4210854715202e-14,9.2362202
g08_16,grid,variable_transverse,3.4199518933534,100,90,41.3294443015783,41.002530726397,0.255390327430096,3.98944117631567e-10,0,11.5283048
g08_16,grid,variable_transverse,3.4199518933534,100,110,39.3719508201772,39.3594111112981,0.338239256699238,6.41534111977904e-10,0,13.8145432
g08_16,grid,variable_transverse,3.4199518933534,100,120,36.7199478877331,36.2992016930861,0.392596954326374,4.44104325192231e-10,2.1316282072803e-14,16.2016925
g08_16,grid,variable_transverse,3.4199518933534,100,130,34.0812925803293,33.6956042071432,0.404517485060769,7.85357863076574e-10,0,18.4118833
g08_16,grid,variable_transverse,3.4199518933534,100,140,33.4143633967758,33.0244492758835,0.4494305332975,4.50698114870842e-10,7.105427357601e-15,20.7145768
g09_01,grid,variable_transverse,5.31829589694499,0.153992652605949,50,88.3871997455119,87.6766330991664,0.198194385508514,9.73395361280224e-12,4.2632564145606e-14,2.2936501
g09_01,grid,variable_transverse,5.31829589694499,0.153992652605949,60,86.164503287471,86.6197085133222,0.307391539084494,2.87375564898213e-11,0,4.6851813
g09_01,grid,variable_transverse,5.31829589694499,0.153992652605949,70,64.1410843742266,63.7568908267957,0.374379441187022,2.25189553198269e-11,1.4210854715202e-14,7.0081189
g09_01,grid,variable_transverse,5.31829589694499,0.153992652605949,80,64.9029644808186,64.3542803398132,0.483940087511073,2.482335809998e-11,4.2632564145606e-14,9.181067
g09_01,grid,variable_transverse,5.31829589694499,0.153992652605949,90,52.8457109365328,52.1690744362246,0.583159204040737,2.91785303559913e-11,1.4210854715202e-14,11.300788
g09_01,grid,variable_transverse,5.31829589694499,0.153992652605949,110,46.1828512350376,45.877308976769,0.800944978348367,5.07191100268781e-11,0,13.3144242
g09_01,grid,variable_transverse,5.31829589694499,0.153992652605949,120,39.2291592617616,38.249795586188,0.951678105443243,4.28087438315458e-11,7.105427357601e-15,15.5522496
g09_01,grid,variable_transverse,5.31829589694499,0.153992652605949,130,34.2242047221642,33.239599608414,1.03047190872685,7.25701806263504e-11,0,17.5602565
g09_01,grid,variable_transverse,5.31829589694499,0.153992652605949,140,30.6675421363641,29.538390115596,1.20097894571019,6.06483865346337e-11,1.06581410364015e-14,19.7128396
g09_03,grid,variable_transverse,5.31829589694499,0.365174127254838,50,88.6323404038027,87.7355100736176,0.384909688310736,2.49924422922937e-11,2.8421709430404e-14,2.249862
g09_03,grid,variable_transverse,5.31829589694499,0.365174127254838,60,86.5448766199463,86.7111940369928,0.597397604327667,1.9510082117261e-11,2.8421709430404e-14,4.4352866
g09_03,grid,variable_transverse,5.31829589694499,0.365174127254838,70,64.604314101602,63.8681224455924,0.727342324499631,2.6016462940629e-11,2.8421709430404e-14,6.8830495
g09_03,grid,variable_transverse,5.31829589694499,0.365174127254838,80,65.5018116147084,64.495365094671,0.940265543228596,6.97477534926358e-11,1.4210854715202e-14,9.3439133
g09_03,grid,variable_transverse,5.31829589694499,0.365174127254838,90,53.5671856314303,52.3409321872674,1.13235859400057,3.43668700223639e-11,1.4210854715202e-14,11.4904121
g09_03,grid,variable_transverse,5.31829589694499,0.365174127254838,110,47.1728422709529,46.1184334631374,1.55187038953511,3.43319629116626e-11,7.105427357601e-15,13.6984985
g09_03,grid,variable_transverse,5.31829589694499,0.365174127254838,120,40.4042145877742,38.5360172779863,1.83984753159398,5.72038219836731e-11,7.105427357601e-15,15.9158201
g09_03,grid,variable_transverse,5.31829589694499,0.365174127254838,130,35.4933487059891,33.5556814426582,1.98216362333681,4.87542701601588e-11,2.1316282072803e-14,18.2122037
g09_03,grid,variable_transverse,5.31829589694499,0.365174127254838,140,32.1430926224222,29.9176702988383,2.29905604670736,6.76949493746363e-11,7.105427357601e-15,20.5886063
g09_05,grid,variable_transverse,5.31829589694499,0.865964323360065,50,89.0753931610187,87.9147062991433,0.649615081792406,5.03761526078323e-11,2.8421709430404e-14,2.5272468
g09_05,grid,variable_transverse,5.31829589694499,0.865964323360065,60,87.2324918760338,86.9901449863811,1.0080128238412,2.87374148004416e-11,1.4210854715202e-14,5.1797523
g09_05,grid,variable_transverse,5.31829589694499,0.865964323360065,70,65.440774689068,64.2085943848921,1.22502916735489,3.81288332414661e-11,1.4210854715202e-14,7.8552723
g09_05,grid,variable_transverse,5.31829589694499,0.865964323360065,80,66.5827747340566,64.9316055954619,1.58241847392771,4.95890689956799e-11,1.4210854715202e-14,10.4227074
g09_05,grid,variable_transverse,5.31829589694499,0.865964323360065,90,54.8675200480176,52.8716436855844,1.90122440465023,7.89954738606607e-11,1.4210854715202e-14,12.9821712
g09_05,grid,variable_transverse,5.31829589694499,0.865964323360065,110,48.9496884149701,46.8611672399657,2.58983988672393,4.94086243523064e-11,2.8421709430404e-14,15.6926266
g09_05,grid,variable_transverse,5.31829589694499,0.865964323360065,120,42.5060862992387,39.4197371582218,3.05670101084268,1.31520655242261e-10,1.4210854715202e-14,18.3377869
g09_05,grid,variable_transverse,5.31829589694499,0.865964323360065,130,37.7481224679065,34.5244079720472,3.26564874254981,7.74138163789835e-11,1.4210854715202e-14,20.7889887
g09_05,grid,variable_transverse,5.31829589694499,0.865964323360065,140,34.7482423064931,31.0654180977072,3.75935961355069,1.05326305606745e-10,7.105427357601e-15,23.2605563
g09_07,grid,variable_transverse,5.31829589694499,2.05352502645715,50,89.7481552167643,88.3485108830178,0.889908427295692,5.80475585311719e-11,2.8421709430404e-14,2.3102208
g09_07,grid,variable_transverse,5.31829589694499,2.05352502645715,60,88.2759130667126,87.6648650765848,1.37950556472436,6.09085627441999e-11,0,4.6773818
g09_07,grid,variable_transverse,5.31829589694499,2.05352502645715,70,66.7068796006744,65.0308110243427,1.67138246472584,5.63646410336445e-11,0,6.9733771
g09_07,grid,variable_transverse,5.31829589694499,2.05352502645715,80,68.2169122043954,65.9889404624938,2.15540046881438,1.03546216320785e-10,1.4210854715202e-14,9.302151
g09_07,grid,variable_transverse,5.31829589694499,2.05352502645715,90,56.8271732073622,54.1513383974105,2.58002146930014,5.87598463324919e-11,0,11.7128494
g09_07,grid,variable_transverse,5.31829589694499,2.05352502645715,110,51.6063752423081,48.6324273822278,3.48134528750969,1.1269488996816e-10,2.8421709430404e-14,14.0894875
g09_07,grid,variable_transverse,5.31829589694499,2.05352502645715,120,45.6315676781973,41.516862185889,4.08290213248562,1.29737996624438e-10,1.4210854715202e-14,16.5714295
g09_07,grid,variable_transverse,5.31829589694499,2.05352502645715,130,41.0693089873779,36.7904096502469,4.31682428932436,6.96707521040619e-11,7.105427357601e-15,18.9401675
g09_07,grid,variable_transverse,5.31829589694499,2.05352502645715,140,38.5536275913916,33.7092902818748,4.92454949111806,1.07004518047259e-10,7.105427357601e-15,21.5552033
g09_09,grid,variable_transverse,5.31829589694499,4.86967525165863,50,90.5544964371924,89.1112686290749,0.93512298456047,9.98305748492271e-11,2.8421709430404e-14,2.6711579
g09_09,grid,variable_transverse,5.31829589694499,4.86967525165863,60,89.5252247844611,88.8485715318907,1.44822371502701,1.12764199868338e-10,5.6843418860808e-14,5.3839127
g09_09,grid,variable_transverse,5.31829589694499,4.86967525165863,70,68.2180023119332,66.467145380347,1.74897241985597,1.07493605632308e-10,1.4210854715202e-14,8.0790448
g09_09,grid,variable_transverse,5.31829589694499,4.86967525165863,80,70.1637338651841,67.8355508564927,2.25115091472747,1.39961853394728e-10,2.8421709430404e-14,10.294345
g09_09,grid,variable_transverse,5.31829589694499,4.86967525165863,90,59.1530144768467,56.3711514739954,2.68463307103054,1.73025805771749e-10,5.6843418860808e-14,12.7226682
g09_09,grid,variable_transverse,5.31829589694499,4.86967525165863,110,54.7286399858038,51.6571301798845,3.58635712665494,2.85203859964918e-10,2.1316282072803e-14,15.0235629
g09_09,grid,variable_transverse,5.31829589694499,4.86967525165863,120,49.2811161196336,45.0677652237758,4.17875762173245,2.18563103236631e-10,4.2632564145606e-14,17.4158626
g09_09,grid,variable_transverse,5.31829589694499,4.86967525165863,130,44.908475881377,40.5662966826928,4.37520688329985,2.78649377761199e-10,1.4210854715202e-14,19.7012478
g09_09,grid,variable_transverse,5.31829589694499,4.86967525165863,140,42.9137632267556,38.0496141805728,4.94790542037105,2.28636206304899e-10,2.1316282072803e-14,22.2154671
g09_11,grid,variable_transverse,5.31829589694499,11.5478198468946,50,91.2950976597412,90.0367298296359,0.751762982210343,8.84965920062654e-11,2.8421709430404e-14,2.3636285
g09_11,grid,variable_transverse,5.31829589694499,11.5478198468946,60,90.672063228283,90.2820497243154,1.16425325802866,8.68643578780111e-11,1.4210854715202e-14,4.7276778
g09_11,grid,variable_transverse,5.31829589694499,11.5478198468946,70,69.6013049095355,68.1990906365669,1.40278522580211,1.66671964917831e-10,1.4210854715202e-14,7.1086778
g09_11,grid,variable_transverse,5.31829589694499,11.5478198468946,80,71.9430030539063,70.0586056367113,1.80336553843919,1.13627488860199e-10,0,9.5604767
g09_11,grid,variable_transverse,5.31829589694499,11.5478198468946,90,61.2721845051568,59.0280158516093,2.14561114807885,1.60188916036296e-10,2.8421709430404e-14,12.2263565
g09_11,grid,variable_transverse,5.31829589694499,11.5478198468946,110,57.5487375758375,55.2249740110254,2.84547172020562,1.89117965039631e-10,1.4210854715202e-14,14.7984347
g09_11,grid,variable_transverse,5.31829589694499,11.5478198468946,120,52.5589121753061,49.2216592398172,3.29994665974339,1.52740666601965e-10,0,17.2464149
g09_11,grid,variable_transverse,5.31829589694499,11.5478198468946,130,48.3276643069874,44.9258706530134,3.4302693681595,2.95086576806775e-10,1.4210854715202e-14,19.6748515
g09_11,grid,variable_transverse,5.31829589694499,11.5478198468946,140,46.7671022619489,43.0007050032925,3.8527857335503,1.41808674226286e-10,7.105427357601e-15,22.0190787
g09_13,grid,variable_transverse,5.31829589694499,27.3841963426436,50,91.8300375965106,90.8365790314703,0.487935189464209,7.42324834495046e-11,1.4210854715202e-14,2.2497956
g09_13,grid,variable_transverse,5.31829589694499,27.3841963426436,60,91.5010125942677,91.5202268931424,0.756851972576489,9.12746425596245e-11,1.4210854715202e-14,4.6852485
g09_13,grid,variable_transverse,5.31829589694499,27.3841963426436,70,70.5995722075958,69.6907324840085,0.911131161244217,1.15968797542173e-10,0,7.1707594
g09_13,grid,variable_transverse,5.31829589694499,27.3841963426436,80,73.2262970827756,71.9708635552016,1.17156324546483,1.4118492872294e-10,1.4210854715202e-14,9.3850445
g09_13,grid,variable_transverse,5.31829589694499,27.3841963426436,90,62.7985303147892,61.305591422929,1.39340672941296,1.22892840920099e-10,7.105427357601e-15,11.7031969
g09_13,grid,variable_transverse,5.31829589694499,27.3841963426436,110,59.5695626059684,58.2534605543536,1.84273850068178,4.33880573258622e-10,7.105427357601e-15,13.9806355
g09_13,grid,variable_transverse,5.31829589694499,27.3841963426436,120,54.8999401287487,52.7274774442287,2.13310474418686,1.33298227249461e-10,1.4210854715202e-14,16.455355
g09_13,grid,variable_transverse,5.31829589694499,27.3841963426436,130,50.7556072009379,48.5733523807707,2.20738826253537,2.28163525229911e-10,1.4210854715202e-14,18.7595575
g09_13,grid,variable_transverse,5.31829589694499,27.3841963426436,140,49.4877294149969,47.1080861569854,2.46763723272577,2.20877313005086e-10,0,21.1068801
g09_15,grid,variable_transverse,5.31829589694499,64.9381631576211,50,92.1530226262515,91.3747874421948,0.273370045841682,1.15927551924773e-10,1.4210854715202e-14,2.423626
g09_15,grid,variable_transverse,5.31829589694499,64.9381631576211,60,92.002625086479,92.3544900268421,0.42526010412457,1.25943640475716e-10,0,4.9727003
g09_15,grid,variable_transverse,5.31829589694499,64.9381631576211,70,71.2034631112077,70.6947104639939,0.512069728711002,1.28202040599468e-10,2.8421709430404e-14,7.5372604
g09_15,grid,variable_transverse,5.31829589694499,64.9381631576211,80,74.0032596778191,73.2582988462196,0.659399743163776,1.61166919025298e-10,1.4210854715202e-14,10.0146367
g09_15,grid,variable_transverse,5.31829589694499,64.9381631576211,90,63.7229911784314,62.837773447084,0.785093084601386,2.65353869381268e-10,7.105427357601e-15,12.3379802
g09_15,grid,variable_transverse,5.31829589694499,64.9381631576211,110,60.792291775895,60.2828843035805,1.03901784009337,2.41657585818349e-10,1.4210854715202e-14,14.5311777
g09_15,grid,variable_transverse,5.31829589694499,64.9381631576211,120,56.315370145388,55.0716021929451,1.20311144706876,1.80250006516331e-10,3.5527136788005e-14,16.7521009
g09_15,grid,variable_transverse,5.31829589694499,64.9381631576211,130,52.2183524894672,50.999816765995,1.2415914765248,4.17955304237756e-10,2.1316282072803e-14,18.9808171
g09_15,grid,variable_transverse,5.31829589694499,64.9381631576211,140,51.1204251619024,49.8256924828422,1.38358614337652,5.03626323198573e-10,1.4210854715202e-14,21.3860405
g10_00,grid,variable_transverse,8.27037108400028,0.1,50,136.88439569441,135.835945241188,0.144162766658373,1.14892654960966e-11,0,2.3795526
g10_00,grid,variable_transverse,8.27037108400028,0.1,60,134.195505651169,135.03985382761,0.223436993941319,8.56314391028553e-12,2.8421709430404e-14,4.7531443
g10_00,grid,variable_transverse,8.27037108400028,0.1,70,99.3683949509406,99.0316412876693,0.271862140154819,1.5028405110973e-11,1.4210854715202e-14,7.0218385
g10_00,grid,variable_transverse,8.27037108400028,0.1,80,100.414616841318,99.9310110602389,0.350642577590512,2.33464305653453e-11,0,9.2621568
g10_00,grid,variable_transverse,8.27037108400028,0.1,90,81.5621509456181,81.0128365339964,0.422665531595574,1.09000550931502e-11,2.8421709430404e-14,11.5389109
g10_00,grid,variable_transverse,8.27037108400028,0.1,110,71.398070840219,71.6127870129047,0.581199092612472,2.17473681815167e-11,0,13.7324638
g10_00,grid,variable_transverse,8.27037108400028,0.1,120,60.0757651821145,59.3422226496569,0.690230213832203,1.84196477656106e-11,0,16.0445528
g10_00,grid,variable_transverse,8.27037108400028,0.1,130,52.2636491948344,51.5711304554645,0.748934741601994,5.44544531885447e-11,4.9737991503207e-14,17.992675
g10_00,grid,variable_transverse,8.27037108400028,0.1,140,46.5866742509382,45.8133032272211,0.875858894452584,2.53871041770023e-11,1.4210854715202e-14,20.039632
g10_02,grid,variable_transverse,8.27037108400028,0.237137370566166,50,137.07111117786,135.861277083787,0.306008229301052,3.66483705701752e-11,0,2.1908056
g10_02,grid,variable_transverse,8.27037108400028,0.237137370566166,60,134.485058818654,135.078902643555,0.474758109900536,2.39212617668302e-11,0,4.542947
g10_02,grid,variable_transverse,8.27037108400028,0.237137370566166,70,99.7208173068696,99.0785511778214,0.577952822848787,2.26104763050274e-11,1.4210854715202e-14,7.3085713
g10_02,grid,variable_transverse,8.27037108400028,0.237137370566166,80,100.869265829986,99.9896077582857,0.745723668014513,3.55092346429859e-11,0,9.9745514
g10_02,grid,variable_transverse,8.27037108400028,0.237137370566166,90,82.1103467555325,81.0841146738773,0.899293355576943,3.75178342955966e-11,4.2632564145606e-14,12.6974923
g10_02,grid,variable_transverse,8.27037108400028,0.237137370566166,110,72.1520066080095,71.7131571798561,1.23673093185008,5.2493342114967e-11,7.105427357601e-14,14.9104359
g10_02,grid,variable_transverse,8.27037108400028,0.237137370566166,120,60.9708483778617,59.4595052775493,1.46767711503587,4.82708501013018e-11,2.1316282072803e-14,17.1798511
g10_02,grid,variable_transverse,8.27037108400028,0.237137370566166,130,53.2337716249699,51.7003387336133,1.58884983288918,7.14385006984038e-11,1.4210854715202e-14,19.3942209
g10_02,grid,variable_transverse,8.27037108400028,0.237137370566166,140,47.7198621288688,45.9700177523028,1.85367698988936,5.071406370565e-11,2.1316282072803e-14,21.6930864
g10_04,grid,variable_transverse,8.27037108400028,0.562341325190349,50,137.449854777772,135.951931437542,0.59505758157656,1.57226944736718e-11,2.8421709430404e-14,2.2016865
g10_04,grid,variable_transverse,8.27037108400028,0.562341325190349,60,135.072910280674,135.219343024658,0.923804570515126,2.14480491295155e-11,2.8421709430404e-14,4.570572
g10_04,grid,variable_transverse,8.27037108400028,0.562341325190349,70,100.436400346834,99.2489845567538,1.1242635613528,1.62491379234982e-11,0,6.8852708
g10_04,grid,variable_transverse,8.27037108400028,0.562341325190349,80,101.792667413137,100.20599987831,1.45076427923265,3.51896902515769e-11,0,9.2190928
g10_04,grid,variable_transverse,8.27037108400028,0.562341325190349,90,83.2236834895635,81.3476660121434,1.74849119620567,1.80581561706298e-11,4.2632564145606e-14,11.7831473
g10_04,grid,variable_transverse,8.27037108400028,0.562341325190349,110,73.6817185815952,72.0841640068655,2.39950975243698,4.78749517077333e-11,0,14.1405492
g10_04,grid,variable_transverse,8.27037108400028,0.562341325190349,120,62.7842717421171,59.8986134286185,2.84122697565016,4.53969073856999e-11,7.105427357601e-15,16.432119
g10_04,grid,variable_transverse,8.27037108400028,0.562341325190349,130,55.1920123860215,52.1849059784904,3.06045135271092,5.72642072372847e-11,1.4210854715202e-14,18.3796972
g10_04,grid,variable_transverse,8.27037108400028,0.562341325190349,140,49.9989695633088,46.5519025604571,3.55348074635914,4.01586661815427e-11,7.105427357601e-15,20.4745133
g10_06,grid,variable_transverse,8.27037108400028,1.33352143216332,50,138.135495910761,136.228136879105,1.00628726394498,5.49983528423396e-11,5.6843418860808e-14,2.0937111
g10_06,grid,variable_transverse,8.27037108400028,1.33352143216332,60,136.137260337662,135.648599287776,1.56175029473089,4.41644108929468e-11,0,4.2556315
g10_06,grid,variable_transverse,8.27037108400028,1.33352143216332,70,101.73062004853,99.7722530844805,1.89725473664921,4.20486711623999e-11,1.4210854715202e-14,6.4640756
g10_06,grid,variable_transverse,8.27037108400028,1.33352143216332,80,103.462228643122,100.876326655352,2.44647724804381,1.07275576942115e-10,2.8421709430404e-14,8.6572639
g10_06,grid,variable_transverse,8.27037108400028,1.33352143216332,90,85.2336143627604,82.1633958045969,2.94163187719044,4.75377912714094e-11,5.6843418860808e-14,10.8810163
g10_06,grid,variable_transverse,8.27037108400028,1.33352143216332,110,76.432053594986,73.2286944784511,4.01289531360456,9.27373831727158e-11,2.8421709430404e-14,13.0231868
g10_06,grid,variable_transverse,8.27037108400028,1.33352143216332,120,66.0335565977803,61.2574588618526,4.73012850582116,7.80236480342739e-11,2.8421709430404e-14,15.2136913
g10_06,grid,variable_transverse,8.27037108400028,1.33352143216332,130,58.6771077552175,53.6738604307045,5.05273871917729,8.63989042624426e-11,0,17.1020282
g10_06,grid,variable_transverse,8.27037108400028,1.33352143216332,140,54.0298779528784,48.3177077352489,5.82276536910144,1.02709382283946e-10,2.1316282072803e-14,19.0697414
g10_08,grid,variable_transverse,8.27037108400028,3.16227766016838,50,139.179102894771,136.898495366378,1.382346850904,1.31546309459008e-10,8.5265128291212e-14,1.9883863
g10_08,grid,variable_transverse,8.27037108400028,3.16227766016838,60,137.756052933452,136.690181053815,2.14303800315952,5.22177356725343e-11,2.8421709430404e-14,3.9083916
g10_08,grid,variable_transverse,8.27037108400028,3.16227766016838,70,103.694189963405,101.040426833873,2.59560005063961,1.04201846943593e-10,5.6843418860808e-14,5.8081246
g10_08,grid,variable_transverse,8.27037108400028,3.16227766016838,80,105.992231137281,102.505929638311,3.34163901902234,2.32697465452087e-10,4.2632564145606e-14,7.8577326
g10_08,grid,variable_transverse,8.27037108400028,3.16227766016838,90,88.2699064227896,84.1367269822724,4.0029773750845,9.39250581274053e-11,2.8421709430404e-14,10.190077
g10_08,grid,variable_transverse,8.27037108400028,3.16227766016838,110,80.5544904371567,75.9661766692025,5.40969313683311,2.14689228312579e-10,2.8421709430404e-14,12.3052235
g10_08,grid,variable_transverse,8.27037108400028,3.16227766016838,120,70.8769396313694,64.4925850467407,6.33574726132421,1.99895731907921e-10,1.4210854715202e-14,14.5292687
g10_08,grid,variable_transverse,8.27037108400028,3.16227766016838,130,63.823057741549,57.1686874287776,6.69786327536546,1.99367597401412e-10,4.9737991503207e-14,16.8717264
g10_08,grid,variable_transverse,8.27037108400028,3.16227766016838,140,59.9321954793437,52.3995221578251,7.64863663116619,1.68824134246338e-10,0,19.2207423
g10_10,grid,variable_transverse,8.27037108400028,7.49894209332456,50,140.433633928658,138.081628029519,1.45717562286206,6.29736826451641e-11,5.6843418860808e-14,2.1062864
g10_10,grid,variable_transverse,8.27037108400028,7.49894209332456,60,139.699830079231,138.524845978863,2.25669202437222,1.06104264289815e-10,2.8421709430404e-14,4.1511016
g10_10,grid,variable_transverse,8.27037108400028,7.49894209332456,70,106.044577173004,103.265216796059,2.72452918297064,7.10222315201498e-11,1.4210854715202e-14,6.3015618
g10_10,grid,variable_transverse,8.27037108400028,7.49894209332456,80,109.015302789734,105.363393485029,3.50112405429769,8.09116064329704e-11,2.8421709430404e-14,8.5148294
g10_10,grid,variable_transverse,8.27037108400028,7.49894209332456,90,91.8841956184448,87.5737271330915,4.17830883406685,1.0506409603762e-10,1.4210854715202e-14,11.17985
g10_10,grid,variable_transverse,8.27037108400028,7.49894209332456,110,85.4139171432388,80.6592698689128,5.59043814223339,2.01935828743963e-10,2.8421709430404e-14,13.6196303
g10_10,grid,variable_transverse,8.27037108400028,7.49894209332456,120,76.5489959884463,69.9924209787004,6.5044505424176,2.11367220335492e-10,1.4210854715202e-14,16.1795124
g10_10,grid,variable_transverse,8.27037108400028,7.49894209332456,130,69.7889842223912,63.0159390023669,6.809238100358,3.74798807526722e-10,0,18.3303191
g10_10,grid,variable_transverse,8.27037108400028,7.49894209332456,140,66.7144678791515,59.1276289943567,7.70806494617211,2.55271260937027e-10,1.4210854715202e-14,20.5375127
g10_12,grid,variable_transverse,8.27037108400028,17.7827941003892,50,141.58931881186,139.522906794203,1.17474313996165,2.73531245207289e-10,5.6843418860808e-14,2.129786
g10_12,grid,variable_transverse,8.27037108400028,17.7827941003892,60,141.489340627069,140.755785306097,1.81915604142258,9.04744669958554e-11,8.5265128291212e-14,4.3693465
g10_12,grid,variable_transverse,8.27037108400028,17.7827941003892,70,108.202449131016,105.959255851976,2.19126271934624,6.21297836193224e-11,2.8421709430404e-14,6.5503197
g10_12,grid,variable_transverse,8.27037108400028,17.7827941003892,80,111.786402982046,108.817597190259,2.81252051909225,1.39010523964577e-10,0,8.6264197
g10_12,grid,variable_transverse,8.27037108400028,17.7827941003892,90,95.1869757192781,91.7044416084097,3.34854755328679,1.79414693102289e-10,7.105427357601e-14,10.8386757
g10_12,grid,variable_transverse,8.27037108400028,17.7827941003892,110,89.8159060574917,86.2173555315258,4.44756937852106,3.18847066422529e-10,2.8421709430404e-14,12.8847981
g10_12,grid,variable_transverse,8.27037108400028,17.7827941003892,120,81.6578548898229,76.452089759304,5.15014459306474,2.0850639836036e-10,1.4210854715202e-14,14.9861386
g10_12,grid,variable_transverse,8.27037108400028,17.7827941003892,130,75.1173620507962,69.7941831875139,5.35260085920139,2.68167023351969e-10,0,17.2841414
g10_12,grid,variable_transverse,8.27037108400028,17.7827941003892,140,72.725118874375,66.8328694613565,6.01745847905851,2.73402747861545e-10,2.8421709430404e-14,19.8068241
g10_14,grid,variable_transverse,8.27037108400028,42.1696503428582,50,142.42608699685,140.772678127245,0.76402213483387,2.45998240952328e-10,0,2.4407852
g10_14,grid,variable_transverse,8.27037108400028,42.1696503428582,60,142.785848714131,142.689199306959,1.18491335402882,6.13058319939945e-11,2.8421709430404e-14,4.6033216
g10_14,grid,variable_transverse,8.27037108400028,42.1696503428582,70,109.763358047086,108.287369248208,1.42607865140352,1.30270558751013e-10,4.2632564145606e-14,7.1343813
g10_14,grid,variable_transverse,8.27037108400028,42.1696503428582,80,113.789807883238,111.798804806087,1.83080909259044,3.324334590089e-10,0,9.7861913
g10_14,grid,variable_transverse,8.27037108400028,42.1696503428582,90,97.5713845922963,95.2571870009238,2.17887255207724,2.60967313877883e-10,7.105427357601e-14,12.4395083
g10_14,grid,variable_transverse,8.27037108400028,42.1696503428582,110,92.9775211734451,90.9502941654328,2.88575100527227,4.47920442197861e-10,2.8421709430404e-14,14.8980749
g10_14,grid,variable_transverse,8.27037108400028,42.1696503428582,120,85.3148171984455,81.9212501447309,3.33526481792896,2.70931455173697e-10,0,17.0816749
g10_14,grid,variable_transverse,8.27037108400028,42.1696503428582,130,78.9093849786887,75.4831190137374,3.45072597202367,5.64979391381494e-10,5.6843418860808e-14,19.2733493
g10_14,grid,variable_transverse,8.27037108400028,42.1696503428582,140,76.9781154408268,73.2448035665918,3.86099745062882,1.13840836411621e-10,4.2632564145606e-14,21.5980891
g10_16,grid,variable_transverse,8.27037108400028,100,50,142.932161491253,141.615521245928,0.428639210501925,1.19019273840475e-10,0,2.5168852
g10_16,grid,variable_transverse,8.27037108400028,100,60,143.571664410185,143.994814018127,0.666657472563646,9.68359047833799e-11,2.8421709430404e-14,4.7996652
g10_16,grid,variable_transverse,8.27037108400028,100,70,110.709163019178,109.857900290103,0.802552056936479,1.52626049214321e-10,1.4210854715202e-14,6.9984468
g10_16,grid,variable_transverse,8.27037108400028,100,80,115.004763814367,113.8103979204,1.03184305040348,3.85919579828016e-10,0,9.2675316
g10_16,grid,variable_transverse,8.27037108400028,100,90,99.0178901546627,97.6524700431917,1.22928248397302,1.43348571569482e-10,0,11.6963517
g10_16,grid,variable_transverse,8.27037108400028,100,110,94.8935239503278,94.1285723990709,1.62922713798807,3.22156270192266e-10,0,13.7977173
g10_16,grid,variable_transverse,8.27037108400028,100,120,87.5292901553988,85.5857396670288,1.88353496856843,2.48647021022411e-10,4.2632564145606e-14,16.088715
g10_16,grid,variable_transverse,8.27037108400028,100,130,81.1974107293781,79.2754334349049,1.94336122070016,4.84180214855229e-10,4.2632564145606e-14,18.346095
g10_16,grid,variable_transverse,8.27037108400028,100,140,79.5342274095913,77.4957613821751,2.16750351787314,2.73658951225933e-10,2.8421709430404e-14,20.693715
g11_01,grid,variable_transverse,12.8610816683515,0.153992652605949,50,212.203374333479,210.394162393975,0.222473256764206,2.01186386242759e-11,2.8421709430404e-14,2.622778
g11_01,grid,variable_transverse,12.8610816683515,0.153992652605949,60,209.379672206042,210.543728985806,0.344795578378917,2.04850228267111e-11,2.8421709430404e-14,5.1128359
g11_01,grid,variable_transverse,12.8610816683515,0.153992652605949,70,154.463097331433,153.882014497881,0.419284393895968,2.45104604715626e-11,5.6843418860808e-14,7.5589271
g11_01,grid,variable_transverse,12.8610816683515,0.153992652605949,80,156.050565410626,155.283152000616,0.539960940046788,3.5085916632837e-11,5.6843418860808e-14,10.1256079
g11_01,grid,variable_transverse,12.8610816683515,0.153992652605949,90,126.747835038312,125.92394553243,0.651299715230179,3.77348731741432e-11,0,12.7643918
g11_01,grid,variable_transverse,12.8610816683515,0.153992652605949,110,111.576626508334,111.959118214005,0.896911227528811,5.58999447177813e-11,1.4210854715202e-14,15.2185783
g11_01,grid,variable_transverse,12.8610816683515,0.153992652605949,120,93.3822423035818,92.2506768604043,1.06367103444196,4.50180349598957e-11,4.2632564145606e-14,17.7942211
g11_01,grid,variable_transverse,12.8610816683515,0.153992652605949,130,81.2956288754086,80.202752664718,1.1538090696405,5.30946769739894e-11,1.4210854715202e-14,20.2342824
g11_01,grid,variable_transverse,12.8610816683515,0.153992652605949,140,72.5002293320797,71.2961653176743,1.35066044051685,5.1284828501431e-11,1.4210854715202e-14,22.5485137
g11_03,grid,variable_transverse,12.8610816683515,0.365174127254838,50,212.491633549415,210.433191329837,0.472607272563462,2.98782590566555e-11,0,10.3265445
g11_03,grid,variable_transverse,12.8610816683515,0.365174127254838,60,209.826671516089,210.603501273738,0.733177765634429,2.55055451658633e-11,2.8421709430404e-14,14.9367988
g11_03,grid,variable_transverse,12.8610816683515,0.365174127254838,70,155.006843646858,153.953682990906,0.892042544853212,2.8973392154967e-11,0,17.0342815
g11_03,grid,variable_transverse,12.8610816683515,0.365174127254838,80,156.750966380622,155.372962989081,1.1492369784694,4.58786504651292e-11,5.6843418860808e-14,19.3180373
g11_03,grid,variable_transverse,12.8610816683515,0.365174127254838,90,127.592908323851,126.033104010172,1.38682923628443,2.5056699145542e-11,8.5265128291212e-14,21.6480967
g11_03,grid,variable_transverse,12.8610816683515,0.365174127254838,110,112.740591888114,112.113578700561,1.91007706571479,7.07273402619923e-11,1.4210854715202e-14,23.8527431
g11_03,grid,variable_transverse,12.8610816683515,0.365174127254838,120,94.7621657857378,92.4303234946237,2.26354628684892,5.49114882227903e-11,1.4210854715202e-14,26.0876533
g11_03,grid,variable_transverse,12.8610816683515,0.365174127254838,130,82.7908297930455,80.4004652551068,2.44978545725583,9.26716922384985e-11,1.4210854715202e-14,28.1314383
g11_03,grid,variable_transverse,12.8610816683515,0.365174127254838,140,74.2484661559795,71.5360229578503,2.86093336440132,6.09860918589007e-11,1.4210854715202e-14,30.2848278
g11_05,grid,variable_transverse,12.8610816683515,0.865964323360065,50,213.076962604013,210.572800876324,0.920201973861214,4.52758058689795e-11,5.6843418860808e-14,2.3304332
g11_05,grid,variable_transverse,12.8610816683515,0.865964323360065,60,210.735078061865,210.81899648878,1.42840242825137,2.86342239144136e-11,5.6843418860808e-14,4.6779503
g11_05,grid,variable_transverse,12.8610816683515,0.865964323360065,70,156.11202944416,154.214843519963,1.7374326575369,2.75704649096397e-11,2.8421709430404e-14,7.1877378
g11_05,grid,variable_transverse,12.8610816683515,0.865964323360065,80,158.174963397468,155.704884753479,2.23864645925882,9.24573674561169e-11,0,9.4936685
g11_05,grid,variable_transverse,12.8610816683515,0.865964323360065,90,129.310966898067,126.437312744984,2.69989960105366,5.45581183717113e-11,0,11.4643053
g11_05,grid,variable_transverse,12.8610816683515,0.865964323360065,110,115.104822531746,112.684466897322,3.71099152657214,1.0869942206352e-10,2.8421709430404e-14,13.4685407
g11_05,grid,variable_transverse,12.8610816683515,0.865964323360065,120,97.5608700385823,93.1038996613352,4.38778621185035,7.4544828043834e-11,1.4210854715202e-14,15.4488957
g11_05,grid,variable_transverse,12.8610816683515,0.865964323360065,130,85.8123030085885,81.1433114172671,4.72528429255378,1.26280988215585e-10,2.8421709430404e-14,17.3177597
g11_05,grid,variable_transverse,12.8610816683515,0.865964323360065,140,77.7685258372797,72.4286428613193,5.49202383783565,1.00669582196435e-10,1.4210854715202e-14,19.2185225
g11_07,grid,variable_transverse,12.8610816683515,2.05352502645715,50,214.13831894563,210.998626750602,1.559227616694,6.30900849294342e-11,8.5265128291212e-14,1.8608714
g11_07,grid,variable_transverse,12.8610816683515,2.05352502645715,60,212.382389319345,211.479341484254,2.41939977563812,3.96985631325117e-11,2.8421709430404e-14,3.7246703
g11_07,grid,variable_transverse,12.8610816683515,2.05352502645715,70,158.114102452685,155.019001370793,2.93773751257314,7.62899180924169e-11,5.6843418860808e-14,5.5659041
g11_07,grid,variable_transverse,12.8610816683515,2.05352502645715,80,160.753861214594,156.734980438873,3.7826769282108,1.26444741180529e-10,2.8421709430404e-14,7.3821056
g11_07,grid,variable_transverse,12.8610816683515,2.05352502645715,90,132.417745929552,127.691192387711,4.55139896026287,1.2182399313227e-10,2.8421709430404e-14,9.2517657
g11_07,grid,variable_transverse,12.8610816683515,2.05352502645715,110,119.362961714023,114.448368223232,6.21926719292083,1.34766970744567e-10,0,11.0833205
g11_07,grid,variable_transverse,12.8610816683515,2.05352502645715,120,102.584098702204,95.1931719752619,7.31989073159447,1.83001079306741e-10,5.6843418860808e-14,12.966135
g11_07,grid,variable_transverse,12.8610816683515,2.05352502645715,130,91.1989917529749,83.4317919381856,7.81769419820516,1.67435244570067e-10,2.8421709430404e-14,14.9014786
g11_07,grid,variable_transverse,12.8610816683515,2.05352502645715,140,84.0051150711106,75.1450445257136,9.01817095571106,1.72292313972024e-10,1.4210854715202e-14,17.0161258
g11_09,grid,variable_transverse,12.8610816683515,4.86967525165863,50,215.757640757103,212.034774254388,2.14787121104988,5.03764485983916e-11,0,1.9870326
g11_09,grid,variable_transverse,12.8610816683515,4.86967525165863,60,214.893535329325,213.086866817937,3.32877292220423,1.03533316845032e-10,0,4.0437564
g11_09,grid,variable_transverse,12.8610816683515,4.86967525165863,70,161.158703845022,156.974759620509,4.03001106942918,1.38576646241452e-10,5.6843418860808e-14,6.2053749
g11_09,grid,variable_transverse,12.8610816683515,4.86967525165863,80,164.671187283101,159.246734087114,5.1811433714949,1.82083048927046e-10,5.6843418860808e-14,8.3213474
g11_09,grid,variable_transverse,12.8610816683515,4.86967525165863,90,137.122192565795,130.734190426514,6.21072899023654,1.63796631843141e-10,0,10.2515857
g11_09,grid,variable_transverse,12.8610816683515,4.86967525165863,110,125.761228774987,118.679758565282,8.40796579217909,1.75241389398557e-10,2.8421709430404e-14,12.2525753
g11_09,grid,variable_transverse,12.8610816683515,4.86967525165863,120,110.089793852601,100.18359562879,9.83185299948384,2.16326173445111e-10,5.6843418860808e-14,14.3013615
g11_09,grid,variable_transverse,12.8610816683515,4.86967525165863,130,99.1721791742245,88.821614220017,10.3920633766191,1.52486295638719e-10,2.8421709430404e-14,16.1328151
g11_09,grid,variable_transverse,12.8610816683515,4.86967525165863,140,93.1593273546552,81.4462581396764,11.8789075612681,2.13188648851805e-10,0,17.9441794
g11_11,grid,variable_transverse,12.8610816683515,11.5478198468946,50,217.710017364408,213.870401746914,2.2713005314339,9.09624843081534e-11,8.5265128291212e-14,1.863142
g11_11,grid,variable_transverse,12.8610816683515,11.5478198468946,60,217.917455791835,215.929885406838,3.51607004332878,9.89362787321633e-11,0,3.8985273
g11_11,grid,variable_transverse,12.8610816683515,11.5478198468946,70,164.813694763037,160.420258793551,4.24333873341663,1.2172541215733e-10,2.8421709430404e-14,5.7265008
g11_11,grid,variable_transverse,12.8610816683515,11.5478198468946,80,169.365855397841,163.668640291296,5.44558038630243,1.22582834064046e-10,0,7.5048943
g11_11,grid,variable_transverse,12.8610816683515,11.5478198468946,90,142.738695672947,136.055822229546,6.50304854835582,1.36789905377672e-10,2.8421709430404e-14,9.5077975
g11_11,grid,variable_transverse,12.8610816683515,11.5478198468946,110,133.325945041413,125.962642734122,8.71625365661109,2.05671172402557e-10,2.8421709430404e-14,11.4584395
g11_11,grid,variable_transverse,12.8610816683515,11.5478198468946,120,118.905369473645,108.7017465987,10.1247156647321,1.41525168936613e-10,2.8421709430404e-14,13.5193215
g11_11,grid,variable_transverse,12.8610816683515,11.5478198468946,130,108.442900171775,97.8762011086858,10.5972742578017,2.8211204082783e-10,1.4210854715202e-14,15.4165208
g11_11,grid,variable_transverse,12.8610816683515,11.5478198468946,140,103.70872006338,91.8748726793049,12.007379793854,3.03561681270292e-10,4.2632564145606e-14,17.4888897
g11_13,grid,variable_transverse,12.8610816683515,27.3841963426436,50,219.51392930522,216.115555446248,1.8362294018418,1.0151611741361e-10,2.8421709430404e-14,2.0886838
g11_13,grid,variable_transverse,12.8610816683515,27.3841963426436,60,220.70946542217,219.401299084582,2.84213751016569,1.15879680765084e-10,5.6843418860808e-14,4.1521856
g11_13,grid,variable_transverse,12.8610816683515,27.3841963426436,70,168.179150520976,164.610122536202,3.42223079986744,1.32161411076803e-10,8.5265128291212e-14,6.0921869
g11_13,grid,variable_transverse,12.8610816683515,27.3841963426436,80,173.682019364328,169.036123392711,4.38676170903157,1.24721615502794e-10,5.6843418860808e-14,8.1864136
g11_13,grid,variable_transverse,12.8610816683515,27.3841963426436,90,147.886198112216,142.478029575384,5.22597192745567,1.54973923683346e-10,2.8421709430404e-14,10.5136719
g11_13,grid,variable_transverse,12.8610816683515,27.3841963426436,110,140.198632105114,134.622630439623,6.95320626421702,2.52996866511784e-10,2.8421709430404e-14,12.4650691
g11_13,grid,variable_transverse,12.8610816683515,27.3841963426436,120,126.868363669927,118.746890312834,8.03792869980855,2.19993759396122e-10,2.8421709430404e-14,14.5490356
g11_13,grid,variable_transverse,12.8610816683515,27.3841963426436,130,116.746476867766,108.414711410234,8.35222459189812,3.33989686152289e-10,5.6843418860808e-14,16.4158671
g11_13,grid,variable_transverse,12.8610816683515,27.3841963426436,140,113.084077100681,103.865501734783,9.3980206683414,2.23842659706728e-10,2.8421709430404e-14,18.4253588
g11_15,grid,variable_transverse,12.8610816683515,64.9381631576211,50,220.823198215647,218.068844392319,1.19667040472266,1.69897807074255e-10,5.6843418860808e-14,1.8644115
g11_15,grid,variable_transverse,12.8610816683515,64.9381631576211,60,222.737042790141,222.419856416121,1.85489539879686,1.22746414964401e-10,1.13686837721616e-13,3.8290611
g11_15,grid,variable_transverse,12.8610816683515,64.9381631576211,70,170.619330563618,168.243181238052,2.23162593180471,1.69312204037286e-10,5.6843418860808e-14,5.7103835
g11_15,grid,variable_transverse,12.8610816683515,64.9381631576211,80,176.809894790509,173.684139258943,2.86127822084773,2.56475418982908e-10,2.8421709430404e-14,7.5831549
g11_15,grid,variable_transverse,12.8610816683515,64.9381631576211,90,151.611109566718,148.019998380315,3.40718147638308,2.08418785404745e-10,8.5265128291212e-14,9.6189688
g11_15,grid,variable_transverse,12.8610816683515,64.9381631576211,110,145.146122656871,142.020635048455,4.52013548645783,2.87002472886866e-10,2.8421709430404e-14,11.5511038
g11_15,grid,variable_transverse,12.8610816683515,64.9381631576211,120,132.581158280267,127.278886800286,5.21512311720962,2.61178272785612e-10,5.6843418860808e-14,13.3997177
g11_15,grid,variable_transverse,12.8610816683515,64.9381631576211,130,122.668998666179,117.287597044379,5.39445915775476,3.54725098485917e-10,5.6843418860808e-14,15.1445495
g11_15,grid,variable_transverse,12.8610816683515,64.9381631576211,140,119.732351416725,113.874535361277,6.0409930885256,2.57016683630573e-10,4.2632564145606e-14,16.9673352
g12_00,grid,variable_transverse,20,0.1,50,328.634816343328,325.74061754098,0.153345459186706,1.50690332383347e-11,0,1.7990868
g12_00,grid,variable_transverse,20,0.1,60,326.273893258744,328.197079333847,0.237375293691722,2.21563615012128e-11,1.13686837721616e-13,3.609066
g12_00,grid,variable_transverse,20,0.1,70,239.683519627643,239.068991162562,0.288311661055571,3.15888079227963e-11,5.6843418860808e-14,5.4687327
g12_00,grid,variable_transverse,20,0.1,80,242.011177059914,241.284881939911,0.370714924988257,3.87256594293974e-11,1.13686837721616e-13,7.3407208
g12_00,grid,variable_transverse,20,0.1,90,196.384908229958,195.697805072457,0.447134322532662,2.62947564189159e-11,5.6843418860808e-14,9.2315302
g12_00,grid,variable_transverse,20,0.1,110,173.566146135688,174.99337977374,0.616360084087552,3.6709600250036e-11,5.6843418860808e-14,11.1244881
g12_00,grid,variable_transverse,20,0.1,120,144.180296824835,143.344155004845,0.729896634974918,5.29555960292155e-11,2.8421709430404e-14,12.9950256
g12_00,grid,variable_transverse,20,0.1,130,125.379842979151,124.640629579589,0.792179514055213,3.47755987886277e-11,5.6843418860808e-14,14.7934047
g12_00,grid,variable_transverse,20,0.1,140,111.581307110076,110.859514060002,0.929120866692676,4.50730818212485e-11,0,16.6970416
g12_02,grid,variable_transverse,20,0.237137370566166,50,328.839035022623,325.755519529828,0.343416333821789,1.49978156443384e-11,1.13686837721616e-13,1.9209726
g12_02,grid,variable_transverse,20,0.237137370566166,60,326.590147389189,328.219438103287,0.532006856830342,2.41061077291345e-11,0,3.7814603
g12_02,grid,variable_transverse,20,0.237137370566166,70,240.067759591712,239.095365942047,0.646547728635941,2.97810762847126e-11,2.8421709430404e-14,5.6527135
g12_02,grid,variable_transverse,20,0.237137370566166,80,242.505314628191,241.317355422101,0.831586656608228,3.5871861759428e-11,5.6843418860808e-14,7.4614301
g12_02,grid,variable_transverse,20,0.237137370566166,90,196.981112800392,195.737279214222,1.00363599191729,3.25713002361952e-11,5.6843418860808e-14,9.5089656
g12_02,grid,variable_transverse,20,0.237137370566166,110,174.388308614242,175.050412307059,1.38441253245301,4.73963184236332e-11,2.8421709430404e-14,11.4493145
g12_02,grid,variable_transverse,20,0.237137370566166,120,145.153856488108,143.408201346997,1.63921152912616,5.59588355877601e-11,2.8421709430404e-14,13.4894579
g12_02,grid,variable_transverse,20,0.237137370566166,130,126.436038500911,124.710404307852,1.77755930802149,5.6407623144275e-11,2.8421709430404e-14,15.3892328
g12_02,grid,variable_transverse,20,0.237137370566166,140,112.819469927342,110.945313122856,2.0827487571828,5.75595614164146e-11,4.2632564145606e-14,17.4715695
g12_04,grid,variable_transverse,20,0.562341325190349,50,329.284182736034,325.815645376238,0.730105075398149,1.94174718276645e-11,0,1.9472473
g12_04,grid,variable_transverse,20,0.562341325190349,60,327.280122397234,328.310902557117,1.13212219135499,2.735308440442e-11,2.8421709430404e-13,3.8318861
g12_04,grid,variable_transverse,20,0.562341325190349,70,240.906562902577,239.204920651115,1.37660324062283,2.67874007992213e-11,1.13686837721616e-13,5.6660642
g12_04,grid,variable_transverse,20,0.562341325190349,80,243.584419641479,241.455031665193,1.77127802782832,4.82946859962325e-11,5.6843418860808e-14,7.5059052
g12_04,grid,variable_transverse,20,0.562341325190349,90,198.283869488886,195.904452772842,2.13872001582641,4.1097040255453e-11,1.13686837721616e-13,9.3731373
g12_04,grid,variable_transverse,20,0.562341325190349,110,176.185674252633,175.288000567147,2.95064073335544,5.8013564440685e-11,8.5265128291212e-14,11.1570155
g12_04,grid,variable_transverse,20,0.562341325190349,120,147.281308846745,143.683326810581,3.49108529077248,4.59862957917405e-11,0,13.1226051
g12_04,grid,variable_transverse,20,0.562341325190349,130,128.740512506407,125.012930141279,3.77721441273465,8.13162726147954e-11,8.5265128291212e-14,15.2088852
g12_04,grid,variable_transverse,20,0.562341325190349,140,115.516442548469,111.312454277306,4.41528464277722,8.32322027487396e-11,2.8421709430404e-14,17.5575942
g12_06,grid,variable_transverse,20,1.33352143216332,50,330.189022800579,326.030658157158,1.42338858482696,2.28235968227799e-11,1.70530256582424e-13,2.2324691
g12_06,grid,variable_transverse,20,1.33352143216332,60,328.683707806131,328.641484440228,2.20833956306076,5.20140768614716e-11,1.13686837721616e-13,4.3999154
g12_06,grid,variable_transverse,20,1.33352143216332,70,242.613192848763,239.605195355422,2.68457459441583,5.20942332970118e-11,5.6843418860808e-14,6.6820481
g12_06,grid,variable_transverse,20,1.33352143216332,80,245.780617166134,241.96422991349,3.4547482500004,5.38315367590473e-11,1.13686837721616e-13,8.9899159
g12_06,grid,variable_transverse,20,1.33352143216332,90,200.935160209265,196.52439412524,4.16906255304042,8.03602884002888e-11,8.5265128291212e-14,11.2747765
g12_06,grid,variable_transverse,20,1.33352143216332,110,179.840429591805,176.166301701134,5.74042675605305,5.20047010475408e-11,2.8421709430404e-14,13.7858218
g12_06,grid,variable_transverse,20,1.33352143216332,120,151.600728910871,144.716475748466,6.77632248472985,6.76146137183363e-11,8.5265128291212e-14,16.3005227
g12_06,grid,variable_transverse,20,1.33352143216332,130,133.402473085788,126.151675931224,7.29569108730004,6.88764455682724e-11,5.6843418860808e-14,18.7890434
g12_06,grid,variable_transverse,20,1.33352143216332,140,120.952847971659,112.681742939805,8.48763699565832,8.77992282579847e-11,2.8421709430404e-14,21.4058521
g12_08,grid,variable_transverse,20,3.16227766016838,50,331.832412767905,326.68723972292,2.41663375702455,5.13506175853941e-11,5.6843418860808e-14,2.5478834
g12_08,grid,variable_transverse,20,3.16227766016838,60,331.232944966474,329.657120922724,3.74753426846027,5.75970571090207e-11,1.13686837721616e-13,5.0232287
g12_08,grid,variable_transverse,20,3.16227766016838,70,245.70974293928,240.841085569017,4.54804990012371,5.19505488472403e-11,8.5265128291212e-14,7.4777091
g12_08,grid,variable_transverse,20,3.16227766016838,80,249.764494116295,243.547347760727,5.84918067877789,6.48744791291499e-11,1.4210854715202e-13,9.5530841
g12_08,grid,variable_transverse,20,3.16227766016838,90,205.737408979243,198.45176416402,7.04214430606639,9.87054162626067e-11,5.6843418860808e-14,11.6946624
g12_08,grid,variable_transverse,20,3.16227766016838,110,186.434276056826,178.884662028472,9.64058038682905,1.17124704592979e-10,1.13686837721616e-13,13.7741891
g12_08,grid,variable_transverse,20,3.16227766016838,120,159.366511043883,147.92862536773,11.3276894244228,9.41153736266416e-11,8.5265128291212e-14,15.805774
g12_08,grid,variable_transverse,20,3.16227766016838,130,141.728233224694,129.668854879447,12.0955051462323,1.39077629259183e-10,5.6843418860808e-14,17.9757314
g12_08,grid,variable_transverse,20,3.16227766016838,140,130.601506442366,116.860304685458,13.9663442979629,8.44311576424455e-11,0,20.1494921
g12_10,grid,variable_transverse,20,7.49894209332456,50,334.345700089107,328.289044710812,3.33818963922973,8.32688933207794e-11,5.6843418860808e-14,2.1318327
g12_10,grid,variable_transverse,20,7.49894209332456,60,335.127821102332,332.137640027918,5.16985472650037,8.45353173637787e-11,5.6843418860808e-14,4.3079151
g12_10,grid,variable_transverse,20,7.49894209332456,70,250.429704604123,243.857086236387,6.25601267033038,7.42324509339052e-11,1.13686837721616e-13,6.5035733
g12_10,grid,variable_transverse,20,7.49894209332456,80,255.830378321984,247.419091756259,8.03387668152516,1.3095001452936e-10,1.70530256582424e-13,8.8725927
g12_10,grid,variable_transverse,20,7.49894209332456,90,213.026542378651,203.144203566709,9.63614272781052,7.71220408079432e-11,5.6843418860808e-14,11.2387667
g12_10,grid,variable_transverse,20,7.49894209332456,110,196.366612000696,185.425459863871,13.0703708275123,1.54451333039563e-10,8.5265128291212e-14,13.4364544
g12_10,grid,variable_transverse,20,7.49894209332456,120,170.998031615902,155.626382589782,15.2571959137198,1.31205205756934e-10,2.8421709430404e-14,15.6680892
g12_10,grid,variable_transverse,20,7.49894209332456,130,154.081767520882,137.980810901147,16.1235010853459,1.70788841409391e-10,2.8421709430404e-14,17.8860727
g12_10,grid,variable_transverse,20,7.49894209332456,140,144.798450970456,126.587092739343,18.4478026733442,1.85062260628938e-10,8.5265128291212e-14,20.1955369
g12_12,grid,variable_transverse,20,17.7827941003892,50,337.38488714732,331.137559296075,3.54118653506599,1.40448801313459e-10,1.13686837721616e-13,2.0203528
g12_12,grid,variable_transverse,20,17.7827941003892,60,339.831468042759,336.542449944397,5.47751721887158,1.44343649523655e-10,5.6843418860808e-14,4.2894401
g12_12,grid,variable_transverse,20,17.7827941003892,70,256.112429234327,249.192572732058,6.60766089967143,2.94373628221866e-10,5.6843418860808e-14,6.5342874
g12_12,grid,variable_transverse,20,17.7827941003892,80,263.121498110879,254.262405643964,8.4705789018885,1.86955975905709e-10,2.27373675443232e-13,8.5673187
g12_12,grid,variable_transverse,20,17.7827941003892,90,221.754464295286,211.383762739647,10.1212856993656,1.5604321031823e-10,0,11.146638
g12_12,grid,variable_transverse,20,17.7827941003892,110,208.144797923355,196.728073194283,13.5922523322878,2.25831793118584e-10,2.8421709430404e-14,13.4032332
g12_12,grid,variable_transverse,20,17.7827941003892,120,184.699358848887,168.818790698134,15.7600248783315,2.54447290902991e-10,8.5265128291212e-14,16.0911759
g12_12,grid,variable_transverse,20,17.7827941003892,130,168.487722348468,152.001399850421,16.4923885264173,3.03185117797457e-10,1.13686837721616e-13,18.6368585
g12_12,grid,variable_transverse,20,17.7827941003892,140,161.206506462036,142.750526557394,18.7038142744187,4.54865214603985e-10,5.6843418860808e-14,20.9872462
g12_14,grid,variable_transverse,20,42.1696503428582,50,340.201349998015,334.635676179547,2.87094473857836,1.29277798337357e-10,0,2.1215662
g12_14,grid,variable_transverse,20,42.1696503428582,60,344.187015602971,341.943219915183,4.43982199958777,9.56927347089677e-11,1.13686837721616e-13,4.197086
g12_14,grid,variable_transverse,20,42.1696503428582,70,261.360356698556,255.70807251449,5.34381776336313,1.89791660224704e-10,1.13686837721616e-13,6.2624352
g12_14,grid,variable_transverse,20,42.1696503428582,80,269.844713691723,262.603464888386,6.84268991674352,2.23594281522029e-10,1.13686837721616e-13,8.5208038
g12_14,grid,variable_transverse,20,42.1696503428582,90,229.777113883089,221.368594695929,8.15612915313353,1.49404396063373e-10,2.8421709430404e-14,10.5087171
g12_14,grid,variable_transverse,20,42.1696503428582,110,218.876852841805,210.222394261748,10.8724472531815,2.36528513762571e-10,8.5265128291212e-14,12.4297042
g12_14,grid,variable_transverse,20,42.1696503428582,120,197.111093497525,184.439116441981,12.5451028574517,2.58896024182465e-10,0,14.538324
g12_14,grid,variable_transverse,20,42.1696503428582,130,181.427638541654,168.385650395957,13.0328041054834,3.77707826499189e-10,0,16.6455807
g12_14,grid,variable_transverse,20,42.1696503428582,140,175.829492693187,161.408965770397,14.6772425255586,4.89128017263705e-10,2.8421709430404e-14,18.8147066
g12_16,grid,variable_transverse,20,100,50,342.25047238925,337.689186755618,1.87482054529543,1.08454605913635e-10,0,2.0941006
g12_16,grid,variable_transverse,20,100,60,347.35751306762,346.655297917088,2.90336962032474,1.54359369448657e-10,1.13686837721616e-13,4.2474178
g12_16,grid,variable_transverse,20,100,70,265.174488310777,261.376900757804,3.49164881043283,2.15084342735491e-10,5.6843418860808e-14,6.3894499
g12_16,grid,variable_transverse,20,100,80,274.728607559366,269.850733787655,4.47213107501168,1.82724281857809e-10,5.6843418860808e-14,8.4113282
g12_16,grid,variable_transverse,20,100,90,235.596268365302,230.013650164935,5.32806492792969,2.00260324094922e-10,1.70530256582424e-13,10.6240423
g12_16,grid,variable_transverse,20,100,110,226.620445604677,221.787479255874,7.08153342776687,2.57250513333856e-10,1.4210854715202e-13,12.8368302
g12_16,grid,variable_transverse,20,100,120,206.035599063404,197.749045015011,8.15470334876522,3.32742245694131e-10,0,15.1805786
g12_16,grid,variable_transverse,20,100,130,190.677670488848,182.224216382602,8.43312488490403,3.0751499213985e-10,8.5265128291212e-14,17.5135555
g12_16,grid,variable_transverse,20,100,140,186.221760233819,177.032519502494,9.4516412414443,3.09913191814674e-10,5.6843418860808e-14,20.2269647
v0_1,validation,variable_transverse,0.152785591422335,0.741310241300917,50,2.66685705921609,2.64933185428802,0.0145072838718048,1.20263877014996e-10,8.88178419700125e-16,2.7614721
v0_1,validation,variable_transverse,0.152785591422335,0.741310241300917,60,2.53169214640792,2.52965327268737,0.0223931186594127,1.20191922310749e-10,0,5.3831877
v0_1,validation,variable_transverse,0.152785591422335,0.741310241300917,70,2.00925615437013,1.98865380579625,0.0269163964554112,1.50670804506777e-10,8.88178419700125e-16,7.9028507
v0_1,validation,variable_transverse,0.152785591422335,0.741310241300917,80,2.09848850089581,2.06435660950157,0.0353336958580098,1.74894793536439e-10,8.88178419700125e-16,10.5328841
v0_1,validation,variable_transverse,0.152785591422335,0.741310241300917,90,1.80998275157135,1.76766377372767,0.0414541512775482,1.60609916794728e-10,2.22044604925031e-16,13.3353308
v0_1,validation,variable_transverse,0.152785591422335,0.741310241300917,110,1.66470813104536,1.61744723133065,0.0546157352722551,2.29921207773644e-10,4.44089209850063e-16,15.9767309
v0_1,validation,variable_transverse,0.152785591422335,0.741310241300917,120,1.57852445079589,1.51319260941218,0.0637899007165084,1.81366272181607e-10,0,18.838802
v0_1,validation,variable_transverse,0.152785591422335,0.741310241300917,130,1.45287007325064,1.38620582034774,0.0660119167959922,1.26841495306046e-10,1.11022302462516e-15,21.4758936
v0_1,validation,variable_transverse,0.152785591422335,0.741310241300917,140,1.41214597258623,1.33831480716349,0.0734695969458742,3.23512397716585e-10,4.44089209850063e-16,24.3871381
v0_3,validation,variable_transverse,0.152785591422335,61.6595001861483,50,2.68596651983216,2.68259251020639,0.00034859882573623,1.11655959680169e-10,0,2.7104856
v0_3,validation,variable_transverse,0.152785591422335,61.6595001861483,60,2.56130383538519,2.58113102531876,0.000544366117263542,8.2187227360359e-11,4.44089209850063e-16,5.4639555
v0_3,validation,variable_transverse,0.152785591422335,61.6595001861483,70,2.04486169833707,2.0505487067152,0.000655506388458576,1.79804923210489e-10,4.44089209850063e-16,8.3343171
v0_3,validation,variable_transverse,0.152785591422335,61.6595001861483,80,2.14531341916125,2.14544219255142,0.000865495327758798,2.77088177805817e-10,4.44089209850063e-16,11.1967151
v0_3,validation,variable_transverse,0.152785591422335,61.6595001861483,90,1.86498986536794,1.86315027564684,0.00101976413154744,1.67293685639077e-10,4.44089209850063e-16,13.958459
v0_3,validation,variable_transverse,0.152785591422335,61.6595001861483,110,1.73728081629315,1.7433214953856,0.00135134477877718,3.83753175643764e-10,8.88178419700125e-16,16.4357938
v0_3,validation,variable_transverse,0.152785591422335,61.6595001861483,120,1.66333902410455,1.66010997616421,0.00158226684997256,4.15534391607216e-10,0,19.0994135
v0_3,validation,variable_transverse,0.152785591422335,61.6595001861483,130,1.54038786714399,1.53803203663027,0.00162665042867575,4.49017156014364e-10,4.44089209850063e-16,21.8013837
v0_3,validation,variable_transverse,0.152785591422335,61.6595001861483,140,1.50922237538342,1.5070055081809,0.0017963120254066,3.17113505697143e-10,2.22044604925031e-16,24.6508759
v1_1,validation,variable_transverse,0.574565967681867,0.741310241300917,50,9.90482516039584,9.78453685949235,0.0953267943504231,9.66267682074753e-11,0,3.0904043
v1_1,validation,variable_transverse,0.574565967681867,0.741310241300917,60,9.49547848190667,9.46079558280448,0.147130601845466,9.05073514486348e-11,3.5527136788005e-15,6.2500785
v1_1,validation,variable_transverse,0.574565967681867,0.741310241300917,70,7.40457368587278,7.25308356339713,0.177360295860176,1.20030966409163e-10,1.77635683940025e-15,9.3919765
v1_1,validation,variable_transverse,0.574565967681867,0.741310241300917,80,7.65712459825176,7.43582862349137,0.231064015338531,1.70440272250818e-10,5.32907051820075e-15,12.3500048
v1_1,validation,variable_transverse,0.574565967681867,0.741310241300917,90,6.51182098490778,6.23069916681507,0.273444674626204,1.51325298811606e-10,4.44089209850063e-15,15.556246
v1_1,validation,variable_transverse,0.574565967681867,0.741310241300917,110,5.9290971600884,5.61130534524669,0.362705524026855,2.07119906803279e-10,8.88178419700125e-16,18.3475759
v1_1,validation,variable_transverse,0.574565967681867,0.741310241300917,120,5.4840049711283,5.05477031353544,0.424176842696193,2.45638657998305e-10,8.88178419700125e-16,21.3594302
v1_1,validation,variable_transverse,0.574565967681867,0.741310241300917,130,5.00043549913181,4.559140210074,0.442787118528393,2.69314018133356e-10,2.66453525910038e-15,24.4378343
v1_1,validation,variable_transverse,0.574565967681867,0.741310241300917,140,4.79543349543183,4.30246524615458,0.497245383742032,1.82760736644844e-10,1.77635683940025e-15,27.6564631
v1_3,validation,variable_transverse,0.574565967681867,61.6595001861483,50,10.0738134443685,10.0441360077017,0.00466184360063523,3.46963459614196e-10,3.5527136788005e-15,2.9859186
v1_3,validation,variable_transverse,0.574565967681867,61.6595001861483,60,9.7569569656233,9.86247640640547,0.00728105905586602,2.98739377632706e-10,3.5527136788005e-15,6.1666124
v1_3,validation,variable_transverse,0.574565967681867,61.6595001861483,70,7.71928320360095,7.73705076274961,0.00876992813545911,3.39663729959569e-10,8.88178419700125e-16,9.4756739
v1_3,validation,variable_transverse,0.574565967681867,61.6595001861483,80,8.06711500111352,8.06349079684956,0.0114738209093601,4.21191521260015e-10,0,12.931203
v1_3,validation,variable_transverse,0.574565967681867,61.6595001861483,90,6.99668058067468,6.97552269331321,0.0136134822826878,3.64004160524142e-10,1.77635683940025e-15,16.2016393
v1_3,validation,variable_transverse,0.574565967681867,61.6595001861483,110,6.56924501480456,6.59657745367725,0.0180233440040955,6.02270682394669e-10,1.77635683940025e-15,19.5745731
v1_3,validation,variable_transverse,0.574565967681867,61.6595001861483,120,6.23045203651503,6.20306123729242,0.0210376212285115,7.3886172431257e-10,2.66453525910038e-15,22.9083824
v1_3,validation,variable_transverse,0.574565967681867,61.6595001861483,130,5.77424707302164,5.75296762246141,0.021649742256344,7.26797023773055e-10,0,26.0454454
v1_3,validation,variable_transverse,0.574565967681867,61.6595001861483,140,5.65837298403769,5.63841692882808,0.0239429414141226,6.9988046756347e-10,8.88178419700125e-16,29.0805347
v2_1,validation,variable_transverse,2.67078296372665,0.741310241300917,50,45.0892136755845,44.4716054622888,0.40749838196714,4.56247404304856e-11,1.4210854715202e-14,4.1270066
v2_1,validation,variable_transverse,2.67078296372665,0.741310241300917,60,43.8241429587022,43.6425967991411,0.631430993959468,5.34031963798873e-11,1.4210854715202e-14,8.0463452
v2_1,validation,variable_transverse,2.67078296372665,0.741310241300917,70,33.2246013429595,32.488771891429,0.766200847371664,4.81074592634772e-11,7.105427357601e-15,11.281078
v2_1,validation,variable_transverse,2.67078296372665,0.741310241300917,80,33.929613799079,32.9323861216567,0.992104350322709,7.07801598623942e-11,7.105427357601e-15,14.2682691
v2_1,validation,variable_transverse,2.67078296372665,0.741310241300917,90,28.162828042228,26.9200798522805,1.18772260722272,6.20709157293707e-11,7.105427357601e-15,17.3972761
v2_1,validation,variable_transverse,2.67078296372665,0.741310241300917,110,25.1909774761132,23.8244071837942,1.60616340343999,1.20326325101304e-10,7.105427357601e-15,20.479502
v2_1,validation,variable_transverse,2.67078296372665,0.741310241300917,120,22.2740027282692,20.3665533703096,1.89204262515093,1.26157917393155e-10,1.06581410364015e-14,24.211552
v2_1,validation,variable_transverse,2.67078296372665,0.741310241300917,130,19.9175845496926,17.9339763644718,2.00912563995437,1.13271726696573e-10,7.105427357601e-15,27.4566557
v2_1,validation,variable_transverse,2.67078296372665,0.741310241300917,140,18.5432681203849,16.2882314368721,2.29659618194715,8.57689334684683e-11,3.5527136788005e-15,30.3017612
v2_3,validation,variable_transverse,2.67078296372665,61.6595001861483,50,46.5061707166249,46.21380768202,0.0836767819517911,1.26519846916689e-10,7.105427357601e-15,2.7520626
v2_3,validation,variable_transverse,2.67078296372665,61.6595001861483,60,46.0192674813177,46.3438624119979,0.130427687695477,1.46536107701047e-10,1.4210854715202e-14,5.6080485
v2_3,validation,variable_transverse,2.67078296372665,61.6595001861483,70,35.8746692477809,35.7543443157065,0.157129545646243,1.48648286562127e-10,1.4210854715202e-14,8.1355364
v2_3,validation,variable_transverse,2.67078296372665,61.6595001861483,80,37.3517364368725,37.1339364846862,0.203221874541884,2.02578905891069e-10,0,10.4583418
v2_3,validation,variable_transverse,2.67078296372665,61.6595001861483,90,32.2379180164066,31.9384849108144,0.241928726696035,2.14754935602368e-10,2.1316282072803e-14,12.7087471
v2_3,validation,variable_transverse,2.67078296372665,61.6595001861483,110,30.6162582069698,30.5442572514369,0.320052366074343,4.92999421213896e-10,7.105427357601e-15,14.9208155
v2_3,validation,variable_transverse,2.67078296372665,61.6595001861483,120,28.6017213962216,28.2075021776103,0.371657609099562,2.53636135880878e-10,1.06581410364015e-14,17.1097833
v2_3,validation,variable_transverse,2.67078296372665,61.6595001861483,130,26.529301970893,26.1623156007997,0.383133375681387,4.12187614744016e-10,1.06581410364015e-14,19.4432134
v2_3,validation,variable_transverse,2.67078296372665,61.6595001861483,140,25.9916662841368,25.6122589431659,0.425672173928409,2.52535565324203e-10,1.77635683940025e-14,21.8508887
v3_1,validation,variable_transverse,12.4147304931956,0.741310241300917,50,205.633517581835,203.303036549675,0.815179869325529,1.53505370582958e-11,1.13686837721616e-13,2.3562086
v3_1,validation,variable_transverse,12.4147304931956,0.741310241300917,60,203.210930329562,203.415521932353,1.26536895521475,4.89090247624349e-11,2.8421709430404e-14,4.7992529
v3_1,validation,variable_transverse,12.4147304931956,0.741310241300917,70,150.506369068441,148.816809138928,1.53937848296251,4.08774467862926e-11,8.5265128291212e-14,7.1532017
v3_1,validation,variable_transverse,12.4147304931956,0.741310241300917,80,152.444486175511,150.238554160186,1.98371631300128,2.24495136862561e-11,5.6843418860808e-14,9.4255726
v3_1,validation,variable_transverse,12.4147304931956,0.741310241300917,90,124.529030481532,121.967021101519,2.39274741100047,5.80579997408003e-11,1.4210854715202e-14,11.781804
v3_1,validation,variable_transverse,12.4147304931956,0.741310241300917,110,110.653590018269,108.604889494353,3.28999213273623,5.03932140706737e-11,2.8421709430404e-14,14.1281767
v3_1,validation,variable_transverse,12.4147304931956,0.741310241300917,120,93.6894173053225,89.7305892627524,3.89221963401442,7.72579108752569e-11,1.4210854715202e-14,16.4641467
v3_1,validation,variable_transverse,12.4147304931956,0.741310241300917,130,82.3064996370543,78.1680471411023,4.1954484714303,7.93481321057584e-11,4.2632564145606e-14,18.5686223
v3_1,validation,variable_transverse,12.4147304931956,0.741310241300917,140,74.4531287213993,69.7204475650507,4.87993443206637,1.05268193245252e-10,2.8421709430404e-14,20.5170402
v3_3,validation,variable_transverse,12.4147304931956,61.6595001861483,50,213.193139280333,210.536742032818,1.16632328933574,1.75231345739776e-10,1.13686837721616e-13,1.6546648
v3_3,validation,variable_transverse,12.4147304931956,61.6595001861483,60,214.924546721427,214.611702714207,1.80787937158247,1.92377671398731e-10,5.6843418860808e-14,3.4318056
v3_3,validation,variable_transverse,12.4147304931956,61.6595001861483,70,164.667049551597,162.357008858818,2.17513554616258,1.75318084131487e-10,5.6843418860808e-14,5.1842691
v3_3,validation,variable_transverse,12.4147304931956,61.6595001861483,80,170.636859820392,167.592936530109,2.7890565724253,2.75656391459235e-10,1.4210854715202e-13,6.7934353
v3_3,validation,variable_transverse,12.4147304931956,61.6595001861483,90,146.301176853064,142.800820084156,3.32100774558544,2.35738684891223e-10,5.6843418860808e-14,8.495479
v3_3,validation,variable_transverse,12.4147304931956,61.6595001861483,110,139.988994390221,136.925333718586,4.40526271714871,4.91130833544618e-10,2.8421709430404e-14,10.0742046
v3_3,validation,variable_transverse,12.4147304931956,61.6595001861483,120,127.899429292743,122.731738251113,5.08339648052489,3.42198827481832e-10,2.8421709430404e-14,11.6283866
v3_3,validation,variable_transverse,12.4147304931956,61.6595001861483,130,118.324948380268,113.080983176904,5.25866831603545,5.08220456492313e-10,1.4210854715202e-13,13.1288139
v3_3,validation,variable_transverse,12.4147304931956,61.6595001861483,140,115.474096057562,109.763038337255,5.88898912192544,3.60582289917762e-10,2.8421709430404e-14,14.7015799
