point_id,kind,model,rho1,rho2,L_mm,Z,dZ_dlogrho1,dZ_dlogrho2,relative_residual,reciprocity_abs,elapsed_seconds
a0,anchor,variable_transverse,1.9166941444952801,15.313787539627601,50,33.324132221764103,33.056094163343097,0.13274649746784001,3.4019884376018902e-10,0,2.1495834
a0,anchor,variable_transverse,1.9166941444952801,15.313787539627601,60,32.761027372918001,32.901835949907699,0.20601580410103601,1.7339469022303402e-10,2.1316282072802999e-14,4.1688647000000003
a0,anchor,variable_transverse,1.9166941444952801,15.313787539627601,70,25.550231423910098,25.342416770515801,0.24800734912686001,1.20452258769043e-10,7.1054273576010003e-15,6.1914724999999997
a0,anchor,variable_transverse,1.9166941444952801,15.313787539627601,80,26.568631781589001,26.250457088323198,0.320640159019009,4.4246389136165799e-10,7.1054273576010003e-15,8.4181448000000003
a0,anchor,variable_transverse,1.9166941444952801,15.313787539627601,90,22.866061786095202,22.4442995797944,0.38077169418943402,1.62877682921416e-10,7.1054273576010003e-15,10.4683803
a0,anchor,variable_transverse,1.9166941444952801,15.313787539627601,110,21.539631635647901,21.2095532182211,0.50233953455717095,6.097189394001501e-10,7.1054273576010003e-15,12.4371752
a0,anchor,variable_transverse,1.9166941444952801,15.313787539627601,120,20.0971248559736,19.497627356271298,0.58323920815767705,3.0927477481134102e-10,7.1054273576010003e-15,14.5140397
a0,anchor,variable_transverse,1.9166941444952801,15.313787539627601,130,18.586388310099501,17.996153528077901,0.60283538417529003,6.3704022737296009e-10,1.0658141036401501e-14,16.384348599999999
a0,anchor,variable_transverse,1.9166941444952801,15.313787539627601,140,18.1433841543477,17.5036225765731,0.67138792566434402,3.8624044717482603e-10,3.5527136788005001e-15,18.390137299999999
a1,anchor,variable_transverse,7.1863863740360703,15.313787539627601,50,123.12898328331499,121.360082146945,1.02394403498113,3.54331212913396e-10,0,1.9785914
a1,anchor,variable_transverse,7.1863863740360703,15.313787539627601,60,122.795628847158,122.18435234839301,1.58573172261948,2.0990407126807401e-10,1.4210854715202001e-14,4.0855812
a1,anchor,variable_transverse,7.1863863740360703,15.313787539627601,70,94.008782522158299,92.066856845298304,1.9103261595071499,1.4222044860995301e-10,5.6843418860808002e-14,6.1098134999999996
a1,anchor,variable_transverse,7.1863863740360703,15.313787539627601,80,97.131386819723801,94.548766322925005,2.4531149222506201,4.9176587517660397e-10,2.8421709430404001e-14,8.1343505999999994
a1,anchor,variable_transverse,7.1863863740360703,15.313787539627601,90,82.701491964485299,79.659747434537707,2.92009832189225,2.44843717433901e-10,1.4210854715202001e-14,10.422597
a1,anchor,variable_transverse,7.1863863740360703,15.313787539627601,110,77.906189646537896,74.756493676793497,3.8768062102613601,7.2719205740809999e-10,4.2632564145605999e-14,12.4509381
a1,anchor,variable_transverse,7.1863863740360703,15.313787539627601,120,70.921625754152998,66.381024358223399,4.4916807008580601,2.3892584608197403e-10,1.4210854715202001e-14,14.457404
a1,anchor,variable_transverse,7.1863863740360703,15.313787539627601,130,65.226068347022505,60.587079895857002,4.6689065061369099,8.37373024764852e-10,0,16.462752500000001
a1,anchor,variable_transverse,7.1863863740360703,15.313787539627601,140,63.130603157084899,57.994302395627798,5.2477406922276897,4.6681909290148502e-10,1.4210854715202001e-14,18.409014200000001
g00_00,grid,variable_transverse,0.10000000000000001,0.10000000000000001,50,1.72433481540309,1.70551900611781,0.017387468159964201,6.5206333996265296e-11,2.2204460492503099e-16,2.1119902000000002
g00_00,grid,variable_transverse,0.10000000000000001,0.10000000000000001,60,1.6183025617198299,1.6018965126562801,0.026775054813381501,1.02477540069783e-10,4.4408920985006301e-16,4.2542358
g00_00,grid,variable_transverse,0.10000000000000001,0.10000000000000001,70,1.2729375833846099,1.24399791425194,0.032276404429166197,2.1141539506636301e-10,6.6613381477509402e-16,6.3219022999999996
g00_00,grid,variable_transverse,0.10000000000000001,0.10000000000000001,80,1.3198500645836,1.27807274783113,0.042511432587309897,1.3998699045318401e-10,0,8.2830013000000005
g00_00,grid,variable_transverse,0.10000000000000001,0.10000000000000001,90,1.1223504060370699,1.0719751084682401,0.049886648537635102,1.3804475394586301e-10,2.2204460492503099e-16,10.196372999999999
g00_00,grid,variable_transverse,0.10000000000000001,0.10000000000000001,110,1.0050796226154,0.94237639008914098,0.066352693694561996,1.14713721397515e-10,4.4408920985006301e-16,12.1424705
g00_00,grid,variable_transverse,0.10000000000000001,0.10000000000000001,120,0.93668615788073595,0.857937317118316,0.077984234715238507,2.8796579420282399e-10,1.11022302462516e-16,14.084890700000001
g00_00,grid,variable_transverse,0.10000000000000001,0.10000000000000001,130,0.85036168723134897,0.76847117288736699,0.081542192630769894,2.1858981882859101e-10,5.5511151231257797e-16,15.971099499999999
g00_00,grid,variable_transverse,0.10000000000000001,0.10000000000000001,140,0.81171480477634195,0.719804115101224,0.091660200526588298,3.0468385978393004e-10,5.5511151231257797e-16,17.9117997
g00_01,grid,variable_transverse,0.10000000000000001,0.15399265260594899,50,1.7315475806721401,1.7142470939486201,0.015869788070092001,7.096330867058779e-11,0,1.9623657000000001
g00_01,grid,variable_transverse,0.10000000000000001,0.15399265260594899,60,1.6294095990720201,1.61534413516029,0.0244394304741293,1.7826882153177501e-10,6.6613381477509402e-16,4.0479807000000001
g00_01,grid,variable_transverse,0.10000000000000001,0.15399265260594899,70,1.2863178959742101,1.2602398097284799,0.029422983259801899,2.25958790320583e-10,0,6.1743546
g00_01,grid,variable_transverse,0.10000000000000001,0.15399265260594899,80,1.3374652000599001,1.2994179024794901,0.038718779566145597,1.35757140282914e-10,4.4408920985006301e-16,8.2370975000000008
g00_01,grid,variable_transverse,0.10000000000000001,0.15399265260594899,90,1.1430085373933101,1.09715388478215,0.045381023651724001,2.5346499770927101e-10,4.4408920985006301e-16,10.2396175
g00_01,grid,variable_transverse,0.10000000000000001,0.15399265260594899,110,1.0324985008704,0.97604702435913304,0.060112084038457497,2.05005553113593e-10,6.6613381477509402e-16,12.0955862
g00_01,grid,variable_transverse,0.10000000000000001,0.15399265260594899,120,0.96887194840683899,0.89759666141402705,0.070479913823285598,3.91117137488105e-10,7.7715611723761007e-16,14.092128799999999
g00_01,grid,variable_transverse,0.10000000000000001,0.15399265260594899,130,0.88395074366856896,0.810166170995827,0.073414664433860105,3.7382502450456101e-10,7.7715611723761007e-16,15.958514900000001
g00_01,grid,variable_transverse,0.10000000000000001,0.15399265260594899,140,0.84940645755049005,0.76689921822164897,0.082241526820055394,3.8370578833026301e-10,5.5511151231257797e-16,17.880278400000002
g00_02,grid,variable_transverse,0.10000000000000001,0.23713737056616599,50,1.73793422149776,1.72286748969203,0.0136339332898443,1.65226606772459e-10,8.8817841970012494e-16,1.9811999
g00_02,grid,variable_transverse,0.10000000000000001,0.23713737056616599,60,1.6392465892727901,1.62862035468697,0.021004509611516401,3.1436571744461899e-10,2.2204460492503099e-16,4.0145966
g00_02,grid,variable_transverse,0.10000000000000001,0.23713737056616599,70,1.29815501302104,1.2762429556100801,0.025263953582221398,3.4616621460781402e-10,8.8817841970012494e-16,6.0890637999999999
g00_02,grid,variable_transverse,0.10000000000000001,0.23713737056616599,80,1.35303755429527,1.3204253163628901,0.033228185614335499,2.0749106015216801e-10,0,8.0663809999999998
g00_02,grid,variable_transverse,0.10000000000000001,0.23713737056616599,90,1.16125283704875,1.12187655015623,0.038915742163537201,5.5829183895760898e-10,8.8817841970012494e-16,10.084372800000001
g00_02,grid,variable_transverse,0.10000000000000001,0.23713737056616599,110,1.05662746309681,1.0089037638235101,0.051394349722597703,3.3092546046186302e-10,0,12.0632552
g00_02,grid,variable_transverse,0.10000000000000001,0.23713737056616599,120,0.99713649267672699,0.93616220582721399,0.060151766002246601,5.8094087753963704e-10,4.4408920985006301e-16,14.094511600000001
g00_02,grid,variable_transverse,0.10000000000000001,0.23713737056616599,130,0.91334647605566399,0.850493212327735,0.062464502841745199,5.4634044886050498e-10,1.11022302462516e-16,16.022674800000001
g00_02,grid,variable_transverse,0.10000000000000001,0.23713737056616599,140,0.882288795899274,0.81223609774503402,0.069772909550499695,8.4193181848998101e-10,2.2204460492503099e-16,17.973644700000001
g00_03,grid,variable_transverse,0.10000000000000001,0.365174127254838,50,1.7432807245891999,1.7307246074067399,0.0111215593851252,1.6263746052968399e-10,4.4408920985006301e-16,1.8926027999999999
g00_03,grid,variable_transverse,0.10000000000000001,0.365174127254838,60,1.64748633921262,1.6407204927577701,0.017147673373904,1.6424676940678301e-10,4.4408920985006301e-16,3.9167212
g00_03,grid,variable_transverse,0.10000000000000001,0.365174127254838,70,1.30806269669994,1.2908068128704799,0.0206134756424689,2.0798777471231799e-10,0,5.9248718
g00_03,grid,variable_transverse,0.10000000000000001,0.365174127254838,80,1.3660674374861701,1.33952774228673,0.0271089706263902,1.5345137602772802e-10,4.4408920985006301e-16,7.9509753999999999
g00_03,grid,variable_transverse,0.10000000000000001,0.365174127254838,90,1.1765102049296801,1.14432098726769,0.031739577877699897,3.0851798466117002e-10,4.4408920985006301e-16,9.9789913000000006
g00_03,grid,variable_transverse,0.10000000000000001,0.365174127254838,110,1.0767581050783901,1.0385936192824801,0.041843648692319997,4.8378199900933404e-10,4.4408920985006301e-16,11.936188700000001
g00_03,grid,variable_transverse,0.10000000000000001,0.365174127254838,120,1.02068380515421,0.97091721067930203,0.048921420976072397,2.9467608548463601e-10,2.2204460492503099e-16,14.0269783
g00_03,grid,variable_transverse,0.10000000000000001,0.365174127254838,130,0.937769764103218,0.886683877084533,0.0506814990403468,3.9555117872093499e-10,6.6613381477509402e-16,16.001367699999999
g00_03,grid,variable_transverse,0.10000000000000001,0.365174127254838,140,0.90953725890750103,0.85276849150291301,0.056476756637915203,5.7747263084760298e-10,4.4408920985006301e-16,17.986906399999999
g00_04,grid,variable_transverse,0.10000000000000001,0.56234132519034896,50,1.74755002582154,1.73742193876869,0.0086921319488381006,2.5115668427468002e-10,2.2204460492503099e-16,1.95923
g00_04,grid,variable_transverse,0.10000000000000001,0.56234132519034896,60,1.65407253738591,1.6510390349062001,0.0134181340309407,4.5981424644399702e-10,0,3.9746166999999999
g00_04,grid,variable_transverse,0.10000000000000001,0.56234132519034896,70,1.3159790339275099,1.30321444486674,0.0161266185174339,4.81335850808524e-10,6.6613381477509402e-16,6.0273253000000002
g00_04,grid,variable_transverse,0.10000000000000001,0.56234132519034896,80,1.3764795402345,1.35579627657419,0.0212150255027998,3.3753662559985004e-10,0,8.0830207000000005
g00_04,grid,variable_transverse,0.10000000000000001,0.56234132519034896,90,1.18870115227155,1.1634185153877099,0.0248417590152296,6.31180575688046e-10,0,10.2072653
g00_04,grid,variable_transverse,0.10000000000000001,0.56234132519034896,110,1.0928238142498801,1.0637800915657301,0.032729729809516203,5.5924558651650701e-10,2.2204460492503099e-16,12.270671399999999
g00_04,grid,variable_transverse,0.10000000000000001,0.56234132519034896,120,1.0394623605545701,1.00034897082938,0.038250142674596602,7.8397855630262303e-10,6.6613381477509402e-16,14.335479100000001
g00_04,grid,variable_transverse,0.10000000000000001,0.56234132519034896,130,0.95720612805607797,0.91723523850176003,0.039554050187443401,6.3725857216605905e-10,5.5511151231257797e-16,16.2470113
g00_04,grid,variable_transverse,0.10000000000000001,0.56234132519034896,140,0.931175144016678,0.88688218367016702,0.043990845022695999,1.01556965013505e-09,1.11022302462516e-16,18.2260958
g00_05,grid,variable_transverse,0.10000000000000001,0.86596432336006501,50,1.7508295981744999,1.7428321646981999,0.0065604170247800997,1.7711015985497501e-10,4.4408920985006301e-16,1.9192646
g00_05,grid,variable_transverse,0.10000000000000001,0.86596432336006501,60,1.6591388511482199,1.6593826456334599,0.0101429750515624,1.51791419425455e-10,2.2204460492503099e-16,3.8722631999999999
g00_05,grid,variable_transverse,0.10000000000000001,0.86596432336006501,70,1.32206800665661,1.3132425159693,0.0121908566560569,2.5819682293253301e-10,1.1102230246251601e-15,5.904274
g00_05,grid,variable_transverse,0.10000000000000001,0.86596432336006501,80,1.38449206248547,1.3689468937331599,0.0160478601387344,1.44127394140065e-10,4.4408920985006301e-16,7.8967535
g00_05,grid,variable_transverse,0.10000000000000001,0.86596432336006501,90,1.1980851332820299,1.1788518469871301,0.018799236130808399,3.51387768682921e-10,2.2204460492503099e-16,9.9979195000000001
g00_05,grid,variable_transverse,0.10000000000000001,0.86596432336006501,110,1.1051882743677901,1.08410455409208,0.024774993772383399,2.8449231254633e-10,2.2204460492503099e-16,12.074491099999999
g00_05,grid,variable_transverse,0.10000000000000001,0.86596432336006501,120,1.05391242135665,1.0240789582704799,0.0289562985207471,2.4535734867023401e-10,2.2204460492503099e-16,14.173924100000001
g00_05,grid,variable_transverse,0.10000000000000001,0.86596432336006501,130,0.97213832054702898,0.94181052462037096,0.029901323658728898,3.68780881345782e-10,5.5511151231257797e-16,16.220564499999998
g00_05,grid,variable_transverse,0.10000000000000001,0.86596432336006501,140,0.94776905059663397,0.914257389174845,0.033201504523468303,3.3213880539499601e-10,5.5511151231257797e-16,18.217541700000002
g00_06,grid,variable_transverse,0.10000000000000001,1.33352143216332,50,1.7532701845960199,1.74702126195733,0.0048111288825967002,1.72100372359503e-10,4.4408920985006301e-16,2.0228959
g00_06,grid,variable_transverse,0.10000000000000001,1.33352143216332,60,1.6629152486038501,1.66585242946677,0.0074511723410406999,2.8429158582399301e-10,4.4408920985006301e-16,4.0444488999999999
g00_06,grid,variable_transverse,0.10000000000000001,1.33352143216332,70,1.32660726173081,1.3210176472994499,0.0089574175055789004,3.0243171899333099e-10,8.8817841970012494e-16,6.1367703000000002
g00_06,grid,variable_transverse,0.10000000000000001,1.33352143216332,80,1.39046981385305,1.3791492277499,0.011801424682222599,1.6721127256818601e-10,0,8.1543553000000006
g00_06,grid,variable_transverse,0.10000000000000001,1.33352143216332,90,1.20508968714347,1.1908277688793201,0.013833049221695501,3.7535588290862799e-10,4.4408920985006301e-16,10.214071300000001
g00_06,grid,variable_transverse,0.10000000000000001,1.33352143216332,110,1.11442263879259,1.0998728419449899,0.0182449818799079,1.5265787446203299e-10,2.2204460492503099e-16,12.160999
g00_06,grid,variable_transverse,0.10000000000000001,1.33352143216332,120,1.06470710166172,1.04248697930803,0.0213325474768595,5.2724770586514802e-10,2.2204460492503099e-16,14.3665114
g00_06,grid,variable_transverse,0.10000000000000001,1.33352143216332,130,0.983279239701638,0.960840949707782,0.022004542530382899,3.2609566851881502e-10,1.11022302462516e-16,16.549652300000002
g00_06,grid,variable_transverse,0.10000000000000001,1.33352143216332,140,0.96013140220160997,0.93541485637644495,0.0244001897869132,7.4764597464565605e-10,2.2204460492503099e-16,18.7938133
g00_07,grid,variable_transverse,0.10000000000000001,2.0535250264571498,50,1.75503904601865,1.7501567811487,0.0034439179588849999,1.04023172035621e-10,4.4408920985006301e-16,1.9652021
g00_07,grid,variable_transverse,0.10000000000000001,2.0535250264571498,60,1.6656569839411699,1.670703619934,0.0053428618971897001,1.37959026856738e-10,0,4.0092511000000002
g00_07,grid,variable_transverse,0.10000000000000001,2.0535250264571498,70,1.3299036702404401,1.32684845004611,0.0064247613709411001,1.4830381008515301e-10,4.4408920985006301e-16,6.0672851000000003
g00_07,grid,variable_transverse,0.10000000000000001,2.0535250264571498,80,1.39481470467845,1.3868072194886301,0.0084723204467075999,2.1060446341514701e-10,2.2204460492503099e-16,8.1263127999999991
g00_07,grid,variable_transverse,0.10000000000000001,2.0535250264571498,90,1.21018412563986,1.1998217659758299,0.0099373271292381004,1.9152029061138899e-10,2.2204460492503099e-16,10.198803
g00_07,grid,variable_transverse,0.10000000000000001,2.0535250264571498,110,1.12114517363163,1.11172270162745,0.013120480630557501,5.8634447353617905e-10,2.2204460492503099e-16,12.198950699999999
g00_07,grid,variable_transverse,0.10000000000000001,2.0535250264571498,120,1.07256913358951,1.0563253670358701,0.015348595266178801,2.9034135089324e-10,0,14.230106899999999
g00_07,grid,variable_transverse,0.10000000000000001,2.0535250264571498,130,0.99138545298667402,0.97512806199771995,0.0158182689943481,2.84305314762007e-10,0,16.342718000000001
g00_07,grid,variable_transverse,0.10000000000000001,2.0535250264571498,140,0.96911524955629003,0.95127333217520604,0.017520915018151,2.7571846303109998e-10,2.2204460492503099e-16,18.531136499999999
g00_08,grid,variable_transverse,0.10000000000000001,3.16227766016838,50,1.75629263811384,1.75243903987012,0.0024148665602701999,9.3657185757718999e-11,8.8817841970012494e-16,2.1450906000000001
g00_08,grid,variable_transverse,0.10000000000000001,3.16227766016838,60,1.6676032611777101,1.67424129593909,0.0037522735169769998,3.0895211608379501e-10,0,4.3279087000000001
g00_08,grid,variable_transverse,0.10000000000000001,3.16227766016838,70,1.33224439604683,1.3311016831801601,0.0045134695947907002,2.93745348561803e-10,8.8817841970012494e-16,6.7268673000000003
g00_08,grid,variable_transverse,0.10000000000000001,3.16227766016838,80,1.39790267719205,1.3923990897624701,0.0059569710585524998,1.2495132291707601e-10,0,9.0012261999999996
g00_08,grid,variable_transverse,0.10000000000000001,3.16227766016838,90,1.21380713322778,1.2063935347627901,0.0069913427189248999,3.8865323533311203e-10,2.2204460492503099e-16,11.307754900000001
g00_08,grid,variable_transverse,0.10000000000000001,3.16227766016838,110,1.12593109950035,1.1203906403694699,0.0092404607628098004,3.6682333781895899e-10,6.6613381477509402e-16,13.6294924
g00_08,grid,variable_transverse,0.10000000000000001,3.16227766016838,120,1.0781691164732301,1.0664535915308999,0.0108149323085351,4.5453971829433099e-10,0,15.944106
g00_08,grid,variable_transverse,0.10000000000000001,3.16227766016838,130,0.99715483002093197,0.98557370579259895,0.011138119023243799,4.3714076353914201e-10,4.4408920985006301e-16,18.152528400000001
g00_08,grid,variable_transverse,0.10000000000000001,3.16227766016838,140,0.97550283832290696,0.96285242256873405,0.0123260227058448,4.5971130599281901e-10,3.3306690738754701e-16,20.573253399999999
g00_09,grid,variable_transverse,0.10000000000000001,4.8696752516586299,50,1.7571642237410401,1.7540613698582399,0.001663859216119,1.9285729746674401e-10,2.2204460492503099e-16,2.1846654999999999
g00_09,grid,variable_transverse,0.10000000000000001,4.8696752516586299,60,1.66895842730808,1.6767605033678601,0.0025887955933426,1.9346366589219002e-10,4.4408920985006301e-16,4.4197132000000003
g00_09,grid,variable_transverse,0.10000000000000001,4.8696752516586299,70,1.33387469665622,1.3341314404161599,0.0031148490639079998,2.38905589191233e-10,0,6.6284713000000002
g00_09,grid,variable_transverse,0.10000000000000001,4.8696752516586299,80,1.4000551417570599,1.39638646325233,0.0041140331850504997,1.95983548343167e-10,2.2204460492503099e-16,8.9301736999999992
g00_09,grid,variable_transverse,0.10000000000000001,4.8696752516586299,90,1.21633400096903,1.2110827640091999,0.0048309484744636002,3.1661373871506603e-10,8.8817841970012494e-16,11.291181099999999
g00_09,grid,variable_transverse,0.10000000000000001,4.8696752516586299,110,1.12927231879719,1.1265829105165901,0.0063907909812649004,6.4064828307919901e-10,4.4408920985006301e-16,13.559365
g00_09,grid,variable_transverse,0.10000000000000001,4.8696752516586299,120,1.08208040539745,1.07369334024219,0.0074826790071785996,4.3423762862160301e-10,2.2204460492503099e-16,15.9228171
g00_09,grid,variable_transverse,0.10000000000000001,4.8696752516586299,130,1.0011819162186799,0.99303412158516302,0.0077020431587951996,4.3361984899812102e-10,0,18.142148500000001
g00_09,grid,variable_transverse,0.10000000000000001,4.8696752516586299,140,0.97995791210512595,0.97111348721202495,0.0085176166209260003,4.0096388544256801e-10,0,20.3336729
g00_10,grid,variable_transverse,0.10000000000000001,7.4989420933245601,50,1.75776051621569,1.75519154989346,0.001129794407324,1.9521595085887401e-10,4.4408920985006301e-16,2.3256972
g00_10,grid,variable_transverse,0.10000000000000001,7.4989420933245601,60,1.6698866858492001,1.67851820031157,0.0017597428691623,4.07629063062305e-10,2.2204460492503099e-16,4.579358
g00_10,grid,variable_transverse,0.10000000000000001,7.4989420933245601,70,1.3349917109485601,1.33624603350995,0.0021178376333508002,5.1738629280014102e-10,6.6613381477509402e-16,6.8782962999999997
g00_10,grid,variable_transverse,0.10000000000000001,7.4989420933245601,80,1.4015308911448701,1.3991718945109299,0.0027988207861177998,3.8498632098965101e-10,4.4408920985006301e-16,9.1610145000000003
g00_10,grid,variable_transverse,0.10000000000000001,7.4989420933245601,90,1.21806727366859,1.21436041967215,0.0032879331246009999,6.96324868635079e-10,2.2204460492503099e-16,11.809257199999999
g00_10,grid,variable_transverse,0.10000000000000001,7.4989420933245601,110,1.1315660248091599,1.1309157697923899,0.0043525809959132997,4.8118340730947199e-10,4.4408920985006301e-16,14.202260300000001
g00_10,grid,variable_transverse,0.10000000000000001,7.4989420933245601,120,1.08476638415124,1.0787616918713501,0.0050976978641488003,9.3449181304939693e-10,4.4408920985006301e-16,16.815190600000001
g00_10,grid,variable_transverse,0.10000000000000001,7.4989420933245601,130,1.00394605393392,0.99825352210626495,0.0052448760131917002,4.6347886772393202e-10,4.4408920985006301e-16,19.077430100000001
g00_10,grid,variable_transverse,0.10000000000000001,7.4989420933245601,140,0.98301396684505304,0.97688821805498804,0.0057972574004231002,1.1110514383559901e-09,4.4408920985006301e-16,21.366524900000002
g00_11,grid,variable_transverse,0.10000000000000001,11.547819846894599,50,1.7581630929327701,1.7559656526613101,0.00075815010476219997,1.45931998916061e-10,4.4408920985006301e-16,2.3765494
g00_11,grid,variable_transverse,0.10000000000000001,11.547819846894599,60,1.6705139875716299,1.6797236378678899,0.0011818675144121,1.5721897130051201e-10,0,4.7520502000000002
g00_11,grid,variable_transverse,0.10000000000000001,11.547819846894599,70,1.33574673408916,1.33769663543469,0.0014226393380630999,1.4512924771304401e-10,2.2204460492503099e-16,7.0099679000000004
g00_11,grid,variable_transverse,0.10000000000000001,11.547819846894599,80,1.40252890461331,1.40108406597961,0.001880908803917,4.2828518755930398e-10,1.33226762955019e-15,9.2425259999999998
g00_11,grid,variable_transverse,0.10000000000000001,11.547819846894599,90,1.2192398810371501,1.2166115777940401,0.0022103172269169998,2.3476691377121701e-10,0,11.6069552
g00_11,grid,variable_transverse,0.10000000000000001,11.547819846894599,110,1.1331187129237501,1.13389418715456,0.002927488092251,3.1547126256248599e-10,2.2204460492503099e-16,14.1219676
g00_11,grid,variable_transverse,0.10000000000000001,11.547819846894599,120,1.0865850497674601,1.0822469966097199,0.0034292904344457999,1.69223650487736e-10,6.6613381477509402e-16,16.550363300000001
g00_11,grid,variable_transverse,0.10000000000000001,11.547819846894599,130,1.00581691958057,1.0018408541121,0.0035271110686117,3.8692761022019499e-10,2.2204460492503099e-16,19.088285299999999
g00_11,grid,variable_transverse,0.10000000000000001,11.547819846894599,140,0.98508147857380401,0.98085474739224499,0.0038970868441546998,2.1221700389903399e-10,6.6613381477509402e-16,21.432023099999999
g00_12,grid,variable_transverse,0.10000000000000001,17.7827941003892,50,1.7584320258924999,1.7564885831489501,0.00050407441683450005,1.02944497817234e-10,2.2204460492503099e-16,2.5664104000000001
g00_12,grid,variable_transverse,0.10000000000000001,17.7827941003892,60,1.6709333522758001,1.68053875661929,0.00078628776407280003,2.72226636984691e-10,0,5.0501766000000003
g00_12,grid,variable_transverse,0.10000000000000001,17.7827941003892,70,1.3362515679973299,1.3386777544136901,0.00094660734546789997,3.9167772626891402e-10,4.4408920985006301e-16,7.4380170999999997
g00_12,grid,variable_transverse,0.10000000000000001,17.7827941003892,80,1.40319646414094,1.4023780818803699,0.0012519346643698999,2.6972902519229603e-10,4.4408920985006301e-16,10.206156500000001
g00_12,grid,variable_transverse,0.10000000000000001,17.7827941003892,90,1.2200244425036399,1.2181355546789201,0.0014715328714413,3.7666312629933301e-10,4.4408920985006301e-16,12.7796179
g00_12,grid,variable_transverse,0.10000000000000001,17.7827941003892,110,1.1341580134089799,1.1359117463393,0.0019496549418751999,1.9346371018691002e-10,0,15.290048499999999
g00_12,grid,variable_transverse,0.10000000000000001,17.7827941003892,120,1.0878025684413299,1.0846085146226301,0.0022841072586138999,5.5154877005789398e-10,2.2204460492503099e-16,18.033807199999998
g00_12,grid,variable_transverse,0.10000000000000001,17.7827941003892,130,1.0070690092548999,1.0042705292998999,0.0023486522925337998,3.5926334128660303e-10,2.2204460492503099e-16,20.556152300000001
g00_12,grid,variable_transverse,0.10000000000000001,17.7827941003892,140,0.986464714759683,0.98354000790533103,0.0025942849828189999,8.1800014454910198e-10,4.4408920985006301e-16,23.284363299999999
g00_13,grid,variable_transverse,0.10000000000000001,27.384196342643602,50,1.75861021872685,1.75683799563222,0.00033280331510099999,1.04342801165628e-10,2.2204460492503099e-16,2.2757018000000002
g00_13,grid,variable_transverse,0.10000000000000001,27.384196342643602,60,1.6712113718041699,1.6810838131793799,0.00051936624882450001,1.4975553391342601e-10,2.2204460492503099e-16,4.8182613999999999
g00_13,grid,variable_transverse,0.10000000000000001,27.384196342643602,70,1.33658629135216,1.3393339248481,0.00062532730649260003,2.2649105359297801e-10,2.2204460492503099e-16,7.2293693000000001
g00_13,grid,variable_transverse,0.10000000000000001,27.384196342643602,80,1.4036392018725901,1.4032438676435099,0.00082721338230919996,1.9441883924766699e-10,2.2204460492503099e-16,9.5240621999999995
g00_13,grid,variable_transverse,0.10000000000000001,27.384196342643602,90,1.2205448822087499,1.2191554749176099,0.00097247340443529999,3.46528315684232e-10,2.2204460492503099e-16,12.172726600000001
g00_13,grid,variable_transverse,0.10000000000000001,27.384196342643602,110,1.13484762838608,1.13726256780127,0.0012887305538234999,2.4432217641993799e-10,2.2204460492503099e-16,14.7162612
g00_13,grid,variable_transverse,0.10000000000000001,27.384196342643602,120,1.0886105099846199,1.08618987426415,0.0015099032179737,3.9188015922864098e-10,2.2204460492503099e-16,17.272060799999998
g00_13,grid,variable_transverse,0.10000000000000001,27.384196342643602,130,1.0078997023051699,1.00589702599168,0.0015522672180285999,2.2109000401559399e-10,0,19.891765800000002
g00_13,grid,variable_transverse,0.10000000000000001,27.384196342643602,140,0.98738219342239497,0.98533699070506398,0.0017142618409038001,5.3984891800347903e-10,4.4408920985006301e-16,22.556849700000001
g00_14,grid,variable_transverse,0.10000000000000001,42.169650342858198,50,1.75872756823513,1.7570695188896801,0.00021859586780070001,1.2724516577635201e-10,4.4408920985006301e-16,2.9596361999999998
g00_14,grid,variable_transverse,0.10000000000000001,42.169650342858198,60,1.6713945345972401,1.6814451709221701,0.0003412474001265,1.7396473169579901e-10,4.4408920985006301e-16,5.5498525000000001
g00_14,grid,variable_transverse,0.10000000000000001,42.169650342858198,70,1.33680683104072,1.3397690026358,0.0004108989136065,1.6675167212972201e-10,6.6613381477509402e-16,8.0591147999999997
g00_14,grid,variable_transverse,0.10000000000000001,42.169650342858198,80,1.40393096522115,1.40381809778291,0.00054364232357809997,1.8406188949670201e-10,2.2204460492503099e-16,10.3882365
g00_14,grid,variable_transverse,0.10000000000000001,42.169650342858198,90,1.2208878991940799,1.21983206410914,0.00063918004108579995,1.58017261845748e-10,0,12.8027909
g00_14,grid,variable_transverse,0.10000000000000001,42.169650342858198,110,1.1353022302684901,1.13815891776302,0.00084716844941279997,2.6843812982789499e-10,8.8817841970012494e-16,15.185899300000001
g00_14,grid,variable_transverse,0.10000000000000001,42.169650342858198,120,1.08914314066318,1.08723929450053,0.00099259530612709999,3.60757097871628e-10,4.4408920985006301e-16,17.998968699999999
g00_14,grid,variable_transverse,0.10000000000000001,42.169650342858198,130,1.00844723867373,1.0069761462702,0.0010202990520052,3.3411444425311401e-10,8.8817841970012494e-16,20.8164035
g00_14,grid,variable_transverse,0.10000000000000001,42.169650342858198,140,0.987986827479025,0.986528927917663,0.001126614715463,2.8745175533110002e-10,1.11022302462516e-16,23.4215892
g00_15,grid,variable_transverse,0.10000000000000001,64.938163157621105,50,1.7588045072212599,1.75722197812869,0.00014305366170700001,1.22077155823027e-10,4.4408920985006301e-16,2.6222837999999999
g00_15,grid,variable_transverse,0.10000000000000001,64.938163157621105,60,1.67151465658401,1.68168322061035,0.00022336971904259999,2.3572869489241399e-10,4.4408920985006301e-16,5.6124039999999997
g00_15,grid,variable_transverse,0.10000000000000001,64.938163157621105,70,1.33695147459799,1.3400556419752001,0.00026897503281620003,3.5047457212055005e-10,4.4408920985006301e-16,8.1832615999999998
g00_15,grid,variable_transverse,0.10000000000000001,64.938163157621105,80,1.4041223468943,1.4041964896663199,0.0003559070228173,1.64231277842091e-10,4.4408920985006301e-16,10.656280199999999
g00_15,grid,variable_transverse,0.10000000000000001,64.938163157621105,90,1.2211129223346999,1.22027796553002,0.00041848542294369999,3.6919643141918302e-10,4.4408920985006301e-16,13.0793952
g00_15,grid,variable_transverse,0.10000000000000001,64.938163157621105,110,1.1356004893340701,1.1387497566528999,0.0005547108048175,3.0104346208769601e-10,2.2204460492503099e-16,15.3994301
g00_15,grid,variable_transverse,0.10000000000000001,64.938163157621105,120,1.08949260308735,1.0879310662180499,0.00064994617062050003,4.7979980634879802e-10,0,17.909511800000001
g00_15,grid,variable_transverse,0.10000000000000001,64.938163157621105,130,1.00880643662943,1.0076873725541999,0.00066801853890409999,2.3792903140781001e-10,2.2204460492503099e-16,20.457081800000001
g00_15,grid,variable_transverse,0.10000000000000001,64.938163157621105,140,0.98838343436521303,0.98731437142987299,0.00073755220565770001,8.3932505264004702e-10,5.5511151231257797e-16,23.429051699999999
g00_16,grid,variable_transverse,0.10000000000000001,100,50,1.7588547938304799,1.75732192596957,9.3378076831559506e-05,1.7438069427186601e-10,0,2.4896313000000001
g00_16,grid,variable_transverse,0.10000000000000001,100,60,1.6715931821180099,1.6818393218746901,0.0001458266210483,3.1741746118028601e-10,0,4.9662464000000002
g00_16,grid,variable_transverse,0.10000000000000001,100,70,1.33704603427627,1.3402436174851899,0.00017560601723129999,3.4605246133689702e-10,0,7.4213091999999996
g00_16,grid,variable_transverse,0.10000000000000001,100,80,1.40424747242026,1.4044446697562101,0.00023237802386649999,3.4961008567484901e-10,4.4408920985006301e-16,9.5733425000000008
g00_16,grid,variable_transverse,0.10000000000000001,100,90,1.22126005230124,1.2205704502913299,0.00027325084632550003,3.9874163685726703e-10,8.8817841970012494e-16,11.66174
g00_16,grid,variable_transverse,0.10000000000000001,100,110,1.13579551868771,1.1391373557795399,0.00036222062062419999,3.3035690256720598e-10,6.6613381477509402e-16,13.7500293
g00_16,grid,variable_transverse,0.10000000000000001,100,120,1.0897211172944801,1.08838489147069,0.0004244127571585,5.0681414681179902e-10,0,15.849738500000001
g00_16,grid,variable_transverse,0.10000000000000001,100,130,1.00904129658278,1.00815390237098,0.0004361832397015,4.5038430137257602e-10,2.2204460492503099e-16,17.875480100000001
g00_16,grid,variable_transverse,0.10000000000000001,100,140,0.98864273199936303,0.98782952112804301,0.00048155219557240002,7.4244370241049696e-10,1.11022302462516e-16,19.922256600000001
g01_00,grid,variable_transverse,0.15550791539731901,0.10000000000000001,50,2.6681563883000901,2.6373724874961901,0.027692271646314801,1.5423527741025401e-10,0,2.5871738
g01_00,grid,variable_transverse,0.15550791539731901,0.10000000000000001,60,2.5060262893555301,2.4842209819746199,0.042668452774719798,1.4037719612204199e-10,0,5.0558617999999997
g01_00,grid,variable_transverse,0.15550791539731901,0.10000000000000001,70,1.9594946710234,1.9143670497045,0.051522420771404898,1.9594871246882199e-10,1.33226762955019e-15,7.5553537999999998
g01_00,grid,variable_transverse,0.15550791539731901,0.10000000000000001,80,2.0233617272262201,1.9572947735641499,0.067796701866361705,1.6928246693588701e-10,0,9.9673256000000006
g01_00,grid,variable_transverse,0.15550791539731901,0.10000000000000001,90,1.7099976508661501,1.6291499882290501,0.079853116340433794,2.4265536883127901e-10,2.2204460492503099e-16,12.1583781
g01_00,grid,variable_transverse,0.15550791539731901,0.10000000000000001,110,1.51926341655066,1.42000360005061,0.10673299075623099,3.1144919179659902e-10,2.2204460492503099e-16,14.2612294
g01_00,grid,variable_transverse,0.15550791539731901,0.10000000000000001,120,1.4012176882946199,1.27416625529293,0.12572686764094901,3.0865499333727498e-10,4.4408920985006301e-16,16.4180727
g01_00,grid,variable_transverse,0.15550791539731901,0.10000000000000001,130,1.26466742272074,1.1320947330108899,0.13209258897722101,3.6623566585237099e-10,4.4408920985006301e-16,18.458753300000001
g01_00,grid,variable_transverse,0.15550791539731901,0.10000000000000001,140,1.1973879176054201,1.04803872517313,0.149103602403931,3.4057255471105005e-10,4.4408920985006301e-16,20.518662200000001
g01_01,grid,variable_transverse,0.15550791539731901,0.15399265260594899,50,2.68004573833892,2.64987926026259,0.027069981653751098,4.3055689725708897e-11,8.8817841970012494e-16,1.9659882
g01_01,grid,variable_transverse,0.15550791539731901,0.15399265260594899,60,2.5243435629748299,2.50351653359008,0.041702069202877903,1.5806288894767599e-10,1.33226762955019e-15,4.1310745999999998
g01_01,grid,variable_transverse,0.15550791539731901,0.15399265260594899,70,1.98159534486342,1.9377339716175099,0.050277011767804601,1.16100312547463e-10,0,6.0920028000000004
g01_01,grid,variable_transverse,0.15550791539731901,0.15399265260594899,80,2.0524266852226098,1.98794683634737,0.066083847995480893,1.4956131334469901e-10,0,7.9976399000000002
g01_01,grid,variable_transverse,0.15550791539731901,0.15399265260594899,90,1.7442036629447799,1.66552394089086,0.077713259810928498,2.2813594375159899e-10,0,10.0205818
g01_01,grid,variable_transverse,0.15550791539731901,0.15399265260594899,110,1.5648687800802401,1.46900435386267,0.10335968306573701,2.7000331045469902e-10,0,12.184610299999999
g01_01,grid,variable_transverse,0.15550791539731901,0.15399265260594899,120,1.45486055415104,1.3320672035082499,0.12140351755267501,2.9875832734535699e-10,2.2204460492503099e-16,14.350959599999999
g01_01,grid,variable_transverse,0.15550791539731901,0.15399265260594899,130,1.32089659429192,1.19339513370994,0.12697378494730499,3.7008363185513902e-10,0,16.250197499999999
g01_01,grid,variable_transverse,0.15550791539731901,0.15399265260594899,140,1.2607318965657199,1.1176981285874701,0.142761496506639,3.1930873245672702e-10,6.6613381477509402e-16,18.050361599999999
g01_02,grid,variable_transverse,0.15550791539731901,0.23713737056616599,50,2.6912832670755402,2.6634389086609298,0.024743220751830799,1.26205234021831e-10,0,1.9496378000000001
g01_02,grid,variable_transverse,0.15550791539731901,0.23713737056616599,60,2.5416553037663001,2.5244218148187398,0.038119511195709999,1.09634347982215e-10,1.7763568394002501e-15,3.9824060000000001
g01_02,grid,variable_transverse,0.15550791539731901,0.23713737056616599,70,2.00245289106071,1.9629895137398601,0.045898098240522003,1.1833164953622299e-10,8.8817841970012494e-16,6.0304289000000004
g01_02,grid,variable_transverse,0.15550791539731901,0.23713737056616599,80,2.07982907011746,2.0210396976970402,0.060274671723464103,2.5359733019139401e-10,4.4408920985006301e-16,8.0779999999999994
g01_02,grid,variable_transverse,0.15550791539731901,0.23713737056616599,90,1.7764078041655,1.7046719540010999,0.070795103592462105,1.5224832567986701e-10,8.8817841970012494e-16,10.0078865
g01_02,grid,variable_transverse,0.15550791539731901,0.23713737056616599,110,1.60761032586813,1.52135603770051,0.0937709067272091,3.4300037025173603e-10,0,12.013071099999999
g01_02,grid,variable_transverse,0.15550791539731901,0.23713737056616599,120,1.5050014193713599,1.3936761316919799,0.109873790859353,2.5692076107821003e-10,2.2204460492503099e-16,14.103303199999999
g01_02,grid,variable_transverse,0.15550791539731901,0.23713737056616599,130,1.37323610199771,1.25818831779408,0.11447557315016001,4.58763987051785e-10,8.8817841970012494e-16,16.2395712
g01_02,grid,variable_transverse,0.15550791539731901,0.23713737056616599,140,1.3194767693771501,1.19091221477058,0.12826513556819999,1.97489168869587e-10,0,18.2108244
g01_03,grid,variable_transverse,0.15550791539731901,0.365174127254838,50,2.70124731687716,2.67685759502245,0.021284444854127699,1.36424090349883e-10,0,1.8619173
g01_03,grid,variable_transverse,0.15550791539731901,0.365174127254838,60,2.5570083394923002,2.5451004540861799,0.032803450591276498,2.16334872621151e-10,8.8817841970012494e-16,3.6283039000000001
g01_03,grid,variable_transverse,0.15550791539731901,0.365174127254838,70,2.02092969506413,1.98792111283286,0.0394597423506109,1.8448464823035699e-10,0,5.4103772000000001
g01_03,grid,variable_transverse,0.15550791539731901,0.365174127254838,80,2.1040861924085901,2.0536742255357301,0.0517919331110437,2.3512978653615098e-10,8.8817841970012494e-16,7.1148558
g01_03,grid,variable_transverse,0.15550791539731901,0.365174127254838,90,1.8048868903260999,1.7431839685067601,0.060784543818100598,3.7797165711683002e-10,4.4408920985006301e-16,8.9403346999999993
g01_03,grid,variable_transverse,0.15550791539731901,0.365174127254838,110,1.6452729683215499,1.57253914008911,0.080269743210650404,4.4869983016302399e-10,4.4408920985006301e-16,10.9677463
g01_03,grid,variable_transverse,0.15550791539731901,0.365174127254838,120,1.5490905877947601,1.4536991837717399,0.093885393715836402,4.1311589721564399e-10,2.2204460492503099e-16,12.963752100000001
g01_03,grid,variable_transverse,0.15550791539731901,0.365174127254838,130,1.41910013215959,1.32097241048113,0.097516430228623802,5.8130383989714898e-10,4.4408920985006301e-16,14.881554
g01_03,grid,variable_transverse,0.15550791539731901,0.365174127254838,140,1.37079039661683,1.2615202855862899,0.10894523043705499,4.1135905578242703e-10,4.4408920985006301e-16,16.955787399999998
g01_04,grid,variable_transverse,0.15550791539731901,0.56234132519034896,50,2.70959841794759,2.68910873606898,0.017380933729356899,1.9882149020599601e-10,8.8817841970012494e-16,1.764087
g01_04,grid,variable_transverse,0.15550791539731901,0.56234132519034896,60,2.5698834516635101,2.56397837699773,0.026808509074183699,2.86763450149114e-10,0,3.6366439000000002
g01_04,grid,variable_transverse,0.15550791539731901,0.56234132519034896,70,2.0364125944757601,2.0106472865889402,0.032229903881335301,3.9983773509516302e-10,4.4408920985006301e-16,5.4681816000000003
g01_04,grid,variable_transverse,0.15550791539731901,0.56234132519034896,80,2.1244060719628601,2.08339956692146,0.042297893844221203,2.2608052987390401e-10,0,7.1729013000000004
g01_04,grid,variable_transverse,0.15550791539731901,0.56234132519034896,90,1.8287305002796801,1.77820368742341,0.0496270637463724,5.2857162954047696e-10,4.4408920985006301e-16,8.8936480000000007
g01_04,grid,variable_transverse,0.15550791539731901,0.56234132519034896,110,1.6767296823770499,1.61886287593981,0.065419099460392496,4.4011494116524201e-10,0,10.632823399999999
g01_04,grid,variable_transverse,0.15550791539731901,0.56234132519034896,120,1.58586164415445,1.50787739419234,0.076432670867369296,7.7286794827018202e-10,2.2204460492503099e-16,12.556300200000001
g01_04,grid,variable_transverse,0.15550791539731901,0.56234132519034896,130,1.4572471590046501,1.37740459688938,0.079198734289300105,4.1907179972803701e-10,4.4408920985006301e-16,14.5773718
g01_04,grid,variable_transverse,0.15550791539731901,0.56234132519034896,140,1.41335718276834,1.3247413127718199,0.088268630611344406,9.0547766469662903e-10,8.8817841970012494e-16,16.512484100000002
g01_05,grid,variable_transverse,0.15550791539731901,0.86596432336006501,50,2.7162734545087801,2.6995658224108401,0.013596126213629101,2.0589962738029399e-10,1.33226762955019e-15,2.02983
g01_05,grid,variable_transverse,0.15550791539731901,0.86596432336006501,60,2.5801846802480899,2.5800983774759398,0.020995950701526898,2.52752127473487e-10,4.4408920985006301e-16,3.9919345000000002
g01_05,grid,variable_transverse,0.15550791539731901,0.86596432336006501,70,2.04879532455214,2.0300343365931202,0.0252360946739544,3.1210342734956103e-10,8.8817841970012494e-16,5.9097581999999997
g01_05,grid,variable_transverse,0.15550791539731901,0.86596432336006501,80,2.14065878420389,2.1087494646414,0.033129486098077802,4.8139164202869901e-10,8.8817841970012494e-16,7.6715501000000001
g01_05,grid,variable_transverse,0.15550791539731901,0.86596432336006501,90,1.84779992094643,1.8080403832108101,0.038874755122757503,3.1064611081846502e-10,0,9.3920609000000006
g01_05,grid,variable_transverse,0.15550791539731901,0.86596432336006501,110,1.70185734312439,1.65821052901273,0.051212279497350903,2.8957264632756901e-10,0,11.0879621
g01_05,grid,variable_transverse,0.15550791539731901,0.86596432336006501,120,1.615212183533,1.5538156154383,0.059808571597429201,4.0341813200709599e-10,4.4408920985006301e-16,12.914726699999999
g01_05,grid,variable_transverse,0.15550791539731901,0.86596432336006501,130,1.48763186614844,1.42510274965554,0.0618592640748779,5.4284084308671904e-10,4.4408920985006301e-16,14.976194899999999
g01_05,grid,variable_transverse,0.15550791539731901,0.86596432336006501,140,1.447188513385,1.37801494407089,0.068807672354500901,4.8691376434113001e-10,1.1102230246251601e-15,17.119903900000001
g01_06,grid,variable_transverse,0.15550791539731901,1.33352143216332,50,2.7214051390426501,2.7080224346235702,0.010269105146633799,1.6711477916619501e-10,1.33226762955019e-15,1.9415751999999999
g01_06,grid,variable_transverse,0.15550791539731901,1.33352143216332,60,2.5881149358449198,2.59314690015814,0.015882419623543999,2.1546068683604299e-10,1.33226762955019e-15,4.0195286000000001
g01_06,grid,variable_transverse,0.15550791539731901,1.33352143216332,70,2.0583270733944801,2.04571962589573,0.0190904875907166,2.2227391974856301e-10,0,6.1568313999999997
g01_06,grid,variable_transverse,0.15550791539731901,1.33352143216332,80,2.1531754147215501,2.1292627391116099,0.025077639805399898,3.8424563881740899e-10,4.4408920985006301e-16,7.9906151000000003
g01_06,grid,variable_transverse,0.15550791539731901,1.33352143216332,90,1.8624899216911801,1.8321773893608799,0.029439418165110299,4.49243913719953e-10,2.2204460492503099e-16,9.7987122000000006
g01_06,grid,variable_transverse,0.15550791539731901,1.33352143216332,110,1.7212104829975901,1.6899943402255799,0.038791740196321901,4.2980255481186502e-10,4.4408920985006301e-16,11.477692100000001
g01_06,grid,variable_transverse,0.15550791539731901,1.33352143216332,120,1.6378139597347201,1.59089106592269,0.045306813440019598,3.7555595663931901e-10,4.4408920985006301e-16,13.1827688
g01_06,grid,variable_transverse,0.15550791539731901,1.33352143216332,130,1.5109921174571199,1.4635081432532899,0.0467939238744675,6.2371540966059406e-10,2.2204460492503099e-16,14.979846200000001
g01_06,grid,variable_transverse,0.15550791539731901,1.33352143216332,140,1.47315185891625,1.4208058362532301,0.051965162671854602,5.8940437306475202e-10,4.4408920985006301e-16,16.905691399999998
g01_07,grid,variable_transverse,0.15550791539731901,2.0535250264571498,50,2.7252265393797499,2.71457596955333,0.0075354393070893996,1.3739808628821801e-10,0,2.0575684999999999
g01_07,grid,variable_transverse,0.15550791539731901,2.0535250264571498,60,2.5940299364986199,2.6032734519876799,0.0116743750428499,2.0939821746220401e-10,4.4408920985006301e-16,4.1648344000000002
g01_07,grid,variable_transverse,0.15550791539731901,2.0535250264571498,70,2.0654374353919698,2.0578910326235098,0.014035258389593901,3.8692014366957901e-10,0,6.7450725
g01_07,grid,variable_transverse,0.15550791539731901,2.0535250264571498,80,2.1625193406227101,2.1451903555349001,0.018452449686046601,3.1632243585153699e-10,1.33226762955019e-15,9.1866786999999999
g01_07,grid,variable_transverse,0.15550791539731901,2.0535250264571498,90,1.8734621509528999,1.8509226372123599,0.0216752612541577,5.6992620832141302e-10,4.4408920985006301e-16,11.535202399999999
g01_07,grid,variable_transverse,0.15550791539731901,2.0535250264571498,110,1.73567335206006,1.7146727117283,0.0285837559304358,5.5703031346359302e-10,0,13.822828400000001
g01_07,grid,variable_transverse,0.15550791539731901,2.0535250264571498,120,1.65470868109341,1.6196742418784,0.0333973237679525,5.5898646621550398e-10,0,15.942893
g01_07,grid,variable_transverse,0.15550791539731901,2.0535250264571498,130,1.52843180564239,1.49327120279461,0.034455257025979402,5.9282104313325801e-10,8.8817841970012494e-16,18.0563872
g01_07,grid,variable_transverse,0.15550791539731901,2.0535250264571498,140,1.4925059261263101,1.4539025045787299,0.038210949389611101,5.9084810498800797e-10,6.6613381477509402e-16,20.306550900000001
g01_08,grid,variable_transverse,0.15550791539731901,3.16227766016838,50,2.7279977073981398,2.7194846950524201,0.0053967941348011996,9.5192655171546296e-11,4.4408920985006301e-16,2.1154461000000002
g01_08,grid,variable_transverse,0.15550791539731901,3.16227766016838,60,2.5983267002430201,2.6108717641294801,0.0083753604085553008,2.12399067206805e-10,4.4408920985006301e-16,4.2546302000000003
g01_08,grid,variable_transverse,0.15550791539731901,3.16227766016838,70,2.07060379360933,2.0670248713759301,0.0100719392577138,2.3102413324107899e-10,0,6.3345416999999999
g01_08,grid,variable_transverse,0.15550791539731901,3.16227766016838,80,2.16931454612959,2.1571539257818499,0.013253694009783599,2.0516465383271001e-10,0,8.6972003000000004
g01_08,grid,variable_transverse,0.15550791539731901,3.16227766016838,90,1.88144670692872,1.86501003554488,0.015578988403205599,2.0116359714820901e-10,2.2204460492503099e-16,11.2051613
g01_08,grid,variable_transverse,0.15550791539731901,3.16227766016838,110,1.74620786705376,1.7332306727487199,0.020565731367725201,3.1546332166908801e-10,6.6613381477509402e-16,13.5393588
g01_08,grid,variable_transverse,0.15550791539731901,3.16227766016838,120,1.66702013322374,1.64132645107125,0.0240412001358031,4.1885954721856802e-10,6.6613381477509402e-16,15.8032027
g01_08,grid,variable_transverse,0.15550791539731901,3.16227766016838,130,1.54112774403835,1.5156301926837199,0.024780882899690701,3.0798719012735602e-10,0,18.1040241
g01_08,grid,variable_transverse,0.15550791539731901,3.16227766016838,140,1.5065780301537901,1.4787255106497701,0.0274512970295272,3.7563323711475503e-10,8.8817841970012494e-16,20.163853700000001
g01_09,grid,variable_transverse,0.15550791539731901,4.8696752516586299,50,2.72996256410973,2.7230597228387001,0.0037858678818945999,2.17205237364193e-10,4.4408920985006301e-16,2.1728641
g01_09,grid,variable_transverse,0.15550791539731901,4.8696752516586299,60,2.6013782888094199,2.6164159494883101,0.0058845565771543998,1.5402807304539601e-10,4.4408920985006301e-16,4.4624259999999998
g01_09,grid,variable_transverse,0.15550791539731901,4.8696752516586299,70,2.0742740610136301,2.07369127173332,0.0070787248933697,2.7181027593752299e-10,0,6.9777028000000003
g01_09,grid,variable_transverse,0.15550791539731901,4.8696752516586299,80,2.1741462230968001,2.1658947542178799,0.0093227953029992004,2.7867519602873502e-10,8.8817841970012494e-16,9.3936694999999997
g01_09,grid,variable_transverse,0.15550791539731901,4.8696752516586299,90,1.8871278105496501,1.87530948660442,0.010965401404097699,3.7569156279430203e-10,4.4408920985006301e-16,11.894776
g01_09,grid,variable_transverse,0.15550791539731901,4.8696752516586299,110,1.75371117626321,1.7468131563999001,0.0144903792495299,3.2542456501684198e-10,0,14.5824739
g01_09,grid,variable_transverse,0.15550791539731901,4.8696752516586299,120,1.67579351594774,1.6571826206915401,0.0169474351996237,4.3478779238757901e-10,2.2204460492503099e-16,17.059147400000001
g01_09,grid,variable_transverse,0.15550791539731901,4.8696752516586299,130,1.5501679426555599,1.5319865059551101,0.017456572864359102,4.15466125653045e-10,0,19.333151900000001
g01_09,grid,variable_transverse,0.15550791539731901,4.8696752516586299,140,1.5165880038066499,1.4968599866185299,0.019320379425047399,5.0700909851000702e-10,2.2204460492503099e-16,21.672018399999999
g01_10,grid,variable_transverse,0.15550791539731901,7.4989420933245601,50,2.7313292214014502,2.72560228618809,0.0026094466449648,1.52816933932523e-10,1.7763568394002501e-15,2.1213690999999999
g01_10,grid,variable_transverse,0.15550791539731901,7.4989420933245601,60,2.6035039282461301,2.6203659724992701,0.0040614187882386001,1.4431484244749399e-10,8.8817841970012494e-16,4.2734728999999998
g01_10,grid,variable_transverse,0.15550791539731901,7.4989420933245601,70,2.0768314078323402,2.0784423650194999,0.0048869909869452997,1.59532857435414e-10,0,6.5165896999999999
g01_10,grid,variable_transverse,0.15550791539731901,7.4989420933245601,80,2.17751547422582,2.1721306456682599,0.0064409077587888001,2.6668020106121401e-10,0,8.9159799
g01_10,grid,variable_transverse,0.15550791539731901,7.4989420933245601,90,1.89109174737999,1.88266232099279,0.0075798802805496996,2.46072601343135e-10,4.4408920985006301e-16,11.427892699999999
g01_10,grid,variable_transverse,0.15550791539731901,7.4989420933245601,110,1.75895165264325,1.7565211681786801,0.010025490304016201,3.25779322443361e-10,8.8817841970012494e-16,13.918259900000001
g01_10,grid,variable_transverse,0.15550791539731901,7.4989420933245601,120,1.6819237963567699,1.6685225015946401,0.0117301468345426,3.33963630426074e-10,8.8817841970012494e-16,16.768747600000001
g01_10,grid,variable_transverse,0.15550791539731901,7.4989420933245601,130,1.55648066897542,1.5436741860379499,0.012075815740020601,6.94415964315708e-10,0,19.2918983
g01_10,grid,variable_transverse,0.15550791539731901,7.4989420933245601,140,1.52357234399583,1.5098042605430699,0.0133558610879512,3.50965300825787e-10,4.4408920985006301e-16,21.6373712
g01_11,grid,variable_transverse,0.15550791539731901,11.547819846894599,50,2.7322645296327299,2.72737429231822,0.0017724020423785,1.9953409801138501e-10,8.8817841970012494e-16,2.3307014000000001
g01_11,grid,variable_transverse,0.15550791539731901,11.547819846894599,60,2.6049604374775002,2.62312314705084,0.0027616059658071,2.9813328714406103e-10,1.7763568394002501e-15,4.5181931999999998
g01_11,grid,variable_transverse,0.15550791539731901,11.547819846894599,70,2.0785841875117601,2.0817597468300102,0.0033237571060029001,3.1561495343157401e-10,4.4408920985006301e-16,6.7420755999999997
g01_11,grid,variable_transverse,0.15550791539731901,11.547819846894599,80,2.1798262382190101,2.1764886709879101,0.0043831434777301002,3.2080010194908599e-10,2.2204460492503103e-15,8.9245584999999998
g01_11,grid,variable_transverse,0.15550791539731901,11.547819846894599,90,1.8938117136266599,1.88780403332958,0.0051604837813082,3.3818116448690698e-10,6.6613381477509402e-16,11.1968108
g01_11,grid,variable_transverse,0.15550791539731901,11.547819846894599,110,1.7625504324188399,1.76331701857279,0.0068302255817963,3.20740261471577e-10,4.4408920985006301e-16,13.722884000000001
g01_11,grid,variable_transverse,0.15550791539731901,11.547819846894599,120,1.6861350943179001,1.67646475448363,0.0079939015134965,3.1414709009393298e-10,0,16.291236900000001
g01_11,grid,variable_transverse,0.15550791539731901,11.547819846894599,130,1.56081514123555,1.5518545736678,0.0082258722171454999,3.7672492792889899e-10,4.4408920985006301e-16,18.623881900000001
g01_11,grid,variable_transverse,0.15550791539731901,11.547819846894599,140,1.52836504150737,1.5188565401598899,0.0090930744110825999,4.5795746435849902e-10,1.33226762955019e-15,21.1747263
g01_12,grid,variable_transverse,0.15550791539731901,17.7827941003892,50,2.7328961589629399,2.7285884343722202,0.0011896583499817,2.0618182269078301e-10,8.8817841970012494e-16,2.2980977
g01_12,grid,variable_transverse,0.15550791539731901,17.7827941003892,60,2.60594499367099,2.6250147008331299,0.0018551840896257,9.6881568527981093e-11,0,4.6393782000000003
g01_12,grid,variable_transverse,0.15550791539731901,17.7827941003892,70,2.07976926924565,2.0840362569900299,0.0022332479193722999,1.3086883319087301e-10,4.4408920985006301e-16,6.9741207999999997
g01_12,grid,variable_transverse,0.15550791539731901,17.7827941003892,80,2.1813893793746102,2.1794814829934199,0.0029463437306247002,2.8836224192896004e-10,4.4408920985006301e-16,9.0646377999999999
g01_12,grid,variable_transverse,0.15550791539731901,17.7827941003892,90,1.8956523741090101,1.8913367646885799,0.0034700207708851,2.0910520632407101e-10,4.4408920985006301e-16,11.349293400000001
g01_12,grid,variable_transverse,0.15550791539731901,17.7827941003892,110,1.76498726685355,1.76799021359009,0.0045950827987701996,3.5230476204071601e-10,2.2204460492503099e-16,13.5614443
g01_12,grid,variable_transverse,0.15550791539731901,17.7827941003892,120,1.68898737089476,1.68192836538688,0.0053789797264427999,2.6356821267877503e-10,6.6613381477509402e-16,15.879613900000001
g01_12,grid,variable_transverse,0.15550791539731901,17.7827941003892,130,1.5637496984996799,1.5574790696662599,0.0055331844010489996,5.6199873578244904e-10,6.6613381477509402e-16,18.392488499999999
g01_12,grid,variable_transverse,0.15550791539731901,17.7827941003892,140,1.5316083533351099,1.5250765782467199,0.0061141497438030002,2.2405896866301201e-10,6.6613381477509402e-16,20.816842900000001
g01_13,grid,variable_transverse,0.15550791539731901,27.384196342643602,50,2.7333181957891699,2.7294088575235498,0.00079111940790589999,2.8700389623585299e-10,0,2.3454016000000002
g01_13,grid,variable_transverse,0.15550791539731901,27.384196342643602,60,2.60660333329117,2.62629413717351,0.0012344723581474001,1.9264870523365402e-10,8.8817841970012494e-16,4.7738073999999999
g01_13,grid,variable_transverse,0.15550791539731901,27.384196342643602,70,2.0805618262058601,2.0855764183601799,0.0014862556518483001,1.99231357494829e-10,4.4408920985006301e-16,7.2124280000000001
g01_13,grid,variable_transverse,0.15550791539731901,27.384196342643602,80,2.1824351715321901,2.1815073810151602,0.0019614562266162001,2.1380000122245701e-10,8.8817841970012494e-16,9.6168320999999999
g01_13,grid,variable_transverse,0.15550791539731901,27.384196342643602,90,1.8968841906035001,1.8937290465677901,0.0023106411995995999,4.2437878011497198e-10,0,11.8713544
g01_13,grid,variable_transverse,0.15550791539731901,27.384196342643602,110,1.76661874374501,1.7711567439193701,0.0030608432660118,5.5872854869244205e-10,4.4408920985006301e-16,14.0233686
g01_13,grid,variable_transverse,0.15550791539731901,27.384196342643602,120,1.6908972821305499,1.6856314315146701,0.0035834213798407,4.1701670360660503e-10,0,16.273503099999999
g01_13,grid,variable_transverse,0.15550791539731901,27.384196342643602,130,1.56571411111318,1.5612896324429499,0.0036851842380894,4.4633654474094399e-10,6.6613381477509402e-16,18.510503100000001
g01_13,grid,variable_transverse,0.15550791539731901,27.384196342643602,140,1.533778719726,1.52928864761566,0.0040709616233340004,5.6110062657632009e-10,0,20.766407699999998
g01_14,grid,variable_transverse,0.15550791539731901,42.169650342858198,50,2.7335978794655098,2.7299571702309602,0.00052239012579290004,1.9687896269141601e-10,8.8817841970012494e-16,2.4374652999999999
g01_14,grid,variable_transverse,0.15550791539731901,42.169650342858198,60,2.6070398543389302,2.6271498658953298,0.00081551996775529995,3.36031091333209e-10,8.8817841970012494e-16,4.8627208
g01_14,grid,variable_transverse,0.15550791539731901,42.169650342858198,70,2.0810874072238601,2.0866067035358702,0.00098195594656659991,3.9104449871842004e-10,4.4408920985006301e-16,7.2792933
g01_14,grid,variable_transverse,0.15550791539731901,42.169650342858198,80,2.1831288743037902,2.1828631523595701,0.0012962098992381,3.9902342343602003e-10,1.33226762955019e-15,9.5654544999999995
g01_14,grid,variable_transverse,0.15550791539731901,42.169650342858198,90,1.89770145823306,1.89533045244044,0.0015272281327742001,3.2080856373865004e-10,2.2204460492503099e-16,11.870131900000001
g01_14,grid,variable_transverse,0.15550791539731901,42.169650342858198,110,1.7677014767360999,1.7732773322856801,0.0020235275486634001,3.6832681000883803e-10,8.8817841970012494e-16,14.3271198
g01_14,grid,variable_transverse,0.15550791539731901,42.169650342858198,120,1.69216491318984,1.6881117274419799,0.0023691607080188999,6.2347300325869203e-10,4.4408920985006301e-16,16.523371300000001
g01_14,grid,variable_transverse,0.15550791539731901,42.169650342858198,130,1.5670176143866299,1.5638411286867,0.0024359591867646,6.03146722968571e-10,2.2204460492503099e-16,18.692632499999998
g01_14,grid,variable_transverse,0.15550791539731901,42.169650342858198,140,1.53521853227899,1.5321080184165901,0.0026904111198588002,6.4673177178649105e-10,0,21.0247633
g01_15,grid,variable_transverse,0.15550791539731901,64.938163157621105,50,2.73378208810932,2.730320546522,0.0003431568055695,1.6363726063499301e-10,0,2.3726357999999999
g01_15,grid,variable_transverse,0.15550791539731901,64.938163157621105,60,2.6073274749128901,2.6277172860303799,0.00053588849960030003,2.1297160055224101e-10,0,4.5293343000000004
g01_15,grid,variable_transverse,0.15550791539731901,64.938163157621105,70,2.08143373965996,2.0872899545102301,0.00064530314307519997,2.2043464694509101e-10,1.33226762955019e-15,6.8300568999999998
g01_15,grid,variable_transverse,0.15550791539731901,64.938163157621105,80,2.18358607859683,2.1837625172411599,0.00085195203185289999,2.9386841448537001e-10,1.33226762955019e-15,9.0053663999999998
g01_15,grid,variable_transverse,0.15550791539731901,64.938163157621105,90,1.8982401800475099,1.8963929708712499,0.0010039116805393,3.1093188520749598e-10,4.4408920985006301e-16,11.3009863
g01_15,grid,variable_transverse,0.15550791539731901,64.938163157621105,110,1.76841531694457,1.77468471480415,0.001330340683602,3.4521537947039903e-10,1.33226762955019e-15,13.4586311
g01_15,grid,variable_transverse,0.15550791539731901,64.938163157621105,120,1.6930006979482699,1.6897579914929901,0.0015576286508263001,4.1584545931666005e-10,2.2204460492503099e-16,16.495883599999999
g01_15,grid,variable_transverse,0.15550791539731901,64.938163157621105,130,1.5678769029275901,1.5655342474778799,0.0016013142242813001,3.6958748919714005e-10,4.4408920985006301e-16,19.0251971
g01_15,grid,variable_transverse,0.15550791539731901,64.938163157621105,140,1.53616751054681,1.53397842661612,0.0017683238246457001,4.8347271163622897e-10,0,21.501786500000001
g01_16,grid,variable_transverse,0.15550791539731901,100,50,2.7339028728497601,2.7305598604862702,0.0002245846912633,8.6716242354711798e-11,4.4408920985006301e-16,2.1368147
g01_16,grid,variable_transverse,0.15550791539731901,100,60,2.6075161188171001,2.62809112790739,0.00035080076222189998,1.9577514638738101e-10,0,4.6500750999999996
g01_16,grid,variable_transverse,0.15550791539731901,100,70,2.0816609055114101,2.0877401508645801,0.000422446662184,1.54765305264631e-10,4.4408920985006301e-16,6.7860798999999998
g01_16,grid,variable_transverse,0.15550791539731901,100,80,2.1838860068936299,2.1843552319767001,0.0005577884601392,2.4056602583608103e-10,4.4408920985006301e-16,8.9440205000000006
g01_16,grid,variable_transverse,0.15550791539731901,100,90,1.89859361973884,1.8970933058928099,0.0006573325409628,1.9813367434255801e-10,4.4408920985006301e-16,11.2216206
g01_16,grid,variable_transverse,0.15550791539731901,100,110,1.76888370155893,1.77561252497178,0.00087114848301350005,3.4335166483274902e-10,8.8817841970012494e-16,13.3412352
g01_16,grid,variable_transverse,0.15550791539731901,100,120,1.6935491112724399,1.6908433394508799,0.0010200034875938,2.7847645010854001e-10,4.4408920985006301e-16,15.654505800000001
g01_16,grid,variable_transverse,0.15550791539731901,100,130,1.5684406684974701,1.5666502892477601,0.0010485028238135,6.7137060074449803e-10,0,17.957320200000002
g01_16,grid,variable_transverse,0.15550791539731901,100,140,1.53679004279982,1.53521111038373,0.0011577389939710001,4.7352708907145903e-10,2.2204460492503099e-16,20.879980400000001
g02_00,grid,variable_transverse,0.24182711751219599,0.10000000000000001,50,4.1280490004651798,4.0805841108749199,0.040998700845330902,1.7647572807791101e-10,8.8817841970012494e-16,3.0417535999999998
g02_00,grid,variable_transverse,0.24182711751219599,0.10000000000000001,60,3.8841917002597999,3.8603476555596798,0.063225191438977604,9.0167974410023288e-11,1.33226762955019e-15,5.6888301999999999
g02_00,grid,variable_transverse,0.24182711751219599,0.10000000000000001,70,3.0171002547352699,2.9518531608526399,0.076490248314633205,1.12278567073792e-10,1.7763568394002501e-15,8.0882307000000004
g02_00,grid,variable_transverse,0.24182711751219599,0.10000000000000001,80,3.10217261631986,3.0053999767661201,0.100517845491309,2.04208930329891e-10,8.8817841970012494e-16,10.602426899999999
g02_00,grid,variable_transverse,0.24182711751219599,0.10000000000000001,90,2.6044242931125399,2.4835306884025399,0.118896448338801,1.12655223014458e-10,0,13.3011649
g02_00,grid,variable_transverse,0.24182711751219599,0.10000000000000001,110,2.2960002242839801,2.1506982959282102,0.15976911387961301,2.8898376218043002e-10,8.8817841970012494e-16,15.8094515
g02_00,grid,variable_transverse,0.24182711751219599,0.10000000000000001,120,2.0927737055268998,1.9020705208075701,0.188647345451706,2.1784099671163201e-10,8.8817841970012494e-16,18.419087399999999
g02_00,grid,variable_transverse,0.24182711751219599,0.10000000000000001,130,1.8765312582733999,1.6768985924533799,0.19925995078019401,4.1068036740408299e-10,4.4408920985006301e-16,20.987922000000001
g02_00,grid,variable_transverse,0.24182711751219599,0.10000000000000001,140,1.7602928457535501,1.5344518258734301,0.225970311112728,2.5966993430643601e-10,6.6613381477509402e-16,23.733399200000001
g02_01,grid,variable_transverse,0.24182711751219599,0.15399265260594899,50,4.1462929085208504,4.0967755719133701,0.043042732984109697,1.53283483985911e-10,2.66453525910038e-15,2.5420809000000002
g02_01,grid,variable_transverse,0.24182711751219599,0.15399265260594899,60,3.9123215124069102,3.8853718175095699,0.066356540040984194,1.2387075156141002e-10,0,5.0451841999999996
g02_01,grid,variable_transverse,0.24182711751219599,0.15399265260594899,70,3.05110263502187,2.9822506289852,0.0801424200481064,1.15988216451038e-10,8.8817841970012494e-16,8.0818525999999995
g02_01,grid,variable_transverse,0.24182711751219599,0.15399265260594899,80,3.1468290156545402,3.0451664448480602,0.105191215893641,2.20383054741365e-10,0,10.4800445
g02_01,grid,variable_transverse,0.24182711751219599,0.15399265260594899,90,2.6571972437617402,2.5310427003690998,0.124200620513631,1.84320654941472e-10,8.8817841970012494e-16,12.973321
g02_01,grid,variable_transverse,0.24182711751219599,0.15399265260594899,110,2.3667226771186201,2.2152224134935499,0.166005010965523,4.0383715751663603e-10,4.4408920985006301e-16,15.4454733
g02_01,grid,variable_transverse,0.24182711751219599,0.15399265260594899,120,2.1761479121546001,1.97857133220504,0.195400983561175,1.98096328833986e-10,0,18.220315500000002
g02_01,grid,variable_transverse,0.24182711751219599,0.15399265260594899,130,1.9643692702412601,1.75855343352273,0.205352141401828,4.6843129231060999e-10,8.8817841970012494e-16,20.7468915
g02_01,grid,variable_transverse,0.24182711751219599,0.15399265260594899,140,1.8596874772773699,1.6279069583029799,0.23187601337941499,2.19590358458636e-10,0,23.314408400000001
g02_02,grid,variable_transverse,0.24182711751219599,0.23713737056616599,50,4.1647873357125604,4.11616259919077,0.042141533472601897,3.1114210903318402e-10,8.8817841970012494e-16,2.7434954
g02_02,grid,variable_transverse,0.24182711751219599,0.23713737056616599,60,3.94083018062401,3.9153076536784899,0.064954752190419296,1.2551073368075901e-10,8.8817841970012494e-16,5.1637449000000002
g02_02,grid,variable_transverse,0.24182711751219599,0.23713737056616599,70,3.0855066111133498,3.0185172524813302,0.078326268319773906,1.3345368843499301e-10,1.33226762955019e-15,8.0444595999999997
g02_02,grid,variable_transverse,0.24182711751219599,0.23713737056616599,80,3.1919605331586398,3.0925769880836702,0.10269339712308,3.5847125258353899e-10,8.8817841970012494e-16,10.685245699999999
g02_02,grid,variable_transverse,0.24182711751219599,0.23713737056616599,90,2.7104410914485801,2.5874704150052699,0.121058469338811,2.1068982852709901e-10,0,13.687527599999999
g02_02,grid,variable_transverse,0.24182711751219599,0.23713737056616599,110,2.4377091014759702,2.29124607850243,0.16100705703835899,5.8061010424993803e-10,8.8817841970012494e-16,16.2168554
g02_02,grid,variable_transverse,0.24182711751219599,0.23713737056616599,120,2.2595817163846199,2.0683151342435901,0.18896897032759799,2.49422346254722e-10,0,19.046026000000001
g02_02,grid,variable_transverse,0.24182711751219599,0.23713737056616599,130,2.0518498362557098,1.8536011734428799,0.19769282464725299,6.6971694241657006e-10,1.33226762955019e-15,21.903688800000001
g02_02,grid,variable_transverse,0.24182711751219599,0.23713737056616599,140,1.95826910417223,1.7359822687183699,0.222342602220301,2.3403371559474201e-10,4.4408920985006301e-16,24.553006
g02_03,grid,variable_transverse,0.24182711751219599,0.365174127254838,50,4.1822943174520697,4.1372272362474902,0.0385756676717353,2.6651487376256199e-10,1.7763568394002501e-15,2.6797580000000001
g02_03,grid,variable_transverse,0.24182711751219599,0.365174127254838,60,3.9678143820885001,3.9478093364452498,0.059460712644777799,1.87392360294556e-10,8.8817841970012494e-16,5.5400691000000002
g02_03,grid,variable_transverse,0.24182711751219599,0.365174127254838,70,3.1180238673171998,3.0577963944237401,0.071607160448331403,1.63591089404541e-10,0,8.2152569
g02_03,grid,variable_transverse,0.24182711751219599,0.365174127254838,80,3.2345742365289198,3.1438763852789502,0.093801004602914295,3.9176461723528002e-10,1.7763568394002501e-15,10.693413
g02_03,grid,variable_transverse,0.24182711751219599,0.365174127254838,90,2.7606432111971602,2.64833007939687,0.110438933845233,2.47599268116076e-10,0,13.381462300000001
g02_03,grid,variable_transverse,0.24182711751219599,0.365174127254838,110,2.5043365337633601,2.3726411346344101,0.14627762206867301,4.4836674131001801e-10,0,16.210346099999999
g02_03,grid,variable_transverse,0.24182711751219599,0.365174127254838,120,2.3376823894716998,2.1640081625828702,0.17126109616975899,2.4648214829615799e-10,4.4408920985006301e-16,19.171744199999999
g02_03,grid,variable_transverse,0.24182711751219599,0.365174127254838,130,2.1333966629637899,1.95427434433822,0.17847972347184499,5.58994880319925e-10,0,21.753633700000002
g02_03,grid,variable_transverse,0.24182711751219599,0.365174127254838,140,2.0498227765984001,1.8498013143815599,0.20003537934073101,3.21364247348122e-10,0,24.9651502
g02_04,grid,variable_transverse,0.24182711751219599,0.56234132519034896,50,4.1978386603947797,4.15811395453842,0.033225959506538102,3.36241515311738e-10,8.8817841970012494e-16,2.5617804999999998
g02_04,grid,variable_transverse,0.24182711751219599,0.56234132519034896,60,3.9917780550766802,3.9800205770573198,0.0512335154681548,1.9933050392381101e-10,4.4408920985006301e-16,5.5227383000000003
g02_04,grid,variable_transverse,0.24182711751219599,0.56234132519034896,70,3.1468682958550098,3.09664513262187,0.061639873864691899,2.4240774868126002e-10,0,8.5150038000000006
g02_04,grid,variable_transverse,0.24182711751219599,0.56234132519034896,80,3.2723475278560898,3.1945660890186298,0.080701057571563498,5.8728899288607296e-10,8.8817841970012494e-16,11.116061699999999
g02_04,grid,variable_transverse,0.24182711751219599,0.56234132519034896,90,2.80509770750478,2.7083157233172801,0.094940724951054101,3.1263154050456499e-10,8.8817841970012494e-16,13.6913012
g02_04,grid,variable_transverse,0.24182711751219599,0.56234132519034896,110,2.56312439289536,2.4523710162041401,0.12537019396625601,5.5860192589355701e-10,0,16.4538197
g02_04,grid,variable_transverse,0.24182711751219599,0.56234132519034896,120,2.4064459788834398,2.2574144457470799,0.14651605837346601,3.9294760577138201e-10,8.8817841970012494e-16,19.163361099999999
g02_04,grid,variable_transverse,0.24182711751219599,0.56234132519034896,130,2.2049462117353502,2.0520077510267498,0.15221930432933001,6.0771731339464197e-10,4.4408920985006301e-16,21.827658899999999
g02_04,grid,variable_transverse,0.24182711751219599,0.56234132519034896,140,2.1298953003291601,1.95976656417991,0.170102388899941,4.7618477085328597e-10,0,24.5528105
g02_05,grid,variable_transverse,0.24182711751219599,0.86596432336006501,50,4.2108821189302601,4.17721553483935,0.027161683795817199,3.4728400856995598e-10,8.8817841970012494e-16,2.6879108
g02_05,grid,variable_transverse,0.24182711751219599,0.86596432336006501,60,4.0118975153403396,4.0094753846566302,0.041914962605861,2.04616439146929e-10,0,5.3396805000000001
g02_05,grid,variable_transverse,0.24182711751219599,0.86596432336006501,70,3.1710667460094299,3.13211479298361,0.050399056214935803,1.3247609944787399e-10,2.66453525910038e-15,8.0666122999999992
g02_05,grid,variable_transverse,0.24182711751219599,0.86596432336006501,80,3.3040260123450298,3.2408149117634899,0.065976323327661596,5.2505583467301199e-10,4.4408920985006301e-16,11.3825319
g02_05,grid,variable_transverse,0.24182711751219599,0.86596432336006501,90,2.8423589042251201,2.7629508132218201,0.077594202004905494,2.38992907058841e-10,0,13.9742429
g02_05,grid,variable_transverse,0.24182711751219599,0.86596432336006501,110,2.6122803478137802,2.5246472768271802,0.102279284751033,8.3901534222631297e-10,1.33226762955019e-15,16.5403813
g02_05,grid,variable_transverse,0.24182711751219599,0.86596432336006501,120,2.46385885174799,2.3418593152978602,0.119398330808572,4.0256883905732501e-10,0,19.047356799999999
g02_05,grid,variable_transverse,0.24182711751219599,0.86596432336006501,130,2.2645213930014898,2.1399908554431,0.123747306520348,1.0217315894376202e-09,4.4408920985006301e-16,21.7801787
g02_05,grid,variable_transverse,0.24182711751219599,0.86596432336006501,140,2.19638902315226,2.0583758807175601,0.13795074283231001,3.9666734496762901e-10,8.8817841970012494e-16,24.457993200000001
g02_06,grid,variable_transverse,0.24182711751219599,1.33352143216332,50,4.2213179655045598,4.1935423519843802,0.0212658260070232,2.27673654033492e-10,1.7763568394002501e-15,2.8009094000000001
g02_06,grid,variable_transverse,0.24182711751219599,1.33352143216332,60,4.0280103828411304,4.0346608930994199,0.0328555773365981,1.81246828219576e-10,0,5.2581123999999999
g02_06,grid,variable_transverse,0.24182711751219599,1.33352143216332,70,3.1904383075220801,3.1624128855681,0.039496400428750703,2.1142790971154003e-10,0,7.8104132999999996
g02_06,grid,variable_transverse,0.24182711751219599,1.33352143216332,80,3.3293876755251102,3.2803096251608199,0.051719113109210603,4.5036414415823401e-10,4.4408920985006301e-16,10.1866409
g02_06,grid,variable_transverse,0.24182711751219599,1.33352143216332,90,2.87218741802279,2.8095612972156401,0.0608342045470655,3.0317424711834e-10,8.8817841970012494e-16,13.0439098
g02_06,grid,variable_transverse,0.24182711751219599,1.33352143216332,110,2.65158221369501,2.5861183154032901,0.0801337531873869,5.3737918716473006e-10,0,15.5067266
g02_06,grid,variable_transverse,0.24182711751219599,1.33352143216332,120,2.5097268671644302,2.41355211237983,0.093504901784175101,3.5517046951282004e-10,4.4408920985006301e-16,18.074129500000002
g02_06,grid,variable_transverse,0.24182711751219599,1.33352143216332,130,2.3120159968519198,2.2144497519617299,0.096731528728615304,8.4218057767587402e-10,8.8817841970012494e-16,20.577840200000001
g02_06,grid,variable_transverse,0.24182711751219599,1.33352143216332,140,2.2492827794061299,2.1415699692341601,0.107619859040674,3.7228747104873599e-10,0,23.5088911
g02_07,grid,variable_transverse,0.24182711751219599,2.0535250264571498,50,4.22934734079025,4.2067602292119997,0.016073620708069201,2.4018399158449701e-10,0,2.6511046
g02_07,grid,variable_transverse,0.24182711751219599,2.0535250264571498,60,4.0404244154912803,4.0550692718440802,0.024871328587438599,1.4316324050436501e-10,8.8817841970012494e-16,5.2599489999999998
g02_07,grid,variable_transverse,0.24182711751219599,2.0535250264571498,70,3.2053613724598198,3.18695142057862,0.029899022505085301,2.0139887573124901e-10,8.8817841970012494e-16,8.0135135000000002
g02_07,grid,variable_transverse,0.24182711751219599,2.0535250264571498,80,3.3489342828622499,3.31230290774233,0.0391762122735346,3.7404343091032401e-10,1.7763568394002501e-15,10.3762171
g02_07,grid,variable_transverse,0.24182711751219599,2.0535250264571498,90,2.8951834030794501,2.8473071972477499,0.046101428747592897,2.7985128583814702e-10,8.8817841970012494e-16,12.861989100000001
g02_07,grid,variable_transverse,0.24182711751219599,2.0535250264571498,110,2.6818749087774099,2.6358228158502599,0.060740114975336199,4.8336789997563003e-10,0,15.6118404
g02_07,grid,variable_transverse,0.24182711751219599,2.0535250264571498,120,2.5450741873215499,2.4714710244523199,0.070880277435638503,3.3296554572597403e-10,0,18.2571917
g02_07,grid,variable_transverse,0.24182711751219599,2.0535250264571498,130,2.3485570526517101,2.2744607978126798,0.073221428345381506,9.6235922331806195e-10,0,20.7177021
g02_07,grid,variable_transverse,0.24182711751219599,2.0535250264571498,140,2.2899040508074999,2.2084569105896201,0.081329374718529204,4.59252388745864e-10,0,23.3341861
g02_08,grid,variable_transverse,0.24182711751219599,3.16227766016838,50,4.2353305142576296,4.2170124306176904,0.0118018919018386,2.9372368320832201e-10,0,2.5848100000000001
g02_08,grid,variable_transverse,0.24182711751219599,3.16227766016838,60,4.0496897952332001,4.07092089933069,0.018292551144227401,1.4745834758502401e-10,1.7763568394002501e-15,5.1747380999999999
g02_08,grid,variable_transverse,0.24182711751219599,3.16227766016838,70,3.2165006294716401,3.2060084367950701,0.021994574701859101,1.8505359905892099e-10,1.7763568394002501e-15,7.7475180999999997
g02_08,grid,variable_transverse,0.24182711751219599,3.16227766016838,80,3.3635354475893799,3.3371649575550699,0.028843002738704399,6.69665430511062e-10,0,10.543628
g02_08,grid,variable_transverse,0.24182711751219599,3.16227766016838,90,2.9123706350132998,2.8766457436517099,0.0339631483431505,3.02471148305785e-10,0,13.1947274
g02_08,grid,variable_transverse,0.24182711751219599,3.16227766016838,110,2.70452723511593,2.6744464298036599,0.0447822881947623,8.2042832605342197e-10,4.4408920985006301e-16,15.5843974
g02_08,grid,variable_transverse,0.24182711751219599,3.16227766016838,120,2.5715125137723902,2.5164714165658002,0.0522784255058035,3.3423147298817298e-10,8.8817841970012494e-16,17.8952408
g02_08,grid,variable_transverse,0.24182711751219599,3.16227766016838,130,2.3758534915362701,2.3210035889468399,0.053944607815957502,1.0126699460578501e-09,4.4408920985006301e-16,20.5804014
g02_08,grid,variable_transverse,0.24182711751219599,3.16227766016838,140,2.3202027339021898,2.2602295177952501,0.0598359875928796,3.6691558902883502e-10,1.33226762955019e-15,22.881126200000001
g02_09,grid,variable_transverse,0.24182711751219599,4.8696752516586299,50,4.2396717565041602,4.2246969386974103,0.0084567149582663002,3.9091753904026698e-10,0,2.7746618000000001
g02_09,grid,variable_transverse,0.24182711751219599,4.8696752516586299,60,4.0564240455115002,4.0828230821991296,0.013130011768914601,2.13299250712343e-10,8.8817841970012494e-16,5.4052049000000002
g02_09,grid,variable_transverse,0.24182711751219599,4.8696752516586299,70,3.2245987774426399,3.2203190848472398,0.0157916326058819,2.1741215402445199e-10,4.4408920985006301e-16,8.0609456000000002
g02_09,grid,variable_transverse,0.24182711751219599,4.8696752516586299,80,3.3741595774334399,3.35585203059774,0.0207271090669266,5.8821849226368403e-10,8.8817841970012494e-16,10.516640900000001
g02_09,grid,variable_transverse,0.24182711751219599,4.8696752516586299,90,2.9248848277785102,2.8987093162030102,0.024423449547457399,2.3783634902030802e-10,4.4408920985006301e-16,13.237453500000001
g02_09,grid,variable_transverse,0.24182711751219599,4.8696752516586299,110,2.7210357233862399,2.7035102418046399,0.032236655563130399,9.13858571832522e-10,0,15.974285999999999
g02_09,grid,variable_transverse,0.24182711751219599,4.8696752516586299,120,2.5907889081651301,2.5503453223794001,0.037651808827938497,3.3366068065351502e-10,0,18.489553300000001
g02_09,grid,variable_transverse,0.24182711751219599,4.8696752516586299,130,2.39573552417168,2.3559904802447602,0.038817140998277599,1.3369735299795e-09,0,20.701278500000001
g02_09,grid,variable_transverse,0.24182711751219599,4.8696752516586299,140,2.34224394392082,2.29908400973095,0.043007911710687199,3.0664427217684798e-10,8.8817841970012494e-16,23.133222499999999
g02_10,grid,variable_transverse,0.24182711751219599,7.4989420933245601,50,4.2427513179908702,4.23029687970054,0.0059350139343095996,4.02129817676487e-10,1.7763568394002501e-15,2.2477132000000002
g02_10,grid,variable_transverse,0.24182711751219599,7.4989420933245601,60,4.0612090188028498,4.0915126498327004,0.0092292303425970997,2.26793721788327e-10,1.7763568394002501e-15,4.8237439000000002
g02_10,grid,variable_transverse,0.24182711751219599,7.4989420933245601,70,3.2303545397239302,3.2307697597085201,0.011103443349976899,2.29442145701928e-10,0,7.3183895000000003
g02_10,grid,variable_transverse,0.24182711751219599,7.4989420933245601,80,3.38171727903655,3.3695130223968701,0.0145859382772499,6.2257925848336202e-10,8.8817841970012494e-16,9.8653572
g02_10,grid,variable_transverse,0.24182711751219599,7.4989420933245601,90,2.9337931244709399,2.91484971630054,0.017198375262599399,3.1984502997366203e-10,8.8817841970012494e-16,12.5588091
g02_10,grid,variable_transverse,0.24182711751219599,7.4989420933245601,110,2.73279962141741,2.7247939943128601,0.022723622046149201,9.2285349846880106e-10,4.4408920985006301e-16,14.9966566
g02_10,grid,variable_transverse,0.24182711751219599,7.4989420933245601,120,2.6045321690848202,2.5751657736916802,0.0265537992019526,4.8205267143703897e-10,1.7763568394002501e-15,17.4786064
g02_10,grid,variable_transverse,0.24182711751219599,7.4989420933245601,130,2.4098991939654399,2.3815987629496602,0.027356133604802699,1.15816984372787e-09,0,28.0807824
g02_10,grid,variable_transverse,0.24182711751219599,7.4989420933245601,140,2.3579297955760401,2.3274846597651502,0.0302821918186593,5.4767545711372805e-10,4.4408920985006301e-16,62.801076999999999
g02_11,grid,variable_transverse,0.24182711751219599,11.547819846894599,50,4.24489417752467,4.2342815752649798,0.0040922798422451997,2.4415013526973203e-10,2.66453525910038e-15,2.5423206999999999
g02_11,grid,variable_transverse,0.24182711751219599,11.547819846894599,60,4.0645434318033304,4.0977067210537701,0.0063722197820398003,2.4975514050344201e-10,0,4.7908116999999999
g02_11,grid,variable_transverse,0.24182711751219599,11.547819846894599,70,3.2343666226035999,3.2382215376414099,0.0076683967212397997,3.1523645470840903e-10,4.4408920985006301e-16,7.4819025000000003
g02_11,grid,variable_transverse,0.24182711751219599,11.547819846894599,80,3.3869895597382098,3.3792639044738202,0.010080784207387301,3.9051736869115603e-10,1.7763568394002501e-15,9.8333151000000001
g02_11,grid,variable_transverse,0.24182711751219599,11.547819846894599,90,2.9400114050935802,2.92637835004783,0.0118930184047634,4.5284534017115899e-10,8.8817841970012494e-16,12.484924400000001
g02_11,grid,variable_transverse,0.24182711751219599,11.547819846894599,110,2.7410191787885099,2.7400140650011999,0.015727825107313902,6.6801663330627505e-10,0,15.0696162
g02_11,grid,variable_transverse,0.24182711751219599,11.547819846894599,120,2.6141390743571802,2.5929256542420802,0.018386230211692101,5.3394372916010199e-10,1.7763568394002501e-15,17.789522600000002
g02_11,grid,variable_transverse,0.24182711751219599,11.547819846894599,130,2.4197936415422698,2.3999066349764302,0.018931083286606299,8.8283902238689397e-10,0,20.211107599999998
g02_11,grid,variable_transverse,0.24182711751219599,11.547819846894599,140,2.3688788034436801,2.3477666724814399,0.020941340339937099,5.5066386878184804e-10,8.8817841970012494e-16,22.738895500000002
g02_12,grid,variable_transverse,0.24182711751219599,17.7827941003892,50,4.2463611964067498,4.2370598471386796,0.0027804244287325999,4.1037533344650702e-10,0,35.123719399999999
g02_12,grid,variable_transverse,0.24182711751219599,17.7827941003892,60,4.0668289818663501,4.1020321138443503,0.004334187232399,1.5854067012872201e-10,0,44.570196799999998
g02_12,grid,variable_transverse,0.24182711751219599,17.7827941003892,70,3.2371173949226901,3.2434268255099599,0.0052170478802214997,2.5829057860562101e-10,8.8817841970012494e-16,47.073836900000003
g02_12,grid,variable_transverse,0.24182711751219599,17.7827941003892,80,3.39060671136617,3.38608133204646,0.0068622204199471999,8.0978294510065202e-10,0,49.672313799999998
g02_12,grid,variable_transverse,0.24182711751219599,17.7827941003892,90,2.9442797582850102,2.93444369831295,0.0080995052711902993,2.7997104319208098e-10,4.4408920985006301e-16,51.961379999999998
g02_12,grid,variable_transverse,0.24182711751219599,17.7827941003892,110,2.7466657528172802,2.7506731364473,0.010718542062189499,8.9111040746030706e-10,8.8817841970012494e-16,54.224690299999999
g02_12,grid,variable_transverse,0.24182711751219599,17.7827941003892,120,2.6207410287011101,2.6053698686272799,0.012533918887759799,4.21920978561146e-10,4.4408920985006301e-16,56.725184200000001
g02_12,grid,variable_transverse,0.24182711751219599,17.7827941003892,130,2.4265897646954402,2.4127261330479102,0.0128996285645907,1.2975641618494902e-09,4.4408920985006301e-16,59.237871699999999
g02_12,grid,variable_transverse,0.24182711751219599,17.7827941003892,140,2.3763946464906498,2.3619564388774901,0.0142619101705231,4.8313623291415296e-10,4.4408920985006301e-16,61.819688300000003
g02_13,grid,variable_transverse,0.24182711751219599,27.384196342643602,50,4.24735217067738,4.2389641385150698,0.0018667071527849999,4.5456934685006202e-10,0,35.660104799999999
g02_13,grid,variable_transverse,0.24182711751219599,27.384196342643602,60,4.0683743722436398,4.1050005928786302,0.002912320519949,2.08007239091315e-10,8.8817841970012494e-16,69.104728899999998
g02_13,grid,variable_transverse,0.24182711751219599,27.384196342643602,70,3.2389777483183502,3.2470001440187901,0.0035062139850315999,2.9520898529099799e-10,0,88.234090899999998
g02_13,grid,variable_transverse,0.24182711751219599,27.384196342643602,80,3.3930542446065801,3.3907647774054301,0.0046138970823772002,6.9352125589963399e-10,4.4408920985006301e-16,90.607067499999999
g02_13,grid,variable_transverse,0.24182711751219599,27.384196342643602,90,2.9471690788051599,2.93998723916236,0.0054476717173376002,2.9570366848936299e-10,0,93.236936099999994
g02_13,grid,variable_transverse,0.24182711751219599,27.384196342643602,110,2.7504903045734999,2.7580055864797601,0.0072128101178344003,1.1819795238988801e-09,4.4408920985006301e-16,95.472813599999995
g02_13,grid,variable_transverse,0.24182711751219599,27.384196342643602,120,2.62521377229079,2.6139336560123199,0.0084360553768190998,3.5748543497573699e-10,1.33226762955019e-15,97.775538800000007
g02_13,grid,variable_transverse,0.24182711751219599,27.384196342643602,130,2.4311922371171701,2.4215435132319598,0.0086792030429657004,1.0452012217996e-09,8.8817841970012494e-16,99.995628300000007
g02_13,grid,variable_transverse,0.24182711751219599,27.384196342643602,140,2.3814821912400199,2.3717100654521799,0.0095920401451318003,4.0455062949174299e-10,4.4408920985006301e-16,102.7152299
g02_14,grid,variable_transverse,0.24182711751219599,42.169650342858198,50,4.2480144540551397,4.2402512784317299,0.0012415865573361,4.48185968701722e-10,8.8817841970012494e-16,2.2857869000000002
g02_14,grid,variable_transverse,0.24182711751219599,42.169650342858198,60,4.0694079478139402,4.1070090295571404,0.0019382759506324,2.1680883152305102e-10,0,4.4715679000000002
g02_14,grid,variable_transverse,0.24182711751219599,42.169650342858198,70,3.2402221826094699,3.24941834138246,0.0023338713934337998,2.8148049449229699e-10,4.4408920985006301e-16,6.9908197999999997
g02_14,grid,variable_transverse,0.24182711751219599,42.169650342858198,80,3.39469207809229,3.39393601667902,0.0030721668866092,7.5785607127428008e-10,8.8817841970012494e-16,9.2623529999999992
g02_14,grid,variable_transverse,0.24182711751219599,42.169650342858198,90,2.94910312450659,2.9437423205999802,0.0036282491153719,2.51066025277076e-10,0,11.475023800000001
g02_14,grid,variable_transverse,0.24182711751219599,42.169650342858198,110,2.7530514477419001,2.7629754942009299,0.0048054917052750999,9.7518012605679393e-10,8.8817841970012494e-16,13.6641429
g02_14,grid,variable_transverse,0.24182711751219599,42.169650342858198,120,2.6282094479765599,2.61973968518787,0.0056211296555717999,3.9281699936472102e-10,0,15.973316499999999
g02_14,grid,variable_transverse,0.24182711751219599,42.169650342858198,130,2.4342738548107401,2.4275190090408798,0.0057816076770950001,1.2906004519718001e-09,0,18.486492299999998
g02_14,grid,variable_transverse,0.24182711751219599,42.169650342858198,140,2.3848874392503201,2.3783169266016801,0.0063878610381727999,4.7525130848143601e-10,4.4408920985006301e-16,21.214365399999998
g02_15,grid,variable_transverse,0.24182711751219599,64.938163157621105,50,4.2484534209949496,4.2411117030379497,0.00081995575940450004,3.42536620219821e-10,0,2.5082688000000002
g02_15,grid,variable_transverse,0.24182711751219599,64.938163157621105,60,4.0700933879785604,4.1083526374772896,0.001280649361425,1.6979352959707701e-10,1.7763568394002501e-15,4.9633336999999997
g02_15,grid,variable_transverse,0.24182711751219599,64.938163157621105,70,3.2410475610987799,3.2510363450678401,0.0015421858437111001,2.22630884128576e-10,1.33226762955019e-15,7.1201222
g02_15,grid,variable_transverse,0.24182711751219599,64.938163157621105,80,3.3957786780189498,3.39605875347636,0.0020304986217561001,5.3035840600603303e-10,2.2204460492503103e-15,9.5799137999999999
g02_15,grid,variable_transverse,0.24182711751219599,64.938163157621105,90,2.9503865195781001,2.9462565822129601,0.0023984610764526998,3.1935671059709003e-10,8.8817841970012494e-16,11.976745299999999
g02_15,grid,variable_transverse,0.24182711751219599,64.938163157621105,110,2.75475145035844,2.7663045617345698,0.0031773855584973998,8.4559976166469201e-10,4.4408920985006301e-16,14.1548426
g02_15,grid,variable_transverse,0.24182711751219599,64.938163157621105,120,2.6301980606590498,2.6236294584948601,0.0037169324420900001,3.4007680010878701e-10,8.8817841970012494e-16,16.370542
g02_15,grid,variable_transverse,0.24182711751219599,64.938163157621105,130,2.4363190400716501,2.43152104350045,0.0038222818336258002,1.03019950471075e-09,8.8817841970012494e-16,18.631473100000001
g02_15,grid,variable_transverse,0.24182711751219599,64.938163157621105,140,2.38714684901759,2.3827402741808501,0.0042222064756248998,5.67182382253467e-10,0,21.147087800000001
g02_16,grid,variable_transverse,0.24182711751219599,100,50,4.2487425734824704,4.2416820166408398,0.00053868125897489996,5.3376170493412796e-10,8.8817841970012494e-16,2.6507971000000001
g02_16,grid,variable_transverse,0.24182711751219599,100,60,4.0705450749864101,4.1092437131166903,0.000841617177577,2.47945067384929e-10,8.8817841970012494e-16,5.1298404
g02_16,grid,variable_transverse,0.24182711751219599,100,70,3.2415915121994399,3.2521095319188902,0.0010135681280212,2.7658308466372899e-10,4.4408920985006301e-16,7.4969358000000001
g02_16,grid,variable_transverse,0.24182711751219599,100,80,3.3964949193996699,3.3974671324465602,0.0013347099539324,9.6006102766346099e-10,8.8817841970012494e-16,9.8262009999999993
g02_16,grid,variable_transverse,0.24182711751219599,100,90,2.9512326091410999,2.9479250687479999,0.0015767789275221999,3.1971314355668101e-10,8.8817841970012494e-16,12.152086199999999
g02_16,grid,variable_transverse,0.24182711751219599,100,110,2.75587239594996,2.76851437164339,0.0020891522771020001,1.23262277414107e-09,0,14.6161932
g02_16,grid,variable_transverse,0.24182711751219599,100,120,2.6315093776179799,2.62621170732942,0.0024439971662334001,5.7627204463054405e-10,4.4408920985006301e-16,17.271602399999999
g02_16,grid,variable_transverse,0.24182711751219599,100,130,2.4376674256600399,2.4341771738117202,0.0025128989863239999,1.5041001227311102e-09,4.4408920985006301e-16,19.695563499999999
g02_16,grid,variable_transverse,0.24182711751219599,100,140,2.3886362081239998,2.3856752880693501,0.0027754134251499999,7.1135087125452298e-10,4.4408920985006301e-16,22.143667300000001
g03_00,grid,variable_transverse,0.37606030930863898,0.10000000000000001,50,6.3876776129550601,6.3180782217107101,0.056537708453085499,1.02473824904652e-10,3.5527136788005001e-15,2.6748343999999999
g03_00,grid,variable_transverse,0.37606030930863898,0.10000000000000001,60,6.0280241142938404,6.0100783045537201,0.087277464582618897,1.40404854283383e-10,1.7763568394002501e-15,5.4038211
g03_00,grid,variable_transverse,0.37606030930863898,0.10000000000000001,70,4.6498596762923903,4.5619203742939298,0.105797218379186,9.4547048577121291e-11,3.5527136788005001e-15,7.9016884999999997
g03_00,grid,variable_transverse,0.37606030930863898,0.10000000000000001,80,4.7615838236567098,4.6300450218728901,0.138786536677798,1.6783213710932002e-10,1.7763568394002501e-15,10.200739799999999
g03_00,grid,variable_transverse,0.37606030930863898,0.10000000000000001,90,3.97094161732069,3.8020252325880701,0.164888373591804,1.8428162380905201e-10,8.8817841970012494e-16,12.6288854
g03_00,grid,variable_transverse,0.37606030930863898,0.10000000000000001,110,3.4767582057194999,3.2803721836754498,0.222747641363986,2.10422623975109e-10,4.4408920985006301e-16,14.940561799999999
g03_00,grid,variable_transverse,0.37606030930863898,0.10000000000000001,120,3.1295285173505998,2.86306429147603,0.26360720391825898,1.9348348213970599e-10,1.33226762955019e-15,17.286297000000001
g03_00,grid,variable_transverse,0.37606030930863898,0.10000000000000001,130,2.7872533292049,2.5077315643976301,0.27999421234835897,1.60262408725027e-10,8.8817841970012494e-16,19.9527973
g03_00,grid,variable_transverse,0.37606030930863898,0.10000000000000001,140,2.5889761380142602,2.2712918480178201,0.31910659142912901,1.63176458102409e-10,8.8817841970012494e-16,22.399384300000001
g03_01,grid,variable_transverse,0.37606030930863898,0.15399265260594899,50,6.4137278637307,6.3370327146635299,0.063621858107571705,1.43744346019321e-10,1.7763568394002501e-15,2.3624128999999998
g03_01,grid,variable_transverse,0.37606030930863898,0.15399265260594899,60,6.0682311879232103,6.03943257326676,0.0981800686661186,8.6519836830565589e-11,1.7763568394002501e-15,5.1559391999999997
g03_01,grid,variable_transverse,0.37606030930863898,0.15399265260594899,70,4.6985572369987398,4.5976946890512398,0.118813873460571,1.27959974161784e-10,1.7763568394002501e-15,8.4466392999999993
g03_01,grid,variable_transverse,0.37606030930863898,0.15399265260594899,80,4.8254300343992602,4.6766738378680204,0.15568656044555801,1.7939380368455799e-10,1.7763568394002501e-15,11.3974317
g03_01,grid,variable_transverse,0.37606030930863898,0.15399265260594899,90,4.0467244315552104,3.85812358719101,0.18462481497504099,1.09709297123361e-10,8.8817841970012494e-16,14.299276000000001
g03_01,grid,variable_transverse,0.37606030930863898,0.15399265260594899,110,3.5788613055507601,3.35717973486266,0.24809848219455799,1.16916392769345e-10,1.33226762955019e-15,17.024435400000002
g03_01,grid,variable_transverse,0.37606030930863898,0.15399265260594899,120,3.2501717659016398,2.9544282460139102,0.29269838209994098,9.7457194207404088e-11,8.8817841970012494e-16,19.446621700000001
g03_01,grid,variable_transverse,0.37606030930863898,0.15399265260594899,130,2.9150520106734099,2.60611939959482,0.30925559769884797,3.1692180811362198e-10,8.8817841970012494e-16,21.905327499999999
g03_01,grid,variable_transverse,0.37606030930863898,0.15399265260594899,140,2.73429556626711,2.3848197401666602,0.35087976813604499,2.1772967076764001e-10,1.33226762955019e-15,24.224243900000001
g03_02,grid,variable_transverse,0.37606030930863898,0.23713737056616599,50,6.4420612027247302,6.3620760737737596,0.066899202750446501,1.5146494304353201e-10,8.8817841970012494e-16,2.4144218
g03_02,grid,variable_transverse,0.37606030930863898,0.23713737056616599,60,6.1119472315094399,6.078177487114,0.10320391232951,1.8228747841279001e-10,1.7763568394002501e-15,4.7893999000000003
g03_02,grid,variable_transverse,0.37606030930863898,0.23713737056616599,70,4.7514150914351898,4.6447845570915796,0.12468073210792401,1.79689215923179e-10,1.7763568394002501e-15,7.3333592000000003
g03_02,grid,variable_transverse,0.37606030930863898,0.23713737056616599,80,4.8946506551826801,4.7380553975741,0.16318205666032201,1.9339868961029301e-10,1.7763568394002501e-15,10.619795999999999
g03_02,grid,variable_transverse,0.37606030930863898,0.23713737056616599,90,4.1287352701717301,3.9316507061396102,0.19316120428700501,2.8948109487326402e-10,8.8817841970012494e-16,13.6224569
g03_02,grid,variable_transverse,0.37606030930863898,0.23713737056616599,110,3.6887702644420499,3.4570604992193901,0.25818949062456598,3.51578579398032e-10,1.33226762955019e-15,16.4345626
g03_02,grid,variable_transverse,0.37606030930863898,0.23713737056616599,120,3.37963293436967,3.07273303171592,0.30364783299203102,3.15538428757586e-10,1.33226762955019e-15,19.302160900000001
g03_02,grid,variable_transverse,0.37606030930863898,0.23713737056616599,130,3.0514842489924101,2.7324391003063,0.31920390355113698,2.8182498698165301e-10,1.7763568394002501e-15,21.751462700000001
g03_02,grid,variable_transverse,0.37606030930863898,0.23713737056616599,140,2.8887501510742299,2.5295242801106999,0.36059717558758497,3.4769089165720001e-10,8.8817841970012494e-16,24.103493199999999
g03_03,grid,variable_transverse,0.37606030930863898,0.365174127254838,50,6.4708288150471001,6.3921285694529999,0.065601407034523607,1.9058586667297299e-10,8.8817841970012494e-16,2.3307464000000002
g03_03,grid,variable_transverse,0.37606030930863898,0.365174127254838,60,6.1563211877485404,6.1246264298553701,0.10118098763667099,1.2517936594805299e-10,8.8817841970012494e-16,4.7085274000000004
g03_03,grid,variable_transverse,0.37606030930863898,0.365174127254838,70,4.8049801981423998,4.7010844502162499,0.122043642728627,2.15336179418613e-10,3.5527136788005001e-15,6.9588473999999998
g03_03,grid,variable_transverse,0.37606030930863898,0.365174127254838,80,4.96471755235617,4.8114010011208599,0.159555995106199,3.6592889164705201e-10,1.7763568394002501e-15,9.5661831999999993
g03_03,grid,variable_transverse,0.37606030930863898,0.365174127254838,90,4.2116059107817501,4.0191683498859296,0.188564326127727,3.6354674378169802e-10,2.66453525910038e-15,12.132680499999999
g03_03,grid,variable_transverse,0.37606030930863898,0.365174127254838,110,3.7992621592411,3.5750036756900601,0.25080445243979199,3.5156180952078601e-10,0,14.7524365
g03_03,grid,variable_transverse,0.37606030930863898,0.365174127254838,120,3.5093857904335302,3.2118227659211001,0.29409968794963798,3.33575959784961e-10,2.2204460492503103e-15,17.177616700000002
g03_03,grid,variable_transverse,0.37606030930863898,0.365174127254838,130,3.1875689678249102,2.8797980906906,0.30776224852921402,4.6591464979739496e-10,4.4408920985006301e-16,19.422689600000002
g03_03,grid,variable_transverse,0.37606030930863898,0.365174127254838,140,3.0421710430243101,2.6972150255452298,0.34628306338884102,3.7402050497288599e-10,1.33226762955019e-15,21.705929999999999
g03_04,grid,variable_transverse,0.37606030930863898,0.56234132519034896,50,6.4981018139882298,6.42485213852434,0.060138489900240198,1.90553351745733e-10,1.7763568394002501e-15,2.4108227000000002
g03_04,grid,variable_transverse,0.37606030930863898,0.56234132519034896,60,6.1983854319768703,6.1751625417201303,0.092757196825643498,1.1738795751980301e-10,1.7763568394002501e-15,4.7488967000000004
g03_04,grid,variable_transverse,0.37606030930863898,0.56234132519034896,70,4.8556832810584902,4.7621867645732996,0.111734699905028,1.96699121966104e-10,1.7763568394002501e-15,7.0699537000000001
g03_04,grid,variable_transverse,0.37606030930863898,0.56234132519034896,80,5.0309750055063898,4.8909355473399003,0.14595057325309299,3.1853409627337003e-10,0,9.2653569000000005
g03_04,grid,variable_transverse,0.37606030930863898,0.56234132519034896,90,4.28985822037742,4.1137613702962899,0.172268721700894,1.4203518064849002e-10,8.8817841970012494e-16,11.7864564
g03_04,grid,variable_transverse,0.37606030930863898,0.56234132519034896,110,3.9031234398077199,3.7015494348426401,0.22818469899022301,4.9736302300040002e-10,0,14.3855804
g03_04,grid,variable_transverse,0.37606030930863898,0.56234132519034896,120,3.6310220550868801,3.3604455555656498,0.266912669338704,4.2322486192615003e-10,8.8817841970012494e-16,17.040491800000002
g03_04,grid,variable_transverse,0.37606030930863898,0.56234132519034896,130,3.31460657096151,3.03620357470147,0.27823575005858497,5.7782989358617401e-10,4.4408920985006301e-16,19.4990059
g03_04,grid,variable_transverse,0.37606030930863898,0.56234132519034896,140,3.1848559843462199,2.8741706294775899,0.311961624077846,2.5927002289985499e-10,4.4408920985006301e-16,21.7661719
g03_05,grid,variable_transverse,0.37606030930863898,0.86596432336006501,50,6.5223506932809601,6.4573632058530297,0.051865256036329903,1.3876280295040801e-10,1.7763568394002501e-15,2.2758056999999998
g03_05,grid,variable_transverse,0.37606030930863898,0.86596432336006501,60,6.2357919783067599,6.2253433093346802,0.080024736781967906,1.9972316895926102e-10,1.7763568394002501e-15,4.6584728000000002
g03_05,grid,variable_transverse,0.37606030930863898,0.86596432336006501,70,4.9007200583923796,4.8227337040862102,0.096303026781421497,2.7839161573914002e-10,8.8817841970012494e-16,7.1361730000000003
g03_05,grid,variable_transverse,0.37606030930863898,0.86596432336006501,80,5.0897858519396699,4.9696794475231503,0.12572589712013099,2.4618286482439298e-10,0,9.4461291999999997
g03_05,grid,variable_transverse,0.37606030930863898,0.86596432336006501,90,4.35924413680159,4.2071760636198796,0.148278655826451,3.9878956239540698e-10,8.8817841970012494e-16,12.067273500000001
g03_05,grid,variable_transverse,0.37606030930863898,0.86596432336006501,110,3.99488580096207,3.8257438853141199,0.19581139315204199,3.5110488323139898e-10,0,14.531764000000001
g03_05,grid,variable_transverse,0.37606030930863898,0.86596432336006501,120,3.73825588327934,3.5057910309748999,0.22862294731819899,3.6868071619605001e-10,0,17.248772200000001
g03_05,grid,variable_transverse,0.37606030930863898,0.86596432336006501,130,3.42621321369848,3.1883247384609299,0.23758037290824499,4.2802678574373703e-10,8.8817841970012494e-16,20.146188899999999
g03_05,grid,variable_transverse,0.37606030930863898,0.86596432336006501,140,3.3098043067774698,3.0454407958014502,0.26558810598930899,4.9890366215445505e-10,4.4408920985006301e-16,23.2426092
g03_06,grid,variable_transverse,0.37606030930863898,1.33352143216332,50,6.5427223644845602,6.4871458895668503,0.042444968928516402,1.6448111971624501e-10,0,2.2028528000000001
g03_06,grid,variable_transverse,0.37606030930863898,1.33352143216332,60,6.2672345191188796,6.2713056667250404,0.065539329422792003,2.0640493629381301e-10,8.8817841970012494e-16,4.5820309000000004
g03_06,grid,variable_transverse,0.37606030930863898,1.33352143216332,70,4.93854637926023,4.8781039077049604,0.078823850485081601,2.3810586701794402e-10,0,6.8644730000000003
g03_06,grid,variable_transverse,0.37606030930863898,1.33352143216332,80,5.1391643023118201,5.0416447997415004,0.102893660980633,2.2792365725411101e-10,1.7763568394002501e-15,9.2802565999999995
g03_06,grid,variable_transverse,0.37606030930863898,1.33352143216332,90,4.4174690859365597,4.2923983829136096,0.12131325475226901,3.0840199501985299e-10,0,11.6747265
g03_06,grid,variable_transverse,0.37606030930863898,1.33352143216332,110,4.0716999530056199,3.9385099686478702,0.159909444328904,7.0311511132048505e-10,0,14.166790499999999
g03_06,grid,variable_transverse,0.37606030930863898,1.33352143216332,120,3.8278873808097198,3.6374012721475499,0.186494664389659,3.6516509181518399e-10,4.4408920985006301e-16,16.610531300000002
g03_06,grid,variable_transverse,0.37606030930863898,1.33352143216332,130,3.5192424423619499,3.3254840976892002,0.19333167937189399,8.0241545727418505e-10,2.2204460492503103e-15,19.161329299999998
g03_06,grid,variable_transverse,0.37606030930863898,1.33352143216332,140,3.4136734405553799,3.1992553635288199,0.21559453300867501,4.5516507382767303e-10,8.8817841970012494e-16,22.077995600000001
g03_07,grid,variable_transverse,0.37606030930863898,2.0535250264571498,50,6.5590374254295796,6.5126374105185896,0.033261156374329602,3.6553287843196902e-10,1.7763568394002501e-15,2.5261358999999999
g03_07,grid,variable_transverse,0.37606030930863898,2.0535250264571498,60,6.29243992041574,6.3106589547784999,0.051418578115909601,3.4459445756675399e-10,8.8817841970012494e-16,5.0657416
g03_07,grid,variable_transverse,0.37606030930863898,2.0535250264571498,70,4.9688563317463297,4.9254635075258202,0.061825239412576602,3.27954716462736e-10,8.8817841970012494e-16,7.5610374
g03_07,grid,variable_transverse,0.37606030930863898,2.0535250264571498,80,5.1787339295997104,5.1031834399278999,0.080727400563704393,4.5089986290740002e-10,2.66453525910038e-15,10.0935241
g03_07,grid,variable_transverse,0.37606030930863898,2.0535250264571498,90,4.46412371262047,4.36520048211068,0.095191383947638,4.7541993302367198e-10,1.7763568394002501e-15,12.726464200000001
g03_07,grid,variable_transverse,0.37606030930863898,2.0535250264571498,110,4.1331720991375303,4.0345420859586403,0.125389642101191,4.6445998884094798e-10,2.66453525910038e-15,15.1575633
g03_07,grid,variable_transverse,0.37606030930863898,2.0535250264571498,120,3.8995600145497402,3.7492794951714798,0.14616905058007901,3.7508737990925002e-10,1.7763568394002501e-15,17.616395199999999
g03_07,grid,variable_transverse,0.37606030930863898,2.0535250264571498,130,3.59347313374407,3.4417055458430399,0.151245178698862,6.2430113989374701e-10,1.7763568394002501e-15,20.028230799999999
g03_07,grid,variable_transverse,0.37606030930863898,2.0535250264571498,140,3.4963696775205899,3.3291809545567599,0.16832315281669699,5.58062363672943e-10,1.33226762955019e-15,22.593041100000001
g03_08,grid,variable_transverse,0.37606030930863898,3.16227766016838,50,6.5716004005577497,6.5332974983920904,0.025158497115895202,2.0521257442702101e-10,0,2.9982312000000002
g03_08,grid,variable_transverse,0.37606030930863898,3.16227766016838,60,6.3118745525135598,6.3425817482797804,0.038951064596064497,1.35291007342303e-10,0,5.7609747000000002
g03_08,grid,variable_transverse,0.37606030930863898,3.16227766016838,70,4.9922240772561599,4.9638602975806903,0.046835017907930099,2.9540434277027102e-10,0,8.2401748999999995
g03_08,grid,variable_transverse,0.37606030930863898,3.16227766016838,80,5.2092543031706597,5.1530865500872096,0.061191863605791499,4.3937175922502005e-10,3.5527136788005001e-15,10.649793300000001
g03_08,grid,variable_transverse,0.37606030930863898,3.16227766016838,90,4.5001195579346396,4.4242188368991204,0.072188859624097601,2.9062967656042598e-10,8.8817841970012494e-16,13.1278969
g03_08,grid,variable_transverse,0.37606030930863898,3.16227766016838,110,4.1805886187463797,4.1122709434007403,0.095108129170315303,6.75799324343959e-10,0,15.7144932
g03_08,grid,variable_transverse,0.37606030930863898,3.16227766016838,120,3.95483401470455,3.8397534848062702,0.110876136966129,4.3142090106023903e-10,0,18.224821200000001
g03_08,grid,variable_transverse,0.37606030930863898,3.16227766016838,130,3.65062558467354,3.5354672263978699,0.114561054191833,3.9811495893539503e-10,8.8817841970012494e-16,20.60905
g03_08,grid,variable_transverse,0.37606030930863898,3.16227766016838,140,3.5599235577027102,3.4337378213083301,0.12728522459125999,4.26979376772996e-10,8.8817841970012494e-16,23.0182027
g03_09,grid,variable_transverse,0.37606030930863898,4.8696752516586299,50,6.5809680648712696,6.5493360606211102,0.018483582569185201,1.7333952840540701e-10,1.7763568394002501e-15,2.6904064000000001
g03_09,grid,variable_transverse,0.37606030930863898,4.8696752516586299,60,6.3263893135457101,6.3673977404317696,0.0286650899203853,1.73064341962251e-10,2.66453525910038e-15,5.5649227999999997
g03_09,grid,variable_transverse,0.37606030930863898,4.8696752516586299,70,5.0096780693460197,4.9937045042258603,0.034473471861981297,2.9204976025786601e-10,1.7763568394002501e-15,8.2043044999999992
g03_09,grid,variable_transverse,0.37606030930863898,4.8696752516586299,80,5.2320672739542697,5.1918986856741096,0.045077921392701698,3.0144023460537602e-10,8.8817841970012494e-16,10.6161697
g03_09,grid,variable_transverse,0.37606030930863898,4.8696752516586299,90,4.5270403609993402,4.4701301144144301,0.053213629662306201,2.1358368729945501e-10,0,12.991490900000001
g03_09,grid,variable_transverse,0.37606030930863898,4.8696752516586299,110,4.2160680879429604,4.1727197578799702,0.070161584468564395,4.94048148106353e-10,8.8817841970012494e-16,15.3552207
g03_09,grid,variable_transverse,0.37606030930863898,4.8696752516586299,120,3.9962023340894501,3.9101033855957099,0.081824705351501506,3.3533391396833702e-10,8.8817841970012494e-16,17.913025699999999
g03_09,grid,variable_transverse,0.37606030930863898,4.8696752516586299,130,3.69334478931327,3.60824226301107,0.084448153118835204,6.7272148285318706e-10,8.8817841970012494e-16,20.257108299999999
g03_09,grid,variable_transverse,0.37606030930863898,4.8696752516586299,140,3.60735544373241,3.51472867549312,0.093698329002685807,4.5017262756703599e-10,1.33226762955019e-15,22.638218699999999
g03_10,grid,variable_transverse,0.37606030930863898,7.4989420933245601,50,6.5877688230156304,6.5613662251067,0.0132513585362524,1.6568670193817199e-10,1.7763568394002501e-15,2.4888325
g03_10,grid,variable_transverse,0.37606030930863898,7.4989420933245601,60,6.3369447343035299,6.3860435637166404,0.0205856867504676,3.3778365810623902e-10,4.4408920985006301e-15,5.1077776999999998
g03_10,grid,variable_transverse,0.37606030930863898,7.4989420933245601,70,5.0223739088525896,5.0161307588163799,0.024763710188918601,3.6591832489771002e-10,1.7763568394002501e-15,7.8877623000000003
g03_10,grid,variable_transverse,0.37606030930863898,7.4989420933245601,80,5.2486754417997501,5.2210908192570997,0.032409978749064601,2.4844335877871699e-10,0,10.7226046
g03_10,grid,variable_transverse,0.37606030930863898,7.4989420933245601,90,4.5466525708242003,4.5046807374994904,0.038286587433014302,5.1839837624404706e-10,1.7763568394002501e-15,13.233183800000001
g03_10,grid,variable_transverse,0.37606030930863898,7.4989420933245601,110,4.2419386766551197,4.2182368180428202,0.050531496561585898,3.6981608977627006e-10,0,15.49995
g03_10,grid,variable_transverse,0.37606030930863898,7.4989420933245601,120,4.0263805487276603,3.96309384544299,0.058961272930578498,7.7837928258097603e-10,8.8817841970012494e-16,17.973516100000001
g03_10,grid,variable_transverse,0.37606030930863898,7.4989420933245601,130,3.7244767187641199,3.6629832958907298,0.060796596824997398,5.7131174990644805e-10,8.8817841970012494e-16,20.450846299999998
g03_10,grid,variable_transverse,0.37606030930863898,7.4989420933245601,140,3.64187826346665,3.5755487484407502,0.067379522565535796,6.5162834103610297e-10,0,22.806731800000001
g03_11,grid,variable_transverse,0.37606030930863898,11.547819846894599,50,6.5925954125388504,6.5701381898147497,0.0093040529819209006,2.5051530821231202e-10,1.7763568394002501e-15,2.2657862
g03_11,grid,variable_transverse,0.37606030930863898,11.547819846894599,60,6.3444483711524402,6.3996644019157296,0.0144762512118099,2.2029004817336501e-10,2.66453525910038e-15,4.6409145000000001
g03_11,grid,variable_transverse,0.37606030930863898,11.547819846894599,70,5.0314017300801499,5.0325173682227398,0.017419493673811098,2.1898490244779699e-10,8.8817841970012494e-16,7.1634937000000001
g03_11,grid,variable_transverse,0.37606030930863898,11.547819846894599,80,5.26049552013541,5.2424436591507,0.0228171778050715,3.2540816284176301e-10,0,9.7558845999999999
g03_11,grid,variable_transverse,0.37606030930863898,11.547819846894599,90,4.5606203964559304,4.5299708476062897,0.0269725973274683,2.2607473003064201e-10,8.8817841970012494e-16,12.226047400000001
g03_11,grid,variable_transverse,0.37606030930863898,11.547819846894599,110,4.2603827202423803,4.2515884428000703,0.035635426575099598,7.0740785258423805e-10,1.7763568394002501e-15,14.491636099999999
g03_11,grid,variable_transverse,0.37606030930863898,11.547819846894599,120,4.0479065772902096,4.00194375569271,0.0416007226849988,3.0107762038069499e-10,0,16.911232200000001
g03_11,grid,variable_transverse,0.37606030930863898,11.547819846894599,130,3.7466649323594798,3.7030726500914999,0.0428646142009418,6.1630121743909503e-10,4.4408920985006301e-16,19.3257315
g03_11,grid,variable_transverse,0.37606030930863898,11.547819846894599,140,3.6664579941114201,3.6200291865579701,0.047462715135655302,5.32447555042304e-10,8.8817841970012494e-16,21.722988399999998
g03_12,grid,variable_transverse,0.37606030930863898,17.7827941003892,50,6.5959552823465302,6.57638314016772,0.0064176720966907996,1.96558609243782e-10,1.7763568394002501e-15,2.3902888
g03_12,grid,variable_transverse,0.37606030930863898,17.7827941003892,60,6.3496794128021099,6.4093783948762999,0.0099986857960995008,1.99542311502238e-10,0,4.7004178999999997
g03_12,grid,variable_transverse,0.37606030930863898,17.7827941003892,70,5.0376971624306996,5.0442074709882796,0.0120349228279701,2.3416510678924801e-10,8.8817841970012494e-16,6.9780566000000004
g03_12,grid,variable_transverse,0.37606030930863898,17.7827941003892,80,5.2687445610075896,5.2576923582666204,0.015775455924362101,2.42734045811315e-10,1.7763568394002501e-15,9.3496608999999999
g03_12,grid,variable_transverse,0.37606030930863898,17.7827941003892,90,4.5703744831401698,4.5480441725164997,0.018659280346580102,2.5716344729704402e-10,2.66453525910038e-15,11.953269300000001
g03_12,grid,variable_transverse,0.37606030930863898,17.7827941003892,110,4.2732750913950897,4.2754502384698201,0.024673948052878598,3.5157872030135004e-10,0,14.520265200000001
g03_12,grid,variable_transverse,0.37606030930863898,17.7827941003892,120,4.0629601054014497,4.0297562642863003,0.0288160059556485,6.0073770151019101e-10,1.7763568394002501e-15,16.819442599999999
g03_12,grid,variable_transverse,0.37606030930863898,17.7827941003892,130,3.7621714555226902,3.7317474338927998,0.029674450264061802,5.2381740995652597e-10,2.2204460492503103e-15,19.122264900000001
g03_12,grid,variable_transverse,0.37606030930863898,17.7827941003892,140,3.6836219579911198,3.6518096908852899,0.032834503634764201,5.0816487046636496e-10,2.66453525910038e-15,21.512423399999999
g03_13,grid,variable_transverse,0.37606030930863898,27.384196342643602,50,6.5982562604134696,6.5807392199283399,0.0043617048048798001,3.1139483661497298e-10,1.7763568394002501e-15,2.3296961999999999
g03_13,grid,variable_transverse,0.37606030930863898,27.384196342643602,60,6.353266216752,6.4161646772071297,0.0068028861367834996,2.2956206214825299e-10,0,4.7858897000000002
g03_13,grid,variable_transverse,0.37606030930863898,27.384196342643602,70,5.0420149169055097,5.0523768035255099,0.0081902395050311994,1.7426048741948601e-10,3.5527136788005001e-15,7.7304595000000003
g03_13,grid,variable_transverse,0.37606030930863898,27.384196342643602,80,5.2744058939539,5.2683581942852298,0.0107419951248027,3.9495305484699302e-10,8.8817841970012494e-16,10.448155
g03_13,grid,variable_transverse,0.37606030930863898,27.384196342643602,90,4.57707225815206,4.5606937704966004,0.012711600366079399,3.1791623597842201e-10,1.7763568394002501e-15,12.8076554
g03_13,grid,variable_transverse,0.37606030930863898,27.384196342643602,110,4.2821348511294604,4.2921686691568199,0.0168206865362019,5.2324849712803601e-10,8.8817841970012494e-16,15.052871400000001
g03_13,grid,variable_transverse,0.37606030930863898,27.384196342643602,120,4.0733086943506098,4.0492529054277098,0.0196502112694781,4.7620144651405205e-10,0,17.3315962
g03_13,grid,variable_transverse,0.37606030930863898,27.384196342643602,130,3.7728259908761101,3.7518346849108899,0.0202264961234545,5.7992215997030205e-10,8.8817841970012494e-16,19.662678
g03_13,grid,variable_transverse,0.37606030930863898,27.384196342643602,140,3.6954080224517498,3.6740534542629901,0.0223685607151702,6.2158408758724398e-10,4.4408920985006301e-16,22.001434400000001
g03_14,grid,variable_transverse,0.37606030930863898,42.169650342858198,50,6.5998110052592001,6.5837260444382402,0.0029290536276728001,2.4560401156788599e-10,1.7763568394002501e-15,2.4155902999999999
g03_14,grid,variable_transverse,0.37606030930863898,42.169650342858198,60,6.3556921321077002,6.4208236960666198,0.0045722639853529,3.4605155984769602e-10,1.7763568394002501e-15,4.7713460999999997
g03_14,grid,variable_transverse,0.37606030930863898,42.169650342858198,70,5.0449358328829002,5.05798685496974,0.0055057520640492998,3.0804779708592398e-10,0,7.1215695999999999
g03_14,grid,variable_transverse,0.37606030930863898,42.169650342858198,80,5.2782376743951298,5.2756880431644904,0.0072242795261865996,4.3330027413848103e-10,1.7763568394002501e-15,9.7281180999999997
g03_14,grid,variable_transverse,0.37606030930863898,42.169650342858198,90,4.58160740837892,4.5693914417266503,0.0085519278075736997,2.6854156756240203e-10,0,12.8710703
g03_14,grid,variable_transverse,0.37606030930863898,42.169650342858198,110,4.2881374937336902,4.3036736320287403,0.0113220071578886,9.3369931012158006e-10,8.8817841970012494e-16,15.4330377
g03_14,grid,variable_transverse,0.37606030930863898,42.169650342858198,120,4.08032177461721,4.0626750077130103,0.0132291407137943,5.3618149437890404e-10,0,17.8010698
g03_14,grid,variable_transverse,0.37606030930863898,42.169650342858198,130,3.7800435096173302,3.7656559394050899,0.0136123427508975,9.6738421029915707e-10,2.66453525910038e-15,20.0671544
g03_14,grid,variable_transverse,0.37606030930863898,42.169650342858198,140,3.7033883587818099,3.6893486304179302,0.015048022090451999,6.2040709631845705e-10,4.4408920985006301e-16,22.430831099999999
g03_15,grid,variable_transverse,0.37606030930863898,64.938163157621105,50,6.6008502910849902,6.5857454662181301,0.0019485425220105001,2.21247656804962e-10,1.7763568394002501e-15,2.6783674
g03_15,grid,variable_transverse,0.37606030930863898,64.938163157621105,60,6.3573149682630099,6.4239768347571804,0.0030436182644536999,1.42544069789545e-10,1.7763568394002501e-15,6.0852219999999999
g03_15,grid,variable_transverse,0.37606030930863898,64.938163157621105,70,5.0468901295120796,5.0617844691354899,0.0036655364455805001,2.77342202120603e-10,1.7763568394002501e-15,9.1308872999999995
g03_15,grid,variable_transverse,0.37606030930863898,64.938163157621105,80,5.28080237518604,5.2806526451430704,0.0048112048108969003,4.1019464840177098e-10,1.7763568394002501e-15,12.2013798
g03_15,grid,variable_transverse,0.37606030930863898,64.938163157621105,90,4.5846438294678897,4.5752848488267901,0.0056968717591118004,3.3668023155714301e-10,8.8817841970012494e-16,15.17511
g03_15,grid,variable_transverse,0.37606030930863898,64.938163157621105,110,4.2921581308227701,4.3114739919140996,0.0075447136527352996,7.2665999761457898e-10,8.8817841970012494e-16,17.793013200000001
g03_15,grid,variable_transverse,0.37606030930863898,64.938163157621105,120,4.0850199516451102,4.0717776171054298,0.0088166266052727999,4.1277782292817098e-10,8.8817841970012494e-16,20.427613399999998
g03_15,grid,variable_transverse,0.37606030930863898,64.938163157621105,130,3.7848771390877198,3.7750253229238502,0.0090695668402545997,7.13514603061121e-10,2.2204460492503103e-15,22.878412699999998
g03_15,grid,variable_transverse,0.37606030930863898,64.938163157621105,140,3.70873102599215,3.6997122197263299,0.010023227996904201,5.4790873217888902e-10,1.33226762955019e-15,25.412455000000001
g03_16,grid,variable_transverse,0.37606030930863898,100,50,6.6015392521822696,6.5870957073373697,0.0012870172961226001,2.5448079120912303e-10,2.66453525910038e-15,2.2719885999999998
g03_16,grid,variable_transverse,0.37606030930863898,100,60,6.35839137020844,6.4260867002300897,0.0020112522230642999,1.46971056998643e-10,1.7763568394002501e-15,4.6778747000000003
g03_16,grid,variable_transverse,0.37606030930863898,100,70,5.0481865446891199,5.0643260011836198,0.0024224735015594,1.7664976945345201e-10,0,8.0729088000000004
g03_16,grid,variable_transverse,0.37606030930863898,100,80,5.2825041772196801,5.2839765598395996,0.0031803396136628999,3.0741162691266903e-10,8.8817841970012494e-16,11.0122537
g03_16,grid,variable_transverse,0.37606030930863898,100,90,4.5866590913301399,4.5792317870985997,0.0037664883589132998,1.62775586966861e-10,1.7763568394002501e-15,14.1278732
g03_16,grid,variable_transverse,0.37606030930863898,100,110,4.2948273618397597,4.3167002500051099,0.0049892960511779003,5.4410849388919106e-10,2.66453525910038e-15,17.053785900000001
g03_16,grid,variable_transverse,0.37606030930863898,100,120,4.08813927887683,4.0778773990827304,0.0058308022131397996,3.0333007198762498e-10,0,19.930174300000001
g03_16,grid,variable_transverse,0.37606030930863898,100,130,3.7880856371145102,3.7813018445495099,0.0059968629681365999,5.5907409570174597e-10,8.8817841970012494e-16,22.421928300000001
g03_16,grid,variable_transverse,0.37606030930863898,100,140,3.71227652981282,3.7066523127797901,0.0066260418552956,2.5403475128175903e-10,1.33226762955019e-15,25.008497899999998
g04_00,grid,variable_transverse,0.58480354764257303,0.10000000000000001,50,9.8876148849226801,9.7889714477196694,0.0730813778549598,5.5503652294381396e-11,3.5527136788005001e-15,2.6029409000000001
g04_00,grid,variable_transverse,0.58480354764257303,0.10000000000000001,60,9.3682786433145395,9.3694675469365407,0.11293675162243901,4.9887481922633793e-11,3.5527136788005001e-15,5.1972885
g04_00,grid,variable_transverse,0.58480354764257303,0.10000000000000001,70,7.1759789137299004,7.0641704370244804,0.13715730069934101,4.8760369153555296e-11,8.8817841970012494e-16,7.7225115999999998
g04_00,grid,variable_transverse,0.58480354764257303,0.10000000000000001,80,7.3223949508695299,7.1549874222462799,0.17953744282224399,1.2762187122966501e-10,3.5527136788005001e-15,10.301297399999999
g04_00,grid,variable_transverse,0.58480354764257303,0.10000000000000001,90,6.0678253078318596,5.8455413722578102,0.21418917959156,6.97683892335115e-11,3.5527136788005001e-15,13.157175499999999
g04_00,grid,variable_transverse,0.58480354764257303,0.10000000000000001,110,5.2847454033038899,5.03940570943921,0.29074270174332101,2.2527652375386301e-10,8.8817841970012494e-16,15.9202853
g04_00,grid,variable_transverse,0.58480354764257303,0.10000000000000001,120,4.6978064435486999,4.3493593112987599,0.34476259262776299,8.3862388147766489e-11,0,18.929188100000001
g04_00,grid,variable_transverse,0.58480354764257303,0.10000000000000001,130,4.1572540791950399,3.7918803697145398,0.36818293674630598,2.4798301153173901e-10,2.66453525910038e-15,21.470785800000002
g04_00,grid,variable_transverse,0.58480354764257303,0.10000000000000001,140,3.8242525149368798,3.4069435628558402,0.42173299734585301,1.03145578202954e-10,4.4408920985006301e-16,24.000685600000001
g04_01,grid,variable_transverse,0.58480354764257303,0.15399265260594899,50,9.9223741956409501,9.8091958008046998,0.087604735294356806,5.9604291907799091e-11,1.7763568394002501e-15,2.4822806000000002
g04_01,grid,variable_transverse,0.58480354764257303,0.15399265260594899,60,9.4219876676343599,9.4008547185948395,0.13534555188306399,7.5029250180109006e-11,1.7763568394002501e-15,5.115939
g04_01,grid,variable_transverse,0.58480354764257303,0.15399265260594899,70,7.2411575987402497,7.1025393724985797,0.16412621776969699,9.2674558496972396e-11,0,7.7222892999999999
g04_01,grid,variable_transverse,0.58480354764257303,0.15399265260594899,80,7.4076739261970799,7.2047641878914499,0.214640094281808,9.8771635515657006e-11,1.7763568394002501e-15,10.313170100000001
g04_01,grid,variable_transverse,0.58480354764257303,0.15399265260594899,90,6.1694763210492303,5.90579521175151,0.25562973046882398,1.29963052651331e-10,3.5527136788005001e-15,12.8466757
g04_01,grid,variable_transverse,0.58480354764257303,0.15399265260594899,110,5.4224023257609497,5.1225139553550401,0.34536578106648302,1.4703846977505002e-10,0,15.516968800000001
g04_01,grid,variable_transverse,0.58480354764257303,0.15399265260594899,120,4.8608053564968801,4.44850197003373,0.40836548243575599,1.7476613449696601e-10,0,18.3650047
g04_01,grid,variable_transverse,0.58480354764257303,0.15399265260594899,130,4.3308719117652101,3.8995958447987999,0.43387289758507203,1.9658165018180599e-10,0,21.106123499999999
g04_01,grid,variable_transverse,0.58480354764257303,0.15399265260594899,140,4.0226784531324604,3.53234305647727,0.49480101792521702,2.18308036109046e-10,0,23.7902223
g04_02,grid,variable_transverse,0.58480354764257303,0.23713737056616599,50,9.9627689342051298,9.8384541759617008,0.098727907141445498,6.30269525799066e-11,3.5527136788005001e-15,2.6789445000000001
g04_02,grid,variable_transverse,0.58480354764257303,0.23713737056616599,60,9.4843847258445102,9.4462195559632907,0.15247617711650899,5.6190306229262003e-11,3.5527136788005001e-15,5.1016946000000001
g04_02,grid,variable_transverse,0.58480354764257303,0.23713737056616599,70,7.3167590206069502,7.1578584840810304,0.18458914410506599,9.0205016496392788e-11,8.8817841970012494e-16,7.4005082
g04_02,grid,variable_transverse,0.58480354764257303,0.23713737056616599,80,7.50648922596163,7.2766212826560803,0.24113636671383001,1.18469141618824e-10,1.7763568394002501e-15,9.6710884000000004
g04_02,grid,variable_transverse,0.58480354764257303,0.23713737056616599,90,6.2870507088886702,5.9923959989570701,0.28664858491276501,1.37621226938897e-10,3.5527136788005001e-15,12.066327299999999
g04_02,grid,variable_transverse,0.58480354764257303,0.23713737056616599,110,5.5808314777249501,5.2411468783800297,0.38525363609910801,1.6016859187999301e-10,1.7763568394002501e-15,14.5678413
g04_02,grid,variable_transverse,0.58480354764257303,0.23713737056616599,120,5.04783818206056,4.5894971300861096,0.45410372123479398,1.5538184946662699e-10,1.7763568394002501e-15,17.049875499999999
g04_02,grid,variable_transverse,0.58480354764257303,0.23713737056616599,130,4.5290533032136597,4.0514724063657601,0.47992561651776899,1.8569488514710399e-10,2.66453525910038e-15,19.1829024
g04_02,grid,variable_transverse,0.58480354764257303,0.23713737056616599,140,4.2481732001140697,3.7078023067333099,0.54486133791463898,2.1425141999321099e-10,0,21.2298039
g04_03,grid,variable_transverse,0.58480354764257303,0.365174127254838,50,10.0067711906886,9.8771926073215504,0.103977478675449,1.01111747753602e-10,1.7763568394002501e-15,2.5839615
g04_03,grid,variable_transverse,0.58480354764257303,0.365174127254838,60,9.5523299770185108,9.5062168183954707,0.16052829543944599,5.5597363271603e-11,3.5527136788005001e-15,5.2095494000000002
g04_03,grid,variable_transverse,0.58480354764257303,0.365174127254838,70,7.3989429105051396,7.2308186689276797,0.19400469897846101,1.0092879930035901e-10,1.7763568394002501e-15,7.5911607999999999
g04_03,grid,variable_transverse,0.58480354764257303,0.365174127254838,80,7.6137871094077303,7.3714101622572104,0.25314506317271601,1.5707933903188001e-10,0,9.9038330000000006
g04_03,grid,variable_transverse,0.58480354764257303,0.365174127254838,90,6.41448008668445,6.1061493690243402,0.30036846435859199,1.4248592514850599e-10,8.8817841970012494e-16,12.2005716
g04_03,grid,variable_transverse,0.58480354764257303,0.365174127254838,110,5.7516365632182902,5.3957527278707902,0.401558049018509,1.9659565717336699e-10,1.7763568394002501e-15,14.4781098
g04_03,grid,variable_transverse,0.58480354764257303,0.365174127254838,120,5.2488455867272501,4.7724565017687102,0.47182174510524399,1.41092257442956e-10,1.7763568394002501e-15,17.045935799999999
g04_03,grid,variable_transverse,0.58480354764257303,0.365174127254838,130,4.7409427716855399,4.2468804641547901,0.49612837636413698,2.9992893448389403e-10,0,19.463579200000002
g04_03,grid,variable_transverse,0.58480354764257303,0.365174127254838,140,4.4881990865889598,3.9318942726610802,0.56079858354520595,1.91737961283556e-10,1.7763568394002501e-15,21.844401300000001
g04_04,grid,variable_transverse,0.58480354764257303,0.56234132519034896,50,10.051518236438,9.92378185020576,0.10212073494870701,1.4991716151856399e-10,0,2.4979952000000001
g04_04,grid,variable_transverse,0.58480354764257303,0.56234132519034896,60,9.62140510006863,9.5782968064616405,0.157626230019628,1.06371773110105e-10,7.1054273576010003e-15,5.0850149
g04_04,grid,variable_transverse,0.58480354764257303,0.56234132519034896,70,7.4823553742550803,7.3182315382706102,0.19019459517201501,1.0532488978850601e-10,3.5527136788005001e-15,7.7788927000000001
g04_04,grid,variable_transverse,0.58480354764257303,0.56234132519034896,80,7.7225675454473404,7.4849222265170701,0.24790742695610599,2.4503613972574303e-10,1.7763568394002501e-15,10.1377284
g04_04,grid,variable_transverse,0.58480354764257303,0.56234132519034896,90,6.5434446966321698,6.2418501184080997,0.29367213199891101,1.6430940945245101e-10,1.7763568394002501e-15,12.6915637
g04_04,grid,variable_transverse,0.58480354764257303,0.56234132519034896,110,5.92361691486584,5.5787241464560298,0.39067864226916399,2.9587267105683902e-10,4.4408920985006301e-15,14.8845879
g04_04,grid,variable_transverse,0.58480354764257303,0.56234132519034896,120,5.4506154150172499,4.9880290579251003,0.457681261026543,1.9886116777157201e-10,2.66453525910038e-15,17.372411700000001
g04_04,grid,variable_transverse,0.58480354764257303,0.56234132519034896,130,4.95261487500815,4.4753286151543001,0.47906654794535197,3.6030317243831601e-10,0,19.805835600000002
g04_04,grid,variable_transverse,0.58480354764257303,0.56234132519034896,140,4.7269748893564696,4.1921186777642001,0.53933214722246903,2.2635596519030101e-10,2.66453525910038e-15,22.460829100000002
g04_05,grid,variable_transverse,0.58480354764257303,0.86596432336006501,50,10.0940049576425,9.9746211014866404,0.093754260185097499,2.29548071464688e-10,0,2.0099707000000002
g04_05,grid,variable_transverse,0.58480354764257303,0.86596432336006501,60,9.6869830764429494,9.6568832993228604,0.14471259438821399,1.3102761421060801e-10,3.5527136788005001e-15,4.1013042000000004
g04_05,grid,variable_transverse,0.58480354764257303,0.86596432336006501,70,7.5614287534008504,7.4132966318167597,0.17437946121701201,1.66734215431905e-10,8.8817841970012494e-16,6.8255452999999999
g04_05,grid,variable_transverse,0.58480354764257303,0.86596432336006501,80,7.82558891511838,7.6082750342945804,0.22709762002776701,1.7682778890096002e-10,0,9.6055741999999995
g04_05,grid,variable_transverse,0.58480354764257303,0.86596432336006501,90,6.6654031070926303,6.3888377240866996,0.26867714961532702,1.38880145229263e-10,4.4408920985006301e-15,12.096780799999999
g04_05,grid,variable_transverse,0.58480354764257303,0.86596432336006501,110,6.08551788905993,5.7754612841922803,0.35595194434848398,3.96921425717875e-10,0,14.4948671
g04_05,grid,variable_transverse,0.58480354764257303,0.86596432336006501,120,5.6400400139394202,5.2188596148599604,0.41595384836392901,1.9975056607699802e-10,1.7763568394002501e-15,17.017327399999999
g04_05,grid,variable_transverse,0.58480354764257303,0.86596432336006501,130,5.1505002073381796,4.7183042825819204,0.43370365236809799,5.3231748647328006e-10,3.5527136788005001e-15,19.322564
g04_05,grid,variable_transverse,0.58480354764257303,0.86596432336006501,140,4.9493553785473097,4.4672653296496003,0.48653195997697002,2.5714032500570398e-10,8.8817841970012494e-16,21.939648099999999
g04_06,grid,variable_transverse,0.58480354764257303,1.33352143216332,50,10.1318327846285,10.025229479955399,0.080961197470630797,2.68217360872403e-10,0,2.2665964000000001
g04_06,grid,variable_transverse,0.58480354764257303,1.33352143216332,60,9.74537909496234,9.7350668170368202,0.12500745724350801,2.01555478668492e-10,7.1054273576010003e-15,4.5245541999999999
g04_06,grid,variable_transverse,0.58480354764257303,1.33352143216332,70,7.6317600928982303,7.5076759604736099,0.15048559223952401,1.8052342866577201e-10,1.7763568394002501e-15,6.8617815999999996
g04_06,grid,variable_transverse,0.58480354764257303,1.33352143216332,80,7.9171561511266804,7.7306386996162297,0.19587633555124601,2.6837053005337301e-10,3.5527136788005001e-15,9.0203588999999997
g04_06,grid,variable_transverse,0.58480354764257303,1.33352143216332,90,6.77368799432179,6.53427717225353,0.23155085249259899,2.9343771415171199e-10,8.8817841970012494e-16,11.527821899999999
g04_06,grid,variable_transverse,0.58480354764257303,1.33352143216332,110,6.22874950213187,5.9689143655180299,0.30582998271526601,4.0059772805233099e-10,1.7763568394002501e-15,13.755619299999999
g04_06,grid,variable_transverse,0.58480354764257303,1.33352143216332,120,5.8072534978010903,5.4450256141322404,0.35671495271154902,3.11601330996909e-10,1.7763568394002501e-15,16.460531100000001
g04_06,grid,variable_transverse,0.58480354764257303,1.33352143216332,130,5.3245724748440901,4.9550637048205504,0.37077294471611499,6.6931983627344704e-10,8.8817841970012494e-16,19.1233234
g04_06,grid,variable_transverse,0.58480354764257303,1.33352143216332,140,5.1443367810865004,4.7340465331577297,0.414689136326719,4.7899223416525704e-10,3.5527136788005001e-15,21.7263287
g04_07,grid,variable_transverse,0.58480354764257303,2.0535250264571498,50,10.1636500640076,10.071669085000501,0.066328369651929897,1.78185359556093e-10,0,2.5409997999999998
g04_07,grid,variable_transverse,0.58480354764257303,2.0535250264571498,60,9.7945220048591803,9.8067960144644708,0.102488974251808,2.1633127018117901e-10,1.7763568394002501e-15,4.9004306
g04_07,grid,variable_transverse,0.58480354764257303,2.0535250264571498,70,7.6908996657373603,7.5941263845448104,0.123302291626937,1.5116463357965002e-10,3.5527136788005001e-15,7.1523773999999998
g04_07,grid,variable_transverse,0.58480354764257303,2.0535250264571498,80,7.9941265801974604,7.8426543347118001,0.16047383533429299,2.4856384486352599e-10,1.7763568394002501e-15,9.4624027000000002
g04_07,grid,variable_transverse,0.58480354764257303,2.0535250264571498,90,6.8646591845668699,6.6671817719712196,0.18964020047403099,3.28276354783834e-10,3.5527136788005001e-15,11.7312648
g04_07,grid,variable_transverse,0.58480354764257303,2.0535250264571498,110,6.3487839212350901,6.1448512847056298,0.25001204308136799,3.2990880737244199e-10,0,14.061231299999999
g04_07,grid,variable_transverse,0.58480354764257303,2.0535250264571498,120,5.9471734506009097,5.6501445476985896,0.29127475550971199,2.8038724023854199e-10,2.66453525910038e-15,16.440997299999999
g04_07,grid,variable_transverse,0.58480354764257303,2.0535250264571498,130,5.4698272575316196,5.1688709578363703,0.30201430648424898,5.32341397816278e-10,2.66453525910038e-15,18.834071600000001
g04_07,grid,variable_transverse,0.58480354764257303,2.0535250264571498,140,5.3065956039792201,4.97399764378188,0.33695154935433802,5.9397824938000198e-10,1.7763568394002501e-15,21.5899678
g04_08,grid,variable_transverse,0.58480354764257303,3.16227766016838,50,10.189156767773699,10.111472561327901,0.052023323366866499,2.6483160001279602e-10,3.5527136788005001e-15,2.2490960000000002
g04_08,grid,variable_transverse,0.58480354764257303,3.16227766016838,60,9.83395474685185,9.8682937581724204,0.080477385819881897,2.60474600589575e-10,3.5527136788005001e-15,4.6021818000000003
g04_08,grid,variable_transverse,0.58480354764257303,3.16227766016838,70,7.7383331330076901,7.66816793197167,0.096795189850316501,2.2056593578079799e-10,5.3290705182007506e-15,6.9647274000000001
g04_08,grid,variable_transverse,0.58480354764257303,3.16227766016838,80,8.0558660483054396,7.9385693571382099,0.12601120563691701,3.4591306944094603e-10,0,9.3586022
g04_08,grid,variable_transverse,0.58480354764257303,3.16227766016838,90,6.93762200652814,6.7808695372420802,0.148933292409936,2.3286181267844599e-10,0,11.865085499999999
g04_08,grid,variable_transverse,0.58480354764257303,3.16227766016838,110,6.4449329109492499,6.29487538910747,0.196204806162428,3.6913712989761501e-10,2.66453525910038e-15,14.295347100000001
g04_08,grid,variable_transverse,0.58480354764257303,3.16227766016838,120,6.0591599352214702,5.8247329047035397,0.228478722242762,3.25902726699939e-10,1.7763568394002501e-15,16.824965299999999
g04_08,grid,variable_transverse,0.58480354764257303,3.16227766016838,130,5.5858331771597802,5.3502667264438797,0.23645717559795601,4.1159684359649501e-10,1.7763568394002501e-15,19.565900200000002
g04_08,grid,variable_transverse,0.58480354764257303,3.16227766016838,140,5.4358910333654,5.1769257496079497,0.26327604818351802,5.0579749681004102e-10,1.7763568394002501e-15,22.492985699999998
g04_09,grid,variable_transverse,0.58480354764257303,4.8696752516586299,50,10.2088134327383,10.1437675269027,0.0393788652638409,2.8999012448387801e-10,7.1054273576010003e-15,2.7332187000000001
g04_09,grid,variable_transverse,0.58480354764257303,4.8696752516586299,60,9.8643834045305994,9.9182329432206799,0.061007444815991199,2.0776854161945101e-10,0,5.1899775999999997
g04_09,grid,variable_transverse,0.58480354764257303,4.8696752516586299,70,7.7749310084807002,7.7282601905250203,0.073377893583869896,1.5052758872357699e-10,1.7763568394002501e-15,7.5661037000000002
g04_09,grid,variable_transverse,0.58480354764257303,4.8696752516586299,80,8.1035231917563895,8.0164313377021106,0.095584187823550396,3.9274446563300603e-10,0,9.8501001000000006
g04_09,grid,variable_transverse,0.58480354764257303,4.8696752516586299,90,6.9939594947749297,6.8731303357709903,0.113024101146958,2.190259222213e-10,0,12.216404499999999
g04_09,grid,variable_transverse,0.58480354764257303,4.8696752516586299,110,6.5191533824285797,6.41642949802874,0.148923191455059,5.1596727926093305e-10,1.7763568394002501e-15,14.6344131
g04_09,grid,variable_transverse,0.58480354764257303,4.8696752516586299,120,6.14558802110591,5.9660604407332496,0.173428553268695,2.7851122119710499e-10,3.5527136788005001e-15,17.063340100000001
g04_09,grid,variable_transverse,0.58480354764257303,4.8696752516586299,130,5.6752143524734997,5.4967510031675602,0.17922272947673601,7.123836781172501e-10,0,19.530463000000001
g04_09,grid,variable_transverse,0.58480354764257303,4.8696752516586299,140,5.5353277106291197,5.3403847132379001,0.19921607094427099,4.1077627836285403e-10,8.8817841970012494e-16,22.2498516
g04_10,grid,variable_transverse,0.58480354764257303,7.4989420933245601,50,10.223480367382599,10.168860209107001,0.028948750332831799,2.5332207882013798e-10,3.5527136788005001e-15,3.0016535000000002
g04_10,grid,variable_transverse,0.58480354764257303,7.4989420933245601,60,9.8871238918944293,9.9570871110250891,0.044923704358339402,3.1353264190765e-10,7.1054273576010003e-15,5.6234874000000001
g04_10,grid,variable_transverse,0.58480354764257303,7.4989420933245601,70,7.8022846175938501,7.7750062080502103,0.054042601723059497,4.5064020668849901e-10,1.7763568394002501e-15,8.0843424000000006
g04_10,grid,variable_transverse,0.58480354764257303,7.4989420933245601,80,8.1391681840302006,8.0770389580427295,0.070454851957476305,4.5895745852972006e-10,0,10.502219800000001
g04_10,grid,variable_transverse,0.58480354764257303,7.4989420933245601,90,7.0361209306240804,6.9449618591650699,0.083364916534304598,4.1288649958407501e-10,8.8817841970012494e-16,13.010763600000001
g04_10,grid,variable_transverse,0.58480354764257303,7.4989420933245601,110,6.5747238847321299,6.5110368440652602,0.10992478582201499,7.1539819500583199e-10,1.7763568394002501e-15,15.672971199999999
g04_10,grid,variable_transverse,0.58480354764257303,7.4989420933245601,120,6.2103129764624603,6.0760395156384597,0.128060871964506,7.0467305634057798e-10,3.5527136788005001e-15,18.199170899999999
g04_10,grid,variable_transverse,0.58480354764257303,7.4989420933245601,130,5.7420637308826299,5.6105356518670204,0.13218709406467,8.7243193993363304e-10,8.8817841970012494e-16,20.730310500000002
g04_10,grid,variable_transverse,0.58480354764257303,7.4989420933245601,140,5.6095839000453704,5.4670963142549596,0.14672922103153399,8.6647939914181304e-10,1.7763568394002501e-15,23.509666299999999
g04_11,grid,variable_transverse,0.58480354764257303,11.547819846894599,50,10.2341343134709,10.187695027628701,0.020764893181722401,3.27732883383883e-10,7.1054273576010003e-15,2.7772746000000001
g04_11,grid,variable_transverse,0.58480354764257303,11.547819846894599,60,9.9036703502144494,9.9863006605008504,0.032278161026134802,1.9727454144549002e-10,7.1054273576010003e-15,5.8728179000000003
g04_11,grid,variable_transverse,0.58480354764257303,11.547819846894599,70,7.8221922347962298,7.8101570144160801,0.0388406903560456,2.4014898594048401e-10,0,8.6608482999999996
g04_11,grid,variable_transverse,0.58480354764257303,11.547819846894599,80,8.1651323728332006,8.1226552447327993,0.050680926773203801,5.1842346817696404e-10,1.7763568394002501e-15,11.175729199999999
g04_11,grid,variable_transverse,0.58480354764257303,11.547819846894599,90,7.0668532859650099,6.9990562362683697,0.060011167021463002,3.59514662102029e-10,0,13.6097774
g04_11,grid,variable_transverse,0.58480354764257303,11.547819846894599,110,6.6152662055485996,6.5823219595742204,0.079209588793967195,7.1880780938024598e-10,3.5527136788005001e-15,16.090563199999998
g04_11,grid,variable_transverse,0.58480354764257303,11.547819846894599,120,6.2575553139478597,6.1589346095583597,0.092324720896440796,3.9319391801878601e-10,0,18.799072299999999
g04_11,grid,variable_transverse,0.58480354764257303,11.547819846894599,130,5.7908062333508701,5.69617854237777,0.095211896779018299,7.85343278003249e-10,1.7763568394002501e-15,21.261407899999998
g04_11,grid,variable_transverse,0.58480354764257303,11.547819846894599,140,5.6636583672262102,5.5623093329513997,0.105565606629494,4.5494580798289502e-10,0,23.760312599999999
g04_12,grid,variable_transverse,0.58480354764257303,17.7827941003892,50,10.241699211222301,10.2014368896909,0.014585942077152201,2.9231475171800699e-10,3.5527136788005001e-15,2.6482453000000001
g04_12,grid,variable_transverse,0.58480354764257303,17.7827941003892,60,9.9154384758604195,10.007653558674599,0.022708576795409701,3.4362748857881801e-10,3.5527136788005001e-15,5.2062303999999999
g04_12,grid,variable_transverse,0.58480354764257303,17.7827941003892,70,7.8363549322269304,7.83585601821345,0.027333589116858199,3.3877670286209799e-10,2.66453525910038e-15,7.5639506000000001
g04_12,grid,variable_transverse,0.58480354764257303,17.7827941003892,80,8.1836198517266698,8.1560408385812408,0.035695806795162398,5.1593938508107397e-10,0,10.0097851
g04_12,grid,variable_transverse,0.58480354764257303,17.7827941003892,90,7.0887515075588698,7.0386752970862601,0.042296472063633801,4.43167652045777e-10,0,12.5220109
g04_12,grid,variable_transverse,0.58480354764257303,17.7827941003892,110,6.6441839607866298,6.6345843489944301,0.055884331561648501,7.2321231117264503e-10,1.7763568394002501e-15,14.976607700000001
g04_12,grid,variable_transverse,0.58480354764257303,17.7827941003892,120,6.29126915798716,6.2197436795556804,0.065169647780914997,4.7882739622458596e-10,8.8817841970012494e-16,17.689208900000001
g04_12,grid,variable_transverse,0.58480354764257303,17.7827941003892,130,5.8255618418837898,5.7589334350745496,0.067158181420624297,5.1071760269430803e-10,2.66453525910038e-15,20.210921899999999
g04_12,grid,variable_transverse,0.58480354764257303,17.7827941003892,140,5.7021761228003101,5.6319804407285003,0.0743930760267347,8.2522111790958906e-10,8.8817841970012494e-16,22.9000105
g04_13,grid,variable_transverse,0.58480354764257303,27.384196342643602,50,10.246967428202099,10.2112250030121,0.010064744806703999,2.4423311130797101e-10,0,2.7444185000000001
g04_13,grid,variable_transverse,0.58480354764257303,27.384196342643602,60,9.9236457738402404,10.0228893929636,0.015690557942705401,1.7938053816644101e-10,1.7763568394002501e-15,5.3649754999999999
g04_13,grid,variable_transverse,0.58480354764257303,27.384196342643602,70,7.84623511272292,7.8541985938997696,0.018891484310232898,2.1027329517964001e-10,3.5527136788005001e-15,8.0697279000000002
g04_13,grid,variable_transverse,0.58480354764257303,27.384196342643602,80,8.1965271978110898,8.1798943531732107,0.024688741789372901,5.0743899537003204e-10,1.7763568394002501e-15,10.332584199999999
g04_13,grid,variable_transverse,0.58480354764257303,27.384196342643602,90,7.1040500163359201,7.0670032998366699,0.029271437749766101,4.5452783279086006e-10,1.7763568394002501e-15,12.8736853
g04_13,grid,variable_transverse,0.58480354764257303,27.384196342643602,110,6.6644058184259896,6.67199484133201,0.038709063604642602,5.1675880528687196e-10,1.7763568394002501e-15,15.3557588
g04_13,grid,variable_transverse,0.58480354764257303,27.384196342643602,120,6.3148556584001998,6.2632986446255199,0.0451591157997073,4.24313952147664e-10,1.7763568394002501e-15,17.829730699999999
g04_13,grid,variable_transverse,0.58480354764257303,27.384196342643602,130,5.8498611015758204,5.8038422640210499,0.046509911733924998,4.56720678096215e-10,0,20.343780599999999
g04_13,grid,variable_transverse,0.58480354764257303,27.384196342643602,140,5.7290837281418403,5.6817831178645104,0.0514838521697129,5.9292276976776696e-10,8.8817841970012494e-16,22.9586103
g04_14,grid,variable_transverse,0.58480354764257303,42.169650342858198,50,10.250576560171501,10.2180555243943,0.0068425111877786996,1.9531831273346199e-10,1.7763568394002501e-15,2.9308329999999998
g04_14,grid,variable_transverse,0.58480354764257303,42.169650342858198,60,9.9292752490419396,10.033537806316399,0.0106787946858003,1.41166521018727e-10,5.3290705182007506e-15,6.2582890000000004
g04_14,grid,variable_transverse,0.58480354764257303,42.169650342858198,70,7.8530138001202499,7.8670222838735002,0.012860360635102101,2.4542144308688101e-10,3.5527136788005001e-15,9.3238201000000007
g04_14,grid,variable_transverse,0.58480354764257303,42.169650342858198,80,8.2053885663741806,8.1965860506826598,0.016816521509398,3.6768674310723299e-10,1.7763568394002501e-15,11.969748299999999
g04_14,grid,variable_transverse,0.58480354764257303,42.169650342858198,90,7.1145586751694196,7.0868390493584199,0.019947511683073901,2.7039637082158099e-10,8.8817841970012494e-16,14.633706200000001
g04_14,grid,variable_transverse,0.58480354764257303,42.169650342858198,110,6.67830736304726,6.6982174452139196,0.026397097471653998,2.9766370363877199e-10,2.66453525910038e-15,17.187654500000001
g04_14,grid,variable_transverse,0.58480354764257303,42.169650342858198,120,6.3310760170590799,6.2938442777602903,0.030804806224551898,3.31262596383992e-10,8.8817841970012494e-16,19.583787600000001
g04_14,grid,variable_transverse,0.58480354764257303,42.169650342858198,130,5.8665629043907899,5.8353153146318402,0.031711715553754002,5.0874286512011798e-10,8.8817841970012494e-16,21.863412799999999
g04_14,grid,variable_transverse,0.58480354764257303,42.169650342858198,140,5.7475668164033404,5.71665561278843,0.035084322198242902,3.8262522719908006e-10,1.7763568394002501e-15,24.344902399999999
g04_15,grid,variable_transverse,0.58480354764257303,64.938163157621105,50,10.253015889534,10.222740677966801,0.0045961416092099002,1.92583660719352e-10,7.1054273576010003e-15,2.6126049999999998
g04_15,grid,variable_transverse,0.58480354764257303,64.938163157621105,60,9.9330837732544897,10.0408509061087,0.0071790534630371003,2.0415249725316501e-10,3.5527136788005001e-15,5.4251136000000004
g04_15,grid,variable_transverse,0.58480354764257303,64.938163157621105,70,7.8576007899917002,7.8758317096585797,0.0086472959460259999,1.76007297203363e-10,8.8817841970012494e-16,8.5650051000000005
g04_15,grid,variable_transverse,0.58480354764257303,64.938163157621105,80,8.2113879171469399,8.2080611546777593,0.0113123639201974,3.5046336844304303e-10,1.7763568394002501e-15,11.750291799999999
g04_15,grid,variable_transverse,0.58480354764257303,64.938163157621105,90,7.1216762919721299,7.1004829232151296,0.0134234542333861,2.4598864038566498e-10,1.7763568394002501e-15,14.6449132
g04_15,grid,variable_transverse,0.58480354764257303,64.938163157621105,110,6.6877286273807002,6.7162694767676001,0.0177724475127637,4.3146424698728402e-10,8.8817841970012494e-16,17.212239
g04_15,grid,variable_transverse,0.58480354764257303,64.938163157621105,120,6.3420715109372399,6.3148807153339703,0.020744127017071599,2.86730769677531e-10,1.7763568394002501e-15,19.9115827
g04_15,grid,variable_transverse,0.58480354764257303,64.938163157621105,130,5.8778801425175802,5.8569785971488804,0.0213472373765075,4.80120543844081e-10,2.66453525910038e-15,22.263508999999999
g04_15,grid,variable_transverse,0.58480354764257303,64.938163157621105,140,5.7600852205959203,5.740643084807,0.023608193949903,3.1267416523226798e-10,3.5527136788005001e-15,24.659939099999999
g04_16,grid,variable_transverse,0.58480354764257303,100,50,10.2546468423504,10.2259092727145,0.0030581475563115001,3.7827332897613101e-10,3.5527136788005001e-15,2.8256453000000001
g04_16,grid,variable_transverse,0.58480354764257303,100,60,9.9356320759715508,10.045801698333101,0.0047797897419905996,2.1265995068457101e-10,3.5527136788005001e-15,5.5741225999999999
g04_16,grid,variable_transverse,0.58480354764257303,100,70,7.8606704814806401,7.8817967925514099,0.0057581661002194997,2.5006333266251103e-10,8.8817841970012494e-16,8.0257898999999995
g04_16,grid,variable_transverse,0.58480354764257303,100,80,8.2154043110154706,8.2158356524331193,0.0075352228079422004,3.9591038207948302e-10,3.5527136788005001e-15,10.3279671
g04_16,grid,variable_transverse,0.58480354764257303,100,90,7.1264428471497796,7.1097306103669498,0.0089438257616865999,2.9229709029957202e-10,1.7763568394002501e-15,12.807273199999999
g04_16,grid,variable_transverse,0.58480354764257303,100,110,6.69404053903222,6.7285124248516803,0.0118454888221592,2.9907136482920402e-10,1.7763568394002501e-15,15.216692200000001
g04_16,grid,variable_transverse,0.58480354764257303,100,120,6.3494392709713603,6.3291515582017004,0.0138277970149703,4.5079108680604302e-10,8.8817841970012494e-16,17.693887499999999
g04_16,grid,variable_transverse,0.58480354764257303,100,130,5.8854610944840102,5.8716684304925,0.0142259229091033,4.39823783140943e-10,0,20.344245600000001
g04_16,grid,variable_transverse,0.58480354764257303,100,140,5.7684678938743801,5.7569010713498896,0.0157280510314452,4.9905600613536797e-10,1.7763568394002501e-15,23.024993899999998
g05_00,grid,variable_transverse,0.90941580610853001,0.10000000000000001,50,15.3117425487468,15.1737431546407,0.089349265089508897,6.2062424119057288e-11,1.0658141036401501e-14,2.3665162999999998
g05_00,grid,variable_transverse,0.90941580610853001,0.10000000000000001,60,14.5778603654927,14.6171611604027,0.13821553409425699,4.8949159707790897e-11,3.5527136788005001e-15,4.9986569000000003
g05_00,grid,variable_transverse,0.90941580610853001,0.10000000000000001,70,11.0909013107741,10.954686819389099,0.168121762730298,6.2059785220677197e-11,1.7763568394002501e-15,7.9123048999999996
g05_00,grid,variable_transverse,0.90941580610853001,0.10000000000000001,80,11.2848609275456,11.0820771589438,0.21952770028263499,1.2215134191766001e-10,1.7763568394002501e-15,10.383835100000001
g05_00,grid,variable_transverse,0.90941580610853001,0.10000000000000001,90,9.2982004188988796,9.0197629633894607,0.26281548954783701,7.2259083048776396e-11,0,12.836358000000001
g05_00,grid,variable_transverse,0.90941580610853001,0.10000000000000001,110,8.0715319665327492,7.7882725887722399,0.35817539303631302,1.4376006157908299e-10,3.5527136788005001e-15,15.1998733
g05_00,grid,variable_transverse,0.90941580610853001,0.10000000000000001,120,7.09087950476993,6.6606953957160302,0.42539465173433599,1.08133675609093e-10,2.66453525910038e-15,17.578449800000001
g05_00,grid,variable_transverse,0.90941580610853001,0.10000000000000001,130,6.2402378603446804,5.7911138414738303,0.45650574414269901,2.16867127643937e-10,3.5527136788005001e-15,20.030183300000001
g05_00,grid,variable_transverse,0.90941580610853001,0.10000000000000001,140,5.6898583662995801,5.1743987646277603,0.52544253525758,1.2968020472507199e-10,1.7763568394002501e-15,22.578974899999999
g05_01,grid,variable_transverse,0.90941580610853001,0.15399265260594899,50,15.3554189047797,15.1936680712344,0.113095561455535,7.873408784295789e-11,1.7763568394002501e-15,2.3986005000000001
g05_01,grid,variable_transverse,0.90941580610853001,0.15399265260594899,60,14.645421867146201,14.6481431967178,0.17493277188619,4.3565766471682894e-11,1.7763568394002501e-15,4.7995938999999996
g05_01,grid,variable_transverse,0.90941580610853001,0.15399265260594899,70,11.1730336712307,10.992640697276901,0.212533519916424,6.52718946376552e-11,1.7763568394002501e-15,7.2821822000000003
g05_01,grid,variable_transverse,0.90941580610853001,0.15399265260594899,80,11.3920730691939,11.1310322089492,0.27733991157655802,8.5034695458511195e-11,3.5527136788005001e-15,9.6625052999999994
g05_01,grid,variable_transverse,0.90941580610853001,0.15399265260594899,90,9.4264649817607804,9.0792888321090803,0.33156653823885901,9.1311176806251288e-11,0,12.0862376
g05_01,grid,variable_transverse,0.90941580610853001,0.15399265260594899,110,8.2460092933572309,7.8708540951431196,0.45017339127442602,1.6485140821226699e-10,0,14.521258700000001
g05_01,grid,variable_transverse,0.90941580610853001,0.15399265260594899,120,7.2978498821799196,6.7594011654549604,0.53336346906223497,1.3964693081804099e-10,0,17.140594
g05_01,grid,variable_transverse,0.90941580610853001,0.15399265260594899,130,6.4618249493732396,5.8992088969504604,0.56972987915722195,2.5215086555181801e-10,2.66453525910038e-15,19.854189399999999
g05_01,grid,variable_transverse,0.90941580610853001,0.15399265260594899,140,5.9443851120686402,5.3013958249030697,0.65312568800442805,2.1888956894949402e-10,1.7763568394002501e-15,22.413964199999999
g05_02,grid,variable_transverse,0.90941580610853001,0.23713737056616599,50,15.4092454923279,15.224835719779399,0.13574907165774899,8.7126531672385491e-11,8.8817841970012507e-15,2.8093246999999999
g05_02,grid,variable_transverse,0.90941580610853001,0.23713737056616599,60,14.7286682000132,14.6965743938658,0.209913635856255,1.4563280016104401e-10,7.1054273576010003e-15,5.3911863999999996
g05_02,grid,variable_transverse,0.90941580610853001,0.23713737056616599,70,11.274097705382999,11.0518673243521,0.25465270481206098,1.5261541607654401e-10,3.5527136788005001e-15,7.7762824000000004
g05_02,grid,variable_transverse,0.90941580610853001,0.23713737056616599,80,11.523895468946,11.207644011200699,0.33200494688698801,1.6409583912383699e-10,7.1054273576010003e-15,10.164540000000001
g05_02,grid,variable_transverse,0.90941580610853001,0.23713737056616599,90,9.5839254184154008,9.1720898850444001,0.39623616261619199,2.16081434390922e-10,1.7763568394002501e-15,12.568114899999999
g05_02,grid,variable_transverse,0.90941580610853001,0.23713737056616599,110,8.4592976230384203,7.9989712786103997,0.53547873028784099,2.10596443481484e-10,0,14.849689400000001
g05_02,grid,variable_transverse,0.90941580610853001,0.23713737056616599,120,7.5501858129855703,6.9121260804381199,0.63260233008268096,2.9226883497661498e-10,0,17.3079635
g05_02,grid,variable_transverse,0.90941580610853001,0.23713737056616599,130,6.7306638329933204,6.0651602619686402,0.67227765262452099,3.1332103691204202e-10,1.7763568394002501e-15,19.759080600000001
g05_02,grid,variable_transverse,0.90941580610853001,0.23713737056616599,140,6.2518861056446697,5.4948796516959302,0.76729716098381395,3.7117174331044001e-10,8.8817841970012494e-16,22.498767300000001
g05_03,grid,variable_transverse,0.90941580610853001,0.365174127254838,50,15.471886300614299,15.270008015361,0.15321202714531601,1.24436554088318e-10,3.5527136788005001e-15,2.4501897000000001
g05_03,grid,variable_transverse,0.90941580610853001,0.365174127254838,60,14.8255135247562,14.766693569749,0.23682725031972099,1.7333032908561199e-10,3.5527136788005001e-15,4.8955774999999999
g05_03,grid,variable_transverse,0.90941580610853001,0.365174127254838,70,11.391484192673801,11.137407120360299,0.28681993809463302,1.98306297377575e-10,3.5527136788005001e-15,7.5069258000000003
g05_03,grid,variable_transverse,0.90941580610853001,0.365174127254838,80,11.6768573432545,11.318434071862001,0.37354591109864599,1.8670438668842199e-10,0,10.0714141
g05_03,grid,variable_transverse,0.90941580610853001,0.365174127254838,90,9.7663049423093096,9.3057411168714292,0.44497002608944197,1.9206680803896701e-10,1.7763568394002501e-15,12.604815200000001
g05_03,grid,variable_transverse,0.90941580610853001,0.365174127254838,110,8.7051238742797992,8.1822145713815608,0.59822773891233905,2.6282949414500201e-10,0,15.2828847
g05_03,grid,variable_transverse,0.90941580610853001,0.365174127254838,120,7.8401351405078499,7.1297407842691802,0.70449621455602696,2.8888610553019299e-10,5.3290705182007506e-15,18.020388799999999
g05_03,grid,variable_transverse,0.90941580610853001,0.365174127254838,130,7.0379697092325699,6.2996059729187097,0.74473296326191396,4.1549652275612503e-10,8.8817841970012494e-16,20.449636399999999
g05_03,grid,variable_transverse,0.90941580610853001,0.365174127254838,140,6.6018200613035596,5.7660960128036702,0.84615371195352396,3.4863063440931601e-10,1.7763568394002501e-15,22.8071552
g05_04,grid,variable_transverse,0.90941580610853001,0.56234132519034896,50,15.540225761581301,15.3299406021775,0.16161327818638099,1.50053566069854e-10,3.5527136788005001e-15,2.6622433000000001
g05_04,grid,variable_transverse,0.90941580610853001,0.56234132519034896,60,14.931128838203399,14.859613398989399,0.24972101003744299,1.3901834585334901e-10,3.5527136788005001e-15,5.1378602999999998
g05_04,grid,variable_transverse,0.90941580610853001,0.56234132519034896,70,11.5192831450903,11.250450260044,0.30191721636973101,1.6069379423486901e-10,5.3290705182007506e-15,7.6010875000000002
g05_04,grid,variable_transverse,0.90941580610853001,0.56234132519034896,80,11.843205034284001,11.4648757343477,0.39276860277987002,2.3933305613141004e-10,1.7763568394002501e-15,10.006126800000001
g05_04,grid,variable_transverse,0.90941580610853001,0.56234132519034896,90,9.9642703650114708,9.4816827796403,0.46699304212460702,1.77187133034971e-10,1.7763568394002501e-15,12.743170900000001
g05_04,grid,variable_transverse,0.90941580610853001,0.56234132519034896,110,8.9705637673885192,8.42153902913061,0.62453422658106295,2.3586288947626201e-10,1.7763568394002501e-15,15.247522399999999
g05_04,grid,variable_transverse,0.90941580610853001,0.56234132519034896,120,8.1522203897421797,7.4127167650750003,0.73311839470633999,2.4512729302866798e-10,1.7763568394002501e-15,17.857165299999998
g05_04,grid,variable_transverse,0.90941580610853001,0.56234132519034896,130,7.3670267678309997,6.6018857262969597,0.77106073603964398,3.6792372759275798e-10,8.8817841970012494e-16,20.619447000000001
g05_04,grid,variable_transverse,0.90941580610853001,0.56234132519034896,140,6.9748554644568701,6.1131766861716104,0.87221843164743595,2.9313886295355702e-10,3.5527136788005001e-15,23.374967999999999
g05_05,grid,variable_transverse,0.90941580610853001,0.86596432336006501,50,15.609831456995201,15.402176692173001,0.15897724307464001,1.40690169222258e-10,1.7763568394002501e-15,2.3062936999999999
g05_05,grid,variable_transverse,0.90941580610853001,0.86596432336006501,60,15.038666924637701,14.971481777888499,0.24558637080305901,1.95463343349576e-10,0,4.5651523000000003
g05_05,grid,variable_transverse,0.90941580610853001,0.86596432336006501,70,11.649193121387301,11.386172587626501,0.29644466868320002,1.9594251534718301e-10,1.7763568394002501e-15,7.0689814000000002
g05_05,grid,variable_transverse,0.90941580610853001,0.86596432336006501,80,12.0121167645312,11.6406191321232,0.38524582813930103,2.20729389785661e-10,1.7763568394002501e-15,9.4452754999999993
g05_05,grid,variable_transverse,0.90941580610853001,0.86596432336006501,90,10.1649312020189,9.6920428772970393,0.45728680003162198,2.7154191436759098e-10,1.7763568394002501e-15,12.017807599999999
g05_05,grid,variable_transverse,0.90941580610853001,0.86596432336006501,110,9.2382500879908402,8.7054019323743201,0.60856048747325198,3.5779998139668899e-10,3.5527136788005001e-15,14.4018272
g05_05,grid,variable_transverse,0.90941580610853001,0.86596432336006501,120,8.4659706529208698,7.7468549886121902,0.71223025428191999,3.8179414066595501e-10,0,16.588685600000002
g05_05,grid,variable_transverse,0.90941580610853001,0.86596432336006501,130,7.6962467467289697,6.9560371531785803,0.74566587860887201,4.1605596683756599e-10,8.8817841970012494e-16,18.843108699999998
g05_05,grid,variable_transverse,0.90941580610853001,0.86596432336006501,140,7.3465014424463098,6.5170478024969096,0.84006757574268298,3.82714989490408e-10,0,21.166626000000001
g05_06,grid,variable_transverse,0.90941580610853001,1.33352143216332,50,15.676021791096399,15.481171119527099,0.146167657188705,1.9194451387635301e-10,0,2.2968011000000002
g05_06,grid,variable_transverse,0.90941580610853001,1.33352143216332,60,15.1409134936473,15.093702217037301,0.22579299835153399,2.11898620065853e-10,7.1054273576010003e-15,4.6151749999999998
g05_06,grid,variable_transverse,0.90941580610853001,1.33352143216332,70,11.7725289066336,11.534083342955199,0.27218607437027098,1.5452754378898099e-10,1.7763568394002501e-15,6.9386723999999997
g05_06,grid,variable_transverse,0.90941580610853001,1.33352143216332,80,12.1723281136198,11.832000625196899,0.35342246523565701,3.3853944150917302e-10,1.7763568394002501e-15,9.2335119999999993
g05_06,grid,variable_transverse,0.90941580610853001,1.33352143216332,90,10.3549733366614,9.9203937883682194,0.418966550928842,3.1731572172929899e-10,1.7763568394002501e-15,11.7753139
g05_06,grid,variable_transverse,0.90941580610853001,1.33352143216332,110,9.4906248386579808,9.0112739201821999,0.555261799489289,2.93874943601955e-10,3.5527136788005001e-15,14.1456029
g05_06,grid,variable_transverse,0.90941580610853001,1.33352143216332,120,8.7609549590677993,8.1053890759493807,0.64820267051527003,3.3970615485273599e-10,0,16.7120572
g05_06,grid,variable_transverse,0.90941580610853001,1.33352143216332,130,8.0044682250438708,7.3334886377168598,0.67599150843563205,4.5654754836660603e-10,1.7763568394002501e-15,19.022469000000001
g05_06,grid,variable_transverse,0.90941580610853001,1.33352143216332,140,7.6931170133859696,6.9449235464474803,0.75884732453499504,5.4778787256425902e-10,2.66453525910038e-15,21.266783799999999
g05_07,grid,variable_transverse,0.90941580610853001,2.0535250264571498,50,15.735035635185501,15.559960981548301,0.12638661900785,1.91888213824271e-10,3.5527136788005001e-15,2.2693766000000002
g05_07,grid,variable_transverse,0.90941580610853001,2.0535250264571498,60,15.2320860877103,15.215528545612701,0.19529586151183601,2.0106616307363799e-10,1.4210854715202001e-14,4.5290299000000003
g05_07,grid,variable_transverse,0.90941580610853001,2.0535250264571498,70,11.882377518578,11.6812072895552,0.23518781693246499,2.19467756416585e-10,0,6.8557772000000003
g05_07,grid,variable_transverse,0.90941580610853001,2.0535250264571498,80,12.314921467699101,12.022213414788901,0.30522314572506698,2.1719601271495201e-10,1.7763568394002501e-15,8.9327348000000004
g05_07,grid,variable_transverse,0.90941580610853001,2.0535250264571498,90,10.523935559027301,10.1467825921534,0.36152657841472702,3.1111548916064802e-10,5.3290705182007506e-15,11.1293305
g05_07,grid,variable_transverse,0.90941580610853001,2.0535250264571498,110,9.7141960167091206,9.3126193798376793,0.47766759469480502,3.4809034491377601e-10,1.7763568394002501e-15,13.153706400000001
g05_07,grid,variable_transverse,0.90941580610853001,2.0535250264571498,120,9.0216910705883908,8.4573381659881992,0.55656239332824797,4.41240711083236e-10,3.5527136788005001e-15,15.2158552
g05_07,grid,variable_transverse,0.90941580610853001,2.0535250264571498,130,8.2759479791722992,7.7019665064248404,0.57859422953360595,3.22311025042925e-10,1.7763568394002501e-15,17.330432399999999
g05_07,grid,variable_transverse,0.90941580610853001,2.0535250264571498,140,7.9974079892069998,7.36052936101059,0.64754520623113798,4.3388168069030201e-10,0,19.402469499999999
g05_08,grid,variable_transverse,0.90941580610853001,3.16227766016838,50,15.7847319615757,15.632382816699,0.103656932629982,2.8913906829235701e-10,3.5527136788005001e-15,2.2271150999999998
g05_08,grid,variable_transverse,0.90941580610853001,3.16227766016838,60,15.308901747997799,15.327481961806701,0.160286935643038,2.9079326360504799e-10,5.3290705182007506e-15,4.5093974000000001
g05_08,grid,variable_transverse,0.90941580610853001,3.16227766016838,70,11.974853328509701,11.8161924320714,0.19290855890738201,2.55807911648068e-10,3.5527136788005001e-15,6.8382499000000001
g05_08,grid,variable_transverse,0.90941580610853001,3.16227766016838,80,12.434924015800799,12.1966281757804,0.25032362825349902,4.2332169075930902e-10,0,9.1060005999999998
g05_08,grid,variable_transverse,0.90941580610853001,3.16227766016838,90,10.6660458678891,10.3540051283425,0.29640141087072602,3.9052476195836899e-10,3.5527136788005001e-15,11.291689099999999
g05_08,grid,variable_transverse,0.90941580610853001,3.16227766016838,110,9.9017710029214907,9.5871259077549809,0.39088877211316198,4.1906484273833603e-10,3.5527136788005001e-15,13.3934715
g05_08,grid,variable_transverse,0.90941580610853001,3.16227766016838,120,9.2401100479354596,8.7770418735597193,0.45491641603108901,4.2615693622096899e-10,0,15.5508767
g05_08,grid,variable_transverse,0.90941580610853001,3.16227766016838,130,8.5027309342542292,8.0352440748421508,0.47176014260457899,6.3411263301504596e-10,5.3290705182007506e-15,17.575056100000001
g05_08,grid,variable_transverse,0.90941580610853001,3.16227766016838,140,8.2508997988128101,7.7348997520468599,0.52666121366603602,6.3217677993916801e-10,0,19.685394200000001
g05_09,grid,variable_transverse,0.90941580610853001,4.8696752516586299,50,15.824611206786599,15.694541684583401,0.081374215088823504,3.4279989738639698e-10,3.5527136788005001e-15,2.0648004000000002
g05_09,grid,variable_transverse,0.90941580610853001,4.8696752516586299,60,15.370599075710899,15.4235956814079,0.12597193317775099,1.75446679607811e-10,1.7763568394002501e-15,4.2777555999999999
g05_09,grid,variable_transverse,0.90941580610853001,4.8696752516586299,70,12.0490957743907,11.931957139631599,0.15156902750385301,2.06215528154079e-10,0,6.3793217000000002
g05_09,grid,variable_transverse,0.90941580610853001,4.8696752516586299,80,12.531273102825301,12.3461741568597,0.19673562952454501,6.05011410681662e-10,0,8.3623633000000002
g05_09,grid,variable_transverse,0.90941580610853001,4.8696752516586299,90,10.780133051462,10.531504807375001,0.23297794669556099,2.3515973231389702e-10,3.5527136788005001e-15,10.528791200000001
g05_09,grid,variable_transverse,0.90941580610853001,4.8696752516586299,110,10.0521604167284,9.8215080941951705,0.307018454269537,6.8214026803565506e-10,0,12.572540399999999
g05_09,grid,variable_transverse,0.90941580610853001,4.8696752516586299,120,9.4150829053932696,9.0495068873216908,0.357132478078794,2.6005597846231799e-10,1.7763568394002501e-15,14.652281800000001
g05_09,grid,variable_transverse,0.90941580610853001,4.8696752516586299,130,8.6840094285935905,8.3183541851168901,0.36965204770786902,9.3207730756818491e-10,1.7763568394002501e-15,16.7107089
g05_09,grid,variable_transverse,0.90941580610853001,4.8696752516586299,140,8.4530690495888994,8.0518888102827404,0.411825889384067,3.5415900954257101e-10,1.7763568394002501e-15,18.892997999999999
g05_10,grid,variable_transverse,0.90941580610853001,7.4989420933245601,50,15.8553690612964,15.745030498865599,0.061641255005296401,2.9765884743647699e-10,3.5527136788005001e-15,2.0896143
g05_10,grid,variable_transverse,0.90941580610853001,7.4989420933245601,60,15.4182460649824,15.5017279456479,0.095563600957108696,2.0607331923886099e-10,1.7763568394002501e-15,4.1944356999999997
g05_10,grid,variable_transverse,0.90941580610853001,7.4989420933245601,70,12.1064234683344,12.026011721595401,0.11498207065881701,3.30867049907603e-10,1.7763568394002501e-15,6.3791117000000002
g05_10,grid,variable_transverse,0.90941580610853001,7.4989420933245601,80,12.605704038844101,12.4677014472423,0.14933701790295001,5.2791443829773397e-10,3.5527136788005001e-15,8.4653627
g05_10,grid,variable_transverse,0.90941580610853001,7.4989420933245601,90,10.868293103228501,10.675704385865799,0.176930001642291,4.5315118155197701e-10,3.5527136788005001e-15,10.5213479
g05_10,grid,variable_transverse,0.90941580610853001,7.4989420933245601,110,10.1683387399111,10.011606093379999,0.23319263997623099,5.3424391548277008e-10,1.7763568394002501e-15,12.656967699999999
g05_10,grid,variable_transverse,0.90941580610853001,7.4989420933245601,120,9.5502224449722206,9.2702847604927605,0.27126693428161602,6.2077992026295602e-10,5.3290705182007506e-15,14.7307892
g05_10,grid,variable_transverse,0.90941580610853001,7.4989420933245601,130,8.8237836248786898,8.5472008996688693,0.28036185762979399,7.6458898062800405e-10,1.7763568394002501e-15,16.816919899999998
g05_10,grid,variable_transverse,0.90941580610853001,7.4989420933245601,140,8.6086606531618308,8.3074651651884608,0.31182139882035198,6.8067140677873304e-10,1.7763568394002501e-15,18.899009599999999
g05_11,grid,variable_transverse,0.90941580610853001,11.547819846894599,50,15.8783346685026,15.784293838199099,0.045342432187949401,2.5732700644833398e-10,3.5527136788005001e-15,2.0148305999999998
g05_11,grid,variable_transverse,0.90941580610853001,11.547819846894599,60,15.453877698180101,15.5625683251615,0.070411525130759406,3.0949621841569201e-10,3.5527136788005001e-15,4.1342509999999999
g05_11,grid,variable_transverse,0.90941580610853001,11.547819846894599,70,12.149298603154699,12.0992386355025,0.084734281986086998,3.235036986283e-10,5.3290705182007506e-15,6.2864369
g05_11,grid,variable_transverse,0.90941580610853001,11.547819846894599,80,12.6614105228951,12.562377279845,0.110141262900446,3.61687205623026e-10,0,8.4325068999999999
g05_11,grid,variable_transverse,0.90941580610853001,11.547819846894599,90,10.934312641400201,10.7880688682621,0.130579074954359,4.5966878977646903e-10,3.5527136788005001e-15,10.500324300000001
g05_11,grid,variable_transverse,0.90941580610853001,11.547819846894599,110,10.255378895567899,10.1596817049072,0.172226621496023,4.8301578088042e-10,0,12.5193782
g05_11,grid,variable_transverse,0.90941580610853001,11.547819846894599,120,9.6514898059619902,9.4422267634667705,0.200420610237283,5.8443787235236396e-10,0,14.8114615
g05_11,grid,variable_transverse,0.90941580610853001,11.547819846894599,130,8.9283859409781101,8.7250998380287097,0.20689860999630599,4.6210050390678798e-10,0,17.166255400000001
g05_11,grid,variable_transverse,0.90941580610853001,11.547819846894599,140,8.7249206150234198,8.5057334943784593,0.22979294404460399,7.1055641401050104e-10,1.7763568394002501e-15,19.473719299999999
g05_12,grid,variable_transverse,0.90941580610853001,17.7827941003892,50,15.8950261792868,15.8137862657867,0.032541058706630301,2.9935022063087902e-10,0,2.1099977000000001
g05_12,grid,variable_transverse,0.90941580610853001,17.7827941003892,60,15.479818318454999,15.6083440206069,0.0506171656985311,3.5199826803495198e-10,3.5527136788005001e-15,4.2555071
g05_12,grid,variable_transverse,0.90941580610853001,17.7827941003892,70,12.1805197895128,12.1543394910284,0.060929976958724298,2.4764657182250599e-10,3.5527136788005001e-15,6.3609793999999997
g05_12,grid,variable_transverse,0.90941580610853001,17.7827941003892,80,12.702010075932799,12.6336835992145,0.0792693377883784,3.62331483267253e-10,5.3290705182007506e-15,8.4865277999999993
g05_12,grid,variable_transverse,0.90941580610853001,17.7827941003892,90,10.982462506854599,10.8727462673075,0.094047539999952995,3.8239979271986502e-10,0,10.586870899999999
g05_12,grid,variable_transverse,0.90941580610853001,17.7827941003892,110,10.318914847204001,10.2713283681696,0.124165862449177,4.8816591359237701e-10,0,12.6182511
g05_12,grid,variable_transverse,0.90941580610853001,17.7827941003892,120,9.7254440651780598,9.5719102486321308,0.14456499480204801,5.6806477305542801e-10,5.3290705182007506e-15,14.659834099999999
g05_12,grid,variable_transverse,0.90941580610853001,17.7827941003892,130,9.0046955349243003,8.8590854453545997,0.149098266479011,6.4175158604797198e-10,5.3290705182007506e-15,16.7885937
g05_12,grid,variable_transverse,0.90941580610853001,17.7827941003892,140,8.8096265051157605,8.6548077886568393,0.165406417521303,6.3423979073334097e-10,3.5527136788005001e-15,19.2747399
g05_13,grid,variable_transverse,0.90941580610853001,27.384196342643602,50,15.9068838405765,15.835316765466001,0.022868132155320801,3.0047345436995802e-10,1.0658141036401501e-14,2.3590295000000001
g05_13,grid,variable_transverse,0.90941580610853001,27.384196342643602,60,15.4982764724419,15.641821825309901,0.0356261659296883,2.6443824166811402e-10,3.5527136788005001e-15,5.1240275000000004
g05_13,grid,variable_transverse,0.90941580610853001,27.384196342643602,70,12.2027417491125,12.194647410540201,0.042897473941353799,3.3236594842423103e-10,0,7.3662197000000003
g05_13,grid,variable_transverse,0.90941580610853001,27.384196342643602,80,12.730932261556401,12.6859013728244,0.055855998088544197,4.5759125762111003e-10,3.5527136788005001e-15,9.8146777000000007
g05_13,grid,variable_transverse,0.90941580610853001,27.384196342643602,90,11.016788166173599,10.934801323336099,0.066315583663550504,4.6636742058216299e-10,1.7763568394002501e-15,12.483325900000001
g05_13,grid,variable_transverse,0.90941580610853001,27.384196342643602,110,10.3642549063747,10.353228411729299,0.087641020949679294,7.2065946669306497e-10,7.1054273576010003e-15,15.075475600000001
g05_13,grid,variable_transverse,0.90941580610853001,27.384196342643602,120,9.7782456139127394,9.6670957130933601,0.102090183649267,6.7126890961815503e-10,3.5527136788005001e-15,17.754272700000001
g05_13,grid,variable_transverse,0.90941580610853001,27.384196342643602,130,9.05913287001,8.9573177949510399,0.105212728289667,9.2844428507102701e-10,3.5527136788005001e-15,20.193786100000001
g05_13,grid,variable_transverse,0.90941580610853001,27.384196342643602,140,8.8699908178321802,8.7639502061188193,0.11661327549207701,6.8589655595451001e-10,3.5527136788005001e-15,22.807130300000001
g05_14,grid,variable_transverse,0.90941580610853001,42.169650342858198,50,15.9151449672515,15.850660440339,0.015785669594811601,2.0210063201611501e-10,1.7763568394002501e-15,2.2797974999999999
g05_14,grid,variable_transverse,0.90941580610853001,42.169650342858198,60,15.5111547430049,15.6657209082975,0.024625163324501001,3.10426221531578e-10,3.5527136788005001e-15,4.7069058999999998
g05_14,grid,variable_transverse,0.90941580610853001,42.169650342858198,70,12.2182505643047,12.223431421797001,0.029659498492649199,2.6687787535226599e-10,5.3290705182007506e-15,7.3074865000000004
g05_14,grid,variable_transverse,0.90941580610853001,42.169650342858198,80,12.7511330736268,12.723228912708301,0.038646973449863398,4.2036897774447102e-10,3.5527136788005001e-15,9.6509698999999998
g05_14,grid,variable_transverse,0.90941580610853001,42.169650342858198,90,11.0407788026157,10.979194240577501,0.0459117129842899,4.4180219379925301e-10,0,12.0225001
g05_14,grid,variable_transverse,0.90941580610853001,42.169650342858198,110,10.3959738542836,10.411883625864499,0.0607290389969454,5.2073932769006404e-10,1.7763568394002501e-15,14.5810285
g05_14,grid,variable_transverse,0.90941580610853001,42.169650342858198,120,9.8152014435510697,9.7353073596317596,0.070770364687086501,5.4202046451585497e-10,5.3290705182007506e-15,17.367313599999999
g05_14,grid,variable_transverse,0.90941580610853001,42.169650342858198,130,9.0972079672031096,9.0276495758851407,0.072891649404974196,6.9639244193452401e-10,1.7763568394002501e-15,19.922286499999998
g05_14,grid,variable_transverse,0.90941580610853001,42.169650342858198,140,8.9121768024702099,8.8420054318041608,0.080732319189021101,7.4018934087272896e-10,0,22.369638399999999
g05_15,grid,variable_transverse,0.90941580610853001,64.938163157621105,50,15.9208064283458,15.861372498524201,0.0107352144573809,2.1469386816022801e-10,1.7763568394002501e-15,2.9021466
g05_15,grid,variable_transverse,0.90941580610853001,64.938163157621105,60,15.5199911043175,15.682431199618099,0.016764730816753799,1.80230684920066e-10,1.7763568394002501e-15,5.8258421
g05_15,grid,variable_transverse,0.90941580610853001,64.938163157621105,70,12.2288946578278,12.243563577766601,0.020196941023801301,3.1302110017009399e-10,1.7763568394002501e-15,8.1974540999999999
g05_15,grid,variable_transverse,0.90941580610853001,64.938163157621105,80,12.7650064863849,12.7493604588579,0.0263322952831089,2.6360508708313201e-10,1.7763568394002501e-15,10.516102099999999
g05_15,grid,variable_transverse,0.90941580610853001,64.938163157621105,90,11.057264010874,11.010292826882701,0.031297365015831399,2.5360978731838598e-10,5.3290705182007506e-15,13.0715135
g05_15,grid,variable_transverse,0.90941580610853001,64.938163157621105,110,10.4177867913591,10.453015584698401,0.041426557069896598,4.60680886315928e-10,3.5527136788005001e-15,15.535526900000001
g05_15,grid,variable_transverse,0.90941580610853001,64.938163157621105,120,9.8406248822679299,9.7831661195106498,0.048290804446337703,5.0368240473698399e-10,3.5527136788005001e-15,18.022964399999999
g05_15,grid,variable_transverse,0.90941580610853001,64.938163157621105,130,9.1233874909772794,9.0769607741862508,0.049715117008185997,5.0384585143916698e-10,0,20.451113400000001
g05_15,grid,variable_transverse,0.90941580610853001,64.938163157621105,140,8.94116466882768,8.8966837807931292,0.055033143467883898,4.5666848812145099e-10,1.7763568394002501e-15,23.108600200000001
g05_16,grid,variable_transverse,0.90941580610853001,100,50,15.924633953651799,15.868722704654299,0.0072126732749127004,1.9407990382095899e-10,5.3290705182007506e-15,2.5511024
g05_16,grid,variable_transverse,0.90941580610853001,100,60,15.525970856522299,15.6939115345626,0.011273234225596101,3.36075841927518e-10,5.3290705182007506e-15,5.3198926999999996
g05_16,grid,variable_transverse,0.90941580610853001,100,70,12.2360993067553,12.2573986307327,0.013583783393001699,3.5056053515856901e-10,1.7763568394002501e-15,8.2964412000000003
g05_16,grid,variable_transverse,0.90941580610853001,100,80,12.774401770375301,12.767331718521399,0.017718014356987499,3.0288920727619001e-10,1.7763568394002501e-15,10.7382051
g05_16,grid,variable_transverse,0.90941580610853001,100,90,11.068432855136001,11.0316918020168,0.021066646072475801,3.5698088080664599e-10,3.5527136788005001e-15,13.0951843
g05_16,grid,variable_transverse,0.90941580610853001,100,110,10.432574001983699,10.4813419298165,0.027898556418610099,4.8395429900121301e-10,5.3290705182007506e-15,15.483673700000001
g05_16,grid,variable_transverse,0.90941580610853001,100,120,9.8578640211990294,9.8161382304959499,0.032527731256704003,6.7695883989169105e-10,1.7763568394002501e-15,18.040182900000001
g05_16,grid,variable_transverse,0.90941580610853001,100,130,9.1411319470676595,9.1109146597732895,0.033474986955115998,4.3071908174563903e-10,1.7763568394002501e-15,20.5425954
g05_16,grid,variable_transverse,0.90941580610853001,100,140,8.9608033867793395,8.9343084280909597,0.0370409982511469,7.4692519710296601e-10,7.1054273576010003e-15,23.002443499999998
g06_00,grid,variable_transverse,1.4142135623731,0.10000000000000001,50,23.720845413440301,23.5263058195914,0.104337686626642,5.3367689367018496e-11,3.5527136788005001e-15,3.297005
g06_00,grid,variable_transverse,1.4142135623731,0.10000000000000001,60,22.706595465182598,22.809719543635602,0.161540726626974,2.6060937656063698e-11,3.5527136788005001e-15,6.4701161999999997
g06_00,grid,variable_transverse,1.4142135623731,0.10000000000000001,70,17.1651605906264,17.003550818360502,0.196710116937691,2.7930529040822396e-11,3.5527136788005001e-15,8.8448840999999998
g06_00,grid,variable_transverse,1.4142135623731,0.10000000000000001,80,17.4270884413171,17.188067528807402,0.25617681156681799,9.7426134693751388e-11,3.5527136788005001e-15,11.1788969
g06_00,grid,variable_transverse,1.4142135623731,0.10000000000000001,90,14.290236898345499,13.954867505479401,0.30750716835629799,4.6658760065676394e-11,3.5527136788005001e-15,13.6506156
g06_00,grid,variable_transverse,1.4142135623731,0.10000000000000001,110,12.389150355033101,12.0894328388309,0.420358435047537,1.4181198952637701e-10,3.5527136788005001e-15,16.796855900000001
g06_00,grid,variable_transverse,1.4142135623731,0.10000000000000001,120,10.7681122076519,10.2615203780054,0.49977536006325202,6.2179807754405699e-11,0,19.867306899999999
g06_00,grid,variable_transverse,1.4142135623731,0.10000000000000001,130,9.4349882618808394,8.9110268176725693,0.53848228693528699,1.5118664074103401e-10,0,22.1188334
g06_00,grid,variable_transverse,1.4142135623731,0.10000000000000001,140,8.5387394075346599,7.9349899327243696,0.62254267414628806,6.9047397567868098e-11,1.7763568394002501e-15,24.351949099999999
g06_01,grid,variable_transverse,1.4142135623731,0.15399265260594899,50,23.773016684049601,23.544693936415499,0.138131266770574,6.2047457833547791e-11,1.4210854715202001e-14,2.5499651000000001
g06_01,grid,variable_transverse,1.4142135623731,0.15399265260594899,60,22.787376114224301,22.838352877610401,0.21388649615264699,6.5213657884902592e-11,7.1054273576010003e-15,5.4287795000000001
g06_01,grid,variable_transverse,1.4142135623731,0.15399265260594899,70,17.263491890323898,17.038636116425,0.26025152637632198,8.1653948411635396e-11,0,8.7970099000000008
g06_01,grid,variable_transverse,1.4142135623731,0.15399265260594899,80,17.555126037620301,17.233012605579599,0.33881213807193,9.8322062964416691e-11,7.1054273576010003e-15,11.465801300000001
g06_01,grid,variable_transverse,1.4142135623731,0.15399265260594899,90,14.4438585314091,14.009650669595,0.40631158696907599,9.8904777623466488e-11,3.5527136788005001e-15,13.832940600000001
g06_01,grid,variable_transverse,1.4142135623731,0.15399265260594899,110,12.598877383921501,12.1657206803729,0.55395342822370697,1.8573137466269499e-10,3.5527136788005001e-15,16.113487800000001
g06_01,grid,variable_transverse,1.4142135623731,0.15399265260594899,120,11.0172292362983,10.3527368232103,0.65737201684919699,1.07317448395432e-10,1.7763568394002501e-15,19.0672116
g06_01,grid,variable_transverse,1.4142135623731,0.15399265260594899,130,9.7028780624518802,9.0115259438564994,0.70556149241454702,1.89605809768365e-10,3.5527136788005001e-15,22.175105299999998
g06_01,grid,variable_transverse,1.4142135623731,0.15399265260594899,140,8.8479061189230492,8.0541092283409697,0.81288671313639205,1.7698393957341701e-10,0,24.834857299999999
g06_02,grid,variable_transverse,1.4142135623731,0.23713737056616599,50,23.840576718870899,23.575364325128401,0.175036120992351,1.19164684384982e-10,7.1054273576010003e-15,2.2607623000000001
g06_02,grid,variable_transverse,1.4142135623731,0.23713737056616599,60,22.891983514153701,22.886099855400399,0.27099871044992502,8.5827535842406598e-11,0,4.4942181000000003
g06_02,grid,variable_transverse,1.4142135623731,0.23713737056616599,70,17.390702178055299,17.0971150114922,0.32935945032869801,8.7443168879903493e-11,7.1054273576010003e-15,6.7862470000000004
g06_02,grid,variable_transverse,1.4142135623731,0.23713737056616599,80,17.720687508629599,17.30827828816,0.428518351922138,1.29662681343253e-10,3.5527136788005001e-15,9.2073459999999994
g06_02,grid,variable_transverse,1.4142135623731,0.23713737056616599,90,14.642266613224001,14.1011500279591,0.51317276097076703,1.3863450048657401e-10,1.7763568394002501e-15,11.718891299999999
g06_02,grid,variable_transverse,1.4142135623731,0.23713737056616599,110,12.868882999730101,12.292840150544301,0.69705210860438005,1.8454091277821201e-10,7.1054273576010003e-15,14.0128471
g06_02,grid,variable_transverse,1.4142135623731,0.23713737056616599,120,11.337249754429299,10.5045653112519,0.825161204094358,1.95074901732347e-10,3.5527136788005001e-15,16.462174999999998
g06_02,grid,variable_transverse,1.4142135623731,0.23713737056616599,130,10.0455557369845,9.17777632003021,0.88157312663390597,3.3608607918249899e-10,1.7763568394002501e-15,18.9618894
g06_02,grid,variable_transverse,1.4142135623731,0.23713737056616599,140,9.2418997954071198,8.2497555745110898,1.0115766435522699,2.3551002075777099e-10,1.7763568394002501e-15,22.167401600000002
g06_03,grid,variable_transverse,1.4142135623731,0.365174127254838,50,23.923938203436101,23.623410257075498,0.21037232605509901,5.5837043339544694e-11,3.5527136788005001e-15,2.2049672999999999
g06_03,grid,variable_transverse,1.4142135623731,0.365174127254838,60,23.021028429033901,22.960839726514902,0.32560648977336698,5.6883899770752894e-11,7.1054273576010003e-15,4.5067253000000003
g06_03,grid,variable_transverse,1.4142135623731,0.365174127254838,70,17.547420816514499,17.188509152497499,0.39513946946363299,1.00976142449433e-10,3.5527136788005001e-15,6.7329651999999998
g06_03,grid,variable_transverse,1.4142135623731,0.365174127254838,80,17.924502244339401,17.4262272599079,0.51366121606923598,1.9073490379176701e-10,3.5527136788005001e-15,8.9256136000000001
g06_03,grid,variable_transverse,1.4142135623731,0.365174127254838,90,14.886132386736399,14.244056659162201,0.61406788758142505,7.9008961877183495e-11,5.3290705182007506e-15,11.3188859
g06_03,grid,variable_transverse,1.4142135623731,0.365174127254838,110,13.199367065229501,12.490383258876699,0.83027015741288801,2.12320926826545e-10,0,13.746945800000001
g06_03,grid,variable_transverse,1.4142135623731,0.365174127254838,120,11.727897478939701,10.739871151443699,0.97999469558644403,1.1125716325862001e-10,3.5527136788005001e-15,16.1802718
g06_03,grid,variable_transverse,1.4142135623731,0.365174127254838,130,10.461823559707501,9.4334518028329803,1.04163796540209,2.9999292129789001e-10,1.7763568394002501e-15,18.512698700000001
g06_03,grid,variable_transverse,1.4142135623731,0.365174127254838,140,9.7184805547892594,8.5483055685189093,1.18997413790242,2.2603078742910001e-10,1.7763568394002501e-15,20.995793299999999
g06_04,grid,variable_transverse,1.4142135623731,0.56234132519034896,50,24.021085821409699,23.6931691331861,0.237786815892093,1.2902096820893101e-10,3.5527136788005001e-15,2.7331588
g06_04,grid,variable_transverse,1.4142135623731,0.56234132519034896,60,23.171358855242499,23.069233152976601,0.36788579143675298,9.6598370128285797e-11,7.1054273576010003e-15,5.1999900999999999
g06_04,grid,variable_transverse,1.4142135623731,0.56234132519034896,70,17.729700015858199,17.3207471356301,0.44569983585579798,1.1834830419343299e-10,0,7.5985125
g06_04,grid,variable_transverse,1.4142135623731,0.56234132519034896,80,18.161334274439699,17.597091799093398,0.57879291890850604,2.3217190640286701e-10,0,10.219074900000001
g06_04,grid,variable_transverse,1.4142135623731,0.56234132519034896,90,15.168984300020099,14.450287060280999,0.69060782321073999,1.8171944334878501e-10,1.7763568394002501e-15,12.9826026
g06_04,grid,variable_transverse,1.4142135623731,0.56234132519034896,110,13.580815524177099,12.7734737972599,0.928968221279318,4.0568639534166901e-10,3.5527136788005001e-15,15.7860978
g06_04,grid,variable_transverse,1.4142135623731,0.56234132519034896,120,12.1774051965428,11.0757883437903,1.0929809213064801,2.3582974921298803e-10,3.5527136788005001e-15,18.502519700000001
g06_04,grid,variable_transverse,1.4142135623731,0.56234132519034896,130,10.938320407857599,9.7953570276113098,1.1556000842773,4.6228440434883402e-10,3.5527136788005001e-15,20.975323400000001
g06_04,grid,variable_transverse,1.4142135623731,0.56234132519034896,140,10.2615757135798,8.9675649340799293,1.3141712365998599,1.8286447708299801e-10,1.7763568394002501e-15,23.7416467
g06_05,grid,variable_transverse,1.4142135623731,0.86596432336006501,50,24.127233436304099,23.785911231101299,0.25122157297907799,9.757511888942819e-11,7.1054273576010003e-15,2.9839761999999999
g06_05,grid,variable_transverse,1.4142135623731,0.86596432336006501,60,23.335548104528002,23.213155822418699,0.38851431065252401,1.24243640721926e-10,3.5527136788005001e-15,5.9278616
g06_05,grid,variable_transverse,1.4142135623731,0.86596432336006501,70,17.928445566392099,17.495860646459398,0.469886119563727,1.0978292190853301e-10,7.1054273576010003e-15,8.4109946000000004
g06_05,grid,variable_transverse,1.4142135623731,0.86596432336006501,80,18.419287261479202,17.823392216880698,0.60954032945758496,3.1591874703831399e-10,3.5527136788005001e-15,10.840204
g06_05,grid,variable_transverse,1.4142135623731,0.86596432336006501,90,15.476473144964199,14.7223696219984,0.72591725181873601,1.4866719611815799e-10,0,13.317759799999999
g06_05,grid,variable_transverse,1.4142135623731,0.86596432336006501,110,13.9933369495264,13.143993563988399,0.97135813757651301,3.2380053940805599e-10,5.3290705182007506e-15,15.8164914
g06_05,grid,variable_transverse,1.4142135623731,0.86596432336006501,120,12.6619619318658,11.513506854587201,1.1391484379064001,2.2640891842361802e-10,3.5527136788005001e-15,18.8277432
g06_05,grid,variable_transverse,1.4142135623731,0.86596432336006501,130,11.449311035409099,10.262955601737,1.19829155583088,4.1830461477571502e-10,1.7763568394002501e-15,21.612481500000001
g06_05,grid,variable_transverse,1.4142135623731,0.86596432336006501,140,10.841379517835,9.5051712412248204,1.35669508363637,2.9840460161622002e-10,0,24.180603900000001
g06_06,grid,variable_transverse,1.4142135623731,1.33352143216332,50,24.235518308787501,23.897934350081002,0.24751356743736899,1.8051577207810299e-10,3.5527136788005001e-15,3.5586603000000001
g06_06,grid,variable_transverse,1.4142135623731,1.33352143216332,60,23.502984685322001,23.386792050108902,0.38267176376271,1.18940137048582e-10,3.5527136788005001e-15,6.6964851000000003
g06_06,grid,variable_transverse,1.4142135623731,1.33352143216332,70,18.1307862975288,17.706558929734499,0.46208146287620699,1.57577285321135e-10,7.1054273576010003e-15,9.0036191999999993
g06_06,grid,variable_transverse,1.4142135623731,1.33352143216332,80,18.681629361934501,18.0955532102858,0.59880624037744301,2.2509239701970701e-10,3.5527136788005001e-15,11.245680800000001
g06_06,grid,variable_transverse,1.4142135623731,1.33352143216332,90,15.7886323118646,15.0484109088643,0.71192902033819105,1.90546081841539e-10,1.7763568394002501e-15,13.456550399999999
g06_06,grid,variable_transverse,1.4142135623731,1.33352143216332,110,14.4100042548699,13.5844369816881,0.94799122213208498,3.7552880285140802e-10,7.1054273576010003e-15,15.633247000000001
g06_06,grid,variable_transverse,1.4142135623731,1.33352143216332,120,13.1498523005646,12.0314749901318,1.10837866594602,1.88240151417646e-10,1.7763568394002501e-15,18.032340600000001
g06_06,grid,variable_transverse,1.4142135623731,1.33352143216332,130,11.9613323908662,10.8119725022996,1.16057161370629,3.5204237192148599e-10,3.5527136788005001e-15,20.1772578
g06_06,grid,variable_transverse,1.4142135623731,1.33352143216332,140,11.419884698945999,10.132029843648899,1.3086119317515199,2.3704966072657302e-10,3.5527136788005001e-15,22.435313600000001
g06_07,grid,variable_transverse,1.4142135623731,2.0535250264571498,50,24.338647056136399,24.0206992000181,0.227906192719665,2.3998033605898699e-10,3.5527136788005001e-15,2.5896042000000001
g06_07,grid,variable_transverse,1.4142135623731,2.0535250264571498,60,23.662420319289598,23.576890393981898,0.35233847234626697,2.6427156680159498e-10,3.5527136788005001e-15,5.8007483999999998
g06_07,grid,variable_transverse,1.4142135623731,2.0535250264571498,70,18.3231743128154,17.9366635558195,0.42488096634078798,3.0162704523685303e-10,7.1054273576010003e-15,9.3045527999999997
g06_07,grid,variable_transverse,1.4142135623731,2.0535250264571498,80,18.9308365103768,18.392555506806499,0.55014643881002201,4.3004695689593303e-10,7.1054273576010003e-15,11.880148200000001
g06_07,grid,variable_transverse,1.4142135623731,2.0535250264571498,90,16.0847137238956,15.403105577270299,0.65320875295935998,3.0695168256744899e-10,1.0658141036401501e-14,14.141589400000001
g06_07,grid,variable_transverse,1.4142135623731,2.0535250264571498,110,14.803427218124099,14.0600407917144,0.86620840508750496,4.0383633514225199e-10,8.8817841970012507e-15,16.336056899999999
g06_07,grid,variable_transverse,1.4142135623731,2.0535250264571498,120,13.609232668110501,12.588414841095499,1.01015485397113,4.2188958051850898e-10,0,18.526450799999999
g06_07,grid,variable_transverse,1.4142135623731,2.0535250264571498,130,12.4413882241299,11.398318740150801,1.05358417847077,6.8111256380563897e-10,5.3290705182007506e-15,20.7901487
g06_07,grid,variable_transverse,1.4142135623731,2.0535250264571498,140,11.9601892828892,10.797464948627599,1.18368759237431,4.1797304531586701e-10,7.1054273576010003e-15,23.050599699999999
g06_08,grid,variable_transverse,1.4142135623731,3.16227766016838,50,24.430722109885501,24.1433856158386,0.197320317348118,1.92859210407122e-10,1.4210854715202001e-14,2.1017996000000001
g06_08,grid,variable_transverse,1.4142135623731,3.16227766016838,60,23.8047812446089,23.766738115561399,0.30513745557736199,1.9050788365951301e-10,7.1054273576010003e-15,4.3047257999999999
g06_08,grid,variable_transverse,1.4142135623731,3.16227766016838,70,18.494756458319099,18.1659865483422,0.36759331433855402,2.0112968207556801e-10,1.4210854715202001e-14,6.5649077
g06_08,grid,variable_transverse,1.4142135623731,3.16227766016838,80,19.152943735710199,18.688313918667099,0.47572816515890498,4.5253212940251702e-10,7.1054273576010003e-15,9.6899194000000008
g06_08,grid,variable_transverse,1.4142135623731,3.16227766016838,90,16.3483082976276,15.755444092020101,0.56436510695085096,2.7912961079766e-10,3.5527136788005001e-15,12.4432145
g06_08,grid,variable_transverse,1.4142135623731,3.16227766016838,110,15.1524163388628,14.529507058237501,0.746090576174404,5.3575254274011496e-10,1.0658141036401501e-14,14.730097499999999
g06_08,grid,variable_transverse,1.4142135623731,3.16227766016838,120,14.015810069301001,13.1361513014067,0.86839878198117104,3.9310144570877001e-10,1.2434497875801801e-14,17.1386216
g06_08,grid,variable_transverse,1.4142135623731,3.16227766016838,130,12.864763683827,11.9717887805388,0.90286129845673602,6.6252741091473802e-10,1.7763568394002501e-15,19.972616500000001
g06_08,grid,variable_transverse,1.4142135623731,3.16227766016838,140,12.435114619157901,11.4449737355444,1.01125024048154,4.03136639962883e-10,3.5527136788005001e-15,23.023184199999999
g06_09,grid,variable_transverse,1.4142135623731,4.8696752516586299,50,24.508352741406,24.256346570152498,0.16201156017478599,2.7609653933295902e-10,7.1054273576010003e-15,2.1903405999999999
g06_09,grid,variable_transverse,1.4142135623731,4.8696752516586299,60,23.924864980730501,23.9414883583053,0.25070600801833898,1.9438929532337801e-10,0,4.3782414000000003
g06_09,grid,variable_transverse,1.4142135623731,4.8696752516586299,70,18.639371064228602,18.376738514861099,0.30183324723267102,3.0515355428668803e-10,0,6.5446717999999997
g06_09,grid,variable_transverse,1.4142135623731,4.8696752516586299,80,19.340082913497501,18.959958168768502,0.39057909176838002,4.7109895921503204e-10,1.0658141036401501e-14,8.7264532999999993
g06_09,grid,variable_transverse,1.4142135623731,4.8696752516586299,90,16.5702680937904,16.0784937241683,0.46318876840141199,2.76350535338379e-10,1.0658141036401501e-14,11.486044400000001
g06_09,grid,variable_transverse,1.4142135623731,4.8696752516586299,110,15.4455495513869,14.957857354076101,0.61117743637120103,6.0822564029822104e-10,1.7763568394002501e-15,14.4732252
g06_09,grid,variable_transverse,1.4142135623731,4.8696752516586299,120,14.356778812570401,13.634494812751401,0.71051698258419904,4.5652732411957801e-10,8.8817841970012507e-15,16.898245299999999
g06_09,grid,variable_transverse,1.4142135623731,4.8696752516586299,130,13.2188195888761,12.4912896719863,0.73688037609142598,8.4227703180521096e-10,1.7763568394002501e-15,19.305520999999999
g06_09,grid,variable_transverse,1.4142135623731,4.8696752516586299,140,12.8311750628006,12.0291195507124,0.82326176406953699,4.1854411141525499e-10,0,21.8862156
g06_10,grid,variable_transverse,1.4142135623731,7.4989420933245601,50,24.570710302111902,24.353434105307901,0.127299319982217,3.5888734214359702e-10,3.5527136788005001e-15,3.1647183000000001
g06_10,grid,variable_transverse,1.4142135623731,7.4989420933245601,60,24.021408141961398,24.0917166881074,0.19720574862154799,2.57787921575557e-10,0,6.5956362000000004
g06_10,grid,variable_transverse,1.4142135623731,7.4989420933245601,70,18.755584416223499,18.5577271204256,0.23735841168451099,2.35689186768627e-10,7.1054273576010003e-15,10.0103972
g06_10,grid,variable_transverse,1.4142135623731,7.4989420933245601,80,19.490481455385702,19.1931851283573,0.307234517736654,4.8979695577654805e-10,1.4210854715202001e-14,13.566770699999999
g06_10,grid,variable_transverse,1.4142135623731,7.4989420933245601,90,16.7486294223648,16.355582727200002,0.36439050416056101,2.4157290392373503e-10,0,17.731633599999999
g06_10,grid,variable_transverse,1.4142135623731,7.4989420933245601,110,15.6807902325129,15.3240752552947,0.48044387377307202,6.2553392648840596e-10,1.7763568394002501e-15,20.7400676
g06_10,grid,variable_transverse,1.4142135623731,7.4989420933245601,120,14.630173688205801,14.0597464057549,0.55824903833603001,3.4176577724190699e-10,3.5527136788005001e-15,23.1602523
g06_10,grid,variable_transverse,1.4142135623731,7.4989420933245601,130,13.502085911808299,12.9331468247261,0.57785213691033199,8.5936382705375401e-10,0,25.568479
g06_10,grid,variable_transverse,1.4142135623731,7.4989420933245601,140,13.1473231187991,12.524331078997101,0.64425847859315599,5.9482672591812601e-10,1.7763568394002501e-15,28.178993500000001
g06_11,grid,variable_transverse,1.4142135623731,11.547819846894599,50,24.618844487338698,24.4323809020248,0.096501029331878999,4.29023662604953e-10,3.5527136788005001e-15,2.9967282000000002
g06_11,grid,variable_transverse,1.4142135623731,11.547819846894599,60,24.096024487621101,24.213969991383799,0.149709006600874,2.2835871622058599e-10,0,6.2480349999999998
g06_11,grid,variable_transverse,1.4142135623731,11.547819846894599,70,18.845391691097799,18.7049318806956,0.18019155653886501,3.1459701227508598e-10,3.5527136788005001e-15,9.3628727000000005
g06_11,grid,variable_transverse,1.4142135623731,11.547819846894599,80,19.606758436413202,19.382917487322,0.233380957021426,4.8355553230356305e-10,3.5527136788005001e-15,12.530901699999999
g06_11,grid,variable_transverse,1.4142135623731,11.547819846894599,90,16.8865648533491,16.580929083913201,0.27692482874354102,4.5283081800992298e-10,7.1054273576010003e-15,16.256792600000001
g06_11,grid,variable_transverse,1.4142135623731,11.547819846894599,110,15.8626557764068,15.6214045694266,0.36516724236490899,7.9664870658862203e-10,8.8817841970012507e-15,20.2105271
g06_11,grid,variable_transverse,1.4142135623731,11.547819846894599,120,14.841486258412599,14.4046712774557,0.424315323593695,6.0110569660831896e-10,1.7763568394002501e-15,23.7767363
g06_11,grid,variable_transverse,1.4142135623731,11.547819846894599,130,13.7206562965982,13.290665127414099,0.43855945255957701,9.8371317891692901e-10,0,26.429355600000001
g06_11,grid,variable_transverse,1.4142135623731,11.547819846894599,140,13.390807164344,12.923981227530801,0.48812700388410801,7.27016721552155e-10,8.8817841970012507e-15,28.8232848
g06_12,grid,variable_transverse,1.4142135623731,17.7827941003892,50,24.654808604044899,24.493828794997299,0.071028619531387296,4.0402409609014703e-10,0,2.4820731
g06_12,grid,variable_transverse,1.4142135623731,17.7827941003892,60,24.151860873078899,24.309246946273401,0.110371597021621,1.42143927118323e-10,1.0658141036401501e-14,5.1821242999999999
g06_12,grid,variable_transverse,1.4142135623731,17.7827941003892,70,18.912602110451299,18.819636831358199,0.132868837299355,1.39025751967502e-10,7.1054273576010003e-15,7.8939358000000004
g06_12,grid,variable_transverse,1.4142135623731,17.7827941003892,80,19.693840960877701,19.530853339599702,0.17223000701510399,4.34841099362904e-10,0,10.436551100000001
g06_12,grid,variable_transverse,1.4142135623731,17.7827941003892,90,16.989926586086501,16.756674462172398,0.20450042868076099,2.32651827801136e-10,7.1054273576010003e-15,14.344893600000001
g06_12,grid,variable_transverse,1.4142135623731,17.7827941003892,110,15.9989947132804,15.853194835853101,0.26985486170429102,5.6174786585935096e-10,1.0658141036401501e-14,53.240101000000003
g06_12,grid,variable_transverse,1.4142135623731,17.7827941003892,120,14.9999328747493,14.673511484121599,0.31367806349601202,3.01069069146988e-10,8.8817841970012507e-15,106.9450947
g06_12,grid,variable_transverse,1.4142135623731,17.7827941003892,130,13.8843263451226,13.568805672692999,0.32382495232311298,5.0745944610525002e-10,0,145.22288320000001
g06_12,grid,variable_transverse,1.4142135623731,17.7827941003892,140,13.5728499697233,13.234251451348699,0.35991755774439799,3.6288676706078198e-10,1.7763568394002501e-15,186.02250179999999
g06_13,grid,variable_transverse,1.4142135623731,27.384196342643602,50,24.680962412902101,24.540017907756202,0.0510021397537486,3.2022019581558302e-10,7.1054273576010003e-15,2.5439563999999999
g06_13,grid,variable_transverse,1.4142135623731,27.384196342643602,60,24.192533370241499,24.380981284198999,0.079383780602900605,2.4069629451797e-10,7.1054273576010003e-15,5.0602122999999999
g06_13,grid,variable_transverse,1.4142135623731,27.384196342643602,70,18.961571117704899,18.906008354703701,0.095591129645651807,3.7179696117250799e-10,0,7.6085538000000001
g06_13,grid,variable_transverse,1.4142135623731,27.384196342643602,80,19.757343154141999,19.642349889895598,0.124019031602927,5.9284923775386704e-10,0,10.2076946
g06_13,grid,variable_transverse,1.4142135623731,27.384196342643602,90,17.0653532290874,16.889207520927101,0.14736466069514001,4.5807160123193699e-10,7.1054273576010003e-15,12.812682799999999
g06_13,grid,variable_transverse,1.4142135623731,27.384196342643602,110,16.098571044474699,16.028077226423001,0.194649213823164,9.1334843381194304e-10,3.5527136788005001e-15,15.353495799999999
g06_13,grid,variable_transverse,1.4142135623731,27.384196342643602,120,15.115706843956101,14.876410802902299,0.226372808363619,4.57383665931246e-10,1.2434497875801801e-14,38.669117800000002
g06_13,grid,variable_transverse,1.4142135623731,27.384196342643602,130,14.0037897518212,13.7784230259245,0.233474053491628,7.93968906290504e-10,3.5527136788005001e-15,80.737268900000004
g06_13,grid,variable_transverse,1.4142135623731,27.384196342643602,140,13.7055532344267,13.4676836753647,0.259196580083909,6.9580196299881102e-10,1.7763568394002501e-15,133.8941232
g06_14,grid,variable_transverse,1.4142135623731,42.169650342858198,50,24.699551165844401,24.573757745113799,0.035857721176759699,4.47710384130194e-10,0,50.827689300000003
g06_14,grid,variable_transverse,1.4142135623731,42.169650342858198,60,24.221487729679101,24.4334738944234,0.055897551689773103,2.91323249875386e-10,0,69.093948999999995
g06_14,grid,variable_transverse,1.4142135623731,42.169650342858198,70,18.996441913951099,18.9692286916307,0.067330305116084399,4.1158934082770202e-10,1.0658141036401501e-14,72.165147300000001
g06_14,grid,variable_transverse,1.4142135623731,42.169650342858198,80,19.802602486916498,19.724046791029,0.087427358029230504,7.1173192981523101e-10,7.1054273576010003e-15,74.978857000000005
g06_14,grid,variable_transverse,1.4142135623731,42.169650342858198,90,17.1191504132617,16.9863908066921,0.103957958004539,2.8425985966961399e-10,0,77.5082898
g06_14,grid,variable_transverse,1.4142135623731,42.169650342858198,110,16.169663885979102,16.156438130573498,0.13745211379917199,1.0160570302664701e-09,0,79.768963400000004
g06_14,grid,variable_transverse,1.4142135623731,42.169650342858198,120,15.198406004765401,15.0254198241254,0.15993324339252399,5.5989760583269799e-10,7.1054273576010003e-15,81.990422300000006
g06_14,grid,variable_transverse,1.4142135623731,42.169650342858198,130,14.089051388983099,13.932190497476901,0.16482487138094601,1.1340614792074302e-09,3.5527136788005001e-15,84.349480400000004
g06_14,grid,variable_transverse,1.4142135623731,42.169650342858198,140,13.8001653789802,13.638680252840199,0.18281472482122499,6.8170747158598804e-10,1.7763568394002501e-15,86.9595281
g06_15,grid,variable_transverse,1.4142135623731,64.938163157621105,50,24.712507172334501,24.597814689946201,0.024761672581804901,4.8718675001493397e-10,7.1054273576010003e-15,37.234434
g06_15,grid,variable_transverse,1.4142135623731,64.938163157621105,60,24.241697403911399,24.4709657438307,0.038651306210961203,3.4480226699376201e-10,0,75.899127800000002
g06_15,grid,variable_transverse,1.4142135623731,64.938163157621105,70,19.020788425844199,19.0143973613499,0.046570031865421697,3.8641395365790902e-10,3.5527136788005001e-15,124.4354227
g06_15,grid,variable_transverse,1.4142135623731,64.938163157621105,80,19.8342272072307,19.7824769127186,0.060514455918872501,4.24908722771228e-10,7.1054273576010003e-15,127.4373038
g06_15,grid,variable_transverse,1.4142135623731,64.938163157621105,90,17.156765774177401,17.055949731855399,0.072000223731397806,3.3405328892122199e-10,3.5527136788005001e-15,130.31652779999999
g06_15,grid,variable_transverse,1.4142135623731,64.938163157621105,110,16.219419654302399,16.248414001576201,0.095281241654577895,8.1484248298633298e-10,1.0658141036401501e-14,132.97983070000001
g06_15,grid,variable_transverse,1.4142135623731,64.938163157621105,120,15.256311354051199,15.132256091701301,0.110910808374952,5.7615432950657102e-10,3.5527136788005001e-15,135.322249
g06_15,grid,variable_transverse,1.4142135623731,64.938163157621105,130,14.148710167932199,14.042338134614599,0.11423407298947701,1.07333391756195e-09,1.0658141036401501e-14,137.51044830000001
g06_15,grid,variable_transverse,1.4142135623731,64.938163157621105,140,13.8663122595947,13.7610306704732,0.126611229793612,8.6691662616755706e-10,1.7763568394002501e-15,139.7248702
g06_16,grid,variable_transverse,1.4142135623731,100,50,24.721389185832301,24.614617157198001,0.0168447084407632,3.7526293871822498e-10,0,3.1918875
g06_16,grid,variable_transverse,1.4142135623731,100,60,24.2555689008556,24.4971912268207,0.0263217778553923,4.1660484764592399e-10,7.1054273576010003e-15,6.7498651000000001
g06_16,grid,variable_transverse,1.4142135623731,100,70,19.037503846314699,19.046003023016802,0.031722262292037097,5.2981948072809502e-10,0,10.993752199999999
g06_16,grid,variable_transverse,1.4142135623731,100,80,19.855953910646502,19.823399425208901,0.041244898714113402,5.08380417107813e-10,7.1054273576010003e-15,15.034144100000001
g06_16,grid,variable_transverse,1.4142135623731,100,90,17.182622446641599,17.1046996871159,0.0490973448356707,4.9629025036226202e-10,3.5527136788005001e-15,18.782160000000001
g06_16,grid,variable_transverse,1.4142135623731,100,110,16.2536485421865,16.3129403986058,0.065017365897495905,8.2878811756674399e-10,0,21.460042699999999
g06_16,grid,variable_transverse,1.4142135623731,100,120,15.296161026163301,15.2072477493506,0.075705459863195004,8.194834484689801e-10,7.1054273576010003e-15,23.871876499999999
g06_16,grid,variable_transverse,1.4142135623731,100,130,14.189744372415801,14.1195984751197,0.077936941697006198,1.14482039491577e-09,0,25.895293800000001
g06_16,grid,variable_transverse,1.4142135623731,100,140,13.911780350373499,13.8467745289788,0.086334552848452706,8.8428206868656012e-10,0,27.979071399999999
g07_00,grid,variable_transverse,2.19921403011256,0.10000000000000001,50,36.759416295504003,36.478755933623397,0.117438634532802,3.3180959956744199e-11,2.1316282072802999e-14,2.5887655999999999
g07_00,grid,variable_transverse,2.19921403011256,0.10000000000000001,60,35.391200388258198,35.592328910296096,0.181945456031601,3.2873230964134595e-11,1.4210854715202001e-14,5.6799162000000001
g07_00,grid,variable_transverse,2.19921403011256,0.10000000000000001,70,26.5964462098902,26.4068027620383,0.221672132334612,4.8753353231346794e-11,0,9.3171240999999991
g07_00,grid,variable_transverse,2.19921403011256,0.10000000000000001,80,26.957547334992999,26.677157571758801,0.28790736915804999,6.0925120368182799e-11,0,12.9987101
g07_00,grid,variable_transverse,2.19921403011256,0.10000000000000001,90,22.021810374614098,21.630435528438699,0.34622888594932899,5.4489184302183093e-11,0,17.231587399999999
g07_00,grid,variable_transverse,2.19921403011256,0.10000000000000001,110,19.1024507002784,18.820855152747299,0.47431542070768401,9.2379900319562297e-11,3.5527136788005001e-15,20.9548436
g07_00,grid,variable_transverse,2.19921403011256,0.10000000000000001,120,16.4461072985493,15.8712619397478,0.56420297192984203,6.5162599477784697e-11,3.5527136788005001e-15,24.023034500000001
g07_00,grid,variable_transverse,2.19921403011256,0.10000000000000001,130,14.364758413994601,13.778946445319701,0.60974300237398704,9.5519033839307391e-11,0,26.564694500000002
g07_00,grid,variable_transverse,2.19921403011256,0.10000000000000001,140,12.923819187274299,12.2475737385695,0.70762687015558401,6.68680175306665e-11,1.7763568394002501e-15,28.728580999999998
g07_01,grid,variable_transverse,2.19921403011256,0.15399265260594899,50,36.8192196786745,36.494853399928303,0.16118196784560601,3.8648887538824095e-11,1.4210854715202001e-14,2.5379399
g07_01,grid,variable_transverse,2.19921403011256,0.15399265260594899,60,35.483869573153598,35.6174076061194,0.24979494238230701,4.6042225299231897e-11,0,5.0754780999999998
g07_01,grid,variable_transverse,2.19921403011256,0.15399265260594899,70,26.709331417708501,26.4374594719079,0.30422720846166101,4.8067164713140698e-11,7.1054273576010003e-15,7.4660066
g07_01,grid,variable_transverse,2.19921403011256,0.15399265260594899,80,27.104159197446201,26.716124973054001,0.39510011587746902,5.2119910393504393e-11,7.1054273576010003e-15,10.5256539
g07_01,grid,variable_transverse,2.19921403011256,0.15399265260594899,90,22.198081107673399,21.677958347608499,0.47489693192243498,5.7266360898012798e-11,7.1054273576010003e-15,14.243596399999999
g07_01,grid,variable_transverse,2.19921403011256,0.15399265260594899,110,19.343751688989698,18.887164011357999,0.649560983473075,6.5999269139137999e-11,3.5527136788005001e-15,17.423150100000001
g07_01,grid,variable_transverse,2.19921403011256,0.15399265260594899,120,16.732949756936801,15.9503939413119,0.77163376134657102,1.0746251598688101e-10,3.5527136788005001e-15,20.4145301
g07_01,grid,variable_transverse,2.19921403011256,0.15399265260594899,130,14.6742926395866,13.8664326353116,0.83144557667241903,9.4762606359580889e-11,1.7763568394002501e-15,23.204808400000001
g07_01,grid,variable_transverse,2.19921403011256,0.15399265260594899,140,13.282543344897199,12.352100247632199,0.96225509221065997,1.45284812048023e-10,1.7763568394002501e-15,25.6696721
g07_02,grid,variable_transverse,2.19921403011256,0.23713737056616599,50,36.899851220326397,36.523140263760297,0.21357946692273999,5.1647819881820692e-11,7.1054273576010003e-15,2.0346872999999999
g07_02,grid,variable_transverse,2.19921403011256,0.23713737056616599,60,35.608838245733097,35.661486742356097,0.33102830639543102,4.4038307628149495e-11,1.4210854715202001e-14,4.4460445000000002
g07_02,grid,variable_transverse,2.19921403011256,0.23713737056616599,70,26.861476637013698,26.4914105105793,0.40285671581015098,5.0335377780629697e-11,7.1054273576010003e-15,6.9407503000000004
g07_02,grid,variable_transverse,2.19921403011256,0.23713737056616599,80,27.3017222804082,26.785154270422201,0.52302669696127002,6.3118423470277393e-11,1.0658141036401501e-14,9.3344488000000005
g07_02,grid,variable_transverse,2.19921403011256,0.23713737056616599,90,22.4354358186886,21.762040210089101,0.62806042463506195,7.2950663743392095e-11,7.1054273576010003e-15,12.2607932
g07_02,grid,variable_transverse,2.19921403011256,0.23713737056616599,110,19.667991691599301,19.004492407387598,0.85682594303269199,9.486423889252019e-11,0,15.7460799
g07_02,grid,variable_transverse,2.19921403011256,0.23713737056616599,120,17.117760652985702,16.090535874845099,1.01591614423387,1.0022727390810501e-10,3.5527136788005001e-15,19.1528843
g07_02,grid,variable_transverse,2.19921403011256,0.23713737056616599,130,15.088129694206801,14.020767129565,1.0904701215486601,1.04978386837913e-10,8.8817841970012507e-15,22.125062499999999
g07_02,grid,variable_transverse,2.19921403011256,0.23713737056616599,140,13.7606497020079,12.535330370569501,1.2576716391187199,1.2545990023982002e-10,8.8817841970012507e-15,25.005378100000001
g07_03,grid,variable_transverse,2.19921403011256,0.365174127254838,50,37.004371211856501,36.570370006723799,0.27094137028496801,3.9567933483706098e-11,2.1316282072802999e-14,2.7994081999999998
g07_03,grid,variable_transverse,2.19921403011256,0.365174127254838,60,35.770824698669102,35.735068068678501,0.419869544055894,6.0127161391369494e-11,2.1316282072802999e-14,5.0257534000000001
g07_03,grid,variable_transverse,2.19921403011256,0.365174127254838,70,27.058499752800898,26.581459530359901,0.51038613975270997,6.6560797723538296e-11,1.4210854715202001e-14,7.4547990999999998
g07_03,grid,variable_transverse,2.19921403011256,0.365174127254838,80,27.5574448938256,26.900873393080701,0.66224743908944605,7.2062826555313497e-11,1.0658141036401501e-14,10.091955499999999
g07_03,grid,variable_transverse,2.19921403011256,0.365174127254838,90,22.742299694287802,21.902692590516299,0.79412700368685896,1.0567180903044001e-10,0,12.8781166
g07_03,grid,variable_transverse,2.19921403011256,0.365174127254838,110,20.085868362586101,19.2002478872827,1.0794234039778701,1.0763789525711401e-10,0,15.167287999999999
g07_03,grid,variable_transverse,2.19921403011256,0.365174127254838,120,17.6126114633471,16.324112602757101,1.27667540802498,1.4538626340226201e-10,7.1054273576010003e-15,17.9475546
g07_03,grid,variable_transverse,2.19921403011256,0.365174127254838,130,15.618057608521701,14.2764588063703,1.3640699224527999,1.14462493179018e-10,5.3290705182007506e-15,21.216825199999999
g07_03,grid,variable_transverse,2.19921403011256,0.365174127254838,140,14.370575483008899,12.8366984998351,1.56686709750068,1.5802851561800201e-10,1.7763568394002501e-15,24.384618100000001
g07_04,grid,variable_transverse,2.19921403011256,0.56234132519034896,50,37.133492887167101,36.644459564224597,0.32606561544996698,4.0935655405324396e-11,1.4210854715202001e-14,2.5369131
g07_04,grid,variable_transverse,2.19921403011256,0.56234132519034896,60,35.970887159446903,35.8504069854758,0.50511728955299495,7.6000737453117495e-11,2.1316282072802999e-14,5.2302049999999998
g07_04,grid,variable_transverse,2.19921403011256,0.56234132519034896,70,27.301512938628701,26.722423555932,0.613107759875266,1.16795368695591e-10,7.1054273576010003e-15,7.6365866999999996
g07_04,grid,variable_transverse,2.19921403011256,0.56234132519034896,80,27.8726368499795,27.082473463587998,0.79487990036220801,1.2881200852155701e-10,1.0658141036401501e-14,9.8122685000000001
g07_04,grid,variable_transverse,2.19921403011256,0.56234132519034896,90,23.119927226582199,22.122756132289499,0.95150690116022996,1.1607847652453901e-10,0,12.432321699999999
g07_04,grid,variable_transverse,2.19921403011256,0.56234132519034896,110,20.597992089879899,19.504937344866601,1.2874704643161199,1.64951558035799e-10,3.5527136788005001e-15,14.9855912
g07_04,grid,variable_transverse,2.19921403011256,0.56234132519034896,120,18.2174188700521,16.686697872267398,1.51824425244355,1.70270153445047e-10,1.0658141036401501e-14,17.614889900000001
g07_04,grid,variable_transverse,2.19921403011256,0.56234132519034896,130,16.2625859024932,14.6703654366714,1.61388545444451,1.4038294279725101e-10,0,20.000898100000001
g07_04,grid,variable_transverse,2.19921403011256,0.56234132519034896,140,15.109257274838299,13.297331796620799,1.8456182696041199,1.6940486472903201e-10,1.7763568394002501e-15,23.144758800000002
g07_05,grid,variable_transverse,2.19921403011256,0.86596432336006501,50,37.2841783625286,36.752219116234301,0.36910236944799601,1.1194456762993601e-10,0,3.0853430999999998
g07_05,grid,variable_transverse,2.19921403011256,0.86596432336006501,60,36.204265157239497,36.017967296855403,0.57152759282030097,8.4507616700547889e-11,7.1054273576010003e-15,6.1489012000000001
g07_05,grid,variable_transverse,2.19921403011256,0.86596432336006501,70,27.5845477143185,26.9267712741735,0.69256205822414496,1.04815552070442e-10,3.5527136788005001e-15,8.9252710999999998
g07_05,grid,variable_transverse,2.19921403011256,0.86596432336006501,80,28.239403500119099,27.3460074430166,0.89700365702227502,2.1551050817976602e-10,1.4210854715202001e-14,11.5340513
g07_05,grid,variable_transverse,2.19921403011256,0.86596432336006501,90,23.558534295798701,22.440966692393399,1.0716817027644601,1.3302646753322002e-10,3.5527136788005001e-15,13.7922619
g07_05,grid,variable_transverse,2.19921403011256,0.86596432336006501,110,21.189940784195102,19.942400371648201,1.44269865770502,1.6379919532775199e-10,1.4210854715202001e-14,16.185572400000002
g07_05,grid,variable_transverse,2.19921403011256,0.86596432336006501,120,18.9143290414803,17.2052864847794,1.69578450130207,1.8982513474893202e-10,3.5527136788005001e-15,18.6017288
g07_05,grid,variable_transverse,2.19921403011256,0.86596432336006501,130,17.0014024767483,15.2290186316733,1.7930878964288,2.0268009150390899e-10,1.0658141036401501e-14,20.848246199999998
g07_05,grid,variable_transverse,2.19921403011256,0.86596432336006501,140,15.9521959838284,13.9454116983236,2.0411956085241201,2.0103991451422799e-10,0,23.177606300000001
g07_06,grid,variable_transverse,2.19921403011256,1.33352143216332,50,37.449075519870703,36.895770260415901,0.390571980353912,1.27936367726899e-10,1.4210854715202001e-14,3.2044869999999999
g07_06,grid,variable_transverse,2.19921403011256,1.33352143216332,60,36.459537551339302,36.240890485133299,0.60450343054007905,9.7201292577491085e-11,1.4210854715202001e-14,6.3694483000000002
g07_06,grid,variable_transverse,2.19921403011256,1.33352143216332,70,27.893613184313502,27.197944899017202,0.73127407669151201,9.0636720102481787e-11,1.4210854715202001e-14,9.4590490000000003
g07_06,grid,variable_transverse,2.19921403011256,1.33352143216332,80,28.639492140295602,27.695748900294099,0.94615019950263701,1.8952582322339201e-10,1.4210854715202001e-14,12.2884305
g07_06,grid,variable_transverse,2.19921403011256,1.33352143216332,90,24.036067404920601,22.861699071122501,1.1282318914028799,1.4429138479079699e-10,7.1054273576010003e-15,14.9428006
g07_06,grid,variable_transverse,2.19921403011256,1.33352143216332,110,21.831102364325599,20.5161720252637,1.5109263715474099,3.48907921594115e-10,3.5527136788005001e-15,17.291708700000001
g07_06,grid,variable_transverse,2.19921403011256,1.33352143216332,120,19.666713992373701,17.882431538389799,1.7701515234735199,1.82318038955326e-10,3.5527136788005001e-15,19.625836
g07_06,grid,variable_transverse,2.19921403011256,1.33352143216332,130,17.794892833471899,15.9523404871713,1.8621871466374,2.8865681657827601e-10,3.5527136788005001e-15,22.1196986
g07_06,grid,variable_transverse,2.19921403011256,1.33352143216332,140,16.853439586288999,14.7781083871673,2.1104228891658199,2.5523869885707001e-10,7.1054273576010003e-15,24.313963699999999
g07_07,grid,variable_transverse,2.19921403011256,2.0535250264571498,50,37.617558298045701,37.0695377145436,0.385414603294366,1.2447231693717299e-10,2.1316282072802999e-14,2.9707859000000001
g07_07,grid,variable_transverse,2.19921403011256,2.0535250264571498,60,36.720259301833501,36.510404222789397,0.59632983672221795,1.24632918947626e-10,0,6.4165910999999998
g07_07,grid,variable_transverse,2.19921403011256,2.0535250264571498,70,28.208755962763199,27.5249413692061,0.72023976923532895,1.0342791925712701e-10,1.4210854715202001e-14,9.7438172000000005
g07_07,grid,variable_transverse,2.19921403011256,2.0535250264571498,80,29.047030745597802,28.117270748393601,0.93095331506905599,2.0413341675529601e-10,7.1054273576010003e-15,13.3332318
g07_07,grid,variable_transverse,2.19921403011256,2.0535250264571498,90,24.521607346173599,23.367000009992498,1.1082070430702899,1.47476360035975e-10,1.7763568394002501e-14,17.085592399999999
g07_07,grid,variable_transverse,2.19921403011256,2.0535250264571498,110,22.479727749308999,21.1997137507195,1.4768846307719301,1.4012526439897601e-10,1.0658141036401501e-14,20.034352699999999
g07_07,grid,variable_transverse,2.19921403011256,2.0535250264571498,120,20.425439287795601,18.6854367362576,1.72496492948389,1.8711699971522601e-10,1.0658141036401501e-14,22.612614900000001
g07_07,grid,variable_transverse,2.19921403011256,2.0535250264571498,130,18.591193764771901,16.803433419530801,1.80628876838167,2.3599077595230902e-10,7.1054273576010003e-15,24.725518600000001
g07_07,grid,variable_transverse,2.19921403011256,2.0535250264571498,140,17.754006279168301,15.751063286186,2.0386322847809999,2.6382515860287003e-10,3.5527136788005001e-15,26.8897452
g07_08,grid,variable_transverse,2.19921403011256,3.16227766016838,50,37.778263816196599,37.260370984110601,0.35540830245821797,1.67299707089951e-10,7.1054273576010003e-15,2.3193188999999999
g07_08,grid,variable_transverse,2.19921403011256,3.16227766016838,60,36.968892807305402,36.806084807337001,0.54985342571207696,1.23568500409652e-10,1.4210854715202001e-14,4.9037499999999996
g07_08,grid,variable_transverse,2.19921403011256,3.16227766016838,70,28.508845917450099,27.882822586116699,0.66321459557009299,1.8695157564168499e-10,7.1054273576010003e-15,8.3145927000000004
g07_08,grid,variable_transverse,2.19921403011256,3.16227766016838,80,29.4347541637615,28.578241009130299,0.85656022967880296,2.40539925351145e-10,3.5527136788005001e-15,11.5774936
g07_08,grid,variable_transverse,2.19921403011256,3.16227766016838,90,24.982828967629501,23.9179002442688,1.0182699901949299,2.9537714080830698e-10,1.0658141036401501e-14,14.893759599999999
g07_08,grid,variable_transverse,2.19921403011256,3.16227766016838,110,23.093088445094001,21.9393844673519,1.3514193106352399,4.2351062752722802e-10,3.5527136788005001e-15,18.7299294
g07_08,grid,variable_transverse,2.19921403011256,3.16227766016838,120,21.1408754279364,19.550650587488501,1.5743110048802,3.6903741983154403e-10,7.1054273576010003e-15,22.1702513
g07_08,grid,variable_transverse,2.19921403011256,3.16227766016838,130,19.338861843502901,17.7142752628788,1.64204905392736,4.3313986842140201e-10,1.4210854715202001e-14,24.806537899999999
g07_08,grid,variable_transverse,2.19921403011256,3.16227766016838,140,18.596296076760499,16.785959684221101,1.8465158161428901,4.2107445754885802e-10,0,27.170048900000001
g07_09,grid,variable_transverse,2.19921403011256,4.8696752516586299,50,37.921944248911402,37.451454335074402,0.30811370301650998,1.62497712210309e-10,7.1054273576010003e-15,2.2111961999999998
g07_09,grid,variable_transverse,2.19921403011256,4.8696752516586299,60,37.191200578156497,37.101942189358397,0.47679908810295801,3.2639326730178403e-10,7.1054273576010003e-15,4.5254342999999997
g07_09,grid,variable_transverse,2.19921403011256,4.8696752516586299,70,28.776846801742401,28.2401878446762,0.574524017603809,3.1462895413583002e-10,1.0658141036401501e-14,6.8119034999999997
g07_09,grid,variable_transverse,2.19921403011256,4.8696752516586299,80,29.780791511595499,29.038172839552299,0.74164935040831503,1.9474740326074801e-10,3.5527136788005001e-15,9.5733207
g07_09,grid,variable_transverse,2.19921403011256,4.8696752516586299,90,25.394000274088299,24.466217471433101,0.88088794452395702,3.5465450615544902e-10,1.4210854715202001e-14,13.34775
g07_09,grid,variable_transverse,2.19921403011256,4.8696752516586299,110,23.6379071287218,22.670908543033502,1.1654730130458399,4.0733843157864199e-10,1.0658141036401501e-14,16.884565500000001
g07_09,grid,variable_transverse,2.19921403011256,4.8696752516586299,120,21.774907832252399,20.403163907046402,1.3550377830257001,5.04835857411365e-10,3.5527136788005001e-15,19.898711599999999
g07_09,grid,variable_transverse,2.19921403011256,4.8696752516586299,130,19.999104651081101,18.6067748725355,1.4088300193474901,3.4573590410307699e-10,3.5527136788005001e-15,23.038172800000002
g07_09,grid,variable_transverse,2.19921403011256,4.8696752516586299,140,19.337599530302501,17.794792302859801,1.5793659711600001,4.6564522625904899e-10,0,25.7664328
g07_10,grid,variable_transverse,2.19921403011256,7.4989420933245601,50,38.043230467872597,37.6276871874189,0.25325855613746401,9.5963568442083087e-11,0,2.0747374000000001
g07_10,grid,variable_transverse,2.19921403011256,7.4989420933245601,60,37.378940357833599,37.374723161812597,0.39216539658245297,2.4906646624507e-10,0,4.2590186000000001
g07_10,grid,variable_transverse,2.19921403011256,7.4989420933245601,70,29.002990896290299,28.569166704549598,0.47225112908593803,2.6783650399696402e-10,7.1054273576010003e-15,6.4743463999999999
g07_10,grid,variable_transverse,2.19921403011256,7.4989420933245601,80,30.072694744711701,29.461311077842399,0.60956173139481695,2.3869141195475601e-10,2.1316282072802999e-14,8.7811439
g07_10,grid,variable_transverse,2.19921403011256,7.4989420933245601,90,25.740629124065201,24.969798636250701,0.72373306689429995,3.4058352716999399e-10,7.1054273576010003e-15,11.0660778
g07_10,grid,variable_transverse,2.19921403011256,7.4989420933245601,110,24.096050013935599,23.3394509534801,0.95571439841664596,6.1997438072361403e-10,3.5527136788005001e-15,14.514117000000001
g07_10,grid,variable_transverse,2.19921403011256,7.4989420933245601,120,22.307219947127699,21.1800350066008,1.10980217404661,4.7649396566368398e-10,0,18.245411600000001
g07_10,grid,variable_transverse,2.19921403011256,7.4989420933245601,130,20.551849644309801,19.416555070174599,1.15097310998422,4.1000957167920199e-10,3.5527136788005001e-15,21.489933700000002
g07_10,grid,variable_transverse,2.19921403011256,7.4989420933245601,140,19.956464381661299,18.7062913453005,1.2870119595839,5.4666721730603597e-10,1.4210854715202001e-14,24.585618100000001
g07_11,grid,variable_transverse,2.19921403011256,11.547819846894599,50,38.140752485137398,37.779365629584198,0.19917626966683299,1.98310821349153e-10,0,2.5203842000000001
g07_11,grid,variable_transverse,2.19921403011256,11.547819846894599,60,37.530023089623199,37.609544229846698,0.30874765272437898,1.53992587477686e-10,0,4.8355958000000001
g07_11,grid,variable_transverse,2.19921403011256,11.547819846894599,70,29.184898695281301,28.8520746769303,0.37169909783815502,1.3378291809010201e-10,3.5527136788005001e-15,7.0428445999999996
g07_11,grid,variable_transverse,2.19921403011256,11.547819846894599,80,30.307518894132802,29.8251023445982,0.479912114409899,3.7920949434220602e-10,3.5527136788005001e-15,9.0915817000000008
g07_11,grid,variable_transverse,2.19921403011256,11.547819846894599,90,26.019438899668099,25.402323058788902,0.56985384892120095,2.9907159425752599e-10,3.5527136788005001e-15,11.316615799999999
g07_11,grid,variable_transverse,2.19921403011256,11.547819846894599,110,24.464056192898699,23.911769941244199,0.75191571985060002,7.1783512100596004e-10,3.5527136788005001e-15,13.988572899999999
g07_11,grid,variable_transverse,2.19921403011256,11.547819846894599,120,22.734427469372299,21.843811336522698,0.87268191822452201,3.0134831007709599e-10,1.0658141036401501e-14,16.592272099999999
g07_11,grid,variable_transverse,2.19921403011256,11.547819846894599,130,20.994475603476399,20.1061781335905,0.90330505108888504,5.0895435165176401e-10,7.1054273576010003e-15,18.822937499999998
g07_11,grid,variable_transverse,2.19921403011256,11.547819846894599,140,20.450894666559101,19.4799644848197,1.00796833249829,2.8406522634922299e-10,3.5527136788005001e-15,20.983572800000001
g07_12,grid,variable_transverse,2.19921403011256,17.7827941003892,50,38.216092237123497,37.902839309917702,0.15110056730757701,2.8420017614139599e-10,2.1316282072802999e-14,2.8861389000000002
g07_12,grid,variable_transverse,2.19921403011256,17.7827941003892,60,37.646884437472799,37.800842879968599,0.23455340680990799,1.6346249341206101e-10,1.4210854715202001e-14,5.5313192999999998
g07_12,grid,variable_transverse,2.19921403011256,17.7827941003892,70,29.325585152880599,29.082425156444501,0.28237970765310699,2.06803201802359e-10,3.5527136788005001e-15,7.9512625000000003
g07_12,grid,variable_transverse,2.19921403011256,17.7827941003892,80,30.489212723726698,30.1213691053049,0.364813597597693,2.83616955538648e-10,7.1054273576010003e-15,10.136704099999999
g07_12,grid,variable_transverse,2.19921403011256,17.7827941003892,90,26.235225549134899,25.754457149593001,0.43337864272485199,2.9385137486588698e-10,0,12.257134000000001
g07_12,grid,variable_transverse,2.19921403011256,17.7827941003892,110,24.7487806421526,24.376908245621699,0.57189785076099697,5.0652107702553397e-10,3.5527136788005001e-15,14.316667000000001
g07_12,grid,variable_transverse,2.19921403011256,17.7827941003892,120,23.064871547774299,22.3827451549014,0.66375932565013795,3.56374949804853e-10,1.0658141036401501e-14,16.791971799999999
g07_12,grid,variable_transverse,2.19921403011256,17.7827941003892,130,21.3362586020653,20.664722626736602,0.68601490855604597,4.5182456912966903e-10,1.0658141036401501e-14,19.4526678
g07_12,grid,variable_transverse,2.19921403011256,17.7827941003892,140,20.831957020258599,20.10494134687,0.764190905954231,3.4825604690100302e-10,0,21.922316299999999
g07_13,grid,variable_transverse,2.19921403011256,27.384196342643602,50,38.272421634986998,37.999028807417297,0.111285027561053,3.0225091912703099e-10,7.1054273576010003e-15,2.2875260000000002
g07_13,grid,variable_transverse,2.19921403011256,27.384196342643602,60,37.734390307479003,37.950055813130298,0.17302508228594701,1.8254565761872301e-10,1.4210854715202001e-14,4.8091390000000001
g07_13,grid,variable_transverse,2.19921403011256,27.384196342643602,70,29.430942126693999,29.262073814600299,0.20834521399815301,1.87951445265447e-10,3.5527136788005001e-15,7.2933833999999997
g07_13,grid,variable_transverse,2.19921403011256,27.384196342643602,80,30.625377642449799,30.352567823305598,0.26938779144852598,2.80810985801546e-10,0,9.5650223000000008
g07_13,grid,variable_transverse,2.19921403011256,27.384196342643602,90,26.397030792702299,26.029316506534201,0.32022897019743202,2.9069331969990002e-10,1.4210854715202001e-14,11.8805908
g07_13,grid,variable_transverse,2.19921403011256,27.384196342643602,110,24.962365462361099,24.739812173060798,0.422874020206157,2.89536415957526e-10,0,13.9961193
g07_13,grid,variable_transverse,2.19921403011256,27.384196342643602,120,23.3128002090214,22.803132135951,0.49097160268770801,4.0195606222656398e-10,7.1054273576010003e-15,16.776375600000001
g07_13,grid,variable_transverse,2.19921403011256,27.384196342643602,130,21.5923489730678,21.099596457097601,0.50682704821151903,4.6711471050670204e-10,0,19.686818299999999
g07_13,grid,variable_transverse,2.19921403011256,27.384196342643602,140,21.117032421342401,20.590514915916899,0.56378434485850504,3.8697226603393499e-10,3.5527136788005001e-15,22.726632599999999
g07_14,grid,variable_transverse,2.19921403011256,42.169650342858198,50,38.313408952826599,38.071384009533702,0.079950435498757397,1.7519538815044301e-10,1.4210854715202001e-14,2.1994406
g07_14,grid,variable_transverse,2.19921403011256,42.169650342858198,60,37.798166606615098,38.062475568117797,0.12450979927391199,1.81411758440655e-10,2.1316282072802999e-14,4.3862655000000004
g07_14,grid,variable_transverse,2.19921403011256,42.169650342858198,70,29.507747270181198,29.397442139733801,0.14996917994401299,2.1960451978984502e-10,7.1054273576010003e-15,6.8095181
g07_14,grid,variable_transverse,2.19921403011256,42.169650342858198,80,30.724727599365199,30.526939412902198,0.194081508699395,2.3691357665786099e-10,1.0658141036401501e-14,9.3481029000000007
g07_14,grid,variable_transverse,2.19921403011256,42.169650342858198,90,26.515171730435402,26.236737593997599,0.230879490532263,2.5945214779214698e-10,3.5527136788005001e-15,11.651885399999999
g07_14,grid,variable_transverse,2.19921403011256,42.169650342858198,110,25.118444279869198,25.013800300114301,0.30517914378927802,2.4703453612747004e-10,0,14.0404968
g07_14,grid,variable_transverse,2.19921403011256,42.169650342858198,120,23.494054892632501,23.1206145329568,0.354499878272652,2.4998458131287499e-10,3.5527136788005001e-15,16.2465422
g07_14,grid,variable_transverse,2.19921403011256,42.169650342858198,130,21.779368909032598,21.427545289410901,0.36559685998130398,5.6283862249655304e-10,1.4210854715202001e-14,18.536070500000001
g07_14,grid,variable_transverse,2.19921403011256,42.169650342858198,140,21.324951267580399,20.956067454086899,0.406210453283744,4.2265147439416003e-10,7.1054273576010003e-15,21.481127099999998
g07_15,grid,variable_transverse,2.19921403011256,64.938163157621105,50,38.3425548603755,38.124269057324099,0.056235582832784903,1.6330702730056701e-10,1.4210854715202001e-14,2.4853223
g07_15,grid,variable_transverse,2.19921403011256,64.938163157621105,60,37.843589762791296,38.144787552796998,0.087710984573610207,1.9817994264335002e-10,1.4210854715202001e-14,4.8886146000000004
g07_15,grid,variable_transverse,2.19921403011256,64.938163157621105,70,29.5624664818273,29.4965848045718,0.105678969348874,1.92921655349975e-10,1.0658141036401501e-14,6.9823617999999996
g07_15,grid,variable_transverse,2.19921403011256,64.938163157621105,80,30.7955709254556,30.654782279251499,0.136879923190946,3.4795408223516004e-10,1.4210854715202001e-14,9.1822847999999997
g07_15,grid,variable_transverse,2.19921403011256,64.938163157621105,90,26.5994753917543,26.3889247127414,0.16294696295231201,4.4111002993908101e-10,2.1316282072802999e-14,11.3153126
g07_15,grid,variable_transverse,2.19921403011256,64.938163157621105,110,25.229930667667801,25.215018463011599,0.215599648875653,3.5713347375858503e-10,7.1054273576010003e-15,13.473046800000001
g07_15,grid,variable_transverse,2.19921403011256,64.938163157621105,120,23.6235896721868,23.3539053951387,0.25056736466901303,4.0688331039607099e-10,1.0658141036401501e-14,15.7852701
g07_15,grid,variable_transverse,2.19921403011256,64.938163157621105,130,21.912908108121499,21.6682505919111,0.25821175488228199,4.1680135476958402e-10,3.5527136788005001e-15,18.288020499999998
g07_15,grid,variable_transverse,2.19921403011256,64.938163157621105,140,21.473257354361699,21.2239932099037,0.28662918822552502,4.4158461815389303e-10,7.1054273576010003e-15,20.889704200000001
g07_16,grid,variable_transverse,2.19921403011256,100,50,38.362877490664602,38.161996089439299,0.0388484955632033,1.47549738237168e-10,0,2.9819797000000001
g07_16,grid,variable_transverse,2.19921403011256,100,60,37.875307230764399,38.203606375586403,0.060671760143826199,1.5073935078902002e-10,0,5.7187957999999997
g07_16,grid,variable_transverse,2.19921403011256,100,70,29.6006868239404,29.567454940746799,0.073122253258811595,2.4062189016468099e-10,1.0658141036401501e-14,8.1920625999999999
g07_16,grid,variable_transverse,2.19921403011256,100,80,30.845093172004201,30.7462631699822,0.094780615594974998,3.3150957350019499e-10,7.1054273576010003e-15,10.3336483
g07_16,grid,variable_transverse,2.19921403011256,100,90,26.6584459502788,26.497908992071999,0.112899210993604,4.1703861701438499e-10,7.1054273576010003e-15,12.473555599999999
g07_16,grid,variable_transverse,2.19921403011256,100,110,25.3079893359217,25.3592723064613,0.14951055966936599,3.57280583070322e-10,7.1054273576010003e-15,14.5872001
g07_16,grid,variable_transverse,2.19921403011256,100,120,23.714326917845199,23.521254047565598,0.17383117969273301,4.2680000001063699e-10,0,16.762223599999999
g07_16,grid,variable_transverse,2.19921403011256,100,130,22.006385580949601,21.840759409525401,0.17902483893468699,5.6605088388174501e-10,2.1316282072802999e-14,18.9366716
g07_16,grid,variable_transverse,2.19921403011256,100,140,21.576985621635,21.4157911921499,0.19858394881111299,5.0418733619557699e-10,3.5527136788005001e-15,21.382505800000001
g08_00,grid,variable_transverse,3.4199518933533999,0.10000000000000001,50,56.975648567785697,56.557033702317,0.128402817489459,1.55329892338277e-11,7.1054273576010003e-15,2.2096480000000001
g08_00,grid,variable_transverse,3.4199518933533999,0.10000000000000001,60,55.182216986876,55.526649280882303,0.19901641469558301,1.0446936144874499e-11,2.1316282072802999e-14,4.4355409999999997
g08_00,grid,variable_transverse,3.4199518933533999,0.10000000000000001,70,41.245966940235803,41.0224168091259,0.24245795208695001,1.5880833560337598e-11,0,6.5792317000000002
g08_00,grid,variable_transverse,3.4199518933533999,0.10000000000000001,80,41.752729556179297,41.420417407292703,0.31409006161324898,4.4643341444785294e-11,1.4210854715202001e-14,8.6881964000000007
g08_00,grid,variable_transverse,3.4199518933533999,0.10000000000000001,90,34.0144709313075,33.569346184001901,0.378157070829933,2.1185543194443497e-11,7.1054273576010003e-15,11.002769000000001
g08_00,grid,variable_transverse,3.4199518933533999,0.10000000000000001,110,29.5648100559592,29.354204806611602,0.51884247480722301,4.0218259608949798e-11,0,13.0344611
g08_00,grid,variable_transverse,3.4199518933533999,0.10000000000000001,120,25.240228168291601,24.605915305740901,0.617128856001947,4.3078226898167396e-11,1.7763568394002501e-14,15.047972
g08_00,grid,variable_transverse,3.4199518933533999,0.10000000000000001,130,22.000260043613299,21.3667860970919,0.66832399085411898,5.5350114949842298e-11,1.0658141036401501e-14,17.349934099999999
g08_00,grid,variable_transverse,3.4199518933533999,0.10000000000000001,140,19.707533117519301,18.977887016211302,0.77806557995523495,3.9481529580078499e-11,3.5527136788005001e-15,20.160983900000002
g08_01,grid,variable_transverse,3.4199518933533999,0.15399265260594899,50,57.041989230987298,56.570527226378303,0.18132730074498901,2.9677700762352999e-11,1.4210854715202001e-14,2.5566113000000001
g08_01,grid,variable_transverse,3.4199518933533999,0.15399265260594899,60,55.285066847507899,55.5476470277736,0.28117475337535403,2.2534989938229797e-11,2.8421709430404001e-14,4.9684309999999998
g08_01,grid,variable_transverse,3.4199518933533999,0.15399265260594899,70,41.371268796704598,41.047952564314002,0.34254429854722501,1.8667233301256097e-11,0,7.1616026000000002
g08_01,grid,variable_transverse,3.4199518933533999,0.15399265260594899,80,41.915061271693602,41.452608209424596,0.44379197508613599,5.5928108041467192e-11,2.8421709430404001e-14,9.3082572999999993
g08_01,grid,variable_transverse,3.4199518933533999,0.15399265260594899,90,34.209907657197199,33.608576886656401,0.53425235107277003,3.4934037011789695e-11,1.4210854715202001e-14,11.495223599999999
g08_01,grid,variable_transverse,3.4199518933533999,0.15399265260594899,110,29.8328704598188,29.409017230180901,0.73249190411297305,6.3539193014348689e-11,1.7763568394002501e-14,13.6011883
g08_01,grid,variable_transverse,3.4199518933533999,0.15399265260594899,120,25.558937414725399,24.671003931347801,0.87051408174076295,3.9219046335280594e-11,1.0658141036401501e-14,15.952934600000001
g08_01,grid,variable_transverse,3.4199518933533999,0.15399265260594899,130,22.345043914464501,21.438790053275,0.94073157879379599,1.20038597759855e-10,1.0658141036401501e-14,17.927081999999999
g08_01,grid,variable_transverse,3.4199518933533999,0.15399265260594899,140,20.1085171777681,19.064509729568702,1.09294752472112,4.5132514114415196e-11,3.5527136788005001e-15,20.033319800000001
g08_02,grid,variable_transverse,3.4199518933533999,0.23713737056616599,50,57.134360512368197,56.595288766525996,0.24904744254825101,5.5894779844410597e-11,7.1054273576010003e-15,2.9444653999999999
g08_02,grid,variable_transverse,3.4199518933533999,0.23713737056616599,60,55.428326540132602,55.5862065812208,0.386296954980415,3.9214665184459898e-11,0,5.6527285000000003
g08_02,grid,variable_transverse,3.4199518933533999,0.23713737056616599,70,41.5457703498287,41.094992334188198,0.47044877234928401,5.0444133427971698e-11,1.4210854715202001e-14,8.0152760999999995
g08_02,grid,variable_transverse,3.4199518933533999,0.23713737056616599,80,42.1411381936407,41.512399492475602,0.60946723286525195,7.7296308520673394e-11,1.4210854715202001e-14,10.204139400000001
g08_02,grid,variable_transverse,3.4199518933533999,0.23713737056616599,90,34.482005468447099,33.681439171169302,0.73333313440383496,5.5676375727745796e-11,0,12.477782299999999
g08_02,grid,variable_transverse,3.4199518933533999,0.23713737056616599,110,30.205660989557099,29.510967944990199,1.0039018831569799,1.0112770978822901e-10,7.1054273576010003e-15,14.5901362
g08_02,grid,variable_transverse,3.4199518933533999,0.23713737056616599,120,26.001679660158999,24.792459352418899,1.1914646984843,8.3775932042592691e-11,3.5527136788005001e-15,16.796434099999999
g08_02,grid,variable_transverse,3.4199518933533999,0.23713737056616599,130,22.822791311151001,21.572964052100399,1.2837764338588999,1.3053743374958699e-10,1.0658141036401501e-14,18.948382899999999
g08_02,grid,variable_transverse,3.4199518933533999,0.23713737056616599,140,20.662794923967098,19.225041140470999,1.4873865179344601,6.9105244543138192e-11,3.5527136788005001e-15,21.3323015
g08_03,grid,variable_transverse,3.4199518933533999,0.365174127254838,50,57.259003662193898,56.638826579244899,0.33030594498191701,5.6424170192483398e-11,2.8421709430404001e-14,2.6775560999999999
g08_03,grid,variable_transverse,3.4199518933533999,0.365174127254838,60,55.621669972564703,55.654041875607099,0.51236535068086098,4.6744959180310004e-11,1.4210854715202001e-14,5.5152875999999997
g08_03,grid,variable_transverse,3.4199518933533999,0.365174127254838,70,41.781149008844203,41.177891382237803,0.62351868285242495,7.1754141656249688e-11,2.8421709430404001e-14,8.3912707999999991
g08_03,grid,variable_transverse,3.4199518933533999,0.365174127254838,80,42.446032440514202,41.618402355233997,0.80753837661972705,1.07633300884816e-10,0,10.843111800000001
g08_03,grid,variable_transverse,3.4199518933533999,0.365174127254838,90,34.848696845372103,33.8105189856417,0.97073468901714599,8.1576108385125386e-11,0,13.1421185
g08_03,grid,variable_transverse,3.4199518933533999,0.365174127254838,110,30.707020709338401,29.6915108771123,1.32550711969815,1.0692033669439501e-10,0,15.339457700000001
g08_03,grid,variable_transverse,3.4199518933533999,0.365174127254838,120,26.596141803592101,25.007784478248901,1.57013396263158,1.13101608832977e-10,2.1316282072802999e-14,17.628671600000001
g08_03,grid,variable_transverse,3.4199518933533999,0.365174127254838,130,23.4620774838037,21.809967792085899,1.6853300634127499,1.44759276736162e-10,1.7763568394002501e-14,19.757442900000001
g08_03,grid,variable_transverse,3.4199518933533999,0.365174127254838,140,21.402176432737502,19.5068044540517,1.94588198913009,1.3098786850723399e-10,7.1054273576010003e-15,21.9470268
g08_04,grid,variable_transverse,3.4199518933533999,0.56234132519034896,50,57.420736326514699,56.711589595769802,0.419480015563164,7.6345615997391088e-11,0,2.2013680999999998
g08_04,grid,variable_transverse,3.4199518933533999,0.56234132519034896,60,55.872526842397903,55.767409593635399,0.65056501783825205,4.0155540775096498e-11,1.4210854715202001e-14,4.6757051000000001
g08_04,grid,variable_transverse,3.4199518933533999,0.56234132519034896,70,42.086256562059901,41.316468916647104,0.79080190938039496,6.0611400556119799e-11,1.4210854715202001e-14,7.1801088999999996
g08_04,grid,variable_transverse,3.4199518933533999,0.56234132519034896,80,42.841082963467898,41.7963019348892,1.0236323374814,6.8719540339087896e-11,2.1316282072802999e-14,9.4877147999999991
g08_04,grid,variable_transverse,3.4199518933533999,0.56234132519034896,90,35.323254189555101,34.026760834633698,1.22877526282661,7.9191232925423898e-11,1.4210854715202001e-14,11.6807961
g08_04,grid,variable_transverse,3.4199518933533999,0.56234132519034896,110,31.353854993953501,29.993092292707399,1.6718118859442199,7.6922971386525299e-11,2.1316282072802999e-14,13.7453821
g08_04,grid,variable_transverse,3.4199518933533999,0.56234132519034896,120,27.361389882555699,25.3671482338458,1.9753904621135701,1.00240243944392e-10,0,15.991799500000001
g08_04,grid,variable_transverse,3.4199518933533999,0.56234132519034896,130,24.2815600384322,22.2032111682657,2.1106024732029498,1.16379057547793e-10,1.4210854715202001e-14,18.078883600000001
g08_04,grid,variable_transverse,3.4199518933533999,0.56234132519034896,140,22.346403687692401,19.970921048996999,2.4270408956443799,1.5202869197973401e-10,1.0658141036401501e-14,20.335143500000001
g08_05,grid,variable_transverse,3.4199518933533999,0.86596432336006501,50,57.620778105101898,56.8258852291411,0.50548551827964106,1.0526123699464201e-10,1.4210854715202001e-14,2.3974261000000001
g08_05,grid,variable_transverse,3.4199518933533999,0.86596432336006501,60,56.182709566988898,55.9453707939482,0.78364043900869795,4.4678865189363897e-11,0,4.5655783000000003
g08_05,grid,variable_transverse,3.4199518933533999,0.86596432336006501,70,42.463028461680203,41.533776409382199,0.95117856109730003,7.4668377265087798e-11,0,6.9410100999999997
g08_05,grid,variable_transverse,3.4199518933533999,0.86596432336006501,80,43.328596650740302,42.075890695307599,1.23026214256977,1.83266211606234e-10,7.1054273576010003e-15,9.3752984000000001
g08_05,grid,variable_transverse,3.4199518933533999,0.86596432336006501,90,35.907953211177102,34.365667953762703,1.4742229466174399,6.7585922542296696e-11,1.4210854715202001e-14,11.8365545
g08_05,grid,variable_transverse,3.4199518933533999,0.86596432336006501,110,32.147575855583703,30.463216078275799,1.9967473062019701,2.4214273258893301e-10,0,13.977637700000001
g08_05,grid,variable_transverse,3.4199518933533999,0.86596432336006501,120,28.297827916004501,25.925892879970299,2.3522800985031602,1.4481358259440599e-10,3.5527136788005001e-15,16.133367799999998
g08_05,grid,variable_transverse,3.4199518933533999,0.86596432336006501,130,25.279495387491998,22.810070485257999,2.5004581202573299,1.7573303499163002e-10,3.5527136788005001e-15,18.260200699999999
g08_05,grid,variable_transverse,3.4199518933533999,0.86596432336006501,140,23.491362337907599,20.681513298483399,2.8625801547263201,1.30064427774646e-10,1.0658141036401501e-14,20.403056599999999
g08_06,grid,variable_transverse,3.4199518933533999,1.33352143216332,50,57.854552889540599,56.992404622578597,0.573050091421901,1.18312198862407e-10,2.8421709430404001e-14,2.2221609999999998
g08_06,grid,variable_transverse,3.4199518933533999,1.33352143216332,60,56.545033212638202,56.204360424648598,0.88793975119443902,1.13051434580137e-10,0,4.7064151000000001
g08_06,grid,variable_transverse,3.4199518933533999,1.33352143216332,70,42.9024496353017,41.849415223007902,1.0760019175483999,1.29115115872351e-10,1.4210854715202001e-14,7.1849993000000003
g08_06,grid,variable_transverse,3.4199518933533999,1.33352143216332,80,43.896677545216299,42.482350235461503,1.39038691686059,1.8639610806547101e-10,7.1054273576010003e-15,9.5328198000000004
g08_06,grid,variable_transverse,3.4199518933533999,1.33352143216332,90,36.588014207188898,34.856682807822402,1.6628607666684501,1.9049973021770499e-10,1.4210854715202001e-14,11.601289400000001
g08_06,grid,variable_transverse,3.4199518933533999,1.33352143216332,110,33.066331359024197,31.139447638567599,2.2408753559552799,2.4943035607062598e-10,2.1316282072802999e-14,13.585001099999999
g08_06,grid,variable_transverse,3.4199518933533999,1.33352143216332,120,29.3783794672615,26.726533454845502,2.6312208054109401,2.4081407425667102e-10,7.1054273576010003e-15,15.6912118
g08_06,grid,variable_transverse,3.4199518933533999,1.33352143216332,130,26.425019342522301,23.672413858590001,2.78218789246373,2.85402389317448e-10,0,17.6957807
g08_06,grid,variable_transverse,3.4199518933533999,1.33352143216332,140,24.799723633799601,21.6831675326696,3.1705095821756601,2.64432759376379e-10,3.5527136788005001e-15,19.8207387
g08_07,grid,variable_transverse,3.4199518933533999,2.0535250264571498,50,58.110766864931001,57.214671844471297,0.60734005017884896,1.19701382649495e-10,7.1054273576010003e-15,2.1452509000000002
g08_07,grid,variable_transverse,3.4199518933533999,2.0535250264571498,60,56.941935757258001,56.549612160457301,0.94061141236717205,1.1816387673245199e-10,7.1054273576010003e-15,4.4299650000000002
g08_07,grid,variable_transverse,3.4199518933533999,2.0535250264571498,70,43.383003160679998,42.2691786715258,1.1379050248632301,1.2986357749424899e-10,0,6.7409581999999997
g08_07,grid,variable_transverse,3.4199518933533999,2.0535250264571498,80,44.517321152401003,43.022874608239903,1.46888591620098,2.5551327501580901e-10,2.1316282072802999e-14,9.2851163000000003
g08_07,grid,variable_transverse,3.4199518933533999,2.0535250264571498,90,37.329552856004099,35.507287086945702,1.7533401809264,1.77506235923268e-10,7.1054273576010003e-15,11.7263804
g08_07,grid,variable_transverse,3.4199518933533999,2.0535250264571498,110,34.063011357948902,32.0282192102541,2.3505764893670902,3.7345996788631302e-10,7.1054273576010003e-15,13.9535202
g08_07,grid,variable_transverse,3.4199518933533999,2.0535250264571498,120,30.546705355123901,27.774123701817601,2.7508621847587,2.47744730502113e-10,1.0658141036401501e-14,16.024118399999999
g08_07,grid,variable_transverse,3.4199518933533999,2.0535250264571498,130,27.657163531340501,24.791287545556798,2.8938469643289402,3.96789327763752e-10,7.1054273576010003e-15,18.076200100000001
g08_07,grid,variable_transverse,3.4199518933533999,2.0535250264571498,140,26.200651156951501,22.972798432628,3.2829902305118699,2.5010396174542503e-10,7.1054273576010003e-15,20.162658499999999
g08_08,grid,variable_transverse,3.4199518933533999,3.16227766016838,50,58.372965434946302,57.484296302568701,0.60026737366737204,2.7662189876209005e-10,0,2.0774640999999998
g08_08,grid,variable_transverse,3.4199518933533999,3.16227766016838,60,57.347933192780602,56.967909010108997,0.92931979227115402,1.36214064089676e-10,1.4210854715202001e-14,4.5434782
g08_08,grid,variable_transverse,3.4199518933533999,3.16227766016838,70,43.873764389307901,42.7764863725547,1.1224707821600499,1.6878386217669899e-10,1.4210854715202001e-14,6.8357663000000004
g08_08,grid,variable_transverse,3.4199518933533999,3.16227766016838,80,45.150520285058299,43.675748001463297,1.44757383509177,3.4144032517214198e-10,1.4210854715202001e-14,9.5026443999999994
g08_08,grid,variable_transverse,3.4199518933533999,3.16227766016838,90,38.084699340283002,36.290402952862898,1.7248973598244399,1.3604686859419799e-10,0,12.2956337
g08_08,grid,variable_transverse,3.4199518933533999,3.16227766016838,110,35.072882423956102,33.089312622406801,2.3012115321176698,4.8846090672538501e-10,7.1054273576010003e-15,14.8265335
g08_08,grid,variable_transverse,3.4199518933533999,3.16227766016838,120,31.726687408391001,29.019087723601501,2.6847331052148702,1.97438145838146e-10,7.1054273576010003e-15,17.0628627
g08_08,grid,variable_transverse,3.4199518933533999,3.16227766016838,130,28.895556421560201,26.1106396582807,2.8112219262100502,5.4777926839919396e-10,0,19.267350700000001
g08_08,grid,variable_transverse,3.4199518933533999,3.16227766016838,140,27.6026199051724,24.482816371086301,3.17600875276454,2.5141987961706302e-10,1.4210854715202001e-14,21.571726999999999
g08_09,grid,variable_transverse,3.4199518933533999,4.8696752516586299,50,58.623443655716699,57.781024629902099,0.55435480367131096,1.5958518919051499e-10,2.1316282072802999e-14,2.0979282000000001
g08_09,grid,variable_transverse,3.4199518933533999,4.8696752516586299,60,57.735683717650303,57.4277814736027,0.85812836057178699,1.3096039391988501e-10,4.9737991503207e-14,4.2175272000000001
g08_09,grid,variable_transverse,3.4199518933533999,4.8696752516586299,70,44.3417853223253,43.332918490269599,1.0350997947495499,2.18793540429841e-10,7.1054273576010003e-15,6.5131461000000002
g08_09,grid,variable_transverse,3.4199518933533999,4.8696752516586299,80,45.753851386815697,44.391245030430298,1.33386096076677,2.3664955585590398e-10,1.4210854715202001e-14,8.7970480000000002
g08_09,grid,variable_transverse,3.4199518933533999,4.8696752516586299,90,38.803101163121703,37.146033298688799,1.58720933948691,1.9839083673861701e-10,0,11.3474042
g08_09,grid,variable_transverse,3.4199518933533999,4.8696752516586299,110,36.0292845068277,34.239952523140602,2.10875809298002,3.7746094663794901e-10,1.4210854715202001e-14,13.992316300000001
g08_09,grid,variable_transverse,3.4199518933533999,4.8696752516586299,120,32.840978466860101,30.363285196912599,2.4537086702942101,3.1161479922055702e-10,0,16.753654399999999
g08_09,grid,variable_transverse,3.4199518933533999,4.8696752516586299,130,30.060003154542699,27.5255424196076,2.5591614473425199,3.8672425107583203e-10,1.4210854715202001e-14,19.107462600000002
g08_09,grid,variable_transverse,3.4199518933533999,4.8696752516586299,140,28.915728052281899,26.092212841435,2.8806224205244702,3.47024227981377e-10,7.1054273576010003e-15,21.404494799999998
g08_10,grid,variable_transverse,3.4199518933533999,7.4989420933245601,50,58.847699097392102,58.078719677974902,0.48121683018820299,2.0319132088171101e-10,1.4210854715202001e-14,2.2027234999999998
g08_10,grid,variable_transverse,3.4199518933533999,7.4989420933245601,60,58.082849805373499,57.888818441153397,0.74506553644372198,2.8434345714756602e-10,2.8421709430404001e-14,4.3317560000000004
g08_10,grid,variable_transverse,3.4199518933533999,7.4989420933245601,70,44.760331067732601,43.889652463954597,0.89782678775966795,3.2673468967974004e-10,1.4210854715202001e-14,6.3656506999999998
g08_10,grid,variable_transverse,3.4199518933533999,7.4989420933245601,80,46.293060889307597,45.106528419413102,1.1564154388174801,5.6014150180461905e-10,3.5527136788004997e-14,8.3798787000000008
g08_10,grid,variable_transverse,3.4199518933533999,7.4989420933245601,90,39.444415102605802,37.999325538073201,1.37481386763682,4.09204830316508e-10,7.1054273576010003e-15,10.587091600000001
g08_10,grid,variable_transverse,3.4199518933533999,7.4989420933245601,110,36.879955941827703,35.3800917604717,1.8208889525954699,6.8445545973140202e-10,7.1054273576010003e-15,12.920097699999999
g08_10,grid,variable_transverse,3.4199518933533999,7.4989420933245601,120,33.829782789185899,31.6902437209407,2.1145358533993499,4.7517047641645299e-10,1.4210854715202001e-14,15.5286376
g08_10,grid,variable_transverse,3.4199518933533999,7.4989420933245601,130,31.089624464038799,28.914545501156798,2.1983314227891402,7.2292888543334503e-10,0,17.880896799999999
g08_10,grid,variable_transverse,3.4199518933533999,7.4989420933245601,140,30.072867107568399,27.663933360050901,2.4667619925847002,6.20154501779854e-10,7.1054273576010003e-15,20.336469300000001
g08_11,grid,variable_transverse,3.4199518933533999,11.547819846894599,50,59.0372305641895,58.353741451723998,0.39598129473043497,2.39602386212775e-10,1.4210854715202001e-14,2.2226523999999999
g08_11,grid,variable_transverse,3.4199518933533999,11.547819846894599,60,58.3763768411116,58.314605319329303,0.61347091290486899,1.11189453156962e-10,0,4.3843652000000004
g08_11,grid,variable_transverse,3.4199518933533999,11.547819846894599,70,45.1139238532392,44.403038423573904,0.73879717209807305,1.3429039029681201e-10,7.1054273576010003e-15,6.6776558000000001
g08_11,grid,variable_transverse,3.4199518933533999,11.547819846894599,80,46.748457649858103,45.765699597973203,0.95149079641759704,5.1420654256373104e-10,1.4210854715202001e-14,8.6327881000000009
g08_11,grid,variable_transverse,3.4199518933533999,11.547819846894599,90,39.9856913571397,38.784316472408797,1.13074264976496,1.3529363014687899e-10,1.4210854715202001e-14,10.6788332
g08_11,grid,variable_transverse,3.4199518933533999,11.547819846894599,110,37.5961131355673,36.423761307696402,1.49472516916433,4.7243648196315603e-10,7.1054273576010003e-15,12.6695546
g08_11,grid,variable_transverse,3.4199518933533999,11.547819846894599,120,34.660877276190298,32.901395258198001,1.73360327185097,3.0469883701145698e-10,0,14.896070399999999
g08_11,grid,variable_transverse,3.4199518933533999,11.547819846894599,130,31.952555330312499,30.176806940980999,1.7977643677414199,5.2396113711197606e-10,7.1054273576010003e-15,17.3475772
g08_11,grid,variable_transverse,3.4199518933533999,11.547819846894599,140,31.039923896106199,29.086199213687902,2.0121043851599798,1.9230368639298701e-10,7.1054273576010003e-15,19.787899199999998
g08_12,grid,variable_transverse,3.4199518933533999,17.7827941003892,50,59.1897796074607,58.590772990237802,0.311704537238708,1.98514700769696e-10,2.8421709430404001e-14,2.1671200000000002
g08_12,grid,variable_transverse,3.4199518933533999,17.7827941003892,60,58.6128211141504,58.6816416424235,0.48340241025668101,1.11903896878973e-10,0,4.3187227000000004
g08_12,grid,variable_transverse,3.4199518933533999,17.7827941003892,70,45.398628163145098,44.845144005874303,0.58200526797678098,8.5768535838098187e-11,0,6.4329305999999997
g08_12,grid,variable_transverse,3.4199518933533999,17.7827941003892,80,47.115166497540699,46.333198579412397,0.74978063142810902,2.3670713525408503e-10,2.1316282072802999e-14,8.5329844000000001
g08_12,grid,variable_transverse,3.4199518933533999,17.7827941003892,90,40.421485295012701,39.459463427975898,0.89110041458427902,1.04198634079308e-10,3.5527136788004997e-14,10.638986600000001
g08_12,grid,variable_transverse,3.4199518933533999,17.7827941003892,110,38.171912373750999,37.318386638686803,1.17698201266575,4.0730165117322902e-10,2.1316282072802999e-14,12.676849199999999
g08_12,grid,variable_transverse,3.4199518933533999,17.7827941003892,120,35.3284846792709,33.937561935858497,1.36432651392977,2.1142275639729701e-10,7.1054273576010003e-15,14.8428889
g08_12,grid,variable_transverse,3.4199518933533999,17.7827941003892,130,32.644194111202502,31.253139171222401,1.4120620050505499,9.7205679053841395e-10,0,16.968961799999999
g08_12,grid,variable_transverse,3.4199518933533999,17.7827941003892,140,31.813217182584701,30.294902758862101,1.57710125037354,2.5183831226058902e-10,3.5527136788005001e-15,19.1204815
g08_13,grid,variable_transverse,3.4199518933533999,27.384196342643602,50,59.307727285258203,58.783941594867002,0.236643992543496,2.6559615260409403e-10,1.4210854715202001e-14,2.3663213000000001
g08_13,grid,variable_transverse,3.4199518933533999,27.384196342643602,60,58.795854008813301,58.980974117767801,0.36749981362408102,2.9522053968615099e-10,1.4210854715202001e-14,4.7370045000000003
g08_13,grid,variable_transverse,3.4199518933533999,27.384196342643602,70,45.618993112573399,45.205514153900602,0.44246903517057801,2.8677572043116399e-10,7.1054273576010003e-15,6.8544656000000002
g08_13,grid,variable_transverse,3.4199518933533999,27.384196342643602,80,47.399133947343898,46.795864990049097,0.57037404555649895,5.35393403382776e-10,2.8421709430404001e-14,8.9279265999999993
g08_13,grid,variable_transverse,3.4199518933533999,27.384196342643602,90,40.759037278258901,40.009717393549501,0.67817385902421001,3.58794755439802e-10,2.8421709430404001e-14,11.0539053
g08_13,grid,variable_transverse,3.4199518933533999,27.384196342643602,110,38.6177472333314,38.046219567844901,0.89582014836729695,7.75475427607557e-10,7.1054273576010003e-15,13.125795099999999
g08_13,grid,variable_transverse,3.4199518933533999,27.384196342643602,120,35.845264370116098,34.779694782409898,1.0384074865814801,5.1476929302357501e-10,1.4210854715202001e-14,15.2173748
g08_13,grid,variable_transverse,3.4199518933533999,27.384196342643602,130,33.178650359453499,32.125758629105398,1.0731048916786801,8.1441749533861297e-10,0,17.264480299999999
g08_13,grid,variable_transverse,3.4199518933533999,27.384196342643602,140,32.409632285229897,31.272248491761001,1.19646244276131,6.0891966306286404e-10,7.1054273576010003e-15,19.444985800000001
g08_14,grid,variable_transverse,3.4199518933533999,42.169650342858198,50,59.395973588999702,58.934557487043797,0.17439588046179899,2.2037708321302801e-10,2.1316282072802999e-14,1.9567578999999999
g08_14,grid,variable_transverse,3.4199518933533999,42.169650342858198,60,58.932998623130302,59.214652481036403,0.27125797996293499,1.91281027879178e-10,2.1316282072802999e-14,4.3644480000000003
g08_14,grid,variable_transverse,3.4199518933533999,42.169650342858198,70,45.784128843972802,45.4868093916958,0.32665981730220101,1.3523937617455201e-10,0,6.6990660999999996
g08_14,grid,variable_transverse,3.4199518933533999,42.169650342858198,80,47.6120868713381,47.157228523720399,0.42143653907220902,1.7763647787788001e-10,2.1316282072802999e-14,8.9347551000000003
g08_14,grid,variable_transverse,3.4199518933533999,42.169650342858198,90,41.0123131072815,40.439585760640099,0.50141313662211995,2.27830203803146e-10,7.1054273576010003e-15,11.471344200000001
g08_14,grid,variable_transverse,3.4199518933533999,42.169650342858198,110,38.952402182138101,38.614541281389997,0.66277912033642805,5.5098393034121803e-10,1.4210854715202001e-14,13.898301200000001
g08_14,grid,variable_transverse,3.4199518933533999,42.169650342858198,120,36.233241453332603,35.437110551835701,0.76853638402698499,1.18163729530965e-10,2.1316282072802999e-14,16.171503399999999
g08_14,grid,variable_transverse,3.4199518933533999,42.169650342858198,130,33.579352504875601,32.805701445442402,0.79325802140524004,6.9325721079745404e-10,1.4210854715202001e-14,18.3357074
g08_14,grid,variable_transverse,3.4199518933533999,42.169650342858198,140,32.856084587470001,32.032179538001003,0.88318768332589104,1.4705825976654002e-10,7.1054273576010003e-15,20.698813399999999
g08_15,grid,variable_transverse,3.4199518933533999,64.938163157621105,50,59.460221719324601,59.047933785594203,0.12535742218144699,3.5353996612047203e-10,0,2.1753735000000001
g08_15,grid,variable_transverse,3.4199518933533999,64.938163157621105,60,59.033007720125802,59.3908311982348,0.1952976376551,3.3101696417566399e-10,7.1054273576010003e-15,4.2758273000000004
g08_15,grid,variable_transverse,3.4199518933533999,64.938163157621105,70,45.904580194080303,45.698920394810898,0.235255296774843,3.1901501254467402e-10,7.1054273576010003e-15,6.4030905999999996
g08_15,grid,variable_transverse,3.4199518933533999,64.938163157621105,80,47.767551892909196,47.429962742241699,0.303785455158461,4.7011485186491502e-10,7.1054273576010003e-15,8.7343162000000003
g08_15,grid,variable_transverse,3.4199518933533999,64.938163157621105,90,41.197344318353302,40.764209439852202,0.36169838349587502,4.6647203227246004e-10,7.1054273576010003e-15,11.104491700000001
g08_15,grid,variable_transverse,3.4199518933533999,64.938163157621105,110,39.1970883557387,39.043903957396502,0.47855878494978799,6.6084049358516298e-10,2.1316282072802999e-14,13.484716199999999
g08_15,grid,variable_transverse,3.4199518933533999,64.938163157621105,120,36.5170356965398,35.9339264136526,0.55519324313068796,5.0624793618748703e-10,7.1054273576010003e-15,15.9776592
g08_15,grid,variable_transverse,3.4199518933533999,64.938163157621105,130,33.872136156309502,33.318795646388303,0.57249668936993803,1.09262648177597e-09,7.1054273576010003e-15,18.354864299999999
g08_15,grid,variable_transverse,3.4199518933533999,64.938163157621105,140,33.181873918488598,32.6046407136201,0.63665548155070295,6.4259257845509996e-10,7.1054273576010003e-15,20.564499900000001
g08_16,grid,variable_transverse,3.4199518933533999,100,50,59.505930746144301,59.130851054566797,0.088213908293717905,2.5597925863614005e-10,7.1054273576010003e-15,2.3276112000000002
g08_16,grid,variable_transverse,3.4199518933533999,100,60,59.104270434925098,59.519900950708397,0.13763753263598799,2.7681432802195199e-10,7.1054273576010003e-15,4.6569475999999996
g08_16,grid,variable_transverse,3.4199518933533999,100,70,45.990436319714,45.8543616986613,0.165851943174079,3.2684209536087099e-10,0,6.8647901999999998
g08_16,grid,variable_transverse,3.4199518933533999,100,80,47.878463633404102,47.6300407271209,0.21434865514687501,4.03614733492678e-10,1.4210854715202001e-14,9.2362202
g08_16,grid,variable_transverse,3.4199518933533999,100,90,41.329444301578299,41.002530726396998,0.25539032743009599,3.9894411763156701e-10,0,11.528304800000001
g08_16,grid,variable_transverse,3.4199518933533999,100,110,39.371950820177197,39.359411111298101,0.33823925669923799,6.4153411197790399e-10,0,13.814543199999999
g08_16,grid,variable_transverse,3.4199518933533999,100,120,36.719947887733099,36.299201693086097,0.39259695432637398,4.4410432519223102e-10,2.1316282072802999e-14,16.2016925
g08_16,grid,variable_transverse,3.4199518933533999,100,130,34.081292580329297,33.695604207143198,0.40451748506076901,7.8535786307657405e-10,0,18.4118833
g08_16,grid,variable_transverse,3.4199518933533999,100,140,33.414363396775798,33.024449275883498,0.44943053329749999,4.5069811487084199e-10,7.1054273576010003e-15,20.7145768
g09_00,grid,variable_transverse,5.3182958969449903,0.10000000000000001,50,88.315478168684606,87.665729169039196,0.137247915088508,7.9696282192199693e-12,1.4210854715202001e-14,2.2121607000000001
g09_00,grid,variable_transverse,5.3182958969449903,0.10000000000000001,60,86.053292785203794,86.602803028388706,0.21275553005067799,1.2556999847596e-11,2.8421709430404001e-14,4.682652
g09_00,grid,variable_transverse,5.3182958969449903,0.10000000000000001,70,64.005649878922995,63.7364847325927,0.259066399833281,1.8285340807416499e-11,2.8421709430404001e-14,6.9288827
g09_00,grid,variable_transverse,5.3182958969449903,0.10000000000000001,80,64.727910482067301,64.328768967861507,0.33481822476102502,1.6842385463454599e-11,2.8421709430404001e-14,9.2209679999999992
g09_00,grid,variable_transverse,5.3182958969449903,0.10000000000000001,90,52.6347779765171,52.138018600900097,0.40340407545918799,1.8459723155949697e-11,1.4210854715202001e-14,11.553439300000001
g09_00,grid,variable_transverse,5.3182958969449903,0.10000000000000001,110,45.893117003358903,45.833805281426699,0.55412476915592801,4.0002660324101495e-11,2.8421709430404001e-14,13.9016105
g09_00,grid,variable_transverse,5.3182958969449903,0.10000000000000001,120,38.884812382150002,38.198589418793297,0.65872349316067302,3.5612835644267697e-11,1.4210854715202001e-14,16.254452300000001
g09_00,grid,variable_transverse,5.3182958969449903,0.10000000000000001,130,33.851080988338801,33.1830665121933,0.71427329157564801,5.7369195402653594e-11,1.4210854715202001e-14,18.5598034
g09_00,grid,variable_transverse,5.3182958969449903,0.10000000000000001,140,30.232364908977399,29.469972952564,0.83366207522767399,4.8300729023856003e-11,7.1054273576010003e-15,20.941236700000001
g09_01,grid,variable_transverse,5.3182958969449903,0.15399265260594899,50,88.387199745511893,87.676633099166395,0.19819438550851401,9.7339536128022398e-12,4.2632564145605999e-14,2.2936500999999998
g09_01,grid,variable_transverse,5.3182958969449903,0.15399265260594899,60,86.164503287471007,86.619708513322195,0.30739153908449401,2.8737556489821298e-11,0,4.6851813
g09_01,grid,variable_transverse,5.3182958969449903,0.15399265260594899,70,64.141084374226594,63.756890826795697,0.37437944118702199,2.2518955319826897e-11,1.4210854715202001e-14,7.0081189000000004
g09_01,grid,variable_transverse,5.3182958969449903,0.15399265260594899,80,64.902964480818596,64.354280339813201,0.48394008751107298,2.4823358099980003e-11,4.2632564145605999e-14,9.1810670000000005
g09_01,grid,variable_transverse,5.3182958969449903,0.15399265260594899,90,52.845710936532797,52.169074436224598,0.58315920404073696,2.9178530355991298e-11,1.4210854715202001e-14,11.300788000000001
g09_01,grid,variable_transverse,5.3182958969449903,0.15399265260594899,110,46.182851235037603,45.877308976769001,0.80094497834836698,5.0719110026878094e-11,0,13.314424199999999
g09_01,grid,variable_transverse,5.3182958969449903,0.15399265260594899,120,39.229159261761602,38.249795586188,0.95167810544324305,4.2808743831545797e-11,7.1054273576010003e-15,15.5522496
g09_01,grid,variable_transverse,5.3182958969449903,0.15399265260594899,130,34.224204722164203,33.239599608413997,1.0304719087268499,7.257018062635039e-11,0,17.560256500000001
g09_01,grid,variable_transverse,5.3182958969449903,0.15399265260594899,140,30.667542136364101,29.538390115595998,1.20097894571019,6.0648386534633691e-11,1.0658141036401501e-14,19.712839599999999
g09_02,grid,variable_transverse,5.3182958969449903,0.23713737056616599,50,88.489628644098104,87.697398390837407,0.28004473548164299,1.8631395244536098e-11,1.4210854715202001e-14,2.2719311000000002
g09_02,grid,variable_transverse,5.3182958969449903,0.23713737056616599,60,86.323404896091205,86.651943531517801,0.434528305975383,1.57436382729981e-11,5.6843418860808002e-14,4.6356767000000003
g09_02,grid,variable_transverse,5.3182958969449903,0.23713737056616599,70,64.334618208404393,63.795989707296698,0.52921934875872001,1.2077652337716199e-11,0,6.9057744999999997
g09_02,grid,variable_transverse,5.3182958969449903,0.23713737056616599,80,65.153152525814406,64.403636705320395,0.68417062519206195,2.4544481272747099e-11,1.4210854715202001e-14,9.2977676999999996
g09_02,grid,variable_transverse,5.3182958969449903,0.23713737056616599,90,53.147183784858001,52.229182357429998,0.82434973713369297,2.5985326259211597e-11,0,11.397056900000001
g09_02,grid,variable_transverse,5.3182958969449903,0.23713737056616599,110,46.5967870924745,45.961600018030502,1.13144239193317,3.9461758230086199e-11,0,13.5255723
g09_02,grid,variable_transverse,5.3182958969449903,0.23713737056616599,120,39.7207911374853,38.349609666997097,1.34322357932305,3.5752225577522696e-11,1.4210854715202001e-14,15.6108186
g09_02,grid,variable_transverse,5.3182958969449903,0.23713737056616599,130,34.755983058935101,33.349906526375499,1.4513759796742101,4.4079528033682003e-11,1.4210854715202001e-14,17.748901100000001
g09_02,grid,variable_transverse,5.3182958969449903,0.23713737056616599,140,31.286673131654702,29.671217705362299,1.68805569241456,3.9307516866762199e-11,7.1054273576010003e-15,19.8935368
g09_03,grid,variable_transverse,5.3182958969449903,0.365174127254838,50,88.632340403802701,87.735510073617604,0.38490968831073602,2.4992442292293698e-11,2.8421709430404001e-14,2.2498619999999998
g09_03,grid,variable_transverse,5.3182958969449903,0.365174127254838,60,86.544876619946294,86.711194036992794,0.59739760432766698,1.9510082117260999e-11,2.8421709430404001e-14,4.4352866000000004
g09_03,grid,variable_transverse,5.3182958969449903,0.365174127254838,70,64.604314101602,63.868122445592398,0.72734232449963099,2.6016462940629e-11,2.8421709430404001e-14,6.8830495000000003
g09_03,grid,variable_transverse,5.3182958969449903,0.365174127254838,80,65.501811614708402,64.495365094671001,0.94026554322859601,6.9747753492635796e-11,1.4210854715202001e-14,9.3439133000000005
g09_03,grid,variable_transverse,5.3182958969449903,0.365174127254838,90,53.567185631430299,52.340932187267398,1.13235859400057,3.4366870022363897e-11,1.4210854715202001e-14,11.4904121
g09_03,grid,variable_transverse,5.3182958969449903,0.365174127254838,110,47.172842270952899,46.1184334631374,1.55187038953511,3.4331962911662599e-11,7.1054273576010003e-15,13.698498499999999
g09_03,grid,variable_transverse,5.3182958969449903,0.365174127254838,120,40.404214587774199,38.536017277986303,1.83984753159398,5.7203821983673093e-11,7.1054273576010003e-15,15.915820099999999
g09_03,grid,variable_transverse,5.3182958969449903,0.365174127254838,130,35.493348705989099,33.555681442658198,1.9821636233368101,4.8754270160158797e-11,2.1316282072802999e-14,18.2122037
g09_03,grid,variable_transverse,5.3182958969449903,0.365174127254838,140,32.143092622422202,29.917670298838299,2.29905604670736,6.7694949374636298e-11,7.1054273576010003e-15,20.588606299999999
g09_04,grid,variable_transverse,5.3182958969449903,0.56234132519034896,50,88.825067365867099,87.802555880048203,0.51095580710002997,1.6854543629880398e-11,1.4210854715202001e-14,2.0268266000000001
g09_04,grid,variable_transverse,5.3182958969449903,0.56234132519034896,60,86.844007293648303,86.815540271719698,0.79304225774993498,4.1262429503372097e-11,1.4210854715202001e-14,4.2189639999999997
g09_04,grid,variable_transverse,5.3182958969449903,0.56234132519034896,70,64.968386295318197,63.995434213554503,0.96484909520366202,5.4957831319057397e-11,1.4210854715202001e-14,6.5442530000000003
g09_04,grid,variable_transverse,5.3182958969449903,0.56234132519034896,80,65.972408269458398,64.658129051927901,1.2469752968136001,6.1759141317542388e-11,2.8421709430404001e-14,8.7802115000000001
g09_04,grid,variable_transverse,5.3182958969449903,0.56234132519034896,90,54.1336644394801,52.539137007320598,1.5003037698363999,4.2046648252750894e-11,7.1054273576010003e-15,11.205776800000001
g09_04,grid,variable_transverse,5.3182958969449903,0.56234132519034896,110,47.948239853382802,46.396373105092799,2.0509872865970298,1.1828628347722e-10,0,13.4800497
g09_04,grid,variable_transverse,5.3182958969449903,0.56234132519034896,120,41.3226126941058,38.866852379032601,2.4268599215033002,8.7568140456158287e-11,1.4210854715202001e-14,15.6628226
g09_04,grid,variable_transverse,5.3182958969449903,0.56234132519034896,130,36.480890372407501,33.919629533538199,2.60465361968705,8.3010082085625887e-11,1.4210854715202001e-14,17.840353
g09_04,grid,variable_transverse,5.3182958969449903,0.56234132519034896,140,33.2865096324755,30.3508284726582,3.01063147926362,1.15620429672602e-10,7.1054273576010003e-15,20.104353499999998
g09_05,grid,variable_transverse,5.3182958969449903,0.86596432336006501,50,89.075393161018695,87.914706299143305,0.64961508179240601,5.0376152607832296e-11,2.8421709430404001e-14,2.5272467999999999
g09_05,grid,variable_transverse,5.3182958969449903,0.86596432336006501,60,87.232491876033805,86.990144986381097,1.0080128238412001,2.8737414800441598e-11,1.4210854715202001e-14,5.1797522999999996
g09_05,grid,variable_transverse,5.3182958969449903,0.86596432336006501,70,65.440774689067993,64.208594384892095,1.2250291673548901,3.8128833241466099e-11,1.4210854715202001e-14,7.8552723000000002
g09_05,grid,variable_transverse,5.3182958969449903,0.86596432336006501,80,66.582774734056599,64.931605595461903,1.5824184739277101,4.9589068995679893e-11,1.4210854715202001e-14,10.4227074
g09_05,grid,variable_transverse,5.3182958969449903,0.86596432336006501,90,54.867520048017603,52.871643685584402,1.90122440465023,7.8995473860660699e-11,1.4210854715202001e-14,12.9821712
g09_05,grid,variable_transverse,5.3182958969449903,0.86596432336006501,110,48.949688414970097,46.861167239965702,2.5898398867239298,4.9408624352306396e-11,2.8421709430404001e-14,15.692626600000001
g09_05,grid,variable_transverse,5.3182958969449903,0.86596432336006501,120,42.506086299238703,39.4197371582218,3.05670101084268,1.3152065524226101e-10,1.4210854715202001e-14,18.337786900000001
g09_05,grid,variable_transverse,5.3182958969449903,0.86596432336006501,130,37.748122467906498,34.5244079720472,3.2656487425498102,7.7413816378983499e-11,1.4210854715202001e-14,20.788988700000001
g09_05,grid,variable_transverse,5.3182958969449903,0.86596432336006501,140,34.748242306493097,31.065418097707202,3.7593596135506901,1.05326305606745e-10,7.1054273576010003e-15,23.260556300000001
g09_06,grid,variable_transverse,5.3182958969449903,1.33352143216332,50,89.385385243751301,88.091097136151504,0.78382693638213896,4.6579637804654894e-11,2.8421709430404001e-14,2.3542461000000001
g09_06,grid,variable_transverse,5.3182958969449903,1.33352143216332,60,87.713405579104105,87.2646508674502,1.2157311217064699,3.62043258133469e-11,0,4.8025153999999999
g09_06,grid,variable_transverse,5.3182958969449903,1.33352143216332,70,66.024806607599601,64.543453503785997,1.47535388080022,4.7933740501990998e-11,2.8421709430404001e-14,7.4582762000000002
g09_06,grid,variable_transverse,5.3182958969449903,1.33352143216332,80,67.336913631065897,65.362044715299206,1.9043458169229199,1.1643097624121499e-10,2.8421709430404001e-14,10.0545575
g09_06,grid,variable_transverse,5.3182958969449903,1.33352143216332,90,55.772792108843603,53.393628650134602,2.2839784564921799,6.7265330732486898e-11,2.1316282072802999e-14,12.787965700000001
g09_06,grid,variable_transverse,5.3182958969449903,1.33352143216332,110,50.180098607708402,47.586792370189301,3.0974007925386799,3.75195292064855e-11,7.1054273576010003e-15,15.29264
g09_06,grid,variable_transverse,5.3182958969449903,1.33352143216332,120,43.956085696790197,40.280762000164501,3.64470602087802,9.3674085146897387e-11,7.1054273576010003e-15,17.993187800000001
g09_06,grid,variable_transverse,5.3182958969449903,1.33352143216332,130,39.293220033238597,35.459321958832398,3.8739976306847201,9.0018641921345587e-11,0,20.717793
g09_06,grid,variable_transverse,5.3182958969449903,1.33352143216332,140,36.522898547855597,32.161401855938003,4.4398222483482099,1.02254433094946e-10,1.4210854715202001e-14,23.244782799999999
g09_07,grid,variable_transverse,5.3182958969449903,2.0535250264571498,50,89.748155216764303,88.348510883017795,0.88990842729569197,5.8047558531171893e-11,2.8421709430404001e-14,2.3102208000000002
g09_07,grid,variable_transverse,5.3182958969449903,2.0535250264571498,60,88.275913066712604,87.664865076584803,1.3795055647243599,6.0908562744199892e-11,0,4.6773818
g09_07,grid,variable_transverse,5.3182958969449903,2.0535250264571498,70,66.706879600674398,65.030811024342697,1.67138246472584,5.6364641033644496e-11,0,6.9733771000000004
g09_07,grid,variable_transverse,5.3182958969449903,2.0535250264571498,80,68.216912204395399,65.988940462493801,2.15540046881438,1.03546216320785e-10,1.4210854715202001e-14,9.3021510000000003
g09_07,grid,variable_transverse,5.3182958969449903,2.0535250264571498,90,56.8271732073622,54.151338397410498,2.58002146930014,5.8759846332491891e-11,0,11.7128494
g09_07,grid,variable_transverse,5.3182958969449903,2.0535250264571498,110,51.606375242308097,48.632427382227803,3.48134528750969,1.1269488996816001e-10,2.8421709430404001e-14,14.089487500000001
g09_07,grid,variable_transverse,5.3182958969449903,2.0535250264571498,120,45.6315676781973,41.516862185889003,4.0829021324856196,1.2973799662443801e-10,1.4210854715202001e-14,16.571429500000001
g09_07,grid,variable_transverse,5.3182958969449903,2.0535250264571498,130,41.069308987377902,36.7904096502469,4.3168242893243596,6.9670752104061891e-11,7.1054273576010003e-15,18.940167500000001
g09_07,grid,variable_transverse,5.3182958969449903,2.0535250264571498,140,38.553627591391603,33.7092902818748,4.9245494911180598,1.07004518047259e-10,7.1054273576010003e-15,21.555203299999999
g09_08,grid,variable_transverse,5.3182958969449903,3.16227766016838,50,90.146353509952704,88.692774289893194,0.94464707820307303,9.3873714470388695e-11,1.4210854715202001e-14,2.4043404000000002
g09_08,grid,variable_transverse,5.3182958969449903,3.16227766016838,60,88.893014869982593,88.199467488625899,1.4635713038959599,1.05706313761959e-10,0,4.7879072000000003
g09_08,grid,variable_transverse,5.3182958969449903,3.16227766016838,70,67.453915836838107,65.680357450466303,1.7702745162607401,7.3716871463987799e-11,2.8421709430404001e-14,7.1175119999999996
g09_08,grid,variable_transverse,5.3182958969449903,3.16227766016838,80,69.179807397522595,66.824326857870204,2.2806913582044599,1.53925603849253e-10,5.6843418860808002e-14,9.3416423000000002
g09_08,grid,variable_transverse,5.3182958969449903,3.16227766016838,90,57.978614362423997,55.1574475951018,2.7246574563950099,9.6623714228749195e-11,0,11.6685494
g09_08,grid,variable_transverse,5.3182958969449903,3.16227766016838,110,53.156016183794897,50.009514821430798,3.6575667675071699,1.5192753802067799e-10,3.5527136788004997e-14,14.0544767
g09_08,grid,variable_transverse,5.3182958969449903,3.16227766016838,120,47.445883096186598,43.1375700690445,4.2751556384154004,1.50028824072622e-10,0,16.418810000000001
g09_08,grid,variable_transverse,5.3182958969449903,3.16227766016838,130,42.982572971994799,38.521100550583597,4.4969874744132001,2.4382824208633499e-10,7.1054273576010003e-15,18.765898499999999
g09_08,grid,variable_transverse,5.3182958969449903,3.16227766016838,140,40.7312517929129,35.706333935581803,5.1069810701775999,2.0459987758493399e-10,7.1054273576010003e-15,21.1447064
g09_09,grid,variable_transverse,5.3182958969449903,4.8696752516586299,50,90.554496437192398,89.1112686290749,0.93512298456047005,9.9830574849227097e-11,2.8421709430404001e-14,2.6711578999999999
g09_09,grid,variable_transverse,5.3182958969449903,4.8696752516586299,60,89.525224784461102,88.848571531890698,1.4482237150270101,1.12764199868338e-10,5.6843418860808002e-14,5.3839126999999998
g09_09,grid,variable_transverse,5.3182958969449903,4.8696752516586299,70,68.218002311933205,66.467145380347006,1.74897241985597,1.07493605632308e-10,1.4210854715202001e-14,8.0790448000000001
g09_09,grid,variable_transverse,5.3182958969449903,4.8696752516586299,80,70.163733865184099,67.835550856492702,2.2511509147274702,1.3996185339472801e-10,2.8421709430404001e-14,10.294345
g09_09,grid,variable_transverse,5.3182958969449903,4.8696752516586299,90,59.1530144768467,56.371151473995397,2.6846330710305399,1.7302580577174901e-10,5.6843418860808002e-14,12.722668199999999
g09_09,grid,variable_transverse,5.3182958969449903,4.8696752516586299,110,54.728639985803802,51.657130179884497,3.5863571266549399,2.8520385996491802e-10,2.1316282072802999e-14,15.0235629
g09_09,grid,variable_transverse,5.3182958969449903,4.8696752516586299,120,49.281116119633602,45.067765223775801,4.1787576217324496,2.18563103236631e-10,4.2632564145605999e-14,17.415862600000001
g09_09,grid,variable_transverse,5.3182958969449903,4.8696752516586299,130,44.908475881377001,40.566296682692801,4.3752068832998496,2.7864937776119901e-10,1.4210854715202001e-14,19.701247800000001
g09_09,grid,variable_transverse,5.3182958969449903,4.8696752516586299,140,42.913763226755599,38.049614180572803,4.9479054203710504,2.28636206304899e-10,2.1316282072802999e-14,22.215467100000001
g09_10,grid,variable_transverse,5.3182958969449903,7.4989420933245601,50,90.944993006519596,89.5727980188869,0.86488175958422697,1.1148770860819201e-10,0,2.5187892999999999
g09_10,grid,variable_transverse,5.3182958969449903,7.4989420933245601,60,90.129921073440997,89.563705549472402,1.33921436761789,9.6219723339465094e-11,1.4210854715202001e-14,5.2193075000000002
g09_10,grid,variable_transverse,5.3182958969449903,7.4989420933245601,70,68.947779111096295,67.332016533623602,1.61518503129692,1.20620090198769e-10,0,7.9603187000000002
g09_10,grid,variable_transverse,5.3182958969449903,7.4989420933245601,80,71.102681138341595,68.946150347198298,2.0773791373965902,2.29175028584409e-10,1.4210854715202001e-14,10.6474127
g09_10,grid,variable_transverse,5.3182958969449903,7.4989420933245601,90,60.271951367322302,57.700097532828302,2.4739271885771799,7.1742042536339895e-11,1.4210854715202001e-14,13.239074799999999
g09_10,grid,variable_transverse,5.3182958969449903,7.4989420933245601,110,56.220240800935599,53.447531292527003,3.2911783588976999,2.6871227843640403e-10,0,15.4767195
g09_10,grid,variable_transverse,5.3182958969449903,7.4989420933245601,120,51.016726648991202,47.156155449628201,3.82456414651136,1.1121388952729002e-10,0,17.898068800000001
g09_10,grid,variable_transverse,5.3182958969449903,7.4989420933245601,130,46.722015650612597,42.764173352635297,3.9884766676396999,2.5496716071166299e-10,1.4210854715202001e-14,20.2616513
g09_10,grid,variable_transverse,5.3182958969449903,7.4989420933245601,140,44.960857527167903,40.552206482079598,4.4938598349291796,1.16336681330265e-10,2.1316282072802999e-14,22.644147700000001
g09_11,grid,variable_transverse,5.3182958969449903,11.547819846894599,50,91.295097659741202,90.036729829635902,0.75176298221034299,8.8496592006265391e-11,2.8421709430404001e-14,2.3636284999999999
g09_11,grid,variable_transverse,5.3182958969449903,11.547819846894599,60,90.672063228282994,90.282049724315399,1.16425325802866,8.6864357878011093e-11,1.4210854715202001e-14,4.7276778000000004
g09_11,grid,variable_transverse,5.3182958969449903,11.547819846894599,70,69.6013049095355,68.199090636566893,1.4027852258021101,1.66671964917831e-10,1.4210854715202001e-14,7.1086777999999997
g09_11,grid,variable_transverse,5.3182958969449903,11.547819846894599,80,71.943003053906295,70.058605636711306,1.80336553843919,1.13627488860199e-10,0,9.5604767000000006
g09_11,grid,variable_transverse,5.3182958969449903,11.547819846894599,90,61.272184505156801,59.028015851609297,2.1456111480788498,1.60188916036296e-10,2.8421709430404001e-14,12.2263565
g09_11,grid,variable_transverse,5.3182958969449903,11.547819846894599,110,57.548737575837499,55.224974011025402,2.8454717202056199,1.89117965039631e-10,1.4210854715202001e-14,14.7984347
g09_11,grid,variable_transverse,5.3182958969449903,11.547819846894599,120,52.558912175306098,49.2216592398172,3.29994665974339,1.5274066660196499e-10,0,17.246414900000001
g09_11,grid,variable_transverse,5.3182958969449903,11.547819846894599,130,48.327664306987401,44.925870653013398,3.4302693681594998,2.95086576806775e-10,1.4210854715202001e-14,19.674851499999999
g09_11,grid,variable_transverse,5.3182958969449903,11.547819846894599,140,46.767102261948899,43.000705003292502,3.8527857335503,1.4180867422628601e-10,7.1054273576010003e-15,22.019078700000001
g09_12,grid,variable_transverse,5.3182958969449903,17.7827941003892,50,91.591350418679397,90.466049645696998,0.61929454682793905,9.874894755774969e-11,1.4210854715202001e-14,2.2975607
g09_12,grid,variable_transverse,5.3182958969449903,17.7827941003892,60,91.130980781397994,90.946589475247904,0.95965302463297297,1.9707645762270099e-10,2.8421709430404001e-14,4.8144653999999996
g09_12,grid,variable_transverse,5.3182958969449903,17.7827941003892,70,70.154065380423901,69.000029449600405,1.15556406558348,1.8340119465936899e-10,1.4210854715202001e-14,7.2013816000000004
g09_12,grid,variable_transverse,5.3182958969449903,17.7827941003892,80,72.653556473184594,71.085530517537407,1.4854169816166001,1.29023549577515e-10,0,9.4752767999999996
g09_12,grid,variable_transverse,5.3182958969449903,17.7827941003892,90,62.117382213074798,60.251698152236102,1.7665882407492099,2.7029355010856399e-10,1.4210854715202001e-14,11.887722999999999
g09_12,grid,variable_transverse,5.3182958969449903,17.7827941003892,110,58.668449379813701,56.854666395586399,2.3382232067176898,2.12071328616837e-10,1.4210854715202001e-14,14.4211274
g09_12,grid,variable_transverse,5.3182958969449903,17.7827941003892,120,53.856580136921501,51.109929631778797,2.7082195741564798,1.5445444727760099e-10,2.8421709430404001e-14,16.926896899999999
g09_12,grid,variable_transverse,5.3182958969449903,17.7827941003892,130,49.674854845294099,46.893447482299699,2.8080416054865598,2.6327843758139102e-10,7.1054273576010003e-15,19.476790999999999
g09_12,grid,variable_transverse,5.3182958969449903,17.7827941003892,140,48.278270616127799,45.219822441036598,3.1457537073093902,4.9896124575425406e-10,2.8421709430404001e-14,21.973931700000001
g09_13,grid,variable_transverse,5.3182958969449903,27.384196342643602,50,91.830037596510607,90.836579031470293,0.487935189464209,7.4232483449504592e-11,1.4210854715202001e-14,2.2497956000000001
g09_13,grid,variable_transverse,5.3182958969449903,27.384196342643602,60,91.501012594267706,91.520226893142393,0.75685197257648895,9.1274642559624497e-11,1.4210854715202001e-14,4.6852485000000001
g09_13,grid,variable_transverse,5.3182958969449903,27.384196342643602,70,70.599572207595799,69.690732484008507,0.911131161244217,1.15968797542173e-10,0,7.1707593999999997
g09_13,grid,variable_transverse,5.3182958969449903,27.384196342643602,80,73.226297082775602,71.970863555201603,1.1715632454648299,1.4118492872294001e-10,1.4210854715202001e-14,9.3850444999999993
g09_13,grid,variable_transverse,5.3182958969449903,27.384196342643602,90,62.798530314789197,61.305591422928998,1.39340672941296,1.2289284092009901e-10,7.1054273576010003e-15,11.7031969
g09_13,grid,variable_transverse,5.3182958969449903,27.384196342643602,110,59.5695626059684,58.253460554353602,1.84273850068178,4.3388057325862199e-10,7.1054273576010003e-15,13.9806355
g09_13,grid,variable_transverse,5.3182958969449903,27.384196342643602,120,54.899940128748703,52.727477444228697,2.13310474418686,1.3329822724946101e-10,1.4210854715202001e-14,16.455355000000001
g09_13,grid,variable_transverse,5.3182958969449903,27.384196342643602,130,50.755607200937902,48.5733523807707,2.2073882625353698,2.28163525229911e-10,1.4210854715202001e-14,18.7595575
g09_13,grid,variable_transverse,5.3182958969449903,27.384196342643602,140,49.487729414996899,47.108086156985401,2.4676372327257701,2.2087731300508601e-10,0,21.106880100000001
g09_14,grid,variable_transverse,5.3182958969449903,42.169650342858198,50,92.014738343104497,91.1388758807866,0.37071435845624301,1.8262230130182002e-10,1.4210854715202001e-14,2.4391194
g09_14,grid,variable_transverse,5.3182958969449903,42.169650342858198,60,91.787684377804695,91.988562301365604,0.57579848723325,1.44046417758282e-10,0,4.6440609000000004
g09_14,grid,variable_transverse,5.3182958969449903,42.169650342858198,70,70.9446778901942,70.254366341277006,0.69319014587762195,1.2429300350772501e-10,0,7.0023588999999999
g09_14,grid,variable_transverse,5.3182958969449903,42.169650342858198,80,73.670168191129804,72.693442423133405,0.89188593415485096,2.0158589162514199e-10,2.8421709430404001e-14,9.3977672999999999
g09_14,grid,variable_transverse,5.3182958969449903,42.169650342858198,90,63.326544478195402,62.165456966621299,1.0612166063484401,1.60806168034803e-10,7.1054273576010003e-15,11.7795053
g09_14,grid,variable_transverse,5.3182958969449903,42.169650342858198,110,60.267822897305599,59.392640251281001,1.4035182985321899,1.70342545850323e-10,7.1054273576010003e-15,14.013050099999999
g09_14,grid,variable_transverse,5.3182958969449903,42.169650342858198,120,55.708188821611202,54.043454435556399,1.6246417416441701,2.6812011723819398e-10,1.4210854715202001e-14,16.382450599999999
g09_14,grid,variable_transverse,5.3182958969449903,42.169650342858198,130,51.5913652373197,49.936675811974702,1.67864379180069,4.22517649500572e-10,2.1316282072802999e-14,18.638252099999999
g09_14,grid,variable_transverse,5.3182958969449903,42.169650342858198,140,50.421223200127301,48.6364180790235,1.8733012323210301,2.1762150909716902e-10,3.5527136788004997e-14,21.104763699999999
g09_15,grid,variable_transverse,5.3182958969449903,64.938163157621105,50,92.153022626251499,91.374787442194801,0.27337004584168201,1.1592755192477301e-10,1.4210854715202001e-14,2.4236260000000001
g09_15,grid,variable_transverse,5.3182958969449903,64.938163157621105,60,92.002625086479,92.3544900268421,0.42526010412456999,1.25943640475716e-10,0,4.9727002999999996
g09_15,grid,variable_transverse,5.3182958969449903,64.938163157621105,70,71.203463111207697,70.6947104639939,0.51206972871100198,1.28202040599468e-10,2.8421709430404001e-14,7.5372604000000001
g09_15,grid,variable_transverse,5.3182958969449903,64.938163157621105,80,74.003259677819102,73.258298846219603,0.65939974316377603,1.6116691902529801e-10,1.4210854715202001e-14,10.014636700000001
g09_15,grid,variable_transverse,5.3182958969449903,64.938163157621105,90,63.7229911784314,62.837773447083997,0.78509308460138605,2.6535386938126801e-10,7.1054273576010003e-15,12.337980200000001
g09_15,grid,variable_transverse,5.3182958969449903,64.938163157621105,110,60.792291775895002,60.282884303580502,1.0390178400933701,2.4165758581834903e-10,1.4210854715202001e-14,14.531177700000001
g09_15,grid,variable_transverse,5.3182958969449903,64.938163157621105,120,56.315370145388002,55.0716021929451,1.2031114470687601,1.8025000651633101e-10,3.5527136788004997e-14,16.752100899999999
g09_15,grid,variable_transverse,5.3182958969449903,64.938163157621105,130,52.2183524894672,50.999816765995,1.2415914765248,4.1795530423775601e-10,2.1316282072802999e-14,18.980817099999999
g09_15,grid,variable_transverse,5.3182958969449903,64.938163157621105,140,51.120425161902403,49.8256924828422,1.38358614337652,5.03626323198573e-10,1.4210854715202001e-14,21.3860405
g09_16,grid,variable_transverse,5.3182958969449903,100,50,92.253759153957304,91.552496734625507,0.196605179449412,1.12940663402211e-10,1.4210854715202001e-14,2.2816941000000002
g09_16,grid,variable_transverse,5.3182958969449903,100,60,92.159451278461702,92.630567915847607,0.306329991439379,1.6077513930793301e-10,0,4.6516304999999996
g09_16,grid,variable_transverse,5.3182958969449903,100,70,71.392329505382904,71.026989353278495,0.36897661665924802,1.78072520198923e-10,0,7.0773206000000002
g09_16,grid,variable_transverse,5.3182958969449903,100,80,74.246570072672199,73.684918038798102,0.475568814587424,2.3827008927544798e-10,1.4210854715202001e-14,9.5833107999999996
g09_16,grid,variable_transverse,5.3182958969449903,100,90,64.012779099982495,63.345840925939697,0.56662897473259499,1.5452409018650399e-10,1.4210854715202001e-14,12.203047400000001
g09_16,grid,variable_transverse,5.3182958969449903,100,110,61.175974241000297,60.955907984176797,0.75060843326650895,1.8842568953327101e-10,2.8421709430404001e-14,14.6198692
g09_16,grid,variable_transverse,5.3182958969449903,100,120,56.759747181687302,55.849096567007997,0.869573265642688,2.5876736133923602e-10,1.4210854715202001e-14,16.997204
g09_16,grid,variable_transverse,5.3182958969449903,100,130,52.676722417526697,51.8026022991858,0.89650897570009702,2.0333189212915701e-10,0,19.160415199999999
g09_16,grid,variable_transverse,5.3182958969449903,100,140,51.630922962953903,50.722158583642504,0.99786695750549603,4.3349749165019703e-10,0,21.425631299999999
g10_00,grid,variable_transverse,8.2703710840002795,0.10000000000000001,50,136.88439569440999,135.835945241188,0.14416276665837299,1.1489265496096599e-11,0,2.3795525999999998
g10_00,grid,variable_transverse,8.2703710840002795,0.10000000000000001,60,134.19550565116899,135.03985382760999,0.223436993941319,8.5631439102855301e-12,2.8421709430404001e-14,4.7531442999999998
g10_00,grid,variable_transverse,8.2703710840002795,0.10000000000000001,70,99.368394950940598,99.031641287669302,0.27186214015481902,1.5028405110972999e-11,1.4210854715202001e-14,7.0218385000000003
g10_00,grid,variable_transverse,8.2703710840002795,0.10000000000000001,80,100.41461684131799,99.931011060238902,0.35064257759051198,2.3346430565345297e-11,0,9.2621567999999996
g10_00,grid,variable_transverse,8.2703710840002795,0.10000000000000001,90,81.5621509456181,81.012836533996406,0.42266553159557402,1.0900055093150198e-11,2.8421709430404001e-14,11.538910899999999
g10_00,grid,variable_transverse,8.2703710840002795,0.10000000000000001,110,71.398070840219006,71.612787012904704,0.58119909261247205,2.17473681815167e-11,0,13.7324638
g10_00,grid,variable_transverse,8.2703710840002795,0.10000000000000001,120,60.075765182114502,59.342222649656897,0.69023021383220295,1.8419647765610599e-11,0,16.044552800000002
g10_00,grid,variable_transverse,8.2703710840002795,0.10000000000000001,130,52.2636491948344,51.571130455464498,0.74893474160199403,5.4454453188544694e-11,4.9737991503207e-14,17.992674999999998
g10_00,grid,variable_transverse,8.2703710840002795,0.10000000000000001,140,46.586674250938202,45.813303227221098,0.87585889445258402,2.5387104177002299e-11,1.4210854715202001e-14,20.039632000000001
g10_01,grid,variable_transverse,8.2703710840002795,0.15399265260594899,50,136.96039864402201,135.84448410997101,0.21181372932242601,2.0934656707814597e-11,5.6843418860808002e-14,2.1682606999999998
g10_01,grid,variable_transverse,8.2703710840002795,0.15399265260594899,60,134.313333322018,135.05299732125999,0.32845397048494002,1.3224503186594599e-11,0,4.5164002999999999
g10_01,grid,variable_transverse,8.2703710840002795,0.15399265260594899,70,99.511783345639799,99.047364732377105,0.39976265917158998,1.5559006393774e-11,1.4210854715202001e-14,7.0822919999999998
g10_01,grid,variable_transverse,8.2703710840002795,0.15399265260594899,80,100.599575894002,99.950508644417198,0.51570918880385397,1.9295184377047098e-11,2.8421709430404001e-14,9.3412343
g10_01,grid,variable_transverse,8.2703710840002795,0.15399265260594899,90,81.785136657110598,81.036553920802504,0.62181593878711905,2.3693507367108297e-11,2.8421709430404001e-14,11.620736600000001
g10_01,grid,variable_transverse,8.2703710840002795,0.15399265260594899,110,71.704732774025302,71.646221687078594,0.8552226287079,5.0051629368112596e-11,0,13.8942394
g10_01,grid,variable_transverse,8.2703710840002795,0.15399265260594899,120,60.4399159906324,59.381041614313702,1.01541989641372,2.9675241370635399e-11,0,16.1845721
g10_01,grid,variable_transverse,8.2703710840002795,0.15399265260594899,130,52.658597403642702,51.6138108700316,1.1007979854210299,3.0462626558332e-11,7.1054273576010003e-15,18.429672499999999
g10_01,grid,variable_transverse,8.2703710840002795,0.15399265260594899,140,47.048335822635799,45.865255189529798,1.2861211701225499,3.44560530524071e-11,1.4210854715202001e-14,20.610772099999998
g10_02,grid,variable_transverse,8.2703710840002795,0.23713737056616599,50,137.07111117785999,135.861277083787,0.30600822930105198,3.6648370570175196e-11,0,2.1908056
g10_02,grid,variable_transverse,8.2703710840002795,0.23713737056616599,60,134.48505881865401,135.07890264355501,0.47475810990053602,2.3921261766830198e-11,0,4.5429469999999998
g10_02,grid,variable_transverse,8.2703710840002795,0.23713737056616599,70,99.720817306869606,99.078551177821396,0.57795282284878702,2.2610476305027397e-11,1.4210854715202001e-14,7.3085712999999997
g10_02,grid,variable_transverse,8.2703710840002795,0.23713737056616599,80,100.86926582998601,99.9896077582857,0.74572366801451295,3.5509234642985894e-11,0,9.9745513999999993
g10_02,grid,variable_transverse,8.2703710840002795,0.23713737056616599,90,82.110346755532504,81.084114673877295,0.89929335557694301,3.7517834295596598e-11,4.2632564145605999e-14,12.6974923
g10_02,grid,variable_transverse,8.2703710840002795,0.23713737056616599,110,72.152006608009501,71.713157179856097,1.2367309318500801,5.2493342114966998e-11,7.1054273576009993e-14,14.9104359
g10_02,grid,variable_transverse,8.2703710840002795,0.23713737056616599,120,60.970848377861699,59.459505277549297,1.4676771150358701,4.8270850101301796e-11,2.1316282072802999e-14,17.1798511
g10_02,grid,variable_transverse,8.2703710840002795,0.23713737056616599,130,53.233771624969897,51.7003387336133,1.58884983288918,7.1438500698403792e-11,1.4210854715202001e-14,19.394220900000001
g10_02,grid,variable_transverse,8.2703710840002795,0.23713737056616599,140,47.719862128868797,45.970017752302802,1.8536769898893599,5.0714063705650007e-11,2.1316282072802999e-14,21.693086399999999
g10_03,grid,variable_transverse,8.2703710840002795,0.365174127254838,50,137.22930511188301,135.89324761840399,0.43262927998248801,2.0117002105601899e-11,5.6843418860808002e-14,1.9811038999999999
g10_03,grid,variable_transverse,8.2703710840002795,0.365174127254838,60,134.73054648165399,135.128351594419,0.67148441915297796,2.1756303349277598e-11,0,4.1363753000000001
g10_03,grid,variable_transverse,8.2703710840002795,0.365174127254838,70,100.01967237033,99.138401571473096,0.81744494958408997,1.6531481981167197e-11,0,6.4076010999999999
g10_03,grid,variable_transverse,8.2703710840002795,0.365174127254838,80,101.254902235199,100.065278741641,1.05486547977317,3.40503487524364e-11,2.8421709430404001e-14,8.8264818999999992
g10_03,grid,variable_transverse,8.2703710840002795,0.365174127254838,90,82.575385302643497,81.176237342061896,1.2719636325494901,2.7969820363946698e-11,2.8421709430404001e-14,11.5835472
g10_03,grid,variable_transverse,8.2703710840002795,0.365174127254838,110,72.791356011042495,71.842826477658406,1.74810028046241,4.8020666018540694e-11,0,14.3801481
g10_03,grid,variable_transverse,8.2703710840002795,0.365174127254838,120,61.729270477564803,59.612548271683401,2.0727444216911701,2.3503671382375899e-11,2.8421709430404001e-14,16.918186299999999
g10_03,grid,variable_transverse,8.2703710840002795,0.365174127254838,130,54.053956009110003,51.869324395020598,2.2391896414715,5.6067591734541494e-11,7.1054273576010003e-15,19.124451199999999
g10_03,grid,variable_transverse,8.2703710840002795,0.365174127254838,140,48.675772602246198,46.173634611370602,2.6070733161789299,3.2143563151924095e-11,2.1316282072802999e-14,21.3492523
g10_04,grid,variable_transverse,8.2703710840002795,0.56234132519034896,50,137.449854777772,135.95193143754199,0.59505758157655997,1.5722694473671797e-11,2.8421709430404001e-14,2.2016865000000001
g10_04,grid,variable_transverse,8.2703710840002795,0.56234132519034896,60,135.07291028067399,135.219343024658,0.92380457051512599,2.1448049129515497e-11,2.8421709430404001e-14,4.5705720000000003
g10_04,grid,variable_transverse,8.2703710840002795,0.56234132519034896,70,100.43640034683401,99.248984556753797,1.1242635613528,1.62491379234982e-11,0,6.8852707999999998
g10_04,grid,variable_transverse,8.2703710840002795,0.56234132519034896,80,101.792667413137,100.20599987831,1.4507642792326501,3.5189690251576894e-11,0,9.2190928000000003
g10_04,grid,variable_transverse,8.2703710840002795,0.56234132519034896,90,83.223683489563498,81.347666012143407,1.74849119620567,1.8058156170629798e-11,4.2632564145605999e-14,11.7831473
g10_04,grid,variable_transverse,8.2703710840002795,0.56234132519034896,110,73.681718581595206,72.084164006865507,2.3995097524369799,4.7874951707733296e-11,0,14.140549200000001
g10_04,grid,variable_transverse,8.2703710840002795,0.56234132519034896,120,62.784271742117099,59.898613428618503,2.84122697565016,4.5396907385699893e-11,7.1054273576010003e-15,16.432119
g10_04,grid,variable_transverse,8.2703710840002795,0.56234132519034896,130,55.192012386021503,52.184905978490399,3.0604513527109201,5.7264207237284698e-11,1.4210854715202001e-14,18.379697199999999
g10_04,grid,variable_transverse,8.2703710840002795,0.56234132519034896,140,49.998969563308798,46.551902560457101,3.5534807463591398,4.0158666181542698e-11,7.1054273576010003e-15,20.474513300000002
g10_05,grid,variable_transverse,8.2703710840002795,0.86596432336006501,50,137.74793928308199,136.055217411294,0.79062871901533305,5.0227146884162795e-11,2.8421709430404001e-14,2.2109603
g10_05,grid,variable_transverse,8.2703710840002795,0.86596432336006501,60,135.53568103756899,135.37977836835,1.22739776019183,4.3898081024916395e-11,5.6843418860808002e-14,4.4589964999999996
g10_05,grid,variable_transverse,8.2703710840002795,0.86596432336006501,70,100.99940259454399,99.444453143787399,1.4926945128304701,3.0391744234421496e-11,1.4210854715202001e-14,6.8306040000000001
g10_05,grid,variable_transverse,8.2703710840002795,0.86596432336006501,80,102.519097362615,100.455918434816,1.92573684757368,7.7981460084872493e-11,2.8421709430404001e-14,9.0405057000000006
g10_05,grid,variable_transverse,8.2703710840002795,0.86596432336006501,90,84.098793661318695,81.652059696649303,2.3187463445523999,5.0853647000644596e-11,1.4210854715202001e-14,11.3475514
g10_05,grid,variable_transverse,8.2703710840002795,0.86596432336006501,110,74.881222110057806,72.512166526910804,3.1742791294801602,7.8300007536649192e-11,2.8421709430404001e-14,13.7425248
g10_05,grid,variable_transverse,8.2703710840002795,0.86596432336006501,120,64.203199727036207,60.406885621491902,3.7512365966893202,7.9733929151915886e-11,1.4210854715202001e-14,16.315764999999999
g10_05,grid,variable_transverse,8.2703710840002795,0.86596432336006501,130,56.717508196434203,52.743781365036803,4.0254092319725201,1.2654332519211599e-10,1.4210854715202001e-14,18.637298300000001
g10_05,grid,variable_transverse,8.2703710840002795,0.86596432336006501,140,51.767120534504002,47.217664388012899,4.6577614862008296,9.4050686073392191e-11,1.4210854715202001e-14,20.815588900000002
g10_06,grid,variable_transverse,8.2703710840002795,1.33352143216332,50,138.13549591076099,136.22813687910499,1.00628726394498,5.4998352842339598e-11,5.6843418860808002e-14,2.0937111000000002
g10_06,grid,variable_transverse,8.2703710840002795,1.33352143216332,60,136.13726033766201,135.64859928777599,1.5617502947308901,4.4164410892946795e-11,0,4.2556314999999998
g10_06,grid,variable_transverse,8.2703710840002795,1.33352143216332,70,101.73062004853,99.772253084480496,1.8972547366492101,4.2048671162399899e-11,1.4210854715202001e-14,6.4640756000000001
g10_06,grid,variable_transverse,8.2703710840002795,1.33352143216332,80,103.462228643122,100.876326655352,2.4464772480438102,1.07275576942115e-10,2.8421709430404001e-14,8.6572639000000002
g10_06,grid,variable_transverse,8.2703710840002795,1.33352143216332,90,85.233614362760406,82.163395804596902,2.9416318771904399,4.7537791271409393e-11,5.6843418860808002e-14,10.881016300000001
g10_06,grid,variable_transverse,8.2703710840002795,1.33352143216332,110,76.432053594986002,73.228694478451104,4.0128953136045604,9.2737383172715793e-11,2.8421709430404001e-14,13.0231868
g10_06,grid,variable_transverse,8.2703710840002795,1.33352143216332,120,66.033556597780304,61.257458861852598,4.7301285058211597,7.8023648034273897e-11,2.8421709430404001e-14,15.213691300000001
g10_06,grid,variable_transverse,8.2703710840002795,1.33352143216332,130,58.677107755217499,53.673860430704501,5.0527387191772899,8.6398904262442586e-11,0,17.102028199999999
g10_06,grid,variable_transverse,8.2703710840002795,1.33352143216332,140,54.029877952878401,48.317707735248902,5.8227653691014396,1.02709382283946e-10,2.1316282072802999e-14,19.069741400000002
g10_07,grid,variable_transverse,8.2703710840002795,2.0535250264571498,50,138.61600430204999,136.50044817166801,1.21577021672497,5.8859998793094893e-11,8.5265128291211997e-14,1.9810741000000001
g10_07,grid,variable_transverse,8.2703710840002795,2.0535250264571498,60,136.88282586453701,136.071896357577,1.8859331217527799,6.9781732321092497e-11,0,4.0074246000000002
g10_07,grid,variable_transverse,8.2703710840002795,2.0535250264571498,70,102.635716190323,100.288121479152,2.2878625453329802,5.5616946048310597e-11,2.8421709430404001e-14,6.1722568999999998
g10_07,grid,variable_transverse,8.2703710840002795,2.0535250264571498,80,104.628923957762,101.539021316957,2.9480485122751201,5.7883682109232493e-11,2.8421709430404001e-14,8.2732291999999994
g10_07,grid,variable_transverse,8.2703710840002795,2.0535250264571498,90,86.635199061269205,82.967413829444595,3.5384556536110199,5.886839996812729e-11,5.6843418860808002e-14,10.5298751
g10_07,grid,variable_transverse,8.2703710840002795,2.0535250264571498,110,78.339843628616094,74.348960975712799,4.8058399764980404,1.27506055999265e-10,2.8421709430404001e-14,12.6582753
g10_07,grid,variable_transverse,8.2703710840002795,2.0535250264571498,120,68.278863819600005,62.584243522728201,5.6474750823346502,7.2531170157314395e-11,2.8421709430404001e-14,14.903458000000001
g10_07,grid,variable_transverse,8.2703710840002795,2.0535250264571498,130,61.069341231634503,55.114125082874999,6.0019590594319698,1.26966403885736e-10,1.4210854715202001e-14,17.1437974
g10_07,grid,variable_transverse,8.2703710840002795,2.0535250264571498,140,56.780415503479503,50.007842493276698,6.8857714404903696,9.263420179272979e-11,2.8421709430404001e-14,19.129830299999998
g10_08,grid,variable_transverse,8.2703710840002795,3.16227766016838,50,139.17910289477101,136.898495366378,1.382346850904,1.3154630945900801e-10,8.5265128291211997e-14,1.9883862999999999
g10_08,grid,variable_transverse,8.2703710840002795,3.16227766016838,60,137.756052933452,136.690181053815,2.14303800315952,5.2217735672534298e-11,2.8421709430404001e-14,3.9083915999999999
g10_08,grid,variable_transverse,8.2703710840002795,3.16227766016838,70,103.69418996340499,101.040426833873,2.59560005063961,1.04201846943593e-10,5.6843418860808002e-14,5.8081246000000002
g10_08,grid,variable_transverse,8.2703710840002795,3.16227766016838,80,105.992231137281,102.505929638311,3.34163901902234,2.3269746545208699e-10,4.2632564145605999e-14,7.8577326000000003
g10_08,grid,variable_transverse,8.2703710840002795,3.16227766016838,90,88.269906422789603,84.136726982272407,4.0029773750844999,9.3925058127405288e-11,2.8421709430404001e-14,10.190077
g10_08,grid,variable_transverse,8.2703710840002795,3.16227766016838,110,80.554490437156701,75.966176669202497,5.40969313683311,2.1468922831257899e-10,2.8421709430404001e-14,12.3052235
g10_08,grid,variable_transverse,8.2703710840002795,3.16227766016838,120,70.876939631369396,64.4925850467407,6.3357472613242098,1.9989573190792101e-10,1.4210854715202001e-14,14.529268699999999
g10_08,grid,variable_transverse,8.2703710840002795,3.16227766016838,130,63.823057741549,57.168687428777602,6.6978632753654601,1.9936759740141199e-10,4.9737991503207e-14,16.8717264
g10_08,grid,variable_transverse,8.2703710840002795,3.16227766016838,140,59.932195479343697,52.399522157825103,7.6486366311661902,1.6882413424633799e-10,0,19.220742300000001
g10_09,grid,variable_transverse,8.2703710840002795,4.8696752516586299,50,139.798137378554,137.43187583549201,1.4696907269508299,9.1459697073483688e-11,8.5265128291211997e-14,1.8734204999999999
g10_09,grid,variable_transverse,8.2703710840002795,4.8696752516586299,60,138.71544441345199,137.517790018792,2.2771062784711402,2.94531301781882e-11,5.6843418860808002e-14,3.9102049999999999
g10_09,grid,variable_transverse,8.2703710840002795,4.8696752516586299,70,104.855213109313,102.045286551911,2.7534339439873299,8.4419483278305896e-11,2.8421709430404001e-14,5.8674562000000003
g10_09,grid,variable_transverse,8.2703710840002795,4.8696752516586299,80,107.486245311941,103.797069471417,3.5414704176985699,2.0650448929171099e-10,2.8421709430404001e-14,7.7583099000000004
g10_09,grid,variable_transverse,8.2703710840002795,4.8696752516586299,90,90.057802421439803,85.692642402944003,4.2339948211905698,7.6168105454432005e-11,1.4210854715202001e-14,9.7483930000000001
g10_09,grid,variable_transverse,8.2703710840002795,4.8696752516586299,110,82.964407868547895,78.100361137189495,5.69253151906676,1.5649281658353701e-10,2.8421709430404001e-14,11.9048844
g10_09,grid,variable_transverse,8.2703710840002795,4.8696752516586299,120,73.6945348737285,66.999892248030307,6.6443400286344501,8.2590977938050394e-11,4.2632564145605999e-14,14.1939604
g10_09,grid,variable_transverse,8.2703710840002795,4.8696752516586299,130,66.793921120537306,59.845663020722597,6.9881562216643696,2.29747480271396e-10,2.8421709430404001e-14,16.190659499999999
g10_09,grid,variable_transverse,8.2703710840002795,4.8696752516586299,140,63.316981111125699,55.491653859671104,7.9440268903137596,1.0040945283823401e-10,0,18.5030362
g10_10,grid,variable_transverse,8.2703710840002795,7.4989420933245601,50,140.433633928658,138.08162802951901,1.45717562286206,6.297368264516409e-11,5.6843418860808002e-14,2.1062864000000001
g10_10,grid,variable_transverse,8.2703710840002795,7.4989420933245601,60,139.69983007923099,138.524845978863,2.2566920243722199,1.06104264289815e-10,2.8421709430404001e-14,4.1511015999999996
g10_10,grid,variable_transverse,8.2703710840002795,7.4989420933245601,70,106.044577173004,103.26521679605899,2.72452918297064,7.1022231520149799e-11,1.4210854715202001e-14,6.3015618
g10_10,grid,variable_transverse,8.2703710840002795,7.4989420933245601,80,109.01530278973399,105.36339348502899,3.5011240542976898,8.091160643297039e-11,2.8421709430404001e-14,8.5148294
g10_10,grid,variable_transverse,8.2703710840002795,7.4989420933245601,90,91.884195618444807,87.573727133091495,4.1783088340668497,1.0506409603762e-10,1.4210854715202001e-14,11.17985
g10_10,grid,variable_transverse,8.2703710840002795,7.4989420933245601,110,85.413917143238805,80.659269868912801,5.5904381422333902,2.0193582874396301e-10,2.8421709430404001e-14,13.619630300000001
g10_10,grid,variable_transverse,8.2703710840002795,7.4989420933245601,120,76.548995988446293,69.992420978700395,6.5044505424176,2.1136722033549201e-10,1.4210854715202001e-14,16.1795124
g10_10,grid,variable_transverse,8.2703710840002795,7.4989420933245601,130,69.788984222391207,63.015939002366899,6.8092381003579998,3.7479880752672202e-10,0,18.330319100000001
g10_10,grid,variable_transverse,8.2703710840002795,7.4989420933245601,140,66.714467879151499,59.127628994356698,7.7080649461721098,2.5527126093702701e-10,1.4210854715202001e-14,20.537512700000001
g10_11,grid,variable_transverse,8.2703710840002795,11.547819846894599,50,141.04258758426801,138.79969762179201,1.3497271041835901,1.9635942328388499e-10,2.8421709430404001e-14,2.3457378000000002
g10_11,grid,variable_transverse,8.2703710840002795,11.547819846894599,60,140.64278094098299,139.63672033064199,2.08985174107745,1.59527296351892e-10,2.8421709430404001e-14,4.7364594000000002
g10_11,grid,variable_transverse,8.2703710840002795,11.547819846894599,70,107.182247297251,104.60916997355,2.51979246105225,1.68790201902105e-10,0,6.8362992
g10_11,grid,variable_transverse,8.2703710840002795,11.547819846894599,80,110.476693435627,107.08734738856,3.23564753099439,4.18836998474723e-10,1.4210854715202001e-14,8.8132531000000007
g10_11,grid,variable_transverse,8.2703710840002795,11.547819846894599,90,93.626960087100997,89.637854111366806,3.8559868864920199,1.6160474994100401e-10,1.4210854715202001e-14,10.982575900000001
g10_11,grid,variable_transverse,8.2703710840002795,11.547819846894599,110,87.740724672025195,83.445758721054702,5.1377414118568101,4.2560422740554401e-10,0,13.4877573
g10_11,grid,variable_transverse,8.2703710840002795,11.547819846894599,120,79.252481017095405,73.236986231703199,5.9615563124615596,3.5820877026561901e-10,0,16.1264295
g10_11,grid,variable_transverse,8.2703710840002795,11.547819846894599,130,72.613423175173494,66.429993775842107,6.2160608328598004,5.2497231697020305e-10,1.4210854715202001e-14,18.563188700000001
g10_11,grid,variable_transverse,8.2703710840002795,11.547819846894599,140,69.905719277547107,63.018777952698201,7.0103556445953599,3.2416073212347002e-10,1.4210854715202001e-14,21.040071699999999
g10_12,grid,variable_transverse,8.2703710840002795,17.7827941003892,50,141.58931881186001,139.52290679420301,1.1747431399616499,2.7353124520728898e-10,5.6843418860808002e-14,2.1297860000000002
g10_12,grid,variable_transverse,8.2703710840002795,17.7827941003892,60,141.489340627069,140.75578530609701,1.81915604142258,9.0474466995855398e-11,8.5265128291211997e-14,4.3693464999999998
g10_12,grid,variable_transverse,8.2703710840002795,17.7827941003892,70,108.202449131016,105.959255851976,2.19126271934624,6.2129783619322397e-11,2.8421709430404001e-14,6.5503197000000002
g10_12,grid,variable_transverse,8.2703710840002795,17.7827941003892,80,111.786402982046,108.81759719025899,2.8125205190922502,1.3901052396457701e-10,0,8.6264196999999996
g10_12,grid,variable_transverse,8.2703710840002795,17.7827941003892,90,95.186975719278095,91.704441608409695,3.3485475532867901,1.7941469310228899e-10,7.1054273576009993e-14,10.8386757
g10_12,grid,variable_transverse,8.2703710840002795,17.7827941003892,110,89.815906057491702,86.217355531525797,4.4475693785210604,3.1884706642252902e-10,2.8421709430404001e-14,12.884798099999999
g10_12,grid,variable_transverse,8.2703710840002795,17.7827941003892,120,81.6578548898229,76.452089759304002,5.1501445930647396,2.0850639836036001e-10,1.4210854715202001e-14,14.9861386
g10_12,grid,variable_transverse,8.2703710840002795,17.7827941003892,130,75.117362050796203,69.794183187513894,5.3526008592013898,2.6816702335196898e-10,0,17.284141399999999
g10_12,grid,variable_transverse,8.2703710840002795,17.7827941003892,140,72.725118874374999,66.832869461356495,6.0174584790585097,2.7340274786154503e-10,2.8421709430404001e-14,19.8068241
g10_13,grid,variable_transverse,8.2703710840002795,27.384196342643602,50,142.05251626443001,140.193290324559,0.96882043187522804,2.03552069583483e-10,2.8421709430404001e-14,2.2164180999999998
g10_13,grid,variable_transverse,8.2703710840002795,27.384196342643602,60,142.20679090404599,141.79279391242201,1.50108790127591,9.4512354183211194e-11,0,4.4464144000000001
g10_13,grid,variable_transverse,8.2703710840002795,27.384196342643602,70,109.06637466594201,107.208521625945,1.80704778686767,9.0751650118824488e-11,1.4210854715202001e-14,6.6408436000000002
g10_13,grid,variable_transverse,8.2703710840002795,27.384196342643602,80,112.895186034397,110.41754009081799,2.3191893045419798,3.0000166828184701e-10,1.4210854715202001e-14,8.7667447999999997
g10_13,grid,variable_transverse,8.2703710840002795,27.384196342643602,90,96.506742490904301,93.612025859920905,2.75999057386939,1.1860037342822699e-10,4.2632564145605999e-14,10.8881123
g10_13,grid,variable_transverse,8.2703710840002795,27.384196342643602,110,91.566972772860197,88.762699988835493,3.6585586869278899,3.37773796768031e-10,0,12.931150799999999
g10_13,grid,variable_transverse,8.2703710840002795,27.384196342643602,120,83.684129922238796,79.396066439314296,4.2309766056895697,2.5783366440625298e-10,0,15.150851599999999
g10_13,grid,variable_transverse,8.2703710840002795,27.384196342643602,130,77.220583479198396,72.861169161286298,4.3861010277429804,3.21075693727519e-10,2.8421709430404001e-14,17.141822900000001
g10_13,grid,variable_transverse,8.2703710840002795,27.384196342643602,140,75.086499143431197,70.295069740199594,4.9180471822987899,2.8602817630395002e-10,0,19.354596099999998
g10_14,grid,variable_transverse,8.2703710840002795,42.169650342858198,50,142.42608699684999,140.772678127245,0.76402213483387005,2.4599824095232802e-10,0,2.4407852000000001
g10_14,grid,variable_transverse,8.2703710840002795,42.169650342858198,60,142.78584871413099,142.68919930695901,1.1849133540288199,6.1305831993994492e-11,2.8421709430404001e-14,4.6033216000000001
g10_14,grid,variable_transverse,8.2703710840002795,42.169650342858198,70,109.763358047086,108.28736924820799,1.42607865140352,1.30270558751013e-10,4.2632564145605999e-14,7.1343813000000003
g10_14,grid,variable_transverse,8.2703710840002795,42.169650342858198,80,113.789807883238,111.79880480608701,1.8308090925904399,3.3243345900890002e-10,0,9.7861913000000005
g10_14,grid,variable_transverse,8.2703710840002795,42.169650342858198,90,97.571384592296297,95.257187000923807,2.1788725520772401,2.6096731387788298e-10,7.1054273576009993e-14,12.4395083
g10_14,grid,variable_transverse,8.2703710840002795,42.169650342858198,110,92.977521173445098,90.950294165432794,2.8857510052722701,4.4792044219786101e-10,2.8421709430404001e-14,14.898074899999999
g10_14,grid,variable_transverse,8.2703710840002795,42.169650342858198,120,85.314817198445496,81.921250144730905,3.3352648179289601,2.70931455173697e-10,0,17.081674899999999
g10_14,grid,variable_transverse,8.2703710840002795,42.169650342858198,130,78.909384978688706,75.483119013737394,3.4507259720236698,5.6497939138149401e-10,5.6843418860808002e-14,19.2733493
g10_14,grid,variable_transverse,8.2703710840002795,42.169650342858198,140,76.978115440826798,73.244803566591798,3.8609974506288198,1.13840836411621e-10,4.2632564145605999e-14,21.598089099999999
g10_15,grid,variable_transverse,8.2703710840002795,64.938163157621105,50,142.71540348812101,141.245897248924,0.58091025320450096,2.1583487881289699e-10,5.6843418860808002e-14,2.4188006
g10_15,grid,variable_transverse,8.2703710840002795,64.938163157621105,60,143.23481631861199,143.42186094953499,0.90210870856993897,1.0514447108352401e-10,2.8421709430404001e-14,5.0032294999999998
g10_15,grid,variable_transverse,8.2703710840002795,64.938163157621105,70,110.30370283648401,109.16872503717499,1.0857547904316001,6.9225568138199692e-11,4.2632564145605999e-14,7.2562123999999999
g10_15,grid,variable_transverse,8.2703710840002795,64.938163157621105,80,114.483699629233,112.927388862477,1.3947812110090501,3.4253394495128005e-10,0,9.6449096999999995
g10_15,grid,variable_transverse,8.2703710840002795,64.938163157621105,90,98.397334849440696,96.600921771835601,1.6606233288314201,1.40163129332435e-10,1.4210854715202001e-14,12.1758823
g10_15,grid,variable_transverse,8.2703710840002795,64.938163157621105,110,94.071383752033597,92.733720389083302,2.1994711755647001,4.3806605253911299e-10,1.4210854715202001e-14,14.7869256
g10_15,grid,variable_transverse,8.2703710840002795,64.938163157621105,120,86.578998924945196,83.977744328785604,2.54198470033224,1.9484549283142701e-10,2.8421709430404001e-14,17.394400900000001
g10_15,grid,variable_transverse,8.2703710840002795,64.938163157621105,130,80.216328384954906,77.613107758884198,2.6259337861551701,3.9682292102453299e-10,1.4210854715202001e-14,19.760300000000001
g10_15,grid,variable_transverse,8.2703710840002795,64.938163157621105,140,78.439188016729602,75.634641526261902,2.9330186113826699,1.8262900740052801e-10,0,21.8885571
g10_16,grid,variable_transverse,8.2703710840002795,100,50,142.932161491253,141.61552124592799,0.42863921050192499,1.1901927384047501e-10,0,2.5168851999999999
g10_16,grid,variable_transverse,8.2703710840002795,100,60,143.57166441018501,143.99481401812699,0.66665747256364605,9.6835904783379886e-11,2.8421709430404001e-14,4.7996651999999997
g10_16,grid,variable_transverse,8.2703710840002795,100,70,110.70916301917801,109.857900290103,0.80255205693647902,1.52626049214321e-10,1.4210854715202001e-14,6.9984468
g10_16,grid,variable_transverse,8.2703710840002795,100,80,115.004763814367,113.81039792040001,1.0318430504034799,3.8591957982801601e-10,0,9.2675315999999999
g10_16,grid,variable_transverse,8.2703710840002795,100,90,99.017890154662695,97.652470043191698,1.2292824839730201,1.4334857156948202e-10,0,11.696351699999999
g10_16,grid,variable_transverse,8.2703710840002795,100,110,94.893523950327804,94.128572399070904,1.6292271379880701,3.2215627019226602e-10,0,13.7977173
g10_16,grid,variable_transverse,8.2703710840002795,100,120,87.529290155398797,85.585739667028804,1.8835349685684299,2.4864702102241098e-10,4.2632564145605999e-14,16.088715000000001
g10_16,grid,variable_transverse,8.2703710840002795,100,130,81.197410729378106,79.275433434904897,1.94336122070016,4.8418021485522902e-10,4.2632564145605999e-14,18.346094999999998
g10_16,grid,variable_transverse,8.2703710840002795,100,140,79.534227409591296,77.495761382175104,2.1675035178731399,2.7365895122593299e-10,2.8421709430404001e-14,20.693715000000001
g11_00,grid,variable_transverse,12.861081668351501,0.10000000000000001,50,212.124062744658,210.38765294961601,0.14942553684228699,1.9763605024405497e-11,0,2.2986656000000001
g11_00,grid,variable_transverse,12.861081668351501,0.10000000000000001,60,209.256778428784,210.53382903034699,0.23148377066542,3.11294342493255e-11,5.6843418860808002e-14,4.7059110999999998
g11_00,grid,variable_transverse,12.861081668351501,0.10000000000000001,70,154.313676337961,153.87028701833,0.281403457875464,3.4754078180257595e-11,2.8421709430404001e-14,7.21549
g11_00,grid,variable_transverse,12.861081668351501,0.10000000000000001,80,155.85815468088899,155.26872838077301,0.36233380021784301,2.6154102134536097e-11,5.6843418860808002e-14,9.3160857999999998
g11_00,grid,variable_transverse,12.861081668351501,0.10000000000000001,90,126.51578486592,125.906396513201,0.43690441196367702,4.8166597306456e-11,1.4210854715202001e-14,11.6493634
g11_00,grid,variable_transverse,12.861081668351501,0.10000000000000001,110,111.257116210888,111.93405726052799,0.60146581664007503,5.0965585403165598e-11,4.2632564145605999e-14,13.996767999999999
g11_00,grid,variable_transverse,12.861081668351501,0.10000000000000001,120,93.003306129545294,92.222155162551104,0.71336353613271597,5.6875741983070094e-11,2.8421709430404001e-14,16.252005
g11_00,grid,variable_transverse,12.861081668351501,0.10000000000000001,130,80.884467504358099,80.171577293103596,0.77423484423270905,4.4310854947808893e-11,1.4210854715202001e-14,18.4800787
g11_00,grid,variable_transverse,12.861081668351501,0.10000000000000001,140,72.018770478130307,71.257951364159695,0.90688503099088402,7.0508717818963698e-11,0,20.6808561
g11_01,grid,variable_transverse,12.861081668351501,0.15399265260594899,50,212.20337433347899,210.39416239397499,0.22247325676420601,2.01186386242759e-11,2.8421709430404001e-14,2.6227779999999998
g11_01,grid,variable_transverse,12.861081668351501,0.15399265260594899,60,209.37967220604199,210.54372898580601,0.344795578378917,2.0485022826711098e-11,2.8421709430404001e-14,5.1128359000000003
g11_01,grid,variable_transverse,12.861081668351501,0.15399265260594899,70,154.463097331433,153.88201449788099,0.419284393895968,2.4510460471562599e-11,5.6843418860808002e-14,7.5589271
g11_01,grid,variable_transverse,12.861081668351501,0.15399265260594899,80,156.05056541062601,155.28315200061601,0.53996094004678796,3.5085916632837002e-11,5.6843418860808002e-14,10.1256079
g11_01,grid,variable_transverse,12.861081668351501,0.15399265260594899,90,126.747835038312,125.92394553243,0.65129971523017904,3.7734873174143197e-11,0,12.7643918
g11_01,grid,variable_transverse,12.861081668351501,0.15399265260594899,110,111.576626508334,111.959118214005,0.89691122752881103,5.5899944717781293e-11,1.4210854715202001e-14,15.218578300000001
g11_01,grid,variable_transverse,12.861081668351501,0.15399265260594899,120,93.382242303581805,92.250676860404297,1.06367103444196,4.5018034959895699e-11,4.2632564145605999e-14,17.794221100000001
g11_01,grid,variable_transverse,12.861081668351501,0.15399265260594899,130,81.295628875408596,80.202752664718005,1.1538090696404999,5.3094676973989396e-11,1.4210854715202001e-14,20.234282400000001
g11_01,grid,variable_transverse,12.861081668351501,0.15399265260594899,140,72.500229332079698,71.296165317674294,1.3506604405168501,5.1284828501430998e-11,1.4210854715202001e-14,22.548513700000001
g11_02,grid,variable_transverse,12.861081668351501,0.23713737056616599,50,212.32068338375399,210.407325086036,0.32698547017753299,3.0815319917299299e-11,1.13686837721616e-13,2.3714176
g11_02,grid,variable_transverse,12.861081668351501,0.23713737056616599,60,209.56152821351199,210.56383060943901,0.50702058065386502,2.22557952682582e-11,5.6843418860808002e-14,4.8386332999999997
g11_02,grid,variable_transverse,12.861081668351501,0.23713737056616599,70,154.68427833794499,153.90600998995299,0.61674708974039705,1.8940000370858697e-11,0,7.4927688000000003
g11_02,grid,variable_transverse,12.861081668351501,0.23713737056616599,80,156.335435488569,155.31303462084901,0.79441432499070097,3.4687914334760998e-11,5.6843418860808002e-14,9.8173481000000002
g11_02,grid,variable_transverse,12.861081668351501,0.23713737056616599,90,127.091500071768,125.960254106712,0.95849939361807601,3.2969844018012896e-11,7.1054273576009993e-14,12.2839192
g11_02,grid,variable_transverse,12.861081668351501,0.23713737056616599,110,112.04995342238,112.010593323922,1.3202459610877999,5.9697746145086293e-11,5.6843418860808002e-14,14.902084500000001
g11_02,grid,variable_transverse,12.861081668351501,0.23713737056616599,120,93.943510166297798,92.310118447917006,1.5653364883445799,6.6884764384776196e-11,2.8421709430404001e-14,17.413866599999999
g11_02,grid,variable_transverse,12.861081668351501,0.23713737056616599,130,81.904194760071604,80.268029284172599,1.6964857894002401,6.6164089152347006e-11,2.8421709430404001e-14,19.849870800000001
g11_02,grid,variable_transverse,12.861081668351501,0.23713737056616599,140,73.212286145918199,71.375625093019295,1.9840351082179499,6.3190294907992493e-11,1.4210854715202001e-14,22.413988199999999
g11_03,grid,variable_transverse,12.861081668351501,0.365174127254838,50,212.49163354941501,210.433191329837,0.47260727256346202,2.9878259056655495e-11,0,10.326544500000001
g11_03,grid,variable_transverse,12.861081668351501,0.365174127254838,60,209.82667151608899,210.603501273738,0.73317776563442905,2.5505545165863298e-11,2.8421709430404001e-14,14.9367988
g11_03,grid,variable_transverse,12.861081668351501,0.365174127254838,70,155.00684364685799,153.953682990906,0.89204254485321199,2.8973392154966999e-11,0,17.034281499999999
g11_03,grid,variable_transverse,12.861081668351501,0.365174127254838,80,156.750966380622,155.372962989081,1.1492369784694001,4.5878650465129194e-11,5.6843418860808002e-14,19.3180373
g11_03,grid,variable_transverse,12.861081668351501,0.365174127254838,90,127.59290832385101,126.033104010172,1.3868292362844299,2.5056699145542002e-11,8.5265128291211997e-14,21.6480967
g11_03,grid,variable_transverse,12.861081668351501,0.365174127254838,110,112.740591888114,112.11357870056101,1.9100770657147901,7.0727340261992295e-11,1.4210854715202001e-14,23.852743100000001
g11_03,grid,variable_transverse,12.861081668351501,0.365174127254838,120,94.762165785737807,92.430323494623707,2.26354628684892,5.4911488222790293e-11,1.4210854715202001e-14,26.087653299999999
g11_03,grid,variable_transverse,12.861081668351501,0.365174127254838,130,82.790829793045503,80.400465255106795,2.44978545725583,9.2671692238498488e-11,1.4210854715202001e-14,28.131438299999999
g11_03,grid,variable_transverse,12.861081668351501,0.365174127254838,140,74.2484661559795,71.536022957850307,2.86093336440132,6.0986091858900688e-11,1.4210854715202001e-14,30.284827799999999
g11_04,grid,variable_transverse,12.861081668351501,0.56234132519034896,50,212.736022952496,210.482422296941,0.66854291410576805,3.4333750636975296e-11,5.6843418860808002e-14,2.2675055
g11_04,grid,variable_transverse,12.861081668351501,0.56234132519034896,60,210.20588770062,210.67931790159901,1.0375500148077299,2.3224006729978797e-11,2.8421709430404001e-14,5.2283574000000002
g11_04,grid,variable_transverse,12.861081668351501,0.56234132519034896,70,155.468242566675,154.04530924879299,1.2623885132343799,2.9773867849773895e-11,8.5265128291211997e-14,17.2310634
g11_04,grid,variable_transverse,12.861081668351501,0.56234132519034896,80,157.34544214485999,155.48898722915399,1.6265735986938501,6.1341082788767091e-11,0,19.319978200000001
g11_04,grid,variable_transverse,12.861081668351501,0.56234132519034896,90,128.310267108804,126.17431078934,1.9626551112261701,3.1820407146660004e-11,2.8421709430404001e-14,21.561048
g11_04,grid,variable_transverse,12.861081668351501,0.56234132519034896,110,113.728339531,112.313063276864,2.7014824406511,7.0266358798691192e-11,7.1054273576009993e-14,23.844035699999999
g11_04,grid,variable_transverse,12.861081668351501,0.56234132519034896,120,95.9322029355626,92.664945927978096,3.19860235644374,5.2774910789001697e-11,5.6843418860808002e-14,26.155640900000002
g11_04,grid,variable_transverse,12.861081668351501,0.56234132519034896,130,84.055829301487293,80.659339804459293,3.4546125361398898,1.0506200661122001e-10,2.8421709430404001e-14,28.372372599999998
g11_04,grid,variable_transverse,12.861081668351501,0.56234132519034896,140,75.724263166400306,71.848121152663197,4.0261892557520698,4.8747039698435698e-11,1.4210854715202001e-14,30.555988800000002
g11_05,grid,variable_transverse,12.861081668351501,0.86596432336006501,50,213.076962604013,210.57280087632401,0.92020197386121405,4.5275805868979496e-11,5.6843418860808002e-14,2.3304331999999999
g11_05,grid,variable_transverse,12.861081668351501,0.86596432336006501,60,210.73507806186501,210.81899648877999,1.4284024282513701,2.8634223914413597e-11,5.6843418860808002e-14,4.6779503
g11_05,grid,variable_transverse,12.861081668351501,0.86596432336006501,70,156.11202944415999,154.21484351996301,1.7374326575368999,2.7570464909639696e-11,2.8421709430404001e-14,7.1877377999999998
g11_05,grid,variable_transverse,12.861081668351501,0.86596432336006501,80,158.17496339746799,155.70488475347901,2.23864645925882,9.2457367456116898e-11,0,9.4936685000000001
g11_05,grid,variable_transverse,12.861081668351501,0.86596432336006501,90,129.31096689806699,126.437312744984,2.69989960105366,5.4558118371711292e-11,0,11.464305299999999
g11_05,grid,variable_transverse,12.861081668351501,0.86596432336006501,110,115.104822531746,112.684466897322,3.71099152657214,1.0869942206352001e-10,2.8421709430404001e-14,13.4685407
g11_05,grid,variable_transverse,12.861081668351501,0.86596432336006501,120,97.560870038582294,93.103899661335205,4.3877862118503499,7.4544828043833997e-11,1.4210854715202001e-14,15.4488957
g11_05,grid,variable_transverse,12.861081668351501,0.86596432336006501,130,85.812303008588501,81.1433114172671,4.7252842925537797,1.2628098821558501e-10,2.8421709430404001e-14,17.3177597
g11_05,grid,variable_transverse,12.861081668351501,0.86596432336006501,140,77.768525837279697,72.428642861319304,5.4920238378356503,1.00669582196435e-10,1.4210854715202001e-14,19.218522499999999
g11_06,grid,variable_transverse,12.861081668351501,1.33352143216332,50,213.53813129899601,210.731950196024,1.2237275999970501,3.3340205981099098e-11,0,2.1116505999999999
g11_06,grid,variable_transverse,12.861081668351501,1.33352143216332,60,211.45093115866399,211.06558622288799,1.8994442630999,5.3837094064750898e-11,5.6843418860808002e-14,4.2835637999999996
g11_06,grid,variable_transverse,12.861081668351501,1.33352143216332,70,156.982477202003,154.514947235199,2.3088293173404901,6.1634924343401792e-11,5.6843418860808002e-14,6.7168314999999996
g11_06,grid,variable_transverse,12.861081668351501,1.33352143216332,80,159.296413623907,156.08865411310899,2.9742427070626398,4.7651208263367797e-11,8.5265128291211997e-14,9.0495889999999992
g11_06,grid,variable_transverse,12.861081668351501,1.33352143216332,90,130.66287050915099,126.90481566288101,3.5836901388979401,9.591521098777149e-11,8.5265128291211997e-14,11.514579599999999
g11_06,grid,variable_transverse,12.861081668351501,1.33352143216332,110,116.96082298112501,113.343625191782,4.91389397856332,1.1992830215324199e-10,0,13.598322899999999
g11_06,grid,variable_transverse,12.861081668351501,1.33352143216332,120,99.753191583151605,93.884710126280098,5.7985286478873004,1.2571415855568601e-10,0,15.610984999999999
g11_06,grid,variable_transverse,12.861081668351501,1.33352143216332,130,88.168776589635996,82.001488758473897,6.2210763664013999,7.5724714906934193e-11,2.8421709430404001e-14,17.536760900000001
g11_06,grid,variable_transverse,12.861081668351501,1.33352143216332,140,80.502585331409605,73.451806426092801,7.20560870331395,1.1732404103051401e-10,1.4210854715202001e-14,19.5184824
g11_07,grid,variable_transverse,12.861081668351501,2.0535250264571498,50,214.13831894563,210.998626750602,1.559227616694,6.3090084929434194e-11,8.5265128291211997e-14,1.8608714
g11_07,grid,variable_transverse,12.861081668351501,2.0535250264571498,60,212.38238931934501,211.47934148425401,2.4193997756381198,3.9698563132511698e-11,2.8421709430404001e-14,3.7246703000000001
g11_07,grid,variable_transverse,12.861081668351501,2.0535250264571498,70,158.11410245268499,155.01900137079301,2.9377375125731402,7.628991809241689e-11,5.6843418860808002e-14,5.5659041
g11_07,grid,variable_transverse,12.861081668351501,2.0535250264571498,80,160.753861214594,156.73498043887301,3.7826769282108001,1.2644474118052901e-10,2.8421709430404001e-14,7.3821056
g11_07,grid,variable_transverse,12.861081668351501,2.0535250264571498,90,132.41774592955201,127.691192387711,4.5513989602628699,1.2182399313227e-10,2.8421709430404001e-14,9.2517657
g11_07,grid,variable_transverse,12.861081668351501,2.0535250264571498,110,119.362961714023,114.44836822323199,6.2192671929208299,1.34766970744567e-10,0,11.083320499999999
g11_07,grid,variable_transverse,12.861081668351501,2.0535250264571498,120,102.584098702204,95.193171975261905,7.3198907315944703,1.8300107930674101e-10,5.6843418860808002e-14,12.966135
g11_07,grid,variable_transverse,12.861081668351501,2.0535250264571498,130,91.198991752974905,83.431791938185597,7.8176941982051602,1.6743524457006699e-10,2.8421709430404001e-14,14.901478600000001
g11_07,grid,variable_transverse,12.861081668351501,2.0535250264571498,140,84.005115071110595,75.145044525713601,9.0181709557110601,1.7229231397202401e-10,1.4210854715202001e-14,17.016125800000001
g11_08,grid,variable_transverse,12.861081668351501,3.16227766016838,50,214.883346657212,211.419116737319,1.886267342767,5.1625542375439294e-11,2.8421709430404001e-14,1.8388153
g11_08,grid,variable_transverse,12.861081668351501,3.16227766016838,60,213.53811350181499,212.13191153217801,2.9252565701929401,6.0926075393800494e-11,2.8421709430404001e-14,3.7143728
g11_08,grid,variable_transverse,12.861081668351501,3.16227766016838,70,159.516465531752,155.81363299711199,3.5470780585561199,8.683075984256319e-11,2.8421709430404001e-14,5.6165139000000002
g11_08,grid,variable_transverse,12.861081668351501,3.16227766016838,80,162.55895915304299,157.75531419333001,4.5641466708389702,1.09998230683004e-10,2.8421709430404001e-14,7.4149421999999996
g11_08,grid,variable_transverse,12.861081668351501,3.16227766016838,90,134.58775016885099,128.929659444046,5.4819600048158996,8.5483845619778995e-11,2.8421709430404001e-14,9.2894149000000006
g11_08,grid,variable_transverse,12.861081668351501,3.16227766016838,110,122.321701066773,116.178148846271,7.45822789438526,1.1485626026506701e-10,0,11.1358751
g11_08,grid,variable_transverse,12.861081668351501,3.16227766016838,120,106.061017366626,97.237555075634404,8.7509672470962592,1.3437690094949801e-10,2.8421709430404001e-14,13.031091
g11_08,grid,variable_transverse,12.861081668351501,3.16227766016838,130,94.902773236135801,85.650480130243395,9.2986622689089593,2.0269907562457701e-10,2.8421709430404001e-14,14.856438900000001
g11_08,grid,variable_transverse,12.861081668351501,3.16227766016838,140,88.267914156102293,77.751169436311201,10.678584881895,2.08124369332218e-10,1.4210854715202001e-14,16.692186400000001
g11_09,grid,variable_transverse,12.861081668351501,4.8696752516586299,50,215.75764075710299,212.034774254388,2.1478712110498801,5.0376448598391596e-11,0,1.9870326
g11_09,grid,variable_transverse,12.861081668351501,4.8696752516586299,60,214.893535329325,213.08686681793699,3.3287729222042302,1.03533316845032e-10,0,4.0437564000000004
g11_09,grid,variable_transverse,12.861081668351501,4.8696752516586299,70,161.15870384502199,156.97475962050899,4.0300110694291797,1.38576646241452e-10,5.6843418860808002e-14,6.2053748999999998
g11_09,grid,variable_transverse,12.861081668351501,4.8696752516586299,80,164.67118728310101,159.24673408711399,5.1811433714949002,1.8208304892704601e-10,5.6843418860808002e-14,8.3213474000000005
g11_09,grid,variable_transverse,12.861081668351501,4.8696752516586299,90,137.12219256579499,130.734190426514,6.2107289902365403,1.63796631843141e-10,0,10.2515857
g11_09,grid,variable_transverse,12.861081668351501,4.8696752516586299,110,125.761228774987,118.679758565282,8.4079657921790893,1.75241389398557e-10,2.8421709430404001e-14,12.2525753
g11_09,grid,variable_transverse,12.861081668351501,4.8696752516586299,120,110.08979385260101,100.18359562879,9.8318529994838393,2.16326173445111e-10,5.6843418860808002e-14,14.301361500000001
g11_09,grid,variable_transverse,12.861081668351501,4.8696752516586299,130,99.172179174224496,88.821614220016997,10.392063376619101,1.5248629563871901e-10,2.8421709430404001e-14,16.132815099999998
g11_09,grid,variable_transverse,12.861081668351501,4.8696752516586299,140,93.159327354655204,81.446258139676402,11.8789075612681,2.1318864885180501e-10,0,17.944179399999999
g11_10,grid,variable_transverse,12.861081668351501,7.4989420933245601,50,216.72024916370501,212.86135699528799,2.2871859778007302,1.14620282310381e-10,0,2.0667124000000001
g11_10,grid,variable_transverse,12.861081668351501,7.4989420933245601,60,216.38489604760201,214.367797486016,3.5424231488639402,1.5375069841667901e-10,2.8421709430404001e-14,4.1716921999999999
g11_10,grid,variable_transverse,12.861081668351501,7.4989420933245601,70,162.96274618725499,158.52904986748899,4.2816919479021598,1.3161224582864301e-10,5.6843418860808002e-14,6.1958913999999998
g11_10,grid,variable_transverse,12.861081668351501,7.4989420933245601,80,166.989459955136,161.242374036276,5.4996415464314996,2.55105829216106e-10,0,8.2625008999999991
g11_10,grid,variable_transverse,12.861081668351501,7.4989420933245601,90,139.89833956287401,133.14037590341599,6.5794333695035503,1.38379384623262e-10,0,10.402584900000001
g11_10,grid,variable_transverse,12.861081668351501,7.4989420933245601,110,129.50979808698301,121.987781056852,8.8615648273611605,2.5908157453741401e-10,0,12.4281866
g11_10,grid,variable_transverse,12.861081668351501,7.4989420933245601,120,114.465547522817,104.062356919408,10.326662805646199,1.8004720734523901e-10,2.8421709430404001e-14,14.5433004
g11_10,grid,variable_transverse,12.861081668351501,7.4989420933245601,130,103.785189106272,92.9621080827893,10.859197999690499,3.5519966581396101e-10,0,16.431638100000001
g11_10,grid,variable_transverse,12.861081668351501,7.4989420933245601,140,98.420168302969302,86.2335426411112,12.356449715704599,2.4301471633572002e-10,1.4210854715202001e-14,18.426400900000001
g11_11,grid,variable_transverse,12.861081668351501,11.547819846894599,50,217.710017364408,213.87040174691401,2.2713005314339001,9.0962484308153395e-11,8.5265128291211997e-14,1.8631420000000001
g11_11,grid,variable_transverse,12.861081668351501,11.547819846894599,60,217.91745579183501,215.929885406838,3.5160700433287801,9.8936278732163287e-11,0,3.8985273
g11_11,grid,variable_transverse,12.861081668351501,11.547819846894599,70,164.81369476303701,160.420258793551,4.2433387334166301,1.2172541215733e-10,2.8421709430404001e-14,5.7265008000000002
g11_11,grid,variable_transverse,12.861081668351501,11.547819846894599,80,169.36585539784099,163.66864029129599,5.4455803863024297,1.2258283406404601e-10,0,7.5048943000000001
g11_11,grid,variable_transverse,12.861081668351501,11.547819846894599,90,142.73869567294699,136.05582222954601,6.50304854835582,1.3678990537767199e-10,2.8421709430404001e-14,9.5077975000000006
g11_11,grid,variable_transverse,12.861081668351501,11.547819846894599,110,133.32594504141301,125.962642734122,8.7162536566110909,2.0567117240255701e-10,2.8421709430404001e-14,11.458439500000001
g11_11,grid,variable_transverse,12.861081668351501,11.547819846894599,120,118.905369473645,108.7017465987,10.124715664732101,1.4152516893661299e-10,2.8421709430404001e-14,13.5193215
g11_11,grid,variable_transverse,12.861081668351501,11.547819846894599,130,108.44290017177499,97.876201108685805,10.597274257801701,2.8211204082783001e-10,1.4210854715202001e-14,15.416520800000001
g11_11,grid,variable_transverse,12.861081668351501,11.547819846894599,140,103.70872006338,91.8748726793049,12.007379793854,3.0356168127029198e-10,4.2632564145605999e-14,17.488889700000001
g11_12,grid,variable_transverse,12.861081668351501,17.7827941003892,50,218.65990306543901,214.98788318280799,2.1069575431120899,1.09129117658749e-10,0,1.7879597
g11_12,grid,variable_transverse,12.861081668351501,17.7827941003892,60,219.38770274404499,217.65827873072701,3.2608528175210298,2.04680517157597e-10,2.8421709430404001e-14,3.6304002
g11_12,grid,variable_transverse,12.861081668351501,17.7827941003892,70,166.586868443702,162.50831656747499,3.9302188300941299,1.7563265351082799e-10,2.8421709430404001e-14,5.5238987000000002
g11_12,grid,variable_transverse,12.861081668351501,17.7827941003892,80,171.64056387197101,166.34483282379301,5.0401266864129903,2.2845090795779999e-10,0,7.4067509999999999
g11_12,grid,variable_transverse,12.861081668351501,17.7827941003892,90,145.45309432012701,139.26185013688001,6.01017283086974,1.5808498886658002e-10,0,9.2646130000000007
g11_12,grid,variable_transverse,12.861081668351501,17.7827941003892,110,136.956394600702,130.30009855295901,8.02205343798766,3.2105594777187102e-10,0,11.109931899999999
g11_12,grid,variable_transverse,12.861081668351501,17.7827941003892,120,123.116562739885,113.742437995374,9.2928213016798509,2.50795758785833e-10,2.8421709430404001e-14,13.081357000000001
g11_12,grid,variable_transverse,12.861081668351501,17.7827941003892,130,112.841699647895,103.179234941416,9.6877171194018104,4.1924106922027598e-10,4.2632564145605999e-14,15.090843100000001
g11_12,grid,variable_transverse,12.861081668351501,17.7827941003892,140,108.683393590848,97.924567594326504,10.935595660726401,3.1840684064591802e-10,1.4210854715202001e-14,17.150288
g11_13,grid,variable_transverse,12.861081668351501,27.384196342643602,50,219.51392930521999,216.11555544624801,1.8362294018417999,1.0151611741361001e-10,2.8421709430404001e-14,2.0886838000000001
g11_13,grid,variable_transverse,12.861081668351501,27.384196342643602,60,220.70946542217001,219.40129908458201,2.8421375101656898,1.15879680765084e-10,5.6843418860808002e-14,4.1521856000000001
g11_13,grid,variable_transverse,12.861081668351501,27.384196342643602,70,168.17915052097601,164.610122536202,3.4222307998674402,1.32161411076803e-10,8.5265128291211997e-14,6.0921868999999997
g11_13,grid,variable_transverse,12.861081668351501,27.384196342643602,80,173.682019364328,169.036123392711,4.3867617090315703,1.24721615502794e-10,5.6843418860808002e-14,8.1864135999999998
g11_13,grid,variable_transverse,12.861081668351501,27.384196342643602,90,147.88619811221599,142.478029575384,5.22597192745567,1.5497392368334601e-10,2.8421709430404001e-14,10.5136719
g11_13,grid,variable_transverse,12.861081668351501,27.384196342643602,110,140.198632105114,134.62263043962301,6.9532062642170196,2.5299686651178398e-10,2.8421709430404001e-14,12.465069099999999
g11_13,grid,variable_transverse,12.861081668351501,27.384196342643602,120,126.86836366992701,118.746890312834,8.0379286998085497,2.19993759396122e-10,2.8421709430404001e-14,14.5490356
g11_13,grid,variable_transverse,12.861081668351501,27.384196342643602,130,116.74647686776601,108.41471141023401,8.3522245918981195,3.3398968615228901e-10,5.6843418860808002e-14,16.4158671
g11_13,grid,variable_transverse,12.861081668351501,27.384196342643602,140,113.084077100681,103.865501734783,9.3980206683414007,2.2384265970672801e-10,2.8421709430404001e-14,18.425358800000001
g11_14,grid,variable_transverse,12.861081668351501,42.169650342858198,50,220.23835317081901,217.16263040182201,1.51604773197376,1.14950772251798e-10,1.7053025658242399e-13,1.9385163999999999
g11_14,grid,variable_transverse,12.861081668351501,42.169650342858198,60,221.830974536664,221.019281303036,2.3477565447878601,2.23321162580497e-10,8.5265128291211997e-14,4.0272895999999996
g11_14,grid,variable_transverse,12.861081668351501,42.169650342858198,70,169.52913349429201,166.55834236024199,2.8252630983964,2.4208471187403899e-10,2.8421709430404001e-14,6.0727909000000002
g11_14,grid,variable_transverse,12.861081668351501,42.169650342858198,80,175.41236849109401,171.528986711719,3.6212806539830198,1.97463183191397e-10,2.8421709430404001e-14,8.0519765999999997
g11_14,grid,variable_transverse,12.861081668351501,42.169650342858198,90,149.94702933894499,145.45178905798701,4.3120856348834602,3.4030009789206502e-10,2.8421709430404001e-14,10.0100704
g11_14,grid,variable_transverse,12.861081668351501,42.169650342858198,110,142.93764409836601,138.59879516660601,5.7257155272424702,3.6162085938280699e-10,2.8421709430404001e-14,12.281999799999999
g11_14,grid,variable_transverse,12.861081668351501,42.169650342858198,120,130.03243663134199,123.33677014941701,6.6101555891154904,5.3047487814187199e-10,5.6843418860808002e-14,14.4229102
g11_14,grid,variable_transverse,12.861081668351501,42.169650342858198,130,120.030022001646,113.195350380715,6.8510488707476602,2.3376628369575399e-10,0,16.3479989
g11_14,grid,variable_transverse,12.861081668351501,42.169650342858198,140,116.773900521211,109.266836000076,7.6886257834008997,5.3530057084522003e-10,2.8421709430404001e-14,18.381407599999999
g11_15,grid,variable_transverse,12.861081668351501,64.938163157621105,50,220.82319821564701,218.06884439231899,1.19667040472266,1.6989780707425501e-10,5.6843418860808002e-14,1.8644115000000001
g11_15,grid,variable_transverse,12.861081668351501,64.938163157621105,60,222.737042790141,222.41985641612101,1.8548953987968599,1.2274641496440101e-10,1.13686837721616e-13,3.8290611000000001
g11_15,grid,variable_transverse,12.861081668351501,64.938163157621105,70,170.61933056361801,168.24318123805199,2.23162593180471,1.6931220403728601e-10,5.6843418860808002e-14,5.7103834999999998
g11_15,grid,variable_transverse,12.861081668351501,64.938163157621105,80,176.80989479050899,173.68413925894299,2.8612782208477299,2.5647541898290802e-10,2.8421709430404001e-14,7.5831549000000003
g11_15,grid,variable_transverse,12.861081668351501,64.938163157621105,90,151.611109566718,148.019998380315,3.4071814763830801,2.0841878540474501e-10,8.5265128291211997e-14,9.6189687999999993
g11_15,grid,variable_transverse,12.861081668351501,64.938163157621105,110,145.146122656871,142.02063504845501,4.5201354864578303,2.8700247288686601e-10,2.8421709430404001e-14,11.5511038
g11_15,grid,variable_transverse,12.861081668351501,64.938163157621105,120,132.581158280267,127.278886800286,5.21512311720962,2.61178272785612e-10,5.6843418860808002e-14,13.3997177
g11_15,grid,variable_transverse,12.861081668351501,64.938163157621105,130,122.66899866617899,117.287597044379,5.3944591577547598,3.5472509848591699e-10,5.6843418860808002e-14,15.1445495
g11_15,grid,variable_transverse,12.861081668351501,64.938163157621105,140,119.732351416725,113.874535361277,6.0409930885255996,2.57016683630573e-10,4.2632564145605999e-14,16.967335200000001
g11_16,grid,variable_transverse,12.861081668351501,100,50,221.27651624340101,218.80982671530199,0.91055111921010401,1.6378223883651601e-10,1.13686837721616e-13,1.9544174999999999
g11_16,grid,variable_transverse,12.861081668351501,100,60,223.440120142269,223.56586797993501,1.4132080465474,1.5209349294613e-10,5.6843418860808002e-14,3.9563068000000001
g11_16,grid,variable_transverse,12.861081668351501,100,70,171.46520478746501,169.62114127907299,1.7003081944256899,1.20171471446483e-10,5.6843418860808002e-14,5.8805027000000001
g11_16,grid,variable_transverse,12.861081668351501,100,80,177.89473771725699,175.446990345789,2.1814421730033602,2.07211622242814e-10,1.13686837721616e-13,7.7775942999999996
g11_16,grid,variable_transverse,12.861081668351501,100,90,152.90313927180699,150.119950451249,2.5986586467987198,2.4415696135047199e-10,2.8421709430404001e-14,9.6563856999999995
g11_16,grid,variable_transverse,12.861081668351501,100,110,146.86010534509001,144.81318393520101,3.44760523115337,4.4109010625638899e-10,0,11.5709275
g11_16,grid,variable_transverse,12.861081668351501,100,120,134.55854133440801,130.49262529654601,3.97745899916865,4.5114220474864303e-10,2.8421709430404001e-14,13.596995
g11_16,grid,variable_transverse,12.861081668351501,100,130,124.712804584266,120.61539157327201,4.1078691217065897,5.9728737960672403e-10,0,15.4547592
g11_16,grid,variable_transverse,12.861081668351501,100,140,122.019128365063,117.611369000525,4.5921354785861404,2.9604183326563102e-10,1.4210854715202001e-14,17.284277599999999
g12_00,grid,variable_transverse,20,0.10000000000000001,50,328.634816343328,325.74061754098,0.153345459186706,1.5069033238334697e-11,0,1.7990868
g12_00,grid,variable_transverse,20,0.10000000000000001,60,326.27389325874401,328.197079333847,0.237375293691722,2.2156361501212799e-11,1.13686837721616e-13,3.6090659999999999
g12_00,grid,variable_transverse,20,0.10000000000000001,70,239.68351962764299,239.06899116256201,0.28831166105557099,3.1588807922796294e-11,5.6843418860808002e-14,5.4687327000000003
g12_00,grid,variable_transverse,20,0.10000000000000001,80,242.01117705991399,241.284881939911,0.37071492498825698,3.8725659429397398e-11,1.13686837721616e-13,7.3407207999999997
g12_00,grid,variable_transverse,20,0.10000000000000001,90,196.384908229958,195.69780507245699,0.447134322532662,2.6294756418915898e-11,5.6843418860808002e-14,9.2315301999999999
g12_00,grid,variable_transverse,20,0.10000000000000001,110,173.566146135688,174.99337977374,0.61636008408755205,3.6709600250036004e-11,5.6843418860808002e-14,11.124488100000001
g12_00,grid,variable_transverse,20,0.10000000000000001,120,144.18029682483501,143.34415500484499,0.72989663497491797,5.2955596029215497e-11,2.8421709430404001e-14,12.9950256
g12_00,grid,variable_transverse,20,0.10000000000000001,130,125.37984297915099,124.640629579589,0.79217951405521303,3.4775598788627695e-11,5.6843418860808002e-14,14.7934047
g12_00,grid,variable_transverse,20,0.10000000000000001,140,111.581307110076,110.859514060002,0.92912086669267602,4.5073081821248494e-11,0,16.697041599999999
g12_01,grid,variable_transverse,20,0.15399265260594899,50,328.71662307617902,325.74547384155898,0.23059701770691199,2.3460699948078599e-11,1.13686837721616e-13,1.7712920000000001
g12_01,grid,variable_transverse,20,0.15399265260594899,60,326.400550333127,328.204325782301,0.35708053103215198,2.2689859842560599e-11,5.6843418860808002e-14,3.5829645000000001
g12_01,grid,variable_transverse,20,0.15399265260594899,70,239.83737684126399,239.07748597637399,0.43382259446279098,2.6105209227343397e-11,1.13686837721616e-13,5.4368328999999997
g12_01,grid,variable_transverse,20,0.15399265260594899,80,242.20902163466201,241.29523806009001,0.55788663246111803,3.8913320269054894e-11,5.6843418860808002e-14,7.2237783999999996
g12_01,grid,variable_transverse,20,0.15399265260594899,90,196.623573517366,195.71042342370899,0.67308971302453102,3.1612479296502694e-11,1.13686837721616e-13,9.1533707999999994
g12_01,grid,variable_transverse,20,0.15399265260594899,110,173.89519629587099,175.01181379441999,0.92814339953293001,4.4155160956075893e-11,2.8421709430404001e-14,11.060811599999999
g12_01,grid,variable_transverse,20,0.15399265260594899,120,144.56995482324601,143.36455189239101,1.0990787788452601,5.5352243368195394e-11,0,12.9467342
g12_01,grid,variable_transverse,20,0.15399265260594899,130,125.802683581438,124.662755003447,1.1924786043045701,4.4259428308873096e-11,0,14.760260799999999
g12_01,grid,variable_transverse,20,0.15399265260594899,140,112.077145821117,110.886912271762,1.39806923195096,6.70963173684072e-11,1.4210854715202001e-14,16.6927643
g12_02,grid,variable_transverse,20,0.23713737056616599,50,328.83903502262302,325.75551952982801,0.34341633382178899,1.4997815644338399e-11,1.13686837721616e-13,1.9209726
g12_02,grid,variable_transverse,20,0.23713737056616599,60,326.59014738918899,328.21943810328702,0.53200685683034199,2.4106107729134497e-11,0,3.7814603
g12_02,grid,variable_transverse,20,0.23713737056616599,70,240.06775959171199,239.09536594204701,0.64654772863594101,2.9781076284712594e-11,2.8421709430404001e-14,5.6527134999999999
g12_02,grid,variable_transverse,20,0.23713737056616599,80,242.505314628191,241.317355422101,0.83158665660822795,3.5871861759428003e-11,5.6843418860808002e-14,7.4614301000000003
g12_02,grid,variable_transverse,20,0.23713737056616599,90,196.981112800392,195.73727921422201,1.0036359919172899,3.2571300236195199e-11,5.6843418860808002e-14,9.5089655999999998
g12_02,grid,variable_transverse,20,0.23713737056616599,110,174.38830861424199,175.05041230705899,1.3844125324530101,4.7396318423633196e-11,2.8421709430404001e-14,11.4493145
g12_02,grid,variable_transverse,20,0.23713737056616599,120,145.153856488108,143.408201346997,1.63921152912616,5.5958835587760092e-11,2.8421709430404001e-14,13.4894579
g12_02,grid,variable_transverse,20,0.23713737056616599,130,126.436038500911,124.710404307852,1.77755930802149,5.6407623144275001e-11,2.8421709430404001e-14,15.3892328
g12_02,grid,variable_transverse,20,0.23713737056616599,140,112.819469927342,110.94531312285601,2.0827487571828001,5.7559561416414596e-11,4.2632564145605999e-14,17.471569500000001
g12_03,grid,variable_transverse,20,0.365174127254838,50,329.02014854447998,325.77580617564502,0.50491809160239198,2.16943754436488e-11,1.13686837721616e-13,1.8030075000000001
g12_03,grid,variable_transverse,20,0.365174127254838,60,326.87079187132701,328.25017036155998,0.78257279574274996,1.7998594031466599e-11,1.7053025658242399e-13,3.7315092999999999
g12_03,grid,variable_transverse,20,0.365174127254838,70,240.40888426578701,239.13201119346201,0.951355961457368,3.0360438982101596e-11,1.13686837721616e-13,5.6384775999999999
g12_03,grid,variable_transverse,20,0.365174127254838,80,242.94411310768299,241.363162941284,1.22387164703221,3.2752918818417003e-11,2.8421709430404001e-14,7.4669466
g12_03,grid,variable_transverse,20,0.365174127254838,90,197.51078172799001,195.792864776936,1.4775161776746499,3.7995642305001799e-11,1.13686837721616e-13,9.3027926000000001
g12_03,grid,variable_transverse,20,0.365174127254838,110,175.119033145559,175.12961293670301,2.0385496724248702,6.0446654043190889e-11,5.6843418860808002e-14,11.162675200000001
g12_03,grid,variable_transverse,20,0.365174127254838,120,146.018969632004,143.499202141588,2.4131434242087701,6.9703410351480396e-11,8.5265128291211997e-14,13.2258797
g12_03,grid,variable_transverse,20,0.365174127254838,130,127.37376204855001,124.81023654121,2.61452134281061,7.2292189357238492e-11,2.8421709430404001e-14,15.121765099999999
g12_03,grid,variable_transverse,20,0.365174127254838,140,113.917676129019,111.066860512848,3.0605171652339398,5.4190559717636097e-11,1.4210854715202001e-14,17.148203899999999
g12_04,grid,variable_transverse,20,0.56234132519034896,50,329.28418273603398,325.81564537623802,0.73010507539814895,1.9417471827664497e-11,0,1.9472472999999999
g12_04,grid,variable_transverse,20,0.56234132519034896,60,327.28012239723398,328.310902557117,1.1321221913549899,2.7353084404420002e-11,2.8421709430403997e-13,3.8318861000000002
g12_04,grid,variable_transverse,20,0.56234132519034896,70,240.90656290257701,239.204920651115,1.3766032406228299,2.6787400799221297e-11,1.13686837721616e-13,5.6660642000000001
g12_04,grid,variable_transverse,20,0.56234132519034896,80,243.584419641479,241.45503166519299,1.77127802782832,4.8294685996232495e-11,5.6843418860808002e-14,7.5059051999999999
g12_04,grid,variable_transverse,20,0.56234132519034896,90,198.28386948888601,195.90445277284201,2.1387200158264101,4.1097040255453002e-11,1.13686837721616e-13,9.3731372999999998
g12_04,grid,variable_transverse,20,0.56234132519034896,110,176.18567425263299,175.28800056714701,2.9506407333554399,5.8013564440684999e-11,8.5265128291211997e-14,11.1570155
g12_04,grid,variable_transverse,20,0.56234132519034896,120,147.28130884674499,143.68332681058101,3.4910852907724799,4.5986295791740493e-11,0,13.122605099999999
g12_04,grid,variable_transverse,20,0.56234132519034896,130,128.74051250640699,125.012930141279,3.7772144127346499,8.1316272614795389e-11,8.5265128291211997e-14,15.208885199999999
g12_04,grid,variable_transverse,20,0.56234132519034896,140,115.516442548469,111.312454277306,4.4152846427772197,8.323220274873959e-11,2.8421709430404001e-14,17.5575942
g12_05,grid,variable_transverse,20,0.86596432336006501,50,329.66183515658997,325.89145659604401,1.0333791475959899,3.0551755380187001e-11,0,1.9763428999999999
g12_05,grid,variable_transverse,20,0.86596432336006501,60,327.86584317090501,328.42711672829103,1.6029802745964701,2.3560415680682297e-11,0,3.9647866
g12_05,grid,variable_transverse,20,0.86596432336006501,70,241.61879573514099,239.345235883306,1.94920025061521,4.2242348424839897e-11,2.8421709430404001e-14,5.8626832999999996
g12_05,grid,variable_transverse,20,0.86596432336006501,80,244.50092505676199,241.63295358654099,2.5083861243327301,5.3473912918471096e-11,1.13686837721616e-13,7.6811930000000004
g12_05,grid,variable_transverse,20,0.86596432336006501,90,199.390474391358,196.120899239088,3.0284566581632402,4.8640781633488296e-11,8.5265128291211997e-14,9.5711998000000005
g12_05,grid,variable_transverse,20,0.86596432336006501,110,177.71198462107401,175.59481411088299,4.1756722431089797,6.0051062494414093e-11,2.8421709430404001e-14,11.403128799999999
g12_05,grid,variable_transverse,20,0.86596432336006501,120,149.08640284381099,144.04297573410901,4.9361180504117197,6.5581888814439006e-11,5.6843418860808002e-14,13.269356999999999
g12_05,grid,variable_transverse,20,0.86596432336006501,130,130.69155637388999,125.409493293409,5.3297283849934596,6.7489713911225691e-11,0,15.091215500000001
g12_05,grid,variable_transverse,20,0.86596432336006501,140,117.794753241283,111.790837707679,6.2174413607498202,9.0340358839672095e-11,1.4210854715202001e-14,17.169842500000001
g12_06,grid,variable_transverse,20,1.33352143216332,50,330.18902280057898,326.03065815715797,1.4233885848269601,2.2823596822779899e-11,1.7053025658242399e-13,2.2324690999999999
g12_06,grid,variable_transverse,20,1.33352143216332,60,328.683707806131,328.641484440228,2.2083395630607598,5.2014076861471595e-11,1.13686837721616e-13,4.3999154000000003
g12_06,grid,variable_transverse,20,1.33352143216332,70,242.61319284876299,239.60519535542201,2.6845745944158299,5.2094233297011793e-11,5.6843418860808002e-14,6.6820481000000003
g12_06,grid,variable_transverse,20,1.33352143216332,80,245.78061716613399,241.96422991348999,3.4547482500003999,5.3831536759047294e-11,1.13686837721616e-13,8.9899158999999997
g12_06,grid,variable_transverse,20,1.33352143216332,90,200.93516020926501,196.52439412524001,4.1690625530404199,8.0360288400288795e-11,8.5265128291211997e-14,11.2747765
g12_06,grid,variable_transverse,20,1.33352143216332,110,179.84042959180499,176.16630170113399,5.7404267560530498,5.2004701047540798e-11,2.8421709430404001e-14,13.785821800000001
g12_06,grid,variable_transverse,20,1.33352143216332,120,151.600728910871,144.716475748466,6.7763224847298504,6.7614613718336291e-11,8.5265128291211997e-14,16.300522699999998
g12_06,grid,variable_transverse,20,1.33352143216332,130,133.40247308578799,126.15167593122401,7.2956910873000398,6.8876445568272391e-11,5.6843418860808002e-14,18.789043400000001
g12_06,grid,variable_transverse,20,1.33352143216332,140,120.952847971659,112.68174293980501,8.4876369956583204,8.7799228257984686e-11,2.8421709430404001e-14,21.405852100000001
g12_07,grid,variable_transverse,20,2.0535250264571498,50,330.90269019542001,326.27591281116003,1.8945757435478201,3.7961595291171699e-11,1.13686837721616e-13,2.0537105000000002
g12_07,grid,variable_transverse,20,2.0535250264571498,60,329.790907648896,329.02041461758802,2.9390785042079099,4.5957788588953299e-11,1.7053025658242399e-13,4.3862185
g12_07,grid,variable_transverse,20,2.0535250264571498,70,243.958750354476,240.06598816692801,3.5705819515811901,4.9302640241007595e-11,5.6843418860808002e-14,6.5448320000000004
g12_07,grid,variable_transverse,20,2.0535250264571498,80,247.51205710609901,242.55360300198001,4.5940525746767999,6.3647514695049193e-11,1.13686837721616e-13,8.7009506000000005
g12_07,grid,variable_transverse,20,2.0535250264571498,90,203.02366060669499,197.242410149693,5.5387620043143704,6.2180202975238794e-11,2.8421709430404001e-14,11.0103589
g12_07,grid,variable_transverse,20,2.0535250264571498,110,182.71279977445201,177.18139232159999,7.6083630722939803,1.03331053029125e-10,8.5265128291211997e-14,13.3218981
g12_07,grid,variable_transverse,20,2.0535250264571498,120,154.98804912930601,145.915885619482,8.9633073216358508,9.0730417231831398e-11,2.8421709430404001e-14,15.6068487
g12_07,grid,variable_transverse,20,2.0535250264571498,130,137.042541293433,127.469389107349,9.6142578806926409,1.03671269636123e-10,5.6843418860808002e-14,18.127648799999999
g12_07,grid,variable_transverse,20,2.0535250264571498,140,125.180237496424,114.25411881004599,11.1465258708749,1.27007266205886e-10,2.8421709430404001e-14,20.732038899999999
g12_08,grid,variable_transverse,20,3.16227766016838,50,331.832412767905,326.68723972292003,2.4166337570245502,5.1350617585394094e-11,5.6843418860808002e-14,2.5478833999999999
g12_08,grid,variable_transverse,20,3.16227766016838,60,331.23294496647401,329.657120922724,3.7475342684602699,5.7597057109020693e-11,1.13686837721616e-13,5.0232286999999998
g12_08,grid,variable_transverse,20,3.16227766016838,70,245.70974293928001,240.841085569017,4.5480499001237096,5.1950548847240297e-11,8.5265128291211997e-14,7.4777091000000002
g12_08,grid,variable_transverse,20,3.16227766016838,80,249.764494116295,243.54734776072701,5.8491806787778904,6.4874479129149892e-11,1.4210854715201999e-13,9.5530840999999995
g12_08,grid,variable_transverse,20,3.16227766016838,90,205.73740897924301,198.45176416402001,7.0421443060663904,9.8705416262606688e-11,5.6843418860808002e-14,11.6946624
g12_08,grid,variable_transverse,20,3.16227766016838,110,186.43427605682601,178.88466202847201,9.6405803868290505,1.1712470459297901e-10,1.13686837721616e-13,13.774189099999999
g12_08,grid,variable_transverse,20,3.16227766016838,120,159.36651104388301,147.92862536773001,11.3276894244228,9.4115373626641586e-11,8.5265128291211997e-14,15.805774
g12_08,grid,variable_transverse,20,3.16227766016838,130,141.72823322469401,129.668854879447,12.0955051462323,1.39077629259183e-10,5.6843418860808002e-14,17.975731400000001
g12_08,grid,variable_transverse,20,3.16227766016838,140,130.601506442366,116.860304685458,13.9663442979629,8.4431157642445489e-11,0,20.1494921
g12_09,grid,variable_transverse,20,4.8696752516586299,50,332.98787845951301,327.33664447516099,2.92730188055218,4.9354544795948e-11,0,2.5109870000000001
g12_09,grid,variable_transverse,20,4.8696752516586299,60,333.02422662393099,330.66295804453102,4.5367231833059201,7.40114790097307e-11,1.13686837721616e-13,5.229228
g12_09,grid,variable_transverse,20,4.8696752516586299,70,247.88219656767399,242.065086411555,5.4983860407686302,6.9010849808456004e-11,2.8421709430404001e-14,7.6787615999999996
g12_09,grid,variable_transverse,20,4.8696752516586299,80,252.55755654460501,245.118462419932,7.0667534794926201,1.44891692949959e-10,5.6843418860808002e-14,10.099792799999999
g12_09,grid,variable_transverse,20,4.8696752516586299,90,209.097140395011,200.35941663223301,8.4929781711522203,1.4255881825591601e-10,8.5265128291211997e-14,12.4322766
g12_09,grid,variable_transverse,20,4.8696752516586299,110,191.02376532348299,181.555638046273,11.5766371047295,1.1934525981237001e-10,1.7053025658242399e-13,14.579680099999999
g12_09,grid,variable_transverse,20,4.8696752516586299,120,164.750664453274,151.07857528815501,13.5600402017003,1.15975868548126e-10,2.8421709430404001e-14,16.695372800000001
g12_09,grid,variable_transverse,20,4.8696752516586299,130,147.46252998569599,133.08652556124099,14.4059009355105,9.6731310460741997e-11,0,18.756668300000001
g12_09,grid,variable_transverse,20,4.8696752516586299,140,137.20763907636299,120.87862300973801,16.559603099533302,1.8472618545903101e-10,5.6843418860808002e-14,20.876158100000001
g12_10,grid,variable_transverse,20,7.4989420933245601,50,334.34570008910703,328.28904471081199,3.3381896392297299,8.3268893320779389e-11,5.6843418860808002e-14,2.1318326999999999
g12_10,grid,variable_transverse,20,7.4989420933245601,60,335.12782110233201,332.137640027918,5.16985472650037,8.4535317363778696e-11,5.6843418860808002e-14,4.3079150999999998
g12_10,grid,variable_transverse,20,7.4989420933245601,70,250.429704604123,243.857086236387,6.2560126703303798,7.4232450933905191e-11,1.13686837721616e-13,6.5035733000000002
g12_10,grid,variable_transverse,20,7.4989420933245601,80,255.830378321984,247.41909175625901,8.0338766815251592,1.3095001452936002e-10,1.7053025658242399e-13,8.8725927000000002
g12_10,grid,variable_transverse,20,7.4989420933245601,90,213.02654237865099,203.144203566709,9.6361427278105207,7.7122040807943199e-11,5.6843418860808002e-14,11.238766699999999
g12_10,grid,variable_transverse,20,7.4989420933245601,110,196.36661200069599,185.425459863871,13.070370827512299,1.54451333039563e-10,8.5265128291211997e-14,13.436454400000001
g12_10,grid,variable_transverse,20,7.4989420933245601,120,170.99803161590199,155.626382589782,15.2571959137198,1.31205205756934e-10,2.8421709430404001e-14,15.668089200000001
g12_10,grid,variable_transverse,20,7.4989420933245601,130,154.08176752088201,137.98081090114701,16.1235010853459,1.70788841409391e-10,2.8421709430404001e-14,17.8860727
g12_10,grid,variable_transverse,20,7.4989420933245601,140,144.798450970456,126.58709273934301,18.447802673344199,1.8506226062893801e-10,8.5265128291211997e-14,20.1955369
g12_11,grid,variable_transverse,20,11.547819846894599,50,335.84295537290802,329.570241146022,3.5603129611582598,1.30348395715631e-10,1.13686837721616e-13,2.1183595999999998
g12_11,grid,variable_transverse,20,11.547819846894599,60,337.44579990390901,334.11984587747799,5.5100751870261799,8.9058071579326894e-11,2.2737367544323201e-13,4.3016376999999997
g12_11,grid,variable_transverse,20,11.547819846894599,70,253.232397493777,246.26101023691399,6.6570083017823798,1.1838243621944501e-10,2.8421709430404001e-14,6.4314727999999999
g12_11,grid,variable_transverse,20,11.547819846894599,80,259.42793164140801,250.503840033362,8.5411728804102101,1.5381171523869501e-10,1.13686837721616e-13,8.5283686999999997
g12_11,grid,variable_transverse,20,11.547819846894599,90,217.33720353577201,206.86525229968299,10.224165886272999,1.47261637773195e-10,5.6843418860808002e-14,10.7987948
g12_11,grid,variable_transverse,20,11.547819846894599,110,202.198472134442,190.553275312778,13.7972660849316,2.4555717069581299e-10,5.6843418860808002e-14,13.244767
g12_11,grid,variable_transverse,20,11.547819846894599,120,177.79364545391601,161.626507840107,16.0497937000622,1.71946581969111e-10,2.8421709430404001e-14,15.540422299999999
g12_11,grid,variable_transverse,20,11.547819846894599,130,161.24449375261099,144.384635834503,16.874282809519499,2.4660376433060799e-10,2.8421709430404001e-14,17.783411999999998
g12_11,grid,variable_transverse,20,11.547819846894599,140,152.97472636619199,133.99836550886801,19.218684849202202,2.22758529465782e-10,1.4210854715201999e-13,20.023249
g12_12,grid,variable_transverse,20,17.7827941003892,50,337.38488714732,331.13755929607498,3.5411865350659899,1.40448801313459e-10,1.13686837721616e-13,2.0203527999999999
g12_12,grid,variable_transverse,20,17.7827941003892,60,339.83146804275901,336.54244994439699,5.4775172188715802,1.4434364952365501e-10,5.6843418860808002e-14,4.2894401000000002
g12_12,grid,variable_transverse,20,17.7827941003892,70,256.11242923432701,249.19257273205801,6.6076608996714299,2.9437362822186601e-10,5.6843418860808002e-14,6.5342874000000002
g12_12,grid,variable_transverse,20,17.7827941003892,80,263.12149811087897,254.262405643964,8.4705789018884996,1.8695597590570901e-10,2.2737367544323201e-13,8.5673186999999995
g12_12,grid,variable_transverse,20,17.7827941003892,90,221.754464295286,211.38376273964701,10.1212856993656,1.5604321031823002e-10,0,11.146637999999999
g12_12,grid,variable_transverse,20,17.7827941003892,110,208.14479792335499,196.72807319428301,13.592252332287799,2.25831793118584e-10,2.8421709430404001e-14,13.403233200000001
g12_12,grid,variable_transverse,20,17.7827941003892,120,184.69935884888699,168.81879069813399,15.7600248783315,2.54447290902991e-10,8.5265128291211997e-14,16.0911759
g12_12,grid,variable_transverse,20,17.7827941003892,130,168.487722348468,152.001399850421,16.492388526417301,3.0318511779745702e-10,1.13686837721616e-13,18.636858499999999
g12_12,grid,variable_transverse,20,17.7827941003892,140,161.206506462036,142.75052655739401,18.703814274418701,4.5486521460398499e-10,5.6843418860808002e-14,20.987246200000001
g12_13,grid,variable_transverse,20,27.384196342643602,50,338.86696314972301,332.87696920143298,3.2898650258591902,1.00561960295477e-10,0,2.322632
g12_13,grid,variable_transverse,20,27.384196342643602,60,342.12356763076002,339.22877005653299,5.0873291221841397,1.5509875219021002e-10,0,4.4762139000000003
g12_13,grid,variable_transverse,20,27.384196342643602,70,258.87561982477803,252.43636234579199,6.1290637130892502,1.5474653987811e-10,5.6843418860808002e-14,6.6659968000000003
g12_13,grid,variable_transverse,20,27.384196342643602,80,266.66243205676602,258.41706840256001,7.8515382904727504,1.8831682771656e-10,2.2737367544323201e-13,8.8191363999999997
g12_13,grid,variable_transverse,20,27.384196342643602,90,225.982237928384,216.36335256744599,9.3679045283253704,1.2802061637238002e-10,2.8421709430404001e-14,10.9934244
g12_13,grid,variable_transverse,20,27.384196342643602,110,213.81029885909101,203.480372223378,12.5278694774345,2.0811996956701701e-10,5.6843418860808002e-14,13.166439799999999
g12_13,grid,variable_transverse,20,27.384196342643602,120,191.25913394297501,176.64965407381899,14.4856780866936,2.9179052591386598e-10,5.6843418860808002e-14,15.6744182
g12_13,grid,variable_transverse,20,27.384196342643602,130,175.338358864371,160.23825787124699,15.098141237652101,2.5601410677060002e-10,2.8421709430404001e-14,18.091662700000001
g12_13,grid,variable_transverse,20,27.384196342643602,140,168.96091317288401,152.15565238957299,17.057941430718799,3.2200503558058703e-10,0,20.828063700000001
g12_14,grid,variable_transverse,20,42.169650342858198,50,340.20134999801502,334.63567617954698,2.87094473857836,1.2927779833735701e-10,0,2.1215662000000002
g12_14,grid,variable_transverse,20,42.169650342858198,60,344.18701560297097,341.94321991518302,4.4398219995877701,9.5692734708967697e-11,1.13686837721616e-13,4.1970859999999997
g12_14,grid,variable_transverse,20,42.169650342858198,70,261.36035669855602,255.70807251449,5.3438177633631296,1.89791660224704e-10,1.13686837721616e-13,6.2624351999999996
g12_14,grid,variable_transverse,20,42.169650342858198,80,269.84471369172297,262.60346488838599,6.8426899167435202,2.2359428152202902e-10,1.13686837721616e-13,8.5208037999999995
g12_14,grid,variable_transverse,20,42.169650342858198,90,229.77711388308899,221.368594695929,8.1561291531335307,1.49404396063373e-10,2.8421709430404001e-14,10.5087171
g12_14,grid,variable_transverse,20,42.169650342858198,110,218.876852841805,210.22239426174801,10.8724472531815,2.3652851376257101e-10,8.5265128291211997e-14,12.4297042
g12_14,grid,variable_transverse,20,42.169650342858198,120,197.11109349752499,184.43911644198101,12.545102857451701,2.5889602418246502e-10,0,14.538323999999999
g12_14,grid,variable_transverse,20,42.169650342858198,130,181.42763854165401,168.38565039595699,13.0328041054834,3.7770782649918903e-10,0,16.6455807
g12_14,grid,variable_transverse,20,42.169650342858198,140,175.82949269318701,161.408965770397,14.677242525558601,4.8912801726370506e-10,2.8421709430404001e-14,18.814706600000001
g12_15,grid,variable_transverse,20,64.938163157621105,50,341.334621514616,336.27146591938202,2.3730003209703598,1.3291757374364401e-10,5.6843418860808002e-14,2.4571489
g12_15,grid,variable_transverse,20,64.938163157621105,60,345.93992879148698,344.467290638213,3.67153640510513,1.6797751259928102e-10,0,4.6898423999999999
g12_15,grid,variable_transverse,20,64.938163157621105,70,263.469513257122,258.745967783129,4.4164945784609797,2.2782723265577799e-10,1.13686837721616e-13,6.7770086000000003
g12_15,grid,variable_transverse,20,64.938163157621105,80,272.54528831231102,266.487852481733,5.6548907966466802,2.0632657336806002e-10,5.6843418860808002e-14,8.8274360000000005
g12_15,grid,variable_transverse,20,64.938163157621105,90,232.99518236407999,226.004449567883,6.7371456851575298,2.4988787169587502e-10,8.5265128291211997e-14,11.0271212
g12_15,grid,variable_transverse,20,64.938163157621105,110,223.16200120513599,216.43438211173299,8.9625391213478292,3.55262763870961e-10,0,13.1107947
g12_15,grid,variable_transverse,20,64.938163157621105,120,202.05193607910101,191.594969535639,10.3273818392445,5.41314224789017e-10,5.6843418860808002e-14,15.1340819
g12_15,grid,variable_transverse,20,64.938163157621105,130,186.55389904902799,175.83726851668601,10.7012980450732,3.7069420014910503e-10,5.6843418860808002e-14,17.122004
g12_15,grid,variable_transverse,20,64.938163157621105,140,181.594919393867,169.83518291760799,12.0196658032065,5.8746947263522502e-10,0,19.268513899999999
g12_16,grid,variable_transverse,20,100,50,342.25047238924998,337.68918675561798,1.8748205452954301,1.08454605913635e-10,0,2.0941006
g12_16,grid,variable_transverse,20,100,60,347.35751306762,346.65529791708798,2.9033696203247401,1.5435936944865701e-10,1.13686837721616e-13,4.2474178
g12_16,grid,variable_transverse,20,100,70,265.17448831077701,261.37690075780398,3.4916488104328298,2.1508434273549101e-10,5.6843418860808002e-14,6.3894498999999998
g12_16,grid,variable_transverse,20,100,80,274.72860755936603,269.85073378765497,4.4721310750116796,1.8272428185780899e-10,5.6843418860808002e-14,8.4113281999999998
g12_16,grid,variable_transverse,20,100,90,235.596268365302,230.013650164935,5.3280649279296899,2.0026032409492199e-10,1.7053025658242399e-13,10.624042299999999
g12_16,grid,variable_transverse,20,100,110,226.620445604677,221.78747925587399,7.0815334277668702,2.5725051333385598e-10,1.4210854715201999e-13,12.8368302
g12_16,grid,variable_transverse,20,100,120,206.03559906340399,197.74904501501101,8.1547033487652207,3.3274224569413099e-10,0,15.1805786
g12_16,grid,variable_transverse,20,100,130,190.67767048884801,182.22421638260201,8.4331248849040303,3.0751499213985002e-10,8.5265128291211997e-14,17.513555499999999
g12_16,grid,variable_transverse,20,100,140,186.221760233819,177.03251950249401,9.4516412414442996,3.0991319181467401e-10,5.6843418860808002e-14,20.2269647
v0_0,validation,variable_transverse,0.152785591422335,0.15135612484362099,50,2.6331926248984399,2.6035936429657802,0.026594908181241599,6.0869391029510699e-11,1.33226762955019e-15,2.0979644
v0_0,validation,variable_transverse,0.152785591422335,0.15135612484362099,60,2.4798078431964501,2.45916085781854,0.0409694444548638,1.32843351380145e-10,8.8817841970012494e-16,4.2714479000000001
v0_0,validation,variable_transverse,0.152785591422335,0.15135612484362099,70,1.94681391540824,1.9036799868127701,0.049393429186397997,1.4339798589790201e-10,1.9984014443252802e-15,6.3709129000000004
v0_0,validation,variable_transverse,0.152785591422335,0.15135612484362099,80,2.0164946452224499,1.9531222860555499,0.064928414765871106,1.2996430816165799e-10,1.33226762955019e-15,8.5077502000000003
v0_0,validation,variable_transverse,0.152785591422335,0.15135612484362099,90,1.7137162018529599,1.63642806560236,0.076347488593421706,2.0310669824777001e-10,0,10.6609613
v0_0,validation,variable_transverse,0.152785591422335,0.15135612484362099,110,1.5373845317920001,1.4431313176402101,0.10154333348976401,1.4405288272179101e-10,0,12.737002
v0_0,validation,variable_transverse,0.152785591422335,0.15135612484362099,120,1.42946252200457,1.3088297225457901,0.11927339313072199,2.0582759357869502e-10,0,14.819398899999999
v0_0,validation,variable_transverse,0.152785591422335,0.15135612484362099,130,1.2978310018561701,1.17256482844485,0.12474462608612299,4.0295170803194299e-10,4.4408920985006301e-16,17.082158499999998
v0_0,validation,variable_transverse,0.152785591422335,0.15135612484362099,140,1.23872123347574,1.09819215853291,0.14025369788631101,2.8201306782999999e-10,4.4408920985006301e-16,19.382358100000001
v0_1,validation,variable_transverse,0.152785591422335,0.74131024130091705,50,2.6668570592160901,2.64933185428802,0.0145072838718048,1.20263877014996e-10,8.8817841970012494e-16,2.7614721000000002
v0_1,validation,variable_transverse,0.152785591422335,0.74131024130091705,60,2.5316921464079201,2.5296532726873702,0.022393118659412702,1.2019192231074899e-10,0,5.3831876999999997
v0_1,validation,variable_transverse,0.152785591422335,0.74131024130091705,70,2.0092561543701302,1.98865380579625,0.0269163964554112,1.5067080450677699e-10,8.8817841970012494e-16,7.9028507000000001
v0_1,validation,variable_transverse,0.152785591422335,0.74131024130091705,80,2.0984885008958098,2.0643566095015702,0.0353336958580098,1.7489479353643901e-10,8.8817841970012494e-16,10.5328841
v0_1,validation,variable_transverse,0.152785591422335,0.74131024130091705,90,1.80998275157135,1.7676637737276699,0.041454151277548201,1.60609916794728e-10,2.2204460492503099e-16,13.335330799999999
v0_1,validation,variable_transverse,0.152785591422335,0.74131024130091705,110,1.66470813104536,1.61744723133065,0.054615735272255099,2.2992120777364401e-10,4.4408920985006301e-16,15.9767309
v0_1,validation,variable_transverse,0.152785591422335,0.74131024130091705,120,1.57852445079589,1.5131926094121799,0.063789900716508405,1.81366272181607e-10,0,18.838802000000001
v0_1,validation,variable_transverse,0.152785591422335,0.74131024130091705,130,1.4528700732506401,1.3862058203477401,0.066011916795992207,1.2684149530604601e-10,1.1102230246251601e-15,21.475893599999999
v0_1,validation,variable_transverse,0.152785591422335,0.74131024130091705,140,1.41214597258623,1.3383148071634901,0.073469596945874197,3.2351239771658502e-10,4.4408920985006301e-16,24.387138100000001
v0_2,validation,variable_transverse,0.152785591422335,6.7608297539198103,50,2.68333938767802,2.6775505013284602,0.0027644310516266998,1.02556566425416e-10,8.8817841970012494e-16,2.3622323000000001
v0_2,validation,variable_transverse,0.152785591422335,6.7608297539198103,60,2.5572093323013498,2.5732770141861798,0.0043015096644471998,9.2860464731449888e-11,4.4408920985006301e-16,5.1586875000000001
v0_2,validation,variable_transverse,0.152785591422335,6.7608297539198103,70,2.03993340405039,2.0410965627405102,0.0051755925395197003,1.3147339452937501e-10,1.33226762955019e-15,7.8199367999999998
v0_2,validation,variable_transverse,0.152785591422335,6.7608297539198103,80,2.1388127686199101,2.13301548167941,0.0068210088501474003,3.9469179460856101e-10,4.4408920985006301e-16,10.3265163
v0_2,validation,variable_transverse,0.152785591422335,6.7608297539198103,90,1.8573362253037,1.8484840979461701,0.0080256311148106003,1.8242940085395601e-10,4.4408920985006301e-16,12.8684251
v0_2,validation,variable_transverse,0.152785591422335,6.7608297539198103,110,1.72714918756526,1.72392277490707,0.0106133996966584,3.19204100266055e-10,0,15.608809300000001
v0_2,validation,variable_transverse,0.152785591422335,6.7608297539198103,120,1.6514803614607201,1.63743083188023,0.0124175232287863,1.09723367094727e-10,4.4408920985006301e-16,18.389043399999998
v0_2,validation,variable_transverse,0.152785591422335,6.7608297539198103,130,1.52818665156057,1.51468410136899,0.0127846586590376,4.4349968380260102e-10,0,21.1001893
v0_2,validation,variable_transverse,0.152785591422335,6.7608297539198103,140,1.4957366353583399,1.48118362710534,0.014141520224507801,3.15087234788172e-10,4.4408920985006301e-16,23.896761099999999
v0_3,validation,variable_transverse,0.152785591422335,61.6595001861483,50,2.6859665198321601,2.6825925102063901,0.0003485988257362,1.11655959680169e-10,0,2.7104856000000002
v0_3,validation,variable_transverse,0.152785591422335,61.6595001861483,60,2.56130383538519,2.58113102531876,0.00054436611726350003,8.2187227360358996e-11,4.4408920985006301e-16,5.4639555
v0_3,validation,variable_transverse,0.152785591422335,61.6595001861483,70,2.04486169833707,2.0505487067152002,0.00065550638845849999,1.79804923210489e-10,4.4408920985006301e-16,8.3343170999999998
v0_3,validation,variable_transverse,0.152785591422335,61.6595001861483,80,2.14531341916125,2.1454421925514202,0.00086549532775870004,2.7708817780581702e-10,4.4408920985006301e-16,11.1967151
v0_3,validation,variable_transverse,0.152785591422335,61.6595001861483,90,1.86498986536794,1.8631502756468401,0.0010197641315474,1.67293685639077e-10,4.4408920985006301e-16,13.958459
v0_3,validation,variable_transverse,0.152785591422335,61.6595001861483,110,1.7372808162931499,1.7433214953856,0.0013513447787771001,3.8375317564376398e-10,8.8817841970012494e-16,16.435793799999999
v0_3,validation,variable_transverse,0.152785591422335,61.6595001861483,120,1.66333902410455,1.66010997616421,0.0015822668499725001,4.1553439160721599e-10,0,19.099413500000001
v0_3,validation,variable_transverse,0.152785591422335,61.6595001861483,130,1.5403878671439899,1.53803203663027,0.0016266504286757001,4.49017156014364e-10,4.4408920985006301e-16,21.801383699999999
v0_3,validation,variable_transverse,0.152785591422335,61.6595001861483,140,1.50922237538342,1.5070055081809,0.0017963120254066,3.1711350569714302e-10,2.2204460492503099e-16,24.650875899999999
v1_0,validation,variable_transverse,0.57456596768186696,0.15135612484362099,50,9.7491485134974898,9.6381553453112705,0.086083472252052803,5.7340035927642196e-11,0,2.9560233999999999
v1_0,validation,variable_transverse,0.57456596768186696,0.15135612484362099,60,9.2551175925539706,9.2342132578569096,0.132990705400795,7.2672741621479889e-11,1.7763568394002501e-15,5.8554361999999998
v1_0,validation,variable_transverse,0.57456596768186696,0.15135612484362099,70,7.1140130830726003,6.97794712643522,0.16126806247172401,7.5736332071302792e-11,0,8.6149976000000006
v1_0,validation,variable_transverse,0.57456596768186696,0.15135612484362099,80,7.2778739777223098,7.0784875370733404,0.21092851344088201,1.01016201384027e-10,1.7763568394002501e-15,11.243049900000001
v1_0,validation,variable_transverse,0.57456596768186696,0.15135612484362099,90,6.0617107744320897,5.8026911098100298,0.25118629820722099,8.7165026721791695e-11,1.7763568394002501e-15,14.147043099999999
v1_0,validation,variable_transverse,0.57456596768186696,0.15135612484362099,110,5.3268227159575696,5.0320008946227999,0.33936011378749897,1.23433208970886e-10,0,17.085294699999999
v1_0,validation,variable_transverse,0.57456596768186696,0.15135612484362099,120,4.7759376879103099,4.3707701354716804,0.40127832709293099,1.41998275761448e-10,0,19.685250400000001
v1_0,validation,variable_transverse,0.57456596768186696,0.15135612484362099,130,4.2551781768186698,3.8313158400226599,0.426338526969882,1.7421630176700601e-10,1.7763568394002501e-15,22.198605100000002
v1_0,validation,variable_transverse,0.57456596768186696,0.15135612484362099,140,3.9523711090049201,3.4704736560946401,0.48619459014824001,2.0645040904857899e-10,8.8817841970012494e-16,24.842542399999999
v1_1,validation,variable_transverse,0.57456596768186696,0.74131024130091705,50,9.9048251603958395,9.7845368594923503,0.0953267943504231,9.6626768207475291e-11,0,3.0904042999999999
v1_1,validation,variable_transverse,0.57456596768186696,0.74131024130091705,60,9.4954784819066695,9.4607955828044794,0.147130601845466,9.0507351448634791e-11,3.5527136788005001e-15,6.2500784999999999
v1_1,validation,variable_transverse,0.57456596768186696,0.74131024130091705,70,7.40457368587278,7.25308356339713,0.17736029586017599,1.20030966409163e-10,1.7763568394002501e-15,9.3919765000000002
v1_1,validation,variable_transverse,0.57456596768186696,0.74131024130091705,80,7.6571245982517597,7.4358286234913704,0.23106401533853099,1.70440272250818e-10,5.3290705182007506e-15,12.350004800000001
v1_1,validation,variable_transverse,0.57456596768186696,0.74131024130091705,90,6.5118209849077804,6.2306991668150697,0.27344467462620398,1.5132529881160601e-10,4.4408920985006301e-15,15.556246
v1_1,validation,variable_transverse,0.57456596768186696,0.74131024130091705,110,5.9290971600883999,5.6113053452466897,0.36270552402685502,2.0711990680327901e-10,8.8817841970012494e-16,18.347575899999999
v1_1,validation,variable_transverse,0.57456596768186696,0.74131024130091705,120,5.4840049711283001,5.0547703135354398,0.42417684269619299,2.4563865799830498e-10,8.8817841970012494e-16,21.359430199999998
v1_1,validation,variable_transverse,0.57456596768186696,0.74131024130091705,130,5.0004354991318101,4.5591402100740002,0.44278711852839298,2.6931401813335599e-10,2.66453525910038e-15,24.437834299999999
v1_1,validation,variable_transverse,0.57456596768186696,0.74131024130091705,140,4.7954334954318298,4.30246524615458,0.49724538374203198,1.8276073664484401e-10,1.7763568394002501e-15,27.6564631
v1_2,validation,variable_transverse,0.57456596768186696,6.7608297539198103,50,10.042427461394499,9.9871181339055308,0.0303022053025708,1.8900972246317299e-10,3.5527136788005001e-15,2.6769832
v1_2,validation,variable_transverse,0.57456596768186696,6.7608297539198103,60,9.7081312632718202,9.7738624814964599,0.047006745516703197,6.9727046844413798e-11,5.3290705182007506e-15,5.6852608
v1_2,validation,variable_transverse,0.57456596768186696,6.7608297539198103,70,7.6605212424593896,7.6303933515081397,0.0565451307187479,1.07678468068976e-10,1.7763568394002501e-15,8.8972815000000001
v1_2,validation,variable_transverse,0.57456596768186696,6.7608297539198103,80,7.9903975408440804,7.9248963203606904,0.073713525450043504,2.5130232156917702e-10,2.66453525910038e-15,11.938111599999999
v1_2,validation,variable_transverse,0.57456596768186696,6.7608297539198103,90,6.9058149623389804,6.8110429121611498,0.087200794478382596,2.17899105020163e-10,3.5527136788005001e-15,15.0649456
v1_2,validation,variable_transverse,0.57456596768186696,6.7608297539198103,110,6.4492456625308199,6.3795597644578503,0.114961562987034,2.9236990649712601e-10,1.7763568394002501e-15,18.1372578
v1_2,validation,variable_transverse,0.57456596768186696,6.7608297539198103,120,6.09054261418125,5.9505154234710904,0.133922305636061,1.6986676591835899e-10,8.8817841970012494e-16,21.192724800000001
v1_2,validation,variable_transverse,0.57456596768186696,6.7608297539198103,130,5.6300109869358499,5.4923406944397204,0.138265637764552,4.01810891930493e-10,0,24.078795899999999
v1_2,validation,variable_transverse,0.57456596768186696,6.7608297539198103,140,5.4985196239056897,5.34907437096932,0.153512907595871,2.6823219198376398e-10,1.7763568394002501e-15,27.1529487
v1_3,validation,variable_transverse,0.57456596768186696,61.6595001861483,50,10.073813444368501,10.044136007701701,0.0046618436006352001,3.46963459614196e-10,3.5527136788005001e-15,2.9859186000000002
v1_3,validation,variable_transverse,0.57456596768186696,61.6595001861483,60,9.7569569656232993,9.8624764064054702,0.0072810590558659996,2.9873937763270599e-10,3.5527136788005001e-15,6.1666124
v1_3,validation,variable_transverse,0.57456596768186696,61.6595001861483,70,7.7192832036009502,7.7370507627496101,0.0087699281354591003,3.3966372995956903e-10,8.8817841970012494e-16,9.4756739000000003
v1_3,validation,variable_transverse,0.57456596768186696,61.6595001861483,80,8.0671150011135193,8.0634907968495604,0.0114738209093601,4.2119152126001499e-10,0,12.931203
v1_3,validation,variable_transverse,0.57456596768186696,61.6595001861483,90,6.9966805806746803,6.9755226933132102,0.0136134822826878,3.6400416052414202e-10,1.7763568394002501e-15,16.2016393
v1_3,validation,variable_transverse,0.57456596768186696,61.6595001861483,110,6.5692450148045598,6.5965774536772503,0.018023344004095498,6.0227068239466901e-10,1.7763568394002501e-15,19.574573099999999
v1_3,validation,variable_transverse,0.57456596768186696,61.6595001861483,120,6.2304520365150298,6.2030612372924203,0.021037621228511501,7.3886172431257011e-10,2.66453525910038e-15,22.908382400000001
v1_3,validation,variable_transverse,0.57456596768186696,61.6595001861483,130,5.7742470730216402,5.7529676224614104,0.021649742256344001,7.2679702377305499e-10,0,26.045445399999998
v1_3,validation,variable_transverse,0.57456596768186696,61.6595001861483,140,5.6583729840376904,5.6384169288280797,0.0239429414141226,6.9988046756347001e-10,8.8817841970012494e-16,29.080534700000001
v2_0,validation,variable_transverse,2.67078296372665,0.15135612484362099,50,44.636067333171098,44.257240426837001,0.16829638393198901,1.3961091938590799e-11,1.4210854715202001e-14,3.1886492999999998
v2_0,validation,variable_transverse,2.67078296372665,0.15135612484362099,60,43.121676425692598,43.308728964419203,0.260893368031969,2.94555575979307e-11,7.1054273576010003e-15,6.3551190000000002
v2_0,validation,variable_transverse,2.67078296372665,0.15135612484362099,70,32.3704369135584,32.080708856964897,0.31781395040760502,3.57880790589219e-11,1.4210854715202001e-14,9.4186016000000006
v2_0,validation,variable_transverse,2.67078296372665,0.15135612484362099,80,32.822396032567703,32.408150806936902,0.412304864847375,2.7762277306234298e-11,7.1054273576010003e-15,12.693875500000001
v2_0,validation,variable_transverse,2.67078296372665,0.15135612484362099,90,26.8339815187501,26.283703558472499,0.495966001206746,4.1362594695794299e-11,1.4210854715202001e-14,16.190687100000002
v2_0,validation,variable_transverse,2.67078296372665,0.15135612484362099,110,23.3822588798051,22.9402137776821,0.679198942477379,5.1599569119449797e-11,3.5527136788005001e-15,19.591484600000001
v2_0,validation,variable_transverse,2.67078296372665,0.15135612484362099,120,20.134070306421101,19.3135932226016,0.80709693721459996,3.7118753320877797e-11,7.1054273576010003e-15,22.8959528
v2_0,validation,variable_transverse,2.67078296372665,0.15135612484362099,130,17.627672875405601,16.7849487540228,0.87098649354364899,5.7798451458539095e-11,3.5527136788005001e-15,26.2682164
v2_0,validation,variable_transverse,2.67078296372665,0.15135612484362099,140,15.9080027041022,14.9367977263617,1.0099319922499801,7.991800931937229e-11,1.0658141036401501e-14,29.581999499999998
v2_1,validation,variable_transverse,2.67078296372665,0.74131024130091705,50,45.089213675584503,44.4716054622888,0.40749838196714,4.5624740430485596e-11,1.4210854715202001e-14,4.1270065999999996
v2_1,validation,variable_transverse,2.67078296372665,0.74131024130091705,60,43.824142958702197,43.642596799141103,0.631430993959468,5.3403196379887292e-11,1.4210854715202001e-14,8.0463451999999993
v2_1,validation,variable_transverse,2.67078296372665,0.74131024130091705,70,33.224601342959502,32.488771891429003,0.76620084737166405,4.8107459263477197e-11,7.1054273576010003e-15,11.281078000000001
v2_1,validation,variable_transverse,2.67078296372665,0.74131024130091705,80,33.929613799079,32.932386121656698,0.99210435032270905,7.078015986239419e-11,7.1054273576010003e-15,14.268269099999999
v2_1,validation,variable_transverse,2.67078296372665,0.74131024130091705,90,28.162828042228,26.920079852280502,1.1877226072227201,6.2070915729370696e-11,7.1054273576010003e-15,17.397276099999999
v2_1,validation,variable_transverse,2.67078296372665,0.74131024130091705,110,25.190977476113201,23.8244071837942,1.6061634034399901,1.2032632510130401e-10,7.1054273576010003e-15,20.479502
v2_1,validation,variable_transverse,2.67078296372665,0.74131024130091705,120,22.274002728269199,20.3665533703096,1.8920426251509299,1.26157917393155e-10,1.0658141036401501e-14,24.211552000000001
v2_1,validation,variable_transverse,2.67078296372665,0.74131024130091705,130,19.917584549692599,17.9339763644718,2.00912563995437,1.13271726696573e-10,7.1054273576010003e-15,27.456655699999999
v2_1,validation,variable_transverse,2.67078296372665,0.74131024130091705,140,18.543268120384901,16.288231436872099,2.2965961819471499,8.5768933468468288e-11,3.5527136788005001e-15,30.301761200000001
v2_2,validation,variable_transverse,2.67078296372665,6.7608297539198103,50,46.062673582992097,45.499500065839797,0.354034782608253,1.1903770532081499e-10,7.1054273576010003e-15,2.9468165000000002
v2_2,validation,variable_transverse,2.67078296372665,6.7608297539198103,60,45.331196322752497,45.2366534488864,0.54808812742546797,9.5845488720891397e-11,1.4210854715202001e-14,6.4609025999999998
v2_2,validation,variable_transverse,2.67078296372665,6.7608297539198103,70,35.046096391584598,34.420667354550197,0.66029891534293905,9.5340395123067498e-11,1.4210854715202001e-14,10.58568
v2_2,validation,variable_transverse,2.67078296372665,6.7608297539198103,80,36.282590553248397,35.419462998104699,0.85144084911726603,1.7530186947051201e-10,2.1316282072802999e-14,13.996608
v2_2,validation,variable_transverse,2.67078296372665,6.7608297539198103,90,30.967391519905402,29.899138120156501,1.01155668799389,1.10581835270768e-10,0,17.236625799999999
v2_2,validation,variable_transverse,2.67078296372665,6.7608297539198103,110,28.9380184232188,27.845461096826799,1.3379383793248001,1.91007759319305e-10,1.4210854715202001e-14,20.225166699999999
v2_2,validation,variable_transverse,2.67078296372665,6.7608297539198103,120,26.6542356215372,25.080008057907001,1.55402101672987,1.10480849201376e-10,7.1054273576010003e-15,23.484931700000001
v2_2,validation,variable_transverse,2.67078296372665,6.7608297539198103,130,24.513810912861899,22.918749319829601,1.61426757075086,2.5059251756612601e-10,1.7763568394002501e-14,26.615444
v2_2,validation,variable_transverse,2.67078296372665,6.7608297539198103,140,23.7422436336042,21.9786861568601,1.80883285619672,2.5709753015959998e-10,1.7763568394002501e-14,30.496083599999999
v2_3,validation,variable_transverse,2.67078296372665,61.6595001861483,50,46.506170716624901,46.213807682019997,0.083676781951791096,1.2651984691668899e-10,7.1054273576010003e-15,2.7520625999999999
v2_3,validation,variable_transverse,2.67078296372665,61.6595001861483,60,46.019267481317698,46.343862411997897,0.130427687695477,1.4653610770104699e-10,1.4210854715202001e-14,5.6080484999999998
v2_3,validation,variable_transverse,2.67078296372665,61.6595001861483,70,35.874669247780901,35.754344315706497,0.15712954564624301,1.48648286562127e-10,1.4210854715202001e-14,8.1355363999999994
v2_3,validation,variable_transverse,2.67078296372665,61.6595001861483,80,37.3517364368725,37.133936484686203,0.20322187454188401,2.0257890589106901e-10,0,10.458341799999999
v2_3,validation,variable_transverse,2.67078296372665,61.6595001861483,90,32.237918016406603,31.938484910814399,0.24192872669603499,2.1475493560236801e-10,2.1316282072802999e-14,12.7087471
v2_3,validation,variable_transverse,2.67078296372665,61.6595001861483,110,30.6162582069698,30.5442572514369,0.32005236607434301,4.9299942121389598e-10,7.1054273576010003e-15,14.9208155
v2_3,validation,variable_transverse,2.67078296372665,61.6595001861483,120,28.601721396221599,28.207502177610301,0.37165760909956203,2.5363613588087799e-10,1.0658141036401501e-14,17.1097833
v2_3,validation,variable_transverse,2.67078296372665,61.6595001861483,130,26.529301970892998,26.162315600799701,0.383133375681387,4.1218761474401601e-10,1.0658141036401501e-14,19.443213400000001
v2_3,validation,variable_transverse,2.67078296372665,61.6595001861483,140,25.991666284136802,25.612258943165902,0.425672173928409,2.5253556532420298e-10,1.7763568394002501e-14,21.850888699999999
v3_0,validation,variable_transverse,12.4147304931956,0.15135612484362099,50,204.896497228127,203.16061852362401,0.21827628225338999,1.9825743584239e-11,8.5265128291211997e-14,3.0075400999999999
v3_0,validation,variable_transverse,12.4147304931956,0.15135612484362099,60,202.06745767303201,203.19615932838599,0.33830341182316698,2.7618861865439799e-11,1.4210854715201999e-13,5.7678247999999996
v3_0,validation,variable_transverse,12.4147304931956,0.15135612484362099,70,149.11517629229999,148.55181336508201,0.41141460175860001,3.5254120404432494e-11,0,8.4672476000000003
v3_0,validation,variable_transverse,12.4147304931956,0.15135612484362099,80,150.65197159004001,149.903263785918,0.52988926308320505,2.6142846604525697e-11,8.5265128291211997e-14,11.206364199999999
v3_0,validation,variable_transverse,12.4147304931956,0.15135612484362099,90,122.36633668719,121.558943547027,0.63912769014822601,4.0050980927953296e-11,4.2632564145605999e-14,13.703930099999999
v3_0,validation,variable_transverse,12.4147304931956,0.15135612484362099,110,107.676485152548,108.028388214495,0.88004915314427701,5.5337805967213798e-11,1.4210854715202001e-14,15.882464199999999
v3_0,validation,variable_transverse,12.4147304931956,0.15135612484362099,120,90.162361820552206,89.053064091452498,1.0437920515690899,5.9064642984247999e-11,2.8421709430404001e-14,18.115207000000002
v3_0,validation,variable_transverse,12.4147304931956,0.15135612484362099,130,78.492376021777503,77.421044609830901,1.13224123350281,6.03854023256218e-11,1.4210854715202001e-14,20.284601299999999
v3_0,validation,variable_transverse,12.4147304931956,0.15135612484362099,140,70.002781742450793,68.820023285193102,1.32527174499389,6.3527607477485298e-11,1.4210854715202001e-14,22.636541600000001
v3_1,validation,variable_transverse,12.4147304931956,0.74131024130091705,50,205.63351758183501,203.303036549675,0.81517986932552899,1.53505370582958e-11,1.13686837721616e-13,2.3562086
v3_1,validation,variable_transverse,12.4147304931956,0.74131024130091705,60,203.21093032956199,203.41552193235299,1.26536895521475,4.8909024762434893e-11,2.8421709430404001e-14,4.7992528999999999
v3_1,validation,variable_transverse,12.4147304931956,0.74131024130091705,70,150.50636906844099,148.81680913892799,1.5393784829625099,4.0877446786292594e-11,8.5265128291211997e-14,7.1532017000000003
v3_1,validation,variable_transverse,12.4147304931956,0.74131024130091705,80,152.444486175511,150.238554160186,1.98371631300128,2.2449513686256098e-11,5.6843418860808002e-14,9.4255726000000006
v3_1,validation,variable_transverse,12.4147304931956,0.74131024130091705,90,124.529030481532,121.96702110151899,2.3927474110004701,5.8057999740800293e-11,1.4210854715202001e-14,11.781803999999999
v3_1,validation,variable_transverse,12.4147304931956,0.74131024130091705,110,110.653590018269,108.604889494353,3.2899921327362298,5.0393214070673698e-11,2.8421709430404001e-14,14.128176699999999
v3_1,validation,variable_transverse,12.4147304931956,0.74131024130091705,120,93.689417305322493,89.730589262752403,3.8922196340144199,7.7257910875256888e-11,1.4210854715202001e-14,16.464146700000001
v3_1,validation,variable_transverse,12.4147304931956,0.74131024130091705,130,82.306499637054301,78.168047141102306,4.1954484714303,7.9348132105758399e-11,4.2632564145605999e-14,18.568622300000001
v3_1,validation,variable_transverse,12.4147304931956,0.74131024130091705,140,74.453128721399295,69.720447565050705,4.8799344320663698,1.0526819324525201e-10,2.8421709430404001e-14,20.5170402
v3_2,validation,variable_transverse,12.4147304931956,6.7608297539198103,50,209.10180984304199,205.402121972332,2.1958463680061699,5.6255874754148e-11,2.8421709430404001e-14,2.3611545
v3_2,validation,variable_transverse,12.4147304931956,6.7608297539198103,60,208.590000736885,206.67109653147901,3.4014277497271901,2.13910521380525e-10,0,4.7094277
v3_2,validation,variable_transverse,12.4147304931956,6.7608297539198103,70,157.03053816256499,152.775475535239,4.1124752012017396,1.7422613689778001e-10,2.8421709430404001e-14,7.1064170999999998
v3_2,validation,variable_transverse,12.4147304931956,6.7608297539198103,80,160.840661079623,155.31939827840699,5.2835950072526998,1.1707967820215e-10,5.6843418860808002e-14,9.4677080999999994
v3_2,validation,variable_transverse,12.4147304931956,6.7608297539198103,90,134.616369901003,128.11988182514,6.3226098618687301,2.7626450187985901e-10,1.13686837721616e-13,11.689043099999999
v3_2,validation,variable_transverse,12.4147304931956,6.7608297539198103,110,124.38635852077201,117.15227496109,8.5213271576857306,1.0311197933445701e-10,1.4210854715202001e-14,13.98691
v3_2,validation,variable_transverse,12.4147304931956,6.7608297539198103,120,109.815758734941,99.8052362155358,9.9368998829788797,3.57713117705385e-10,2.8421709430404001e-14,16.277904700000001
v3_2,validation,variable_transverse,12.4147304931956,6.7608297539198103,130,99.466834864796596,89.046789306874601,10.4578119247685,3.0042675179999399e-10,1.4210854715202001e-14,18.705050499999999
v3_2,validation,variable_transverse,12.4147304931956,6.7608297539198103,140,94.184631129859497,82.441769368082205,11.907306456070501,3.9374910690144003e-10,0,20.9727733
v3_3,validation,variable_transverse,12.4147304931956,61.6595001861483,50,213.19313928033301,210.53674203281801,1.16632328933574,1.75231345739776e-10,1.13686837721616e-13,1.6546647999999999
v3_3,validation,variable_transverse,12.4147304931956,61.6595001861483,60,214.92454672142699,214.61170271420701,1.8078793715824699,1.9237767139873101e-10,5.6843418860808002e-14,3.4318056000000001
v3_3,validation,variable_transverse,12.4147304931956,61.6595001861483,70,164.66704955159699,162.35700885881801,2.1751355461625801,1.75318084131487e-10,5.6843418860808002e-14,5.1842690999999999
v3_3,validation,variable_transverse,12.4147304931956,61.6595001861483,80,170.636859820392,167.592936530109,2.7890565724253,2.7565639145923501e-10,1.4210854715201999e-13,6.7934352999999996
v3_3,validation,variable_transverse,12.4147304931956,61.6595001861483,90,146.30117685306399,142.80082008415599,3.3210077455854399,2.35738684891223e-10,5.6843418860808002e-14,8.4954789999999996
v3_3,validation,variable_transverse,12.4147304931956,61.6595001861483,110,139.988994390221,136.92533371858599,4.4052627171487098,4.9113083354461804e-10,2.8421709430404001e-14,10.0742046
v3_3,validation,variable_transverse,12.4147304931956,61.6595001861483,120,127.89942929274299,122.731738251113,5.0833964805248897,3.4219882748183203e-10,2.8421709430404001e-14,11.628386600000001
v3_3,validation,variable_transverse,12.4147304931956,61.6595001861483,130,118.324948380268,113.080983176904,5.2586683160354504,5.0822045649231302e-10,1.4210854715201999e-13,13.128813900000001
v3_3,validation,variable_transverse,12.4147304931956,61.6595001861483,140,115.47409605756199,109.763038337255,5.88898912192544,3.6058228991776199e-10,2.8421709430404001e-14,14.7015799
