state,L_mm,rho1,rho2,branch_index,residual_ohm,within_literature_bounds
inhale,50,5.1589775604167665,0.10000000000000001,0,4.2632564145606011e-14,False
inhale,50,5.1588812455724682,0.10115794542598985,0,7.1054273576010019e-14,False
inhale,50,5.1587840080814349,0.10232929922807542,0,8.5265128291212022e-14,False
inhale,50,5.1586858373237288,0.10351421666793438,0,7.1054273576010019e-14,False
inhale,50,5.1585867226802993,0.10471285480508996,0,5.6843418860808015e-14,False
inhale,50,5.1584866535329867,0.10592537251772889,0,8.5265128291212022e-14,False
inhale,50,5.1583856192645374,0.10715193052376065,0,4.2632564145606011e-14,False
inhale,50,5.1582836092586373,0.10839269140212036,0,7.1054273576010019e-14,False
inhale,50,5.1581806128999119,0.10964781961431851,0,5.6843418860808015e-14,False
inhale,50,5.1580766195739614,0.11091748152624012,0,5.6843418860808015e-14,False
inhale,50,5.1579716186673696,0.11220184543019636,0,9.9475983006414026e-14,False
inhale,50,5.1578655995677209,0.11350108156723152,0,8.5265128291212022e-14,False
inhale,50,5.1577585516636351,0.11481536214968829,0,1.1368683772161603e-13,False
inhale,50,5.1576504643447683,0.11614486138403426,0,7.1054273576010019e-14,False
inhale,50,5.1575413270018515,0.11748975549395298,0,8.5265128291212022e-14,False
inhale,50,5.1574311290266968,0.11885022274370183,0,7.1054273576010019e-14,False
inhale,50,5.1573198598122234,0.12022644346174129,0,4.2632564145606011e-14,False
inhale,50,5.1572075087524869,0.12161860006463679,0,1.1368683772161603e-13,False
inhale,50,5.1570940652426804,0.12302687708123815,0,5.6843418860808015e-14,False
inhale,50,5.1569795186791847,0.1244514611771385,0,5.6843418860808015e-14,False
inhale,50,5.156863858459567,0.12589254117941673,0,7.1054273576010019e-14,False
inhale,50,5.156747073982614,0.12735030810166617,0,8.5265128291212022e-14,False
inhale,50,5.1566291546483516,0.12882495516931339,0,8.5265128291212022e-14,False
inhale,50,5.1565100898580729,0.13031667784522993,0,7.1054273576010019e-14,False
inhale,50,5.156389869014359,0.1318256738556407,0,9.9475983006414026e-14,False
inhale,50,5.1562684815210975,0.1333521432163324,0,1.1368683772161603e-13,False
inhale,50,5.1561459167835144,0.13489628825916536,0,1.1368683772161603e-13,False
inhale,50,5.1560221642082,0.13645831365889247,0,1.1368683772161603e-13,False
inhale,50,5.1558972132031213,0.13803842646028849,0,8.5265128291212022e-14,False
inhale,50,5.1557710531776646,0.13963683610559377,0,8.5265128291212022e-14,False
inhale,50,5.1556436735426487,0.14125375446227545,0,8.5265128291212022e-14,False
inhale,50,5.155515063710352,0.1428893958511103,0,1.1368683772161603e-13,False
inhale,50,5.1553852130945401,0.14454397707459277,0,7.1054273576010019e-14,False
inhale,50,5.1552541111105015,0.14621771744567183,0,1.5631940186722204e-13,False
inhale,50,5.155121747175051,0.14791083881682077,0,1.2789769243681803e-13,False
inhale,50,5.15498811070659,0.14962356560944334,0,1.2789769243681803e-13,False
inhale,50,5.1548531911250999,0.15135612484362079,0,1.2789769243681803e-13,False
inhale,50,5.1547169778521953,0.15310874616820302,0,1.5631940186722204e-13,False
inhale,50,5.1545794603111377,0.15488166189124811,0,1.4210854715202004e-13,False
inhale,50,5.154440627926868,0.15667510701081494,0,1.1368683772161603e-13,False
inhale,50,5.1543004701260449,0.15848931924611134,0,1.1368683772161603e-13,False
inhale,50,5.1541589763370554,0.16032453906900418,0,1.5631940186722204e-13,False
inhale,50,5.1540161359900543,0.16218100973589297,0,1.1368683772161603e-13,False
inhale,50,5.1538719385170007,0.16405897731995392,0,1.2789769243681803e-13,False
inhale,50,5.1537263733516729,0.16595869074375605,0,1.2789769243681803e-13,False
inhale,50,5.153579429929712,0.16788040181225602,0,1.4210854715202004e-13,False
inhale,50,5.1534310976886459,0.16982436524617442,0,1.7053025658242404e-13,False
inhale,50,5.1532813660679171,0.17179083871575881,0,1.2789769243681803e-13,False
inhale,50,5.153130224508927,0.17378008287493754,0,1.5631940186722204e-13,False
inhale,50,5.1529776624550507,0.17579236139586926,0,1.5631940186722204e-13,False
inhale,50,5.1528236693516831,0.17782794100389229,0,1.7053025658242404e-13,False
inhale,50,5.1526682346462636,0.17988709151287879,0,1.5631940186722204e-13,False
inhale,50,5.1525113477883115,0.18197008586099836,0,1.7053025658242404e-13,False
inhale,50,5.1523529982294551,0.18407720014689558,0,1.5631940186722204e-13,False
inhale,50,5.15219317542347,0.18620871366628675,0,1.8474111129762605e-13,False
inhale,50,5.1520318688263105,0.18836490894898006,0,1.9895196601282805e-13,False
inhale,50,5.1518690678961443,0.19054607179632474,0,1.8474111129762605e-13,False
inhale,50,5.1517047620933853,0.19275249131909361,0,1.8474111129762605e-13,False
inhale,50,5.1515389408807257,0.19498445997580455,0,1.5631940186722204e-13,False
inhale,50,5.1513715937231801,0.19724227361148533,0,1.8474111129762605e-13,False
inhale,50,5.1512027100881106,0.19952623149688797,0,1.7053025658242404e-13,False
inhale,50,5.1510322794452685,0.20183663636815607,0,1.9895196601282805e-13,False
inhale,50,5.1508602912668238,0.20417379446695297,0,1.7053025658242404e-13,False
inhale,50,5.1506867350274117,0.20653801558105292,0,1.9895196601282805e-13,False
inhale,50,5.1505116002041564,0.20892961308540398,0,1.8474111129762605e-13,False
inhale,50,5.1503348762767187,0.21134890398366465,0,2.2737367544323206e-13,False
inhale,50,5.1501565527273305,0.21379620895022325,0,2.2737367544323206e-13,False
inhale,50,5.1499766190408218,0.21627185237270202,0,2.2737367544323206e-13,False
inhale,50,5.1497950647046773,0.21877616239495529,0,1.8474111129762605e-13,False
inhale,50,5.1496118792090648,0.22130947096056375,0,2.1316282072803006e-13,False
inhale,50,5.1494270520468612,0.223872113856834,0,1.8474111129762605e-13,False
inhale,50,5.149240572713718,0.22646443075930595,0,1.9895196601282805e-13,False
inhale,50,5.1490524307080783,0.22908676527677729,0,2.2737367544323206e-13,False
inhale,50,5.1488626155312209,0.23173946499684786,0,1.9895196601282805e-13,False
inhale,50,5.1486711166873134,0.2344228815319922,0,2.2737367544323206e-13,False
inhale,50,5.1484779236834264,0.23713737056616552,0,2.1316282072803006e-13,False
inhale,50,5.1482830259172232,0.23988329190194904,0,2.1316282072803006e-13,False
inhale,50,5.1480864123401258,0.24266100950824154,0,2.2737367544323206e-13,False
inhale,50,5.1478880717950455,0.24547089156850305,0,2.2737367544323206e-13,False
inhale,50,5.1476879931288932,0.24831331052955705,0,2.5579538487363607e-13,False
inhale,50,5.1474861651926433,0.25118864315095801,0,2.1316282072803006e-13,False
inhale,50,5.1472825768414019,0.25409727055493053,0,2.7000623958883807e-13,False
inhale,50,5.1470772169344547,0.25703957827688639,0,3.1263880373444408e-13,False
inhale,50,5.1468700743353519,0.26001595631652719,0,2.9842794901924208e-13,False
inhale,50,5.1466611379119493,0.26302679918953814,0,2.1316282072803006e-13,False
inhale,50,5.1464503965365038,0.26607250597988097,0,2.7000623958883807e-13,False
inhale,50,5.1462378390856989,0.26915348039269155,0,2.5579538487363607e-13,False
inhale,50,5.1460234544407504,0.27227013080779128,0,2.1316282072803006e-13,False
inhale,50,5.1458072314874475,0.27542287033381663,0,2.4158453015843406e-13,False
inhale,50,5.1455891591162297,0.2786121168629771,0,2.5579538487363607e-13,False
inhale,50,5.1453692262222557,0.28183829312644537,0,2.9842794901924208e-13,False
inhale,50,5.1451474217054312,0.28510182675039097,0,-2.7000623958883807e-13,False
inhale,50,5.1449237344706189,0.28840315031266056,0,-3.1263880373444408e-13,False
inhale,50,5.144698153427516,0.29174270140011677,0,-2.7000623958883807e-13,False
inhale,50,5.1444706674908298,0.29512092266663853,0,-3.1263880373444408e-13,False
inhale,50,5.1442412655803453,0.298538261891796,0,-2.8421709430404007e-13,False
inhale,50,5.144009936620983,0.3019951720402016,0,-2.9842794901924208e-13,False
inhale,50,5.1437766695428735,0.3054921113215513,0,-2.7000623958883807e-13,False
inhale,50,5.1435414532814221,0.30902954325135906,0,-2.9842794901924208e-13,False
inhale,50,5.143304276777398,0.31260793671239551,0,-2.9842794901924208e-13,False
inhale,50,5.143065128976998,0.31622776601683794,0,-3.2684965844964609e-13,False
inhale,50,5.1428239988319202,0.31988951096913981,0,-2.9842794901924208e-13,False
inhale,50,5.1425808752994406,0.32359365692962827,0,-2.8421709430404007e-13,False
inhale,50,5.142335747342492,0.32734069487883821,0,-2.2737367544323206e-13,False
inhale,50,5.142088603929734,0.33113112148259111,0,-2.9842794901924208e-13,False
inhale,50,5.1418394340356386,0.33496543915782767,0,-2.9842794901924208e-13,False
inhale,50,5.1415882266405619,0.33884415613920255,0,-2.4158453015843406e-13,False
inhale,50,5.1413349707308145,0.3427677865464504,0,-2.7000623958883807e-13,False
inhale,50,5.1410796552987605,0.34673685045253166,0,-2.4158453015843406e-13,False
inhale,50,5.1408222693428707,0.35075187395256802,0,-2.5579538487363607e-13,False
inhale,50,5.1405628018678264,0.35481338923357547,0,-2.7000623958883807e-13,False
inhale,50,5.1403012418845861,0.35892193464500527,0,-2.9842794901924208e-13,False
inhale,50,5.1400375784104657,0.36307805477010141,0,-2.7000623958883807e-13,False
inhale,50,5.1397718005220971,0.36728230049808469,0,-2.4158453015843406e-13,False
inhale,50,5.1395038985186856,0.37153522909717257,0,-2.7000623958883807e-13,False
inhale,50,5.1392338639226693,0.3758374042884442,0,-2.4158453015843406e-13,False
inhale,50,5.1389616883169698,0.38018939632056115,0,-2.7000623958883807e-13,False
inhale,50,5.1386873632922541,0.38459178204535355,0,-2.5579538487363607e-13,False
inhale,50,5.138410880447001,0.38904514499428056,0,-2.5579538487363607e-13,False
inhale,50,5.1381322313876341,0.39355007545577742,0,-2.5579538487363607e-13,False
inhale,50,5.1378514077286104,0.3981071705534972,0,-2.4158453015843406e-13,False
inhale,50,5.137568401092512,0.40271703432545908,0,-2.7000623958883807e-13,False
inhale,50,5.137283203110167,0.40738027780411273,0,-2.2737367544323206e-13,False
inhale,50,5.1369958054207343,0.41209751909733022,0,-2.8421709430404007e-13,False
inhale,50,5.1367061996718233,0.41686938347033542,0,-2.5579538487363607e-13,False
inhale,50,5.1364143775195874,0.42169650342858223,0,-2.2737367544323206e-13,False
inhale,50,5.1361203306288283,0.42657951880159267,0,-2.4158453015843406e-13,False
inhale,50,5.135824050673107,0.43151907682776525,0,-2.2737367544323206e-13,False
inhale,50,5.1355255293348518,0.43651583224016599,0,-2.1316282072803006e-13,False
inhale,50,5.135224758305454,0.44157044735331252,0,-1.9895196601282805e-13,False
inhale,50,5.1349217292853799,0.44668359215096315,0,-2.1316282072803006e-13,False
inhale,50,5.1346164339842888,0.45185594437492238,0,-1.9895196601282805e-13,False
inhale,50,5.1343088641211212,0.45708818961487507,0,-2.1316282072803006e-13,False
inhale,50,5.1339990114242298,0.46238102139926035,0,-1.7053025658242404e-13,False
inhale,50,5.1336868676314689,0.46773514128719823,0,-1.8474111129762605e-13,False
inhale,50,5.1333724244903118,0.47315125896148053,0,-2.1316282072803006e-13,False
inhale,50,5.133055673757978,0.47863009232263842,0,-2.1316282072803006e-13,False
inhale,50,5.1327366072015126,0.48417236758409943,0,-1.8474111129762605e-13,False
inhale,50,5.1324152165979262,0.48977881936844625,0,-1.4210854715202004e-13,False
inhale,50,5.1320914937342827,0.4954501908047903,0,-1.8474111129762605e-13,False
inhale,50,5.1317654304078433,0.50118723362727235,0,-1.8474111129762605e-13,False
inhale,50,5.1314370184261486,0.50699070827470427,0,-1.7053025658242404e-13,False
inhale,50,5.1311062496071518,0.51286138399136483,0,-1.8474111129762605e-13,False
inhale,50,5.1307731157793333,0.51880003892896109,0,-1.1368683772161603e-13,False
inhale,50,5.1304376087817927,0.52480746024977254,0,-1.4210854715202004e-13,False
inhale,50,5.1300997204644023,0.53088444423098835,0,-1.8474111129762605e-13,False
inhale,50,5.1297594426878987,0.53703179637025267,0,-1.4210854715202004e-13,False
inhale,50,5.1294167673239972,0.54325033149243318,0,-1.5631940186722204e-13,False
inhale,50,5.1290716862555259,0.54954087385762451,0,-1.4210854715202004e-13,False
inhale,50,5.1287241913765298,0.5559042572704036,0,-1.4210854715202004e-13,False
inhale,50,5.1283742745924004,0.56234132519034907,0,-1.2789769243681803e-13,False
inhale,50,5.1280219288856763,0.56885293084384148,0,-9.9475983006414026e-14,False
inhale,50,5.1276671515133891,0.57543993733715693,0,-1.1368683772161603e-13,False
inhale,50,5.1273099408102505,0.58210321777087148,0,-1.1368683772161603e-13,False
inhale,50,5.1269502951231107,0.58884365535558902,0,-8.5265128291212022e-14,False
inhale,50,5.1265882128110709,0.59566214352901048,0,-1.1368683772161603e-13,False
inhale,50,5.126223692245591,0.60255958607435778,0,-1.1368683772161603e-13,False
inhale,50,5.1258567318106083,0.60953689724016924,0,-9.9475983006414026e-14,False
inhale,50,5.1254873299026471,0.61659500186148219,0,-9.9475983006414026e-14,False
inhale,50,5.1251154849309373,0.62373483548241926,0,-9.9475983006414026e-14,False
inhale,50,5.1247411953175277,0.63095734448019336,0,-7.1054273576010019e-14,False
inhale,50,5.1243644594973947,0.63826348619054873,0,-7.1054273576010019e-14,False
inhale,50,5.1239852759185593,0.64565422903465564,0,-8.5265128291212022e-14,False
inhale,50,5.123603643042216,0.65313055264747244,0,-2.8421709430404007e-14,False
inhale,50,5.1232195593428083,0.66069344800759611,0,-7.1054273576010019e-14,False
inhale,50,5.1228330233081927,0.66834391756861466,0,-2.8421709430404007e-14,False
inhale,50,5.1224440334397112,0.67608297539198192,0,-4.2632564145606011e-14,False
inhale,50,5.122052588252334,0.68391164728142928,0,-5.6843418860808015e-14,False
inhale,50,5.1216586862747535,0.69183097091893642,0,-1.4210854715202004e-14,False
inhale,50,5.1212623260495134,0.69984199600227348,0,-4.2632564145606011e-14,False
inhale,50,5.1208635061331167,0.70794578438413791,0,1.4210854715202004e-14,False
inhale,50,5.1204622250961407,0.71614341021290195,0,0,False
inhale,50,5.1200584815233485,0.72443596007499,0,-5.6843418860808015e-14,False
inhale,50,5.1196522740138191,0.73282453313890406,0,-4.2632564145606011e-14,False
inhale,50,5.1192436011810347,0.74131024130091749,0,-4.2632564145606011e-14,False
inhale,50,5.1188324616530219,0.74989420933245587,0,-2.8421709430404007e-14,False
inhale,50,5.1184188540724493,0.75857757502918377,0,0,False
inhale,50,5.1180027770967547,0.76736148936181892,0,2.8421709430404007e-14,False
inhale,50,5.1175842293982443,0.77624711662869172,0,0,False
inhale,50,5.1171632096642252,0.78523563461007184,0,-2.8421709430404007e-14,False
inhale,50,5.1167397165971114,0.79432823472428149,0,2.8421709430404007e-14,False
inhale,50,5.1163137489145241,0.80352612218561725,0,1.4210854715202004e-14,False
inhale,50,5.115885305349444,0.81283051616409929,0,1.4210854715202004e-14,False
inhale,50,5.1154543846502856,0.82224264994707119,0,-2.8421709430404007e-14,False
inhale,50,5.1150209855810349,0.83176377110267108,0,1.4210854715202004e-14,False
inhale,50,5.1145851069213588,0.84139514164519513,0,1.4210854715202004e-14,False
inhale,50,5.1141467474667213,0.85113803820237655,0,-2.8421709430404007e-14,False
inhale,50,5.1137059060284953,0.86099375218460072,0,1.4210854715202004e-14,False
inhale,50,5.1132625816539283,0.87096358995608081,0,0,False
inhale,50,5.1128167784626894,0.88104887300801427,0,-1.4210854715202004e-14,False
inhale,50,5.1123685056452164,0.89125093813374567,0,-1.4210854715202004e-14,False
inhale,50,5.1119177726252349,0.90157113760595708,0,-1.4210854715202004e-14,False
inhale,50,5.1114645888399224,0.91201083935590965,0,-1.4210854715202004e-14,False
inhale,50,5.1110089637399438,0.92257142715476315,0,-2.8421709430404007e-14,False
inhale,50,5.1105509067894959,0.93325430079699101,0,0,False
inhale,50,5.1100904274663455,0.94406087628592328,0,-4.2632564145606011e-14,False
inhale,50,5.1096275352618665,0.95499258602143589,0,0,False
inhale,50,5.1091622396810719,0.96605087898981334,0,1.4210854715202004e-14,False
inhale,50,5.1086945502426504,0.97723722095581067,0,0,False
inhale,50,5.1082244764790055,0.98855309465693886,0,-1.4210854715202004e-14,False
inhale,50,5.107752027936292,1,0,1.4210854715202004e-14,False
inhale,50,5.1072772141744327,1.0115794542598988,0,-1.4210854715202004e-14,False
inhale,50,5.1068000447671693,1.0232929922807541,0,1.4210854715202004e-14,False
inhale,50,5.1063205293020806,1.0351421666793441,0,0,False
inhale,50,5.1058386773806124,1.0471285480508996,0,1.4210854715202004e-14,False
inhale,50,5.1053544986181141,1.0592537251772887,0,-1.4210854715202004e-14,False
inhale,50,5.1048680026438689,1.0715193052376064,0,0,False
inhale,50,5.1043791991011043,1.0839269140212033,0,4.2632564145606011e-14,False
inhale,50,5.1038880976470331,1.0964781961431851,0,1.4210854715202004e-14,False
inhale,50,5.1033947079528765,1.1091748152624008,0,0,False
inhale,50,5.1028990397038836,1.1220184543019636,0,1.4210854715202004e-14,False
inhale,50,5.1024011025993605,1.1350108156723149,0,2.8421709430404007e-14,False
inhale,50,5.1019009063526859,1.1481536214968828,0,-1.4210854715202004e-14,False
inhale,50,5.1013984606913363,1.1614486138403426,0,-1.4210854715202004e-14,False
inhale,50,5.1008937753569112,1.1748975549395297,0,0,False
inhale,50,5.1003868601051421,1.1885022274370183,0,0,False
inhale,50,5.0998777247059239,1.2022644346174132,0,0,False
inhale,50,5.0993663789433175,1.2161860006463678,0,2.8421709430404007e-14,False
inhale,50,5.0988528326155764,1.2302687708123818,0,2.8421709430404007e-14,False
inhale,50,5.0983370955351672,1.244514611771385,0,1.4210854715202004e-14,False
inhale,50,5.0978191775287724,1.2589254117941675,0,1.4210854715202004e-14,False
inhale,50,5.0972990884373068,1.2735030810166617,0,2.8421709430404007e-14,False
inhale,50,5.096776838115936,1.2882495516931343,0,-1.4210854715202004e-14,False
inhale,50,5.0962524364340913,1.3031667784522993,0,-1.4210854715202004e-14,False
inhale,50,5.0957258932754712,1.3182567385564075,0,1.4210854715202004e-14,False
inhale,50,5.0951972185380425,1.333521432163324,0,1.4210854715202004e-14,False
inhale,50,5.0946664241691266,1.348962882591654,0,0,False
inhale,50,5.094133530267519,1.3645831365889245,0,9.9475983006414026e-14,False
inhale,50,5.0935985589730635,1.3803842646028852,0,5.6843418860808015e-14,False
inhale,50,5.0930615324307409,1.3963683610559376,0,2.8421709430404007e-14,False
inhale,50,5.0925224727905238,1.4125375446227548,0,4.2632564145606011e-14,False
inhale,50,5.0919814022072432,1.4288939585111029,0,5.6843418860808015e-14,False
inhale,50,5.091438342840453,1.4454397707459272,0,7.1054273576010019e-14,False
inhale,50,5.090893316854296,1.4621771744567182,0,9.9475983006414026e-14,False
inhale,50,5.0903463464173626,1.4791083881682072,0,8.5265128291212022e-14,False
inhale,50,5.0897974537025474,1.4962356560944337,0,7.1054273576010019e-14,False
inhale,50,5.0892466608869347,1.513561248436208,0,9.9475983006414026e-14,False
inhale,50,5.0886939901516222,1.5310874616820302,0,9.9475983006414026e-14,False
inhale,50,5.0881394636816131,1.5488166189124812,0,1.1368683772161603e-13,False
inhale,50,5.0875831036656578,1.5667510701081493,0,1.5631940186722204e-13,False
inhale,50,5.0870249322961101,1.5848931924611134,0,1.4210854715202004e-13,False
inhale,50,5.0864649717688089,1.6032453906900417,0,1.1368683772161603e-13,False
inhale,50,5.0859032442829069,1.6218100973589298,0,1.5631940186722204e-13,False
inhale,50,5.0853397720407418,1.6405897731995396,0,1.5631940186722204e-13,False
inhale,50,5.0847745772476873,1.6595869074375604,0,1.4210854715202004e-13,False
inhale,50,5.0842076821120212,1.6788040181225607,0,1.9895196601282805e-13,False
inhale,50,5.0836391088447543,1.6982436524617444,0,1.7053025658242404e-13,False
inhale,50,5.0830688796595176,1.7179083871575884,0,1.9895196601282805e-13,False
inhale,50,5.0824970167723862,1.7378008287493754,0,1.8474111129762605e-13,False
inhale,50,5.0819235424017526,1.7579236139586931,0,1.7053025658242404e-13,False
inhale,50,5.0813484787681693,1.7782794100389228,0,1.9895196601282805e-13,False
inhale,50,5.0807718480941997,1.7988709151287883,0,2.2737367544323206e-13,False
inhale,50,5.0801936726042776,1.8197008586099834,0,2.4158453015843406e-13,False
inhale,50,5.0796139745245492,1.8407720014689564,0,2.5579538487363607e-13,False
inhale,50,5.0790327760827312,1.8620871366628675,0,2.5579538487363607e-13,False
inhale,50,5.0784500995079469,1.883649089489801,0,1.8474111129762605e-13,False
inhale,50,5.0778659670306014,1.9054607179632472,0,2.7000623958883807e-13,False
inhale,50,5.077280400882163,1.9275249131909356,0,-3.1263880373444408e-13,False
inhale,50,5.0766934232951675,1.9498445997580456,0,-2.8421709430404007e-13,False
inhale,50,5.0761050565028567,1.9724227361148534,0,-2.8421709430404007e-13,False
inhale,50,5.0755153227391654,1.9952623149688797,0,-2.7000623958883807e-13,False
inhale,50,5.0749242442385274,2.0183663636815607,0,-2.7000623958883807e-13,False
inhale,50,5.0743318432357229,2.0417379446695296,0,-2.5579538487363607e-13,False
inhale,50,5.0737381421537977,2.0653801558105291,0,-2.7000623958883807e-13,False
inhale,50,5.0731431677395165,2.0892961308540396,0,-2.8421709430404007e-13,False
inhale,50,5.072546951054866,2.1134890398366464,0,-2.5579538487363607e-13,False
inhale,50,5.0719495233356495,2.1379620895022327,0,-2.5579538487363607e-13,False
inhale,50,5.0713509158031025,2.1627185237270199,0,-2.5579538487363607e-13,False
inhale,50,5.0707511596636001,2.187761623949553,0,-2.5579538487363607e-13,False
inhale,50,5.070150286108408,2.2130947096056377,0,-1.9895196601282805e-13,False
inhale,50,5.0695483263134156,2.2387211385683399,0,-2.1316282072803006e-13,False
inhale,50,5.0689453114388705,2.2646443075930596,0,-2.4158453015843406e-13,False
inhale,50,5.0683412726291266,2.2908676527677736,0,-1.7053025658242404e-13,False
inhale,50,5.0677362410123736,2.3173946499684783,0,-1.7053025658242404e-13,False
inhale,50,5.0671302477004074,2.3442288153199229,0,-1.8474111129762605e-13,False
inhale,50,5.066523323788358,2.3713737056616551,0,-1.8474111129762605e-13,False
inhale,50,5.0659155003544427,2.3988329190194912,0,-1.9895196601282805e-13,False
inhale,50,5.065306808459729,2.4266100950824154,0,-1.8474111129762605e-13,False
inhale,50,5.0646972791478788,2.454708915685031,0,-1.8474111129762605e-13,False
inhale,50,5.0640869434449165,2.4831331052955705,0,-1.2789769243681803e-13,False
inhale,50,5.0634758323589706,2.511886431509581,0,-1.5631940186722204e-13,False
inhale,50,5.0628639768800641,2.5409727055493052,0,-1.7053025658242404e-13,False
inhale,50,5.0622514079798515,2.5703957827688635,0,-1.2789769243681803e-13,False
inhale,50,5.0616381566114024,2.6001595631652723,0,-1.1368683772161603e-13,False
inhale,50,5.061024253708962,2.6302679918953813,0,-1.1368683772161603e-13,False
inhale,50,5.0604097301877298,2.6607250597988097,0,-9.9475983006414026e-14,False
inhale,50,5.0597946169436296,2.6915348039269151,0,-1.1368683772161603e-13,False
inhale,50,5.0591789448530875,2.7227013080779128,0,-7.1054273576010019e-14,False
inhale,50,5.0585627447728072,2.7542287033381663,0,-8.5265128291212022e-14,False
inhale,50,5.0579460475395521,2.7861211686297707,0,-7.1054273576010019e-14,False
inhale,50,5.0573288839699382,2.8183829312644537,0,-2.8421709430404007e-14,False
inhale,50,5.0567112848601985,2.85101826750391,0,-8.5265128291212022e-14,False
inhale,50,5.0560932809860004,2.8840315031266055,0,-2.8421709430404007e-14,False
inhale,50,5.0554749031022101,2.9174270140011673,0,-5.6843418860808015e-14,False
inhale,50,5.0548561819427,2.9512092266663856,0,-4.2632564145606011e-14,False
inhale,50,5.0542371482201442,2.9853826189179604,0,-4.2632564145606011e-14,False
inhale,50,5.0536178326258092,3.0199517204020161,0,-2.8421709430404007e-14,False
inhale,50,5.05299826582936,3.0549211132155141,0,-5.6843418860808015e-14,False
inhale,50,5.0523784784786621,3.0902954325135905,0,-4.2632564145606011e-14,False
inhale,50,5.0517585011995862,3.126079367123956,0,1.4210854715202004e-14,False
inhale,50,5.0511383645958112,3.1622776601683795,0,0,False
inhale,50,5.050518099490489,3.1988951096913989,0,1.4210854715202004e-14,False
inhale,50,5.0498977376478704,3.2359365692962827,0,0,False
inhale,50,5.0492773110411138,3.273406948788383,0,-2.8421709430404007e-14,False
inhale,50,5.0486568516093486,3.3113112148259112,0,-2.8421709430404007e-14,False
inhale,50,5.0480363912574804,3.3496543915782775,0,-2.8421709430404007e-14,False
inhale,50,5.0474159618560241,3.3884415613920256,0,-1.4210854715202004e-14,False
inhale,50,5.0467955952409405,3.4276778654645046,0,-1.4210854715202004e-14,False
inhale,50,5.0461753232134736,3.4673685045253166,0,-2.8421709430404007e-14,False
inhale,50,5.0455551775399901,3.5075187395256795,0,-1.4210854715202004e-14,False
inhale,50,5.0449351899518318,3.548133892335755,0,2.8421709430404007e-14,False
inhale,50,5.0443153921451636,3.5892193464500517,0,-1.4210854715202004e-14,False
inhale,50,5.043695815780846,3.630780547701014,0,-4.2632564145606011e-14,False
inhale,50,5.043076492484289,3.6728230049808461,0,0,False
inhale,50,5.0424574538453157,3.715352290971726,0,0,False
inhale,50,5.0418387314180571,3.7583740428844412,0,0,False
inhale,50,5.0412203567208156,3.8018939632056128,0,-2.8421709430404007e-14,False
inhale,50,5.0406023612359609,3.8459178204535354,0,1.4210854715202004e-14,False
inhale,50,5.0399847764098098,3.8904514499428067,0,-1.4210854715202004e-14,False
inhale,50,5.0393676336525406,3.9355007545577743,0,1.4210854715202004e-14,False
inhale,50,5.0387509643380683,3.9810717055349731,0,-1.4210854715202004e-14,False
inhale,50,5.0381347998039825,4.0271703432545909,0,2.8421709430404007e-14,False
inhale,50,5.0375191713514287,4.0738027780411281,0,-1.4210854715202004e-14,False
inhale,50,5.036904110245052,4.1209751909733017,0,0,False
inhale,50,5.0362896477128967,4.1686938347033546,0,2.8421709430404007e-14,False
inhale,50,5.0356758149463534,4.2169650342858223,0,1.4210854715202004e-14,False
inhale,50,5.0350626431000736,4.2657951880159279,0,2.8421709430404007e-14,False
inhale,50,5.0344501632919227,4.3151907682776525,0,-2.8421709430404007e-14,False
inhale,50,5.033838406602916,4.365158322401661,0,0,False
inhale,50,5.0332274040771647,4.4157044735331255,0,0,False
inhale,50,5.0326171867218301,4.4668359215096327,0,1.4210854715202004e-14,False
inhale,50,5.0320077855070933,4.5185594437492238,0,7.1054273576010019e-14,False
inhale,50,5.0313992313660902,4.5708818961487516,0,-1.4210854715202004e-14,False
inhale,50,5.0307915551949201,4.6238102139926029,0,-4.2632564145606011e-14,False
inhale,50,5.0301847878525878,4.6773514128719809,0,2.8421709430404007e-14,False
inhale,50,5.0295789601609906,4.7315125896148054,0,1.4210854715202004e-14,False
inhale,50,5.0289741029049058,4.7863009232263831,0,4.2632564145606011e-14,False
inhale,50,5.0283702468319804,4.8417236758409938,0,5.6843418860808015e-14,False
inhale,50,5.0277674225153062,4.8977881936844616,0,2.8421709430404007e-14,False
inhale,50,5.0271656573303245,4.9545019080479031,0,1.4210854715202004e-14,False
inhale,50,5.0265649754544919,5.011872336272722,0,5.6843418860808015e-14,False
inhale,50,5.0259654008901844,5.0699070827470445,0,7.1054273576010019e-14,False
inhale,50,5.0253669576021824,5.1286138399136485,0,4.2632564145606011e-14,False
inhale,50,5.024769669517732,5.1880003892896118,0,5.6843418860808015e-14,False
inhale,50,5.0241735605265978,5.2480746024977254,0,9.9475983006414026e-14,False
inhale,50,5.0235786544811463,5.3088444423098844,0,8.5265128291212022e-14,False
inhale,50,5.0229849751964242,5.3703179637025267,0,5.6843418860808015e-14,False
inhale,50,5.022392546450237,5.4325033149243334,0,7.1054273576010019e-14,False
inhale,50,5.0218013919832289,5.4954087385762458,0,1.2789769243681803e-13,False
inhale,50,5.0212115354989821,5.5590425727040369,0,8.5265128291212022e-14,False
inhale,50,5.0206230006641128,5.6234132519034912,0,1.1368683772161603e-13,False
inhale,50,5.0200358111083601,5.6885293084384161,0,1.4210854715202004e-13,False
inhale,50,5.0194499904246968,5.7543993733715695,0,7.1054273576010019e-14,False
inhale,50,5.0188655621694549,5.8210321777087159,0,1.4210854715202004e-13,False
inhale,50,5.0182825498624002,5.8884365535558896,0,1.7053025658242404e-13,False
inhale,50,5.017700976986883,5.9566214352901063,0,1.4210854715202004e-13,False
inhale,50,5.0171208669899539,6.0255958607435778,0,1.4210854715202004e-13,False
inhale,50,5.0165422432824807,6.095368972401694,0,2.1316282072803006e-13,False
inhale,50,5.0159651292392837,6.1659500186148222,0,1.8474111129762605e-13,False
inhale,50,5.0153895481992761,6.2373483548241913,0,1.5631940186722204e-13,False
inhale,50,5.0148155234656038,6.3095734448019334,0,2.1316282072803006e-13,False
inhale,50,5.0142430783057765,6.382634861905486,0,2.1316282072803006e-13,False
inhale,50,5.0136722359518355,6.4565422903465564,0,2.4158453015843406e-13,False
inhale,50,5.0131030196004875,6.5313055264747231,0,2.4158453015843406e-13,False
inhale,50,5.0125354524132844,6.6069344800759611,0,2.8421709430404007e-13,False
inhale,50,5.0119695575167569,6.6834391756861455,0,2.4158453015843406e-13,False
inhale,50,5.0114053580026052,6.7608297539198192,0,2.7000623958883807e-13,False
inhale,50,5.0108428769278515,6.8391164728142924,0,2.1316282072803006e-13,False
inhale,50,5.0102821373150048,6.9183097091893657,0,-2.5579538487363607e-13,False
inhale,50,5.0097231621523308,6.9984199600227344,0,-2.2737367544323206e-13,False
inhale,50,5.0091659743938779,7.0794578438413804,0,-2.7000623958883807e-13,False
inhale,50,5.0086105969597785,7.1614341021290198,0,-2.5579538487363607e-13,False
inhale,50,5.0080570527364019,7.2443596007499025,0,-2.4158453015843406e-13,False
inhale,50,5.0075053645765575,7.3282453313890406,0,-2.7000623958883807e-13,False
inhale,50,5.0069555552996965,7.4131024130091774,0,-3.1263880373444408e-13,False
inhale,50,5.0064076476921082,7.4989420933245583,0,-2.5579538487363607e-13,False
inhale,50,5.0058616626861081,7.5857757502918401,0,-2.4158453015843406e-13,False
inhale,50,5.005317613900214,7.6736148936181898,0,-2.4158453015843406e-13,False
inhale,50,5.0047755131076999,7.7624711662869199,0,-2.5579538487363607e-13,False
inhale,50,5.0042353720585604,7.8523563461007182,0,-2.5579538487363607e-13,False
inhale,50,5.0036972024796897,7.9432823472428176,0,-2.1316282072803006e-13,False
inhale,50,5.0031610160750741,8.0352612218561728,0,-2.1316282072803006e-13,False
inhale,50,5.0026268245259704,8.1283051616409949,0,-2.4158453015843406e-13,False
inhale,50,5.0020946394911174,8.2224264994707124,0,-2.2737367544323206e-13,False
inhale,50,5.0015644726068951,8.317637711026709,0,-2.2737367544323206e-13,False
inhale,50,5.0010363354875507,8.4139514164519511,0,-2.1316282072803006e-13,False
inhale,50,5.0005102397253687,8.5113803820237628,0,-2.2737367544323206e-13,False
inhale,50,4.9999861968908803,8.6099375218460068,0,-1.9895196601282805e-13,False
inhale,50,4.9994642185330562,8.709635899560805,0,-1.5631940186722204e-13,False
inhale,50,4.9989443161795064,8.8104887300801416,0,-1.7053025658242404e-13,False
inhale,50,4.9984265013366773,8.9125093813374541,0,-1.7053025658242404e-13,False
inhale,50,4.9979107854900704,9.0157113760595706,0,-1.4210854715202004e-13,False
inhale,50,4.9973971801044179,9.1201083935590965,0,-1.5631940186722204e-13,False
inhale,50,4.9968856966239148,9.2257142715476341,0,-1.5631940186722204e-13,False
inhale,50,4.9963763464724149,9.3325430079699103,0,-1.4210854715202004e-13,False
inhale,50,4.9958691410536264,9.4406087628592363,0,-1.9895196601282805e-13,False
inhale,50,4.9953640917513606,9.5499258602143584,0,-1.1368683772161603e-13,False
inhale,50,4.9948612099296836,9.6605087898981363,0,-9.9475983006414026e-14,False
inhale,50,4.9943605069331891,9.7723722095581067,0,-9.9475983006414026e-14,True
inhale,50,4.9938619940871734,9.885530946569391,0,-9.9475983006414026e-14,True
inhale,50,4.9933656826978696,10,0,-8.5265128291212022e-14,True
inhale,50,4.9928715840526534,10.115794542598982,0,-9.9475983006414026e-14,True
inhale,50,4.9923797094202751,10.232929922807546,0,-9.9475983006414026e-14,True
inhale,50,4.9918900700510678,10.351421666793442,0,-8.5265128291212022e-14,True
inhale,50,4.9914026771771711,10.471285480508996,0,-9.9475983006414026e-14,True
inhale,50,4.9909175420127596,10.592537251772887,0,-9.9475983006414026e-14,True
inhale,50,4.9904346757542655,10.715193052376071,0,-7.1054273576010019e-14,True
inhale,50,4.9899540895805981,10.839269140212039,0,-5.6843418860808015e-14,True
inhale,50,4.9894757946533757,10.964781961431852,0,-4.2632564145606011e-14,True
inhale,50,4.98899980211716,11.091748152624008,0,-2.8421709430404007e-14,True
inhale,50,4.9885261230996747,11.220184543019629,0,-1.4210854715202004e-14,True
inhale,50,4.9880547687120416,11.350108156723154,0,-5.6843418860808015e-14,True
inhale,50,4.9875857500490248,11.481536214968829,0,-2.8421709430404007e-14,True
inhale,50,4.987119077971248,11.614486138403427,0,-8.5265128291212022e-14,True
inhale,50,4.9866547583112908,11.748975549395292,0,-2.8421709430404007e-14,True
inhale,50,4.9861927918807023,11.88502227437019,0,-2.8421709430404007e-14,True
inhale,50,4.9857331792688582,12.022644346174131,0,2.8421709430404007e-14,True
inhale,50,4.9852759210611115,12.161860006463678,0,1.4210854715202004e-14,True
inhale,50,4.9848210178389225,12.302687708123811,0,-2.8421709430404007e-14,True
inhale,50,4.984368470179982,12.445146117713856,0,-2.8421709430404007e-14,True
inhale,50,4.983918278658316,12.589254117941675,0,-1.4210854715202004e-14,True
inhale,50,4.9834704438444222,12.735030810166617,0,0,True
inhale,50,4.9830249663053721,12.882495516931336,0,-1.4210854715202004e-14,True
inhale,50,4.9825818466049441,13.031667784523,0,-2.8421709430404007e-14,True
inhale,50,4.9821410853037351,13.182567385564074,0,0,True
inhale,50,4.9817026829592788,13.33521432163324,0,-2.8421709430404007e-14,True
inhale,50,4.9812666401261687,13.489628825916533,0,-2.8421709430404007e-14,True
inhale,50,4.9808329573561698,13.645831365889252,0,1.4210854715202004e-14,True
inhale,50,4.9804016351983407,13.803842646028853,0,0,True
inhale,50,4.9799726741991499,13.963683610559377,0,0,True
inhale,50,4.9795460749025926,14.12537544622754,0,-2.8421709430404007e-14,True
inhale,50,4.9791218378503173,14.288939585111036,0,-1.4210854715202004e-14,True
inhale,50,4.9786999635817262,14.454397707459281,0,5.6843418860808015e-14,True
inhale,50,4.9782804526340989,14.621771744567184,0,0,True
inhale,50,4.9778633055427228,14.791083881682072,0,-2.8421709430404007e-14,True
inhale,50,4.9774485228409899,14.962356560944343,0,2.8421709430404007e-14,True
inhale,50,4.9770361050605221,15.135612484362087,0,0,True
inhale,50,4.9766260527312927,15.310874616820303,0,-2.8421709430404007e-14,True
inhale,50,4.9762183663817332,15.488166189124811,0,2.8421709430404007e-14,True
inhale,50,4.9758130465388524,15.667510701081484,0,4.2632564145606011e-14,True
inhale,50,4.9754100937283559,15.848931924611142,0,-4.2632564145606011e-14,True
inhale,50,4.9750095084747583,16.032453906900418,0,-4.2632564145606011e-14,True
inhale,50,4.9746112913015077,16.218100973589298,0,1.4210854715202004e-14,True
inhale,50,4.9742154427310714,16.405897731995388,0,-1.4210854715202004e-14,True
inhale,50,4.9738219632851024,16.595869074375614,0,2.8421709430404007e-14,True
inhale,50,4.9734308534845004,16.788040181225607,0,-2.8421709430404007e-14,True
inhale,50,4.9730421138495666,16.982436524617444,0,2.8421709430404007e-14,True
inhale,50,4.9726557449000941,17.179083871575877,0,0,True
inhale,50,4.9722717471555011,17.378008287493763,0,0,True
inhale,50,4.9718901211349253,17.579236139586932,0,-2.8421709430404007e-14,True
inhale,50,4.9715108673573605,17.782794100389228,0,0,True
inhale,50,4.971133985156392,17.988709151287875,0,1.4210854715202004e-14,True
inhale,50,4.9707594691269232,18.197008586099845,0,0,True
inhale,50,4.9703873126860643,18.407720014689563,0,1.4210854715202004e-14,True
inhale,50,4.9700175092591428,18.620871366628677,0,1.4210854715202004e-14,True
inhale,50,4.9696500522797251,18.836490894898002,0,-2.8421709430404007e-14,True
inhale,50,4.9692849351896005,19.054607179632484,0,-1.4210854715202004e-14,True
inhale,50,4.9689221514387745,19.275249131909366,0,0,True
inhale,50,4.9685616944854711,19.498445997580454,0,0,True
inhale,50,4.968203557796123,19.724227361148536,0,1.4210854715202004e-14,True
inhale,50,4.9678477348453667,19.952623149688808,0,1.4210854715202004e-14,True
inhale,50,4.9674942191160429,20.183663636815616,0,1.4210854715202004e-14,True
inhale,50,4.9671430040991806,20.417379446695296,0,-1.4210854715202004e-14,True
inhale,50,4.9667940832939994,20.65380155810529,0,-2.8421709430404007e-14,True
inhale,50,4.9664474502079061,20.892961308540386,0,-2.8421709430404007e-14,True
inhale,50,4.9661030983564789,21.134890398366476,0,-1.4210854715202004e-14,True
inhale,50,4.9657610212634689,21.379620895022324,0,-1.4210854715202004e-14,True
inhale,50,4.9654212124607913,21.627185237270201,0,1.4210854715202004e-14,True
inhale,50,4.9650836654885167,21.87761623949552,0,2.8421709430404007e-14,True
inhale,50,4.9647483738948681,22.130947096056389,0,0,True
inhale,50,4.9644153312362151,22.387211385683401,0,0,True
inhale,50,4.9640845310770629,22.646443075930595,0,1.4210854715202004e-14,True
inhale,50,4.9637559669900435,22.908676527677724,0,-1.4210854715202004e-14,True
inhale,50,4.9634296325559157,23.173946499684796,0,-2.8421709430404007e-14,True
inhale,50,4.9631055213635547,23.442288153199225,0,1.4210854715202004e-14,True
inhale,50,4.9627836270099372,23.713737056616552,0,1.4210854715202004e-14,True
inhale,50,4.9624639431001407,23.9883291901949,0,1.4210854715202004e-14,True
inhale,50,4.9621464632473415,24.266100950824168,0,0,False
inhale,50,4.9618311810727889,24.547089156850312,0,2.8421709430404007e-14,False
inhale,50,4.9615180902058178,24.831331052955704,0,5.6843418860808015e-14,False
inhale,50,4.9612071842838192,25.118864315095795,0,4.2632564145606011e-14,False
inhale,50,4.9608984569522532,25.409727055493065,0,4.2632564145606011e-14,False
inhale,50,4.9605919018646185,25.703957827688647,0,5.6843418860808015e-14,False
inhale,50,4.9602875126824628,26.001595631652723,0,5.6843418860808015e-14,False
inhale,50,4.9599852830753575,26.302679918953814,0,4.2632564145606011e-14,False
inhale,50,4.9596852067209118,26.607250597988113,0,7.1054273576010019e-14,False
inhale,50,4.9593872773047281,26.915348039269166,0,8.5265128291212022e-14,False
inhale,50,4.9590914885204178,27.227013080779127,0,7.1054273576010019e-14,False
inhale,50,4.9587978339967247,27.542287033381662,0,4.2632564145606011e-14,False
inhale,50,4.9585063056948186,27.861211686297693,0,8.5265128291212022e-14,False
inhale,50,4.9582168939106177,28.183829312644551,0,5.6843418860808015e-14,False
inhale,50,4.9579295888789146,28.510182675039097,0,5.6843418860808015e-14,False
inhale,50,4.957644380846209,28.840315031266059,0,8.5265128291212022e-14,False
inhale,50,4.957361260070611,29.174270140011661,0,7.1054273576010019e-14,False
inhale,50,4.9570802168217805,29.512092266663871,0,5.6843418860808015e-14,False
inhale,50,4.9568012413808402,29.853826189179603,0,4.2632564145606011e-14,False
inhale,50,4.9565243240403092,30.199517204020161,0,8.5265128291212022e-14,False
inhale,50,4.9562494551040066,30.549211132155122,0,9.9475983006414026e-14,False
inhale,50,4.9559766248870014,30.902954325135919,0,1.1368683772161603e-13,False
inhale,50,4.9557058237155109,31.260793671239558,0,1.1368683772161603e-13,False
inhale,50,4.9554370419268512,31.622776601683793,0,8.5265128291212022e-14,False
inhale,50,4.9551702698693418,31.988951096913972,0,8.5265128291212022e-14,False
inhale,50,4.9549054979022378,32.359365692962847,0,1.1368683772161603e-13,False
inhale,50,4.9546427163956546,32.734069487883829,0,1.4210854715202004e-13,False
inhale,50,4.9543819157304929,33.113112148259113,0,8.5265128291212022e-14,False
inhale,50,4.9541230862983694,33.496543915782759,0,9.9475983006414026e-14,False
inhale,50,4.9538662185015392,33.884415613920275,0,9.9475983006414026e-14,False
inhale,50,4.9536113027528152,34.276778654645049,0,1.1368683772161603e-13,False
inhale,50,4.9533583294755106,34.673685045253166,0,1.1368683772161603e-13,False
inhale,50,4.9531072891033521,35.075187395256798,0,9.9475983006414026e-14,False
inhale,50,4.9528581720804112,35.481338923357569,0,1.4210854715202004e-13,False
inhale,50,4.9526109688610358,35.892193464500536,0,1.7053025658242404e-13,False
inhale,50,4.9523656699097733,36.307805477010142,0,1.8474111129762605e-13,False
inhale,50,4.9521222657012967,36.72823004980846,0,9.9475983006414026e-14,False
inhale,50,4.9518807467203505,37.153522909717239,0,1.5631940186722204e-13,False
inhale,50,4.9516411034616423,37.583740428844429,0,1.2789769243681803e-13,False
inhale,50,4.9514033264298174,38.018939632056124,0,1.5631940186722204e-13,False
inhale,50,4.9511674061393505,38.459178204535355,0,1.7053025658242404e-13,False
inhale,50,4.9509333331144969,38.904514499428046,0,1.7053025658242404e-13,False
inhale,50,4.9507010978892145,39.355007545577763,0,1.9895196601282805e-13,False
inhale,50,4.9504706910070926,39.810717055349734,0,1.5631940186722204e-13,False
inhale,50,4.9502421030212886,40.271703432545905,0,2.1316282072803006e-13,False
inhale,50,4.9500153244944443,40.738027780411258,0,1.4210854715202004e-13,False
inhale,50,4.9497903459986423,41.209751909733043,0,1.8474111129762605e-13,False
inhale,50,4.9495671581153049,41.686938347033553,0,1.9895196601282805e-13,False
inhale,50,4.9493457514351533,42.169650342858226,0,1.7053025658242404e-13,False
inhale,50,4.9491261164577729,42.657951880159253,0,1.7053025658242404e-13,False
inhale,50,4.948908243290937,43.151907682776546,0,1.8474111129762605e-13,False
inhale,50,4.9486921219522602,43.651583224016612,0,2.4158453015843406e-13,False
inhale,50,4.9484777424695485,44.157044735331255,0,2.2737367544323206e-13,False
inhale,50,4.948265094880723,44.668359215096302,0,2.4158453015843406e-13,False
inhale,50,4.9480541692337203,45.185594437492263,0,2.7000623958883807e-13,False
inhale,50,4.9478449555863975,45.708818961487516,0,2.2737367544323206e-13,False
inhale,50,4.9476374440064559,46.238102139926035,0,1.9895196601282805e-13,False
inhale,50,4.9474316245713394,46.77351412871981,0,2.4158453015843406e-13,False
inhale,50,4.9472274873681448,47.315125896148075,0,2.4158453015843406e-13,False
inhale,50,4.9470250224935457,47.863009232263849,0,2.1316282072803006e-13,False
inhale,50,4.946824220053692,48.417236758409942,0,2.4158453015843406e-13,False
inhale,50,4.946625070164127,48.977881936844611,0,2.4158453015843406e-13,False
inhale,50,4.9464275629497001,49.545019080479001,0,2.5579538487363607e-13,False
inhale,50,4.9462316885444819,50.118723362727252,0,2.8421709430404007e-13,False
inhale,50,4.946037437091678,50.699070827470443,0,2.4158453015843406e-13,False
inhale,50,4.9458447987435452,51.286138399136483,0,2.9842794901924208e-13,False
inhale,50,4.9456537636612925,51.880003892896092,0,2.5579538487363607e-13,False
inhale,50,4.9454643220150238,52.480746024977286,0,2.7000623958883807e-13,False
inhale,50,4.9452764639836326,53.088444423098849,0,2.4158453015843406e-13,False
inhale,50,4.9450901797547226,53.703179637025272,0,2.8421709430404007e-13,False
inhale,50,4.9449054595245308,54.325033149243303,0,2.8421709430404007e-13,False
inhale,50,4.9447222934978088,54.954087385762485,0,-2.5579538487363607e-13,False
inhale,50,4.9445406718878662,55.590425727040369,0,-2.8421709430404007e-13,False
inhale,50,4.9443605849163088,56.234132519034908,0,-3.1263880373444408e-13,False
inhale,50,4.9441820228130755,56.885293084384131,0,-2.7000623958883807e-13,False
inhale,50,4.9440049758163243,57.543993733715723,0,-2.7000623958883807e-13,False
inhale,50,4.9438294341723541,58.210321777087159,0,-2.9842794901924208e-13,False
inhale,50,4.9436553881355438,58.884365535558899,0,-2.8421709430404007e-13,False
inhale,50,4.9434828279682392,59.566214352901035,0,-3.1263880373444408e-13,False
inhale,50,4.9433117439407077,60.255958607435808,0,-2.5579538487363607e-13,False
inhale,50,4.9431421263310371,60.95368972401694,0,-2.8421709430404007e-13,False
inhale,50,4.9429739654250673,61.659500186148222,0,-3.1263880373444408e-13,False
inhale,50,4.9428072515163226,62.373483548241914,0,-2.7000623958883807e-13,False
inhale,50,4.9426419749059178,63.095734448019364,0,-2.7000623958883807e-13,False
inhale,50,4.9424781259024897,63.82634861905489,0,-2.4158453015843406e-13,False
inhale,50,4.9423156948221258,64.56542290346556,0,-2.7000623958883807e-13,False
inhale,50,4.9421546719882885,65.313055264747234,0,-2.9842794901924208e-13,False
inhale,50,4.9419950477317398,66.06934480075958,0,-2.7000623958883807e-13,False
inhale,50,4.9418368123904566,66.834391756861493,0,-2.8421709430404007e-13,False
inhale,50,4.9416799563095752,67.60829753919819,0,-2.7000623958883807e-13,False
inhale,50,4.9415244698413066,68.391164728142925,0,-2.4158453015843406e-13,False
inhale,50,4.9413703433448681,69.183097091893629,0,-2.4158453015843406e-13,False
inhale,50,4.9412175671864098,69.984199600227385,0,-2.5579538487363607e-13,False
inhale,50,4.9410661317389417,70.794578438413808,0,-2.7000623958883807e-13,False
inhale,50,4.9409160273822703,71.614341021290201,0,-2.7000623958883807e-13,False
inhale,50,4.9407672445029167,72.443596007498982,0,-2.7000623958883807e-13,False
inhale,50,4.9406197734940527,73.282453313890443,0,-2.9842794901924208e-13,False
inhale,50,4.9404736047554305,74.131024130091774,0,-2.7000623958883807e-13,False
inhale,50,4.9403287286933155,74.989420933245583,0,-2.7000623958883807e-13,False
inhale,50,4.9401851357204114,75.857757502918361,0,-2.2737367544323206e-13,False
inhale,50,4.9400428162557954,76.736148936181934,0,-2.7000623958883807e-13,False
inhale,50,4.9399017607248554,77.624711662869203,0,-2.7000623958883807e-13,False
inhale,50,4.9397619595592177,78.523563461007186,0,-2.4158453015843406e-13,False
inhale,50,4.9396234031966717,79.43282347242814,0,-2.4158453015843406e-13,False
inhale,50,4.9394860820811228,80.352612218561774,0,-2.4158453015843406e-13,False
inhale,50,4.9393499866625055,81.283051616409949,0,-2.4158453015843406e-13,False
inhale,50,4.939215107396735,82.224264994707127,0,-2.8421709430404007e-13,False
inhale,50,4.9390814347456349,83.176377110267083,0,-2.7000623958883807e-13,False
inhale,50,4.9389489591768676,84.139514164519554,0,-2.7000623958883807e-13,False
inhale,50,4.9388176711638785,85.113803820237678,0,-2.5579538487363607e-13,False
inhale,50,4.9386875611858274,86.099375218460082,0,-2.4158453015843406e-13,False
inhale,50,4.9385586197275257,87.096358995608057,0,-2.4158453015843406e-13,False
inhale,50,4.9384308372793759,88.10488730080138,0,-2.5579538487363607e-13,False
inhale,50,4.9383042043373067,89.12509381337459,0,-2.7000623958883807e-13,False
inhale,50,4.9381787114027169,90.157113760595706,0,-2.5579538487363607e-13,False
inhale,50,4.9380543489824005,91.201083935590972,0,-2.5579538487363607e-13,False
inhale,50,4.9379311075884944,92.257142715476292,0,-2.5579538487363607e-13,False
inhale,50,4.9378089777384266,93.325430079699146,0,-2.7000623958883807e-13,False
inhale,50,4.9376879499548405,94.40608762859236,0,-2.7000623958883807e-13,False
inhale,50,4.9375680147655379,95.499258602143584,0,-2.2737367544323206e-13,False
inhale,50,4.9374491627034285,96.60508789898131,0,-2.1316282072803006e-13,False
inhale,50,4.9373313843064626,97.72372209558111,0,-2.5579538487363607e-13,False
inhale,50,4.9372146701175819,98.855309465693907,0,-2.5579538487363607e-13,False
inhale,50,4.9370990106846433,100,0,-2.4158453015843406e-13,False
inhale,60,6.2419611236643595,0.10000000000000001,0,1.4210854715202004e-14,False
inhale,60,6.2418062592987367,0.10115794542598985,0,-1.4210854715202004e-14,False
inhale,60,6.2416499048719478,0.10232929922807542,0,0,False
inhale,60,6.2414920414120223,0.10351421666793438,0,1.4210854715202004e-14,False
inhale,60,6.2413326499487063,0.10471285480508996,0,0,False
inhale,60,6.2411717115135001,0.10592537251772889,0,1.4210854715202004e-14,False
inhale,60,6.2410092071396788,0.10715193052376065,0,-1.4210854715202004e-14,False
inhale,60,6.2408451178623432,0.10839269140212036,0,-1.4210854715202004e-14,False
inhale,60,6.2406794247184543,0.10964781961431851,0,1.4210854715202004e-14,False
inhale,60,6.2405121087468602,0.11091748152624012,0,0,False
inhale,60,6.2403431509883518,0.11220184543019636,0,1.4210854715202004e-14,False
inhale,60,6.2401725324856798,0.11350108156723152,0,0,False
inhale,60,6.24000023428363,0.11481536214968829,0,-1.4210854715202004e-14,False
inhale,60,6.2398262374290256,0.11614486138403426,0,-4.2632564145606011e-14,False
inhale,60,6.2396505229707975,0.11748975549395298,0,1.4210854715202004e-14,False
inhale,60,6.2394730719600089,0.11885022274370183,0,2.8421709430404007e-14,False
inhale,60,6.2392938654498984,0.12022644346174129,0,-2.8421709430404007e-14,False
inhale,60,6.2391128844959489,0.12161860006463679,0,-4.2632564145606011e-14,False
inhale,60,6.2389301101558949,0.12302687708123815,0,2.8421709430404007e-14,False
inhale,60,6.2387455234897988,0.1244514611771385,0,-4.2632564145606011e-14,False
inhale,60,6.2385591055600775,0.12589254117941673,0,4.2632564145606011e-14,False
inhale,60,6.2383708374315532,0.12735030810166617,0,0,False
inhale,60,6.2381807001715135,0.12882495516931339,0,-1.4210854715202004e-14,False
inhale,60,6.2379886748497411,0.13031667784522993,0,1.4210854715202004e-14,False
inhale,60,6.2377947425385711,0.1318256738556407,0,-1.4210854715202004e-14,False
inhale,60,6.2375988843129475,0.1333521432163324,0,-1.4210854715202004e-14,False
inhale,60,6.2374010812504554,0.13489628825916536,0,1.4210854715202004e-14,False
inhale,60,6.2372013144313945,0.13645831365889247,0,2.8421709430404007e-14,False
inhale,60,6.2369995649388068,0.13803842646028849,0,-1.4210854715202004e-14,False
inhale,60,6.2367958138585529,0.13963683610559377,0,1.4210854715202004e-14,False
inhale,60,6.2365900422793477,0.14125375446227545,0,4.2632564145606011e-14,False
inhale,60,6.2363822312928194,0.1428893958511103,0,-2.8421709430404007e-14,False
inhale,60,6.2361723619935709,0.14454397707459277,0,2.8421709430404007e-14,False
inhale,60,6.2359604154792168,0.14621771744567183,0,-4.2632564145606011e-14,False
inhale,60,6.2357463728504694,0.14791083881682077,0,-4.2632564145606011e-14,False
inhale,60,6.235530215211166,0.14962356560944334,0,-1.4210854715202004e-14,False
inhale,60,6.2353119236683385,0.15135612484362079,0,0,False
inhale,60,6.2350914793322749,0.15310874616820302,0,2.8421709430404007e-14,False
inhale,60,6.2348688633165743,0.15488166189124811,0,1.4210854715202004e-14,False
inhale,60,6.2346440567382713,0.15667510701081494,0,1.0516032489249483e-12,False
inhale,60,6.2344170407175721,0.15848931924611134,0,-2.8421709430404007e-14,False
inhale,60,6.2341877963785626,0.16032453906900418,0,-5.6843418860808015e-14,False
inhale,60,6.2339563048486379,0.16218100973589297,0,7.1054273576010019e-14,False
inhale,60,6.2337225472588482,0.16405897731995392,0,0,False
inhale,60,6.2334865047439534,0.16595869074375605,0,1.4210854715202004e-14,False
inhale,60,6.2332481584424375,0.16788040181225602,0,-1.4210854715202004e-14,False
inhale,60,6.233007489496603,0.16982436524617442,0,-2.8421709430404007e-14,False
inhale,60,6.2327644790526309,0.17179083871575881,0,2.8421709430404007e-14,False
inhale,60,6.2325191082606279,0.17378008287493754,0,1.4210854715202004e-14,False
inhale,60,6.2322713582747209,0.17579236139586926,0,1.4210854715202004e-14,False
inhale,60,6.2320212102531132,0.17782794100389229,0,-2.8421709430404007e-14,False
inhale,60,6.2317686453581453,0.17988709151287879,0,-4.2632564145606011e-14,False
inhale,60,6.231513644756383,0.18197008586099836,0,2.8421709430404007e-14,False
inhale,60,6.2312561896186569,0.18407720014689558,0,0,False
inhale,60,6.230996261120163,0.18620871366628675,0,-2.8421709430404007e-14,False
inhale,60,6.2307338404405215,0.18836490894898006,0,-4.2632564145606011e-14,False
inhale,60,6.2304689087638536,0.19054607179632474,0,1.4210854715202004e-14,False
inhale,60,6.2302014472788381,0.19275249131909361,0,8.5265128291212022e-14,False
inhale,60,6.2299314371788004,0.19498445997580455,0,1.4210854715202004e-14,False
inhale,60,6.2296588596617966,0.19724227361148533,0,0,False
inhale,60,6.2293836959306628,0.19952623149688797,0,1.4210854715202004e-14,False
inhale,60,6.2291059271931069,0.20183663636815607,0,1.4210854715202004e-14,False
inhale,60,6.2288255346617749,0.20417379446695297,0,-1.4210854715202004e-14,False
inhale,60,6.228542499554349,0.20653801558105292,0,4.2632564145606011e-14,False
inhale,60,6.2282568030935987,0.20892961308540398,0,2.8421709430404007e-14,False
inhale,60,6.2279684265074744,0.21134890398366465,0,-1.4210854715202004e-14,False
inhale,60,6.2276773510291887,0.21379620895022325,0,-1.4210854715202004e-14,False
inhale,60,6.227383557897288,0.21627185237270202,0,-1.4210854715202004e-14,False
inhale,60,6.22708702835574,0.21877616239495529,0,0,False
inhale,60,6.2267877436540102,0.22130947096056375,0,0,False
inhale,60,6.2264856850471455,0.223872113856834,0,-1.4210854715202004e-14,False
inhale,60,6.2261808337958664,0.22646443075930595,0,4.2632564145606011e-14,False
inhale,60,6.2258731711666293,0.22908676527677729,0,-1.4210854715202004e-14,False
inhale,60,6.2255626784317348,0.23173946499684786,0,-1.4210854715202004e-14,False
inhale,60,6.2252493368694068,0.2344228815319922,0,1.4210854715202004e-14,False
inhale,60,6.2249331277638573,0.23713737056616552,0,0,False
inhale,60,6.2246140319447321,0.23988329190194904,0,1.4210854715202004e-14,False
inhale,60,6.2242920284058192,0.24266100950824154,0,-4.2632564145606011e-14,False
inhale,60,6.2239670956884332,0.24547089156850305,0,0,False
inhale,60,6.2236392123423583,0.24831331052955705,0,0,False
inhale,60,6.2233083569260348,0.25118864315095801,0,2.8421709430404007e-14,False
inhale,60,6.2229745080066632,0.25409727055493053,0,5.6843418860808015e-14,False
inhale,60,6.2226376441603586,0.25703957827688639,0,2.8421709430404007e-14,False
inhale,60,6.2222977439723106,0.26001595631652719,0,1.4210854715202004e-14,False
inhale,60,6.2219547860369033,0.26302679918953814,0,-1.4210854715202004e-14,False
inhale,60,6.221608748957884,0.26607250597988097,0,-2.8421709430404007e-14,False
inhale,60,6.2212596113485059,0.26915348039269155,0,1.4210854715202004e-14,False
inhale,60,6.2209073518316789,0.27227013080779128,0,5.6843418860808015e-14,False
inhale,60,6.2205519490401038,0.27542287033381663,0,4.2632564145606011e-14,False
inhale,60,6.2201933816164567,0.2786121168629771,0,-2.8421709430404007e-14,False
inhale,60,6.2198316282135302,0.28183829312644537,0,2.8421709430404007e-14,False
inhale,60,6.2194666674943804,0.28510182675039097,0,0,False
inhale,60,6.2190984781324996,0.28840315031266056,0,7.1054273576010019e-14,False
inhale,60,6.2187270388119664,0.29174270140011677,0,5.6843418860808015e-14,False
inhale,60,6.218352328227609,0.29512092266663853,0,1.4210854715202004e-14,False
inhale,60,6.2179743250851756,0.298538261891796,0,7.1054273576010019e-14,False
inhale,60,6.217593008101483,0.3019951720402016,0,5.6843418860808015e-14,False
inhale,60,6.2172083560045941,0.3054921113215513,0,4.2632564145606011e-14,False
inhale,60,6.2168203475339832,0.30902954325135906,0,4.2632564145606011e-14,False
inhale,60,6.2164289614407044,0.31260793671239551,0,8.5265128291212022e-14,False
inhale,60,6.2160341764875495,0.31622776601683794,0,4.2632564145606011e-14,False
inhale,60,6.2156359714492382,0.31988951096913981,0,1.4210854715202004e-14,False
inhale,60,6.2152343251125846,0.32359365692962827,0,5.6843418860808015e-14,False
inhale,60,6.2148292162766632,0.32734069487883821,0,5.6843418860808015e-14,False
inhale,60,6.2144206237529911,0.33113112148259111,0,7.1054273576010019e-14,False
inhale,60,6.2140085263657161,0.33496543915782767,0,9.9475983006414026e-14,False
inhale,60,6.2135929029517696,0.33884415613920255,0,7.1054273576010019e-14,False
inhale,60,6.2131737323610778,0.3427677865464504,0,7.1054273576010019e-14,False
inhale,60,6.2127509934567149,0.34673685045253166,0,8.5265128291212022e-14,False
inhale,60,6.2123246651151085,0.35075187395256802,0,5.6843418860808015e-14,False
inhale,60,6.2118947262262152,0.35481338923357547,0,0,False
inhale,60,6.2114611556937094,0.35892193464500527,0,8.5265128291212022e-14,False
inhale,60,6.2110239324351575,0.36307805477010141,0,9.9475983006414026e-14,False
inhale,60,6.2105830354314211,0.36728230049808469,0,1.2789769243681803e-13,False
inhale,60,6.2101384448093064,0.37153522909717257,0,1.1368683772161603e-13,False
inhale,60,6.209690141843323,0.3758374042884442,0,4.2632564145606011e-14,False
inhale,60,6.2092381078744721,0.38018939632056115,0,5.6843418860808015e-14,False
inhale,60,6.2087823242613087,0.38459178204535355,0,8.5265128291212022e-14,False
inhale,60,6.2083227723801899,0.38904514499428056,0,7.1054273576010019e-14,False
inhale,60,6.2078594336255399,0.39355007545577742,0,1.5631940186722204e-13,False
inhale,60,6.2073922894100813,0.3981071705534972,0,1.1368683772161603e-13,False
inhale,60,6.2069213211651109,0.40271703432545908,0,1.4210854715202004e-13,False
inhale,60,6.2064465103407294,0.40738027780411273,0,1.4210854715202004e-13,False
inhale,60,6.2059678384061279,0.41209751909733022,0,1.7053025658242404e-13,False
inhale,60,6.2054852868498216,0.41686938347033542,0,1.5631940186722204e-13,False
inhale,60,6.2049988371799243,0.42169650342858223,0,1.7053025658242404e-13,False
inhale,60,6.2045084709244174,0.42657951880159267,0,1.4210854715202004e-13,False
inhale,60,6.2040141696313995,0.43151907682776525,0,1.9895196601282805e-13,False
inhale,60,6.2035159148693646,0.43651583224016599,0,2.5579538487363607e-13,False
inhale,60,6.2030136882274567,0.44157044735331252,0,1.8474111129762605e-13,False
inhale,60,6.2025074713157693,0.44668359215096315,0,1.5631940186722204e-13,False
inhale,60,6.2019972457655896,0.45185594437492238,0,2.5579538487363607e-13,False
inhale,60,6.2014829932296767,0.45708818961487507,0,1.9895196601282805e-13,False
inhale,60,6.2009646953825603,0.46238102139926035,0,2.1316282072803006e-13,False
inhale,60,6.200442333920785,0.46773514128719823,0,1.8474111129762605e-13,False
inhale,60,6.1999158905632141,0.47315125896148053,0,1.8474111129762605e-13,False
inhale,60,6.1993853470513178,0.47863009232263842,0,2.9842794901924208e-13,False
inhale,60,6.1988506851494156,0.48417236758409943,0,2.1316282072803006e-13,False
inhale,60,6.1983118866450173,0.48977881936844625,0,2.8421709430404007e-13,False
inhale,60,6.1977689333490664,0.4954501908047903,0,3.1263880373444408e-13,False
inhale,60,6.1972218070962528,0.50118723362727235,0,2.9842794901924208e-13,False
inhale,60,6.1966704897452898,0.50699070827470427,0,2.9842794901924208e-13,False
inhale,60,6.1961149631792205,0.51286138399136483,0,2.4158453015843406e-13,False
inhale,60,6.1955552093057014,0.51880003892896109,0,2.1316282072803006e-13,False
inhale,60,6.1949912100573066,0.52480746024977254,0,2.8421709430404007e-13,False
inhale,60,6.1944229473918115,0.53088444423098835,0,3.4106051316484809e-13,False
inhale,60,6.1938504032925064,0.53703179637025267,0,3.5527136788005009e-13,False
inhale,60,6.1932735597684605,0.54325033149243318,0,-3.4106051316484809e-13,False
inhale,60,6.1926923988549785,0.54954087385762451,0,-3.4106051316484809e-13,False
inhale,60,6.192106902613661,0.5559042572704036,0,-3.2684965844964609e-13,False
inhale,60,6.1915170531328814,0.56234132519034907,0,-3.1263880373444408e-13,False
inhale,60,6.1909228339752795,0.56885293084384148,0,-3.4106051316484809e-13,False
inhale,60,6.1903242345205785,0.57543993733715693,0,-3.694822225952521e-13,False
inhale,60,6.1897212456255826,0.58210321777087148,0,-3.4106051316484809e-13,False
inhale,60,6.1891138581774747,0.58884365535558902,0,-3.1263880373444408e-13,False
inhale,60,6.1885020630941572,0.59566214352901048,0,-3.2684965844964609e-13,False
inhale,60,6.1878858513245829,0.60255958607435778,0,-3.4106051316484809e-13,False
inhale,60,6.1872652138491047,0.60953689724016924,0,-3.1263880373444408e-13,False
inhale,60,6.1866401416797903,0.61659500186148219,0,-3.979039320256561e-13,False
inhale,60,6.1860106258607974,0.62373483548241926,0,-3.1263880373444408e-13,False
inhale,60,6.185376657468673,0.63095734448019336,0,-2.8421709430404007e-13,False
inhale,60,6.1847382276127334,0.63826348619054873,0,-3.1263880373444408e-13,False
inhale,60,6.1840953274353776,0.64565422903465564,0,-3.5527136788005009e-13,False
inhale,60,6.1834479481124598,0.65313055264747244,0,-3.2684965844964609e-13,False
inhale,60,6.1827960808536,0.66069344800759611,0,-2.9842794901924208e-13,False
inhale,60,6.1821397169025607,0.66834391756861466,0,-2.4158453015843406e-13,False
inhale,60,6.1814788475375719,0.67608297539198192,0,-2.5579538487363607e-13,False
inhale,60,6.1808134640716927,0.68391164728142928,0,-2.8421709430404007e-13,False
inhale,60,6.1801435578531549,0.69183097091893642,0,-2.8421709430404007e-13,False
inhale,60,6.1794691202657148,0.69984199600227348,0,-1.7053025658242404e-13,False
inhale,60,6.1787901427289835,0.70794578438413791,0,-2.9842794901924208e-13,False
inhale,60,6.178106616698825,0.71614341021290195,0,-2.1316282072803006e-13,False
inhale,60,6.1774185336676561,0.72443596007499,0,-2.2737367544323206e-13,False
inhale,60,6.1767258851648341,0.73282453313890406,0,-1.8474111129762605e-13,False
inhale,60,6.1760286627569903,0.74131024130091749,0,-1.9895196601282805e-13,False
inhale,60,6.1753268580484004,0.74989420933245587,0,-2.1316282072803006e-13,False
inhale,60,6.1746204626813359,0.75857757502918377,0,-1.9895196601282805e-13,False
inhale,60,6.1739094683364115,0.76736148936181892,0,-1.8474111129762605e-13,False
inhale,60,6.1731938667329516,0.77624711662869172,0,-1.9895196601282805e-13,False
inhale,60,6.1724736496293469,0.78523563461007184,0,-1.5631940186722204e-13,False
inhale,60,6.1717488088234154,0.79432823472428149,0,-1.1368683772161603e-13,False
inhale,60,6.1710193361527468,0.80352612218561725,0,-1.1368683772161603e-13,False
inhale,60,6.1702852234950853,0.81283051616409929,0,-1.5631940186722204e-13,False
inhale,60,6.1695464627686967,0.82224264994707119,0,-5.6843418860808015e-14,False
inhale,60,6.1688030459326715,0.83176377110267108,0,-7.1054273576010019e-14,False
inhale,60,6.1680549649873688,0.84139514164519513,0,-5.6843418860808015e-14,False
inhale,60,6.1673022119747278,0.85113803820237655,0,-8.5265128291212022e-14,False
inhale,60,6.1665447789786452,0.86099375218460072,0,-8.5265128291212022e-14,False
inhale,60,6.1657826584772009,0.87096358995608081,0,-5.6843418860808015e-14,False
inhale,60,6.1650158510834689,0.88104887300801427,0,-2.8421709430404007e-14,False
inhale,60,6.1642443655438317,0.89125093813374567,0,1.4210854715202004e-14,False
inhale,60,6.1634682109964736,0.90157113760595708,0,-2.8421709430404007e-14,False
inhale,60,6.1626873966197442,0.91201083935590965,0,-2.8421709430404007e-14,False
inhale,60,6.1619019316324017,0.92257142715476315,0,-8.5265128291212022e-14,False
inhale,60,6.1611118252938413,0.93325430079699101,0,-7.1054273576010019e-14,False
inhale,60,6.160317086904346,0.94406087628592328,0,-2.8421709430404007e-14,False
inhale,60,6.159517725805296,0.95499258602143589,0,1.4210854715202004e-14,False
inhale,60,6.158713751379433,0.96605087898981334,0,2.8421709430404007e-14,False
inhale,60,6.1579051730510619,0.97723722095581067,0,-5.6843418860808015e-14,False
inhale,60,6.1570920002862985,0.98855309465693886,0,-1.4210854715202004e-14,False
inhale,60,6.1562742425932866,1,0,0,False
inhale,60,6.1554519095224238,1.0115794542598988,0,-2.8421709430404007e-14,False
inhale,60,6.1546250106665825,1.0232929922807541,0,0,False
inhale,60,6.1537935556613403,1.0351421666793441,0,2.8421709430404007e-14,False
inhale,60,6.152957554185182,1.0471285480508996,0,0,False
inhale,60,6.1521170159597309,1.0592537251772887,0,1.4210854715202004e-14,False
inhale,60,6.1512719507499618,1.0715193052376064,0,2.8421709430404007e-14,False
inhale,60,6.1504223683643957,1.0839269140212033,0,-1.4210854715202004e-14,False
inhale,60,6.1495682786553463,1.0964781961431851,0,0,False
inhale,60,6.1487096915190866,1.1091748152624008,0,-4.2632564145606011e-14,False
inhale,60,6.1478466168960857,1.1220184543019636,0,-4.2632564145606011e-14,False
inhale,60,6.1469790647712017,1.1350108156723149,0,1.4210854715202004e-14,False
inhale,60,6.146107045173884,1.1481536214968828,0,-1.4210854715202004e-14,False
inhale,60,6.1452305681783725,1.1614486138403426,0,5.6843418860808015e-14,False
inhale,60,6.1443496439039009,1.1748975549395297,0,1.4210854715202004e-14,False
inhale,60,6.1434642825148948,1.1885022274370183,0,0,False
inhale,60,6.1425744942211464,1.2022644346174132,0,1.4210854715202004e-14,False
inhale,60,6.1416802892780327,1.2161860006463678,0,1.4210854715202004e-14,False
inhale,60,6.1407816779866877,1.2302687708123818,0,2.8421709430404007e-14,False
inhale,60,6.1398786706941895,1.244514611771385,0,5.6843418860808015e-14,False
inhale,60,6.1389712777937495,1.2589254117941675,0,-1.4210854715202004e-14,False
inhale,60,6.1380595097249087,1.2735030810166617,0,-1.4210854715202004e-14,False
inhale,60,6.1371433769736852,1.2882495516931343,0,-2.8421709430404007e-14,False
inhale,60,6.1362228900727889,1.3031667784522993,0,0,False
inhale,60,6.1352980596017677,1.3182567385564075,0,1.4210854715202004e-14,False
inhale,60,6.1343688961871976,1.333521432163324,0,5.6843418860808015e-14,False
inhale,60,6.133435414257133,1.348962882591654,0,2.8421709430404007e-14,False
inhale,60,6.1324976432980751,1.3645831365889245,0,0,False
inhale,60,6.1315556165816396,1.3803842646028852,0,5.6843418860808015e-14,False
inhale,60,6.1306093674085718,1.3963683610559376,0,7.1054273576010019e-14,False
inhale,60,6.1296589291085812,1.4125375446227548,0,8.5265128291212022e-14,False
inhale,60,6.1287043350401502,1.4288939585111029,0,9.9475983006414026e-14,False
inhale,60,6.1277456185903452,1.4454397707459272,0,9.9475983006414026e-14,False
inhale,60,6.1267828131746231,1.4621771744567182,0,9.9475983006414026e-14,False
inhale,60,6.1258159522366169,1.4791083881682072,0,1.7053025658242404e-13,False
inhale,60,6.1248450692479475,1.4962356560944337,0,1.2789769243681803e-13,False
inhale,60,6.1238701977080243,1.513561248436208,0,1.2789769243681803e-13,False
inhale,60,6.1228913711438135,1.5310874616820302,0,1.5631940186722204e-13,False
inhale,60,6.1219086231096451,1.5488166189124812,0,2.1316282072803006e-13,False
inhale,60,6.1209219871869847,1.5667510701081493,0,1.8474111129762605e-13,False
inhale,60,6.1199314969842185,1.5848931924611134,0,1.8474111129762605e-13,False
inhale,60,6.1189371861364279,1.6032453906900417,0,2.1316282072803006e-13,False
inhale,60,6.1179390883051585,1.6218100973589298,0,2.4158453015843406e-13,False
inhale,60,6.1169372371782007,1.6405897731995396,0,2.5579538487363607e-13,False
inhale,60,6.1159316664693328,1.6595869074375604,0,2.2737367544323206e-13,False
inhale,60,6.114922409918111,1.6788040181225607,0,2.9842794901924208e-13,False
inhale,60,6.1139095012896068,1.6982436524617444,0,2.9842794901924208e-13,False
inhale,60,6.112892974374172,1.7179083871575884,0,3.2684965844964609e-13,False
inhale,60,6.1118728629871448,1.7378008287493754,0,-3.2684965844964609e-13,False
inhale,60,6.1108492009687625,1.7579236139586931,0,-3.5527136788005009e-13,False
inhale,60,6.1098220221836614,1.7782794100389228,0,-3.4106051316484809e-13,False
inhale,60,6.1087913605207804,1.7988709151287883,0,-3.5527136788005009e-13,False
inhale,60,6.1077572498930603,1.8197008586099834,0,-3.694822225952521e-13,False
inhale,60,6.1067197242371751,1.8407720014689564,0,-3.1263880373444408e-13,False
inhale,60,6.1056788175132617,1.8620871366628675,0,-2.8421709430404007e-13,False
inhale,60,6.1046345637046437,1.883649089489801,0,-3.4106051316484809e-13,False
inhale,60,6.1035869968175769,1.9054607179632472,0,-2.8421709430404007e-13,False
inhale,60,6.1025361508809359,1.9275249131909356,0,-2.8421709430404007e-13,False
inhale,60,6.1014820599459538,1.9498445997580456,0,-3.1263880373444408e-13,False
inhale,60,6.1004247580859365,1.9724227361148534,0,-2.4158453015843406e-13,False
inhale,60,6.0993642793959522,1.9952623149688797,0,-2.7000623958883807e-13,False
inhale,60,6.0983006579925716,2.0183663636815607,0,-2.5579538487363607e-13,False
inhale,60,6.0972339280135399,2.0417379446695296,0,-2.5579538487363607e-13,False
inhale,60,6.0961641240444173,2.0653801558105291,0,-1.9895196601282805e-13,False
inhale,60,6.0950912905055459,2.0892961308540396,0,-2.2737367544323206e-13,False
inhale,60,6.0940154816300751,2.1134890398366464,0,-1.9895196601282805e-13,False
inhale,60,6.0929367520617719,2.1379620895022327,0,-1.4210854715202004e-13,False
inhale,60,6.0918551564272203,2.1627185237270199,0,-1.5631940186722204e-13,False
inhale,60,6.0907707493351246,2.187761623949553,0,-1.5631940186722204e-13,False
inhale,60,6.0896835853755791,2.2130947096056377,0,-9.9475983006414026e-14,False
inhale,60,6.0885937191193866,2.2387211385683399,0,-1.1368683772161603e-13,False
inhale,60,6.0875012051173485,2.2646443075930596,0,-8.5265128291212022e-14,False
inhale,60,6.0864060978995793,2.2908676527677736,0,-7.1054273576010019e-14,False
inhale,60,6.0853084519748055,2.3173946499684783,0,-7.1054273576010019e-14,False
inhale,60,6.0842083218296796,2.3442288153199229,0,-8.5265128291212022e-14,False
inhale,60,6.0831057619280839,2.3713737056616551,0,-2.8421709430404007e-14,False
inhale,60,6.0820008267104511,2.3988329190194912,0,-1.4210854715202004e-14,False
inhale,60,6.0808935705930818,2.4266100950824154,0,-1.4210854715202004e-14,False
inhale,60,6.0797840479674523,2.454708915685031,0,0,False
inhale,60,6.0786723131995579,2.4831331052955705,0,4.2632564145606011e-14,False
inhale,60,6.0775584206292095,2.511886431509581,0,-4.2632564145606011e-14,False
inhale,60,6.0764424245693984,2.5409727055493052,0,0,False
inhale,60,6.07532437930558,2.5703957827688635,0,-1.4210854715202004e-14,False
inhale,60,6.0742043390950506,2.6001595631652723,0,-2.8421709430404007e-14,False
inhale,60,6.0730823581662587,2.6302679918953813,0,1.4210854715202004e-14,False
inhale,60,6.0719584907181439,2.6607250597988097,0,2.8421709430404007e-14,False
inhale,60,6.0708327909194946,2.6915348039269151,0,-1.4210854715202004e-14,False
inhale,60,6.0697053129082796,2.7227013080779128,0,-1.4210854715202004e-14,False
inhale,60,6.0685761107910041,2.7542287033381663,0,-1.4210854715202004e-14,False
inhale,60,6.0674452386420441,2.7861211686297707,0,-4.2632564145606011e-14,False
inhale,60,6.0663127505030339,2.8183829312644537,0,2.8421709430404007e-14,False
inhale,60,6.0651787003821811,2.85101826750391,0,-1.4210854715202004e-14,False
inhale,60,6.0640431422536638,2.8840315031266055,0,7.1054273576010019e-14,False
inhale,60,6.0629061300569678,2.9174270140011673,0,1.4210854715202004e-14,False
inhale,60,6.061767717696279,2.9512092266663856,0,4.2632564145606011e-14,False
inhale,60,6.0606279590398238,2.9853826189179604,0,-1.4210854715202004e-14,False
inhale,60,6.0594869079192737,3.0199517204020161,0,-1.4210854715202004e-14,False
inhale,60,6.0583446181290999,3.0549211132155141,0,0,False
inhale,60,6.0572011434259574,3.0902954325135905,0,-1.4210854715202004e-14,False
inhale,60,6.0560565375280788,3.126079367123956,0,-5.6843418860808015e-14,False
inhale,60,6.0549108541146479,3.1622776601683795,0,1.4210854715202004e-14,False
inhale,60,6.0537641483235216,3.1988951096913989,0,-4.2632564145606011e-14,False
inhale,60,6.052616481232663,3.2359365692962827,0,5.6843418860808015e-14,False
inhale,60,6.051467915341898,3.273406948788383,0,8.5265128291212022e-14,False
inhale,60,6.0503185130706747,3.3113112148259112,0,7.1054273576010019e-14,False
inhale,60,6.0491683367573641,3.3496543915782775,0,5.6843418860808015e-14,False
inhale,60,6.0480174486585492,3.3884415613920256,0,5.6843418860808015e-14,False
inhale,60,6.0468659109483758,3.4276778654645046,0,1.4210854715202004e-13,False
inhale,60,6.0457137857178553,3.4673685045253166,0,1.7053025658242404e-13,False
inhale,60,6.0445611349742538,3.5075187395256795,0,1.1368683772161603e-13,False
inhale,60,6.043408020640447,3.548133892335755,0,1.1368683772161603e-13,False
inhale,60,6.0422545045542746,3.5892193464500517,0,1.4210854715202004e-13,False
inhale,60,6.0411006484679666,3.630780547701014,0,1.8474111129762605e-13,False
inhale,60,6.0399465140475304,3.6728230049808461,0,2.2737367544323206e-13,False
inhale,60,6.0387921628721672,3.715352290971726,0,1.9895196601282805e-13,False
inhale,60,6.0376376564337351,3.7583740428844412,0,2.5579538487363607e-13,False
inhale,60,6.0364830561361487,3.8018939632056128,0,2.1316282072803006e-13,False
inhale,60,6.0353284232948896,3.8459178204535354,0,2.7000623958883807e-13,False
inhale,60,6.0341738191364396,3.8904514499428067,0,2.5579538487363607e-13,False
inhale,60,6.0330193047978034,3.9355007545577743,0,2.9842794901924208e-13,False
inhale,60,6.0318649413259786,3.9810717055349731,0,3.1263880373444408e-13,False
inhale,60,6.0307107896774603,4.0271703432545909,0,-3.1263880373444408e-13,False
inhale,60,6.0295569107179068,4.0738027780411281,0,-3.5527136788005009e-13,False
inhale,60,6.0284033652214593,4.1209751909733017,0,-3.5527136788005009e-13,False
inhale,60,6.0272502138704471,4.1686938347033546,0,-3.2684965844964609e-13,False
inhale,60,6.0260975172549225,4.2169650342858223,0,-2.8421709430404007e-13,False
inhale,60,6.0249453358722356,4.2657951880159279,0,-3.4106051316484809e-13,False
inhale,60,6.0237937301266546,4.3151907682776525,0,-2.8421709430404007e-13,False
inhale,60,6.0226427603289387,4.365158322401661,0,-2.9842794901924208e-13,False
inhale,60,6.021492486696002,4.4157044735331255,0,-2.7000623958883807e-13,False
inhale,60,6.0203429693505166,4.4668359215096327,0,-2.4158453015843406e-13,False
inhale,60,6.0191942683205859,4.5185594437492238,0,-2.4158453015843406e-13,False
inhale,60,6.018046443539399,4.5708818961487516,0,-2.7000623958883807e-13,False
inhale,60,6.0168995548449162,4.6238102139926029,0,-2.1316282072803006e-13,False
inhale,60,6.0157536619795406,4.6773514128719809,0,-2.1316282072803006e-13,False
inhale,60,6.0146088245898515,4.7315125896148054,0,-2.4158453015843406e-13,False
inhale,60,6.0134651022262986,4.7863009232263831,0,-1.1368683772161603e-13,False
inhale,60,6.0123225543429344,4.8417236758409938,0,-1.7053025658242404e-13,False
inhale,60,6.0111812401569962,4.8977881936844616,0,-1.7053025658242404e-13,False
inhale,60,6.0100412155624587,4.9545019080479031,0,-9.9475983006414026e-14,False
inhale,60,6.0089025331206489,5.011872336272722,0,-7.1054273576010019e-14,False
inhale,60,6.0077652451402468,5.0699070827470445,0,-5.6843418860808015e-14,False
inhale,60,6.0066294038173336,5.1286138399136485,0,-9.9475983006414026e-14,False
inhale,60,6.005495061235365,5.1880003892896118,0,-7.1054273576010019e-14,False
inhale,60,6.004362269365128,5.2480746024977254,0,-9.9475983006414026e-14,False
inhale,60,6.003231080064757,5.3088444423098844,0,-4.2632564145606011e-14,False
inhale,60,6.0021015450797242,5.3703179637025267,0,-7.1054273576010019e-14,False
inhale,60,6.0009737160428926,5.4325033149243334,0,-2.8421709430404007e-14,False
inhale,60,5.9998476444745279,5.4954087385762458,0,-4.2632564145606011e-14,False
inhale,60,5.9987233817823853,5.5590425727040369,0,-4.2632564145606011e-14,False
inhale,60,5.9976009792617662,5.6234132519034912,0,1.4210854715202004e-14,False
inhale,60,5.9964804880956137,5.6885293084384161,0,-4.2632564145606011e-14,False
inhale,60,5.995361959354625,5.7543993733715695,0,0,False
inhale,60,5.9942454439973663,5.8210321777087159,0,2.8421709430404007e-14,False
inhale,60,5.9931309928704088,5.8884365535558896,0,1.4210854715202004e-14,False
inhale,60,5.9920186567084919,5.9566214352901063,0,0,False
inhale,60,5.9909084861346793,6.0255958607435778,0,-2.8421709430404007e-14,False
inhale,60,5.9898005316605536,6.095368972401694,0,-2.8421709430404007e-14,False
inhale,60,5.9886948436864049,6.1659500186148222,0,-1.4210854715202004e-14,False
inhale,60,5.9875914725014523,6.2373483548241913,0,-4.2632564145606011e-14,False
inhale,60,5.9864904682840763,6.3095734448019334,0,1.4210854715202004e-14,False
inhale,60,5.9853918811020508,6.382634861905486,0,-4.2632564145606011e-14,False
inhale,60,5.9842957609128158,6.4565422903465564,0,1.4210854715202004e-14,False
inhale,60,5.9832021575637446,6.5313055264747231,0,5.6843418860808015e-14,False
inhale,60,5.9821111207924247,6.6069344800759611,0,5.6843418860808015e-14,False
inhale,60,5.9810227002269851,6.6834391756861455,0,4.2632564145606011e-14,False
inhale,60,5.97993694538639,6.7608297539198192,0,0,False
inhale,60,5.9788539056807881,6.8391164728142924,0,4.2632564145606011e-14,False
inhale,60,5.9777736304118472,6.9183097091893657,0,1.4210854715202004e-14,False
inhale,60,5.9766961687731284,6.9984199600227344,0,1.4210854715202004e-14,False
inhale,60,5.9756215698504587,7.0794578438413804,0,8.5265128291212022e-14,False
inhale,60,5.9745498826223029,7.1614341021290198,0,0,False
inhale,60,5.9734811559602017,7.2443596007499025,0,0,False
inhale,60,5.9724154386291666,7.3282453313890406,0,-1.4210854715202004e-14,False
inhale,60,5.9713527792881198,7.4131024130091774,0,5.6843418860808015e-14,False
inhale,60,5.9702932264903348,7.4989420933245583,0,5.6843418860808015e-14,False
inhale,60,5.9692368256757211,7.5857757502918401,0,2.8421709430404007e-14,False
inhale,60,5.9681836101523444,7.6736148936181898,0,4.2632564145606011e-14,False
inhale,60,5.96713361013121,7.7624711662869199,0,1.1368683772161603e-13,False
inhale,60,5.966086855736382,7.8523563461007182,0,1.2789769243681803e-13,False
inhale,60,5.9650433770054843,7.9432823472428176,0,5.6843418860808015e-14,False
inhale,60,5.9640032038902584,8.0352612218561728,0,7.1054273576010019e-14,False
inhale,60,5.9629663662570778,8.1283051616409949,0,1.1368683772161603e-13,False
inhale,60,5.9619328938875107,8.2224264994707124,0,1.1368683772161603e-13,False
inhale,60,5.9609028164788596,8.317637711026709,0,1.4210854715202004e-13,False
inhale,60,5.9598761636447515,8.4139514164519511,0,1.8474111129762605e-13,False
inhale,60,5.9588529649156756,8.5113803820237628,0,2.2737367544323206e-13,False
inhale,60,5.9578332497395792,8.6099375218460068,0,1.7053025658242404e-13,False
inhale,60,5.9568170474824482,8.709635899560805,0,2.5579538487363607e-13,False
inhale,60,5.9558043874289011,8.8104887300801416,0,2.4158453015843406e-13,False
inhale,60,5.9547952987827673,8.9125093813374541,0,3.1263880373444408e-13,False
inhale,60,5.9537898106677298,9.0157113760595706,0,2.7000623958883807e-13,False
inhale,60,5.9527879521279115,9.1201083935590965,0,3.4106051316484809e-13,False
inhale,60,5.9517897521284526,9.2257142715476341,0,-3.4106051316484809e-13,False
inhale,60,5.9507952395563137,9.3325430079699103,0,-3.2684965844964609e-13,False
inhale,60,5.949804443220656,9.4406087628592363,0,-3.1263880373444408e-13,False
inhale,60,5.9488173918536527,9.5499258602143584,0,-3.836930773104541e-13,False
inhale,60,5.9478341141110862,9.6605087898981363,0,-3.2684965844964609e-13,False
inhale,60,5.9468546385730061,9.7723722095581067,0,-3.1263880373444408e-13,True
inhale,60,5.945878993744385,9.885530946569391,0,-3.2684965844964609e-13,True
inhale,60,5.944907208055799,10,0,-2.7000623958883807e-13,True
inhale,60,5.9439393098640823,10.115794542598982,0,-2.1316282072803006e-13,True
inhale,60,5.9429753274530164,10.232929922807546,0,-2.8421709430404007e-13,True
inhale,60,5.9420152890340301,10.351421666793442,0,-2.4158453015843406e-13,True
inhale,60,5.9410592227468602,10.471285480508996,0,-2.4158453015843406e-13,True
inhale,60,5.9401071566602823,10.592537251772887,0,-2.7000623958883807e-13,True
inhale,60,5.9391591187728006,10.715193052376071,0,-2.7000623958883807e-13,True
inhale,60,5.9382151370133647,10.839269140212039,0,-1.8474111129762605e-13,True
inhale,60,5.9372752392420773,10.964781961431852,0,-1.9895196601282805e-13,True
inhale,60,5.9363394532509322,11.091748152624008,0,-1.9895196601282805e-13,True
inhale,60,5.935407806764541,11.220184543019629,0,-2.1316282072803006e-13,True
inhale,60,5.9344803274408626,11.350108156723154,0,-1.7053025658242404e-13,True
inhale,60,5.93355704287195,11.481536214968829,0,-1.8474111129762605e-13,True
inhale,60,5.9326379801606759,11.614486138403427,0,-1.7053025658242404e-13,True
inhale,60,5.9317231565974966,11.748975549395292,0,-1.2789769243681803e-13,True
inhale,60,5.9308125796804312,11.88502227437019,0,-9.9475983006414026e-14,True
inhale,60,5.9299062564523668,12.022644346174131,0,-1.1368683772161603e-13,True
inhale,60,5.9290041939257225,12.161860006463678,0,-1.1368683772161603e-13,True
inhale,60,5.9281063990829352,12.302687708123811,0,-7.1054273576010019e-14,True
inhale,60,5.9272128788769498,12.445146117713856,0,-5.6843418860808015e-14,True
inhale,60,5.9263236402317023,12.589254117941675,0,-7.1054273576010019e-14,True
inhale,60,5.9254386900426148,12.735030810166617,0,-1.1368683772161603e-13,True
inhale,60,5.9245580351770748,12.882495516931336,0,-5.6843418860808015e-14,True
inhale,60,5.9236816824749114,13.031667784523,0,-1.4210854715202004e-14,True
inhale,60,5.9228096387488991,13.182567385564074,0,-2.8421709430404007e-14,True
inhale,60,5.9219419107852342,13.33521432163324,0,-1.4210854715202004e-14,True
inhale,60,5.9210785053440205,13.489628825916533,0,-8.5265128291212022e-14,True
inhale,60,5.9202194291597614,13.645831365889252,0,-1.4210854715202004e-14,True
inhale,60,5.9193646889418368,13.803842646028853,0,0,True
inhale,60,5.9185142913749909,13.963683610559377,0,4.2632564145606011e-14,True
inhale,60,5.9176682431198184,14.12537544622754,0,0,True
inhale,60,5.9168265508132638,14.288939585111036,0,1.4210854715202004e-14,True
inhale,60,5.9159892210690748,14.454397707459281,0,-4.2632564145606011e-14,True
inhale,60,5.9151562604783194,14.621771744567184,0,0,True
inhale,60,5.9143276756098562,14.791083881682072,0,-2.8421709430404007e-14,True
inhale,60,5.9135034730108211,14.962356560944343,0,4.2632564145606011e-14,True
inhale,60,5.9126836592071035,15.135612484362087,0,-1.4210854715202004e-14,True
inhale,60,5.9118682407038561,15.310874616820303,0,-2.8421709430404007e-14,True
inhale,60,5.9110572239859556,15.488166189124811,0,-4.2632564145606011e-14,True
inhale,60,5.910250615518498,15.667510701081484,0,-4.2632564145606011e-14,True
inhale,60,5.9094484217472782,15.848931924611142,0,0,True
inhale,60,5.9086506490992754,16.032453906900418,0,1.4210854715202004e-14,True
inhale,60,5.9078573039831497,16.218100973589298,0,2.8421709430404007e-14,True
inhale,60,5.9070683927897036,16.405897731995388,0,0,True
inhale,60,5.9062839218923928,16.595869074375614,0,4.2632564145606011e-14,True
inhale,60,5.9055038976477858,16.788040181225607,0,1.4210854715202004e-14,True
inhale,60,5.9047283263960635,16.982436524617444,0,0,True
inhale,60,5.9039572144615011,17.179083871575877,0,1.4210854715202004e-14,True
inhale,60,5.9031905681529455,17.378008287493763,0,2.8421709430404007e-14,True
inhale,60,5.9024283937643061,17.579236139586932,0,2.8421709430404007e-14,True
inhale,60,5.9016706975750388,17.782794100389228,0,-1.4210854715202004e-14,True
inhale,60,5.9009174832534708,17.988709151287875,0,1.4210854715202004e-14,True
inhale,60,5.900168744074934,18.197008586099845,0,0,True
inhale,60,5.89942447072952,18.407720014689563,0,7.1054273576010019e-14,True
inhale,60,5.8986846539216335,18.620871366628677,0,1.4210854715202004e-14,True
inhale,60,5.8979492843701182,18.836490894898002,0,4.2632564145606011e-14,True
inhale,60,5.8972183528083484,19.054607179632484,0,1.4210854715202004e-14,True
inhale,60,5.8964918499843542,19.275249131909366,0,4.2632564145606011e-14,True
inhale,60,5.8957697666609041,19.498445997580454,0,0,True
inhale,60,5.8950520936156332,19.724227361148536,0,-1.4210854715202004e-14,True
inhale,60,5.894338821641143,19.952623149688808,0,2.8421709430404007e-14,True
inhale,60,5.8936299415450879,20.183663636815616,0,8.5265128291212022e-14,True
inhale,60,5.8929254441502943,20.417379446695296,0,4.2632564145606011e-14,True
inhale,60,5.8922253202948518,20.65380155810529,0,5.6843418860808015e-14,True
inhale,60,5.8915295608322253,20.892961308540386,0,4.2632564145606011e-14,True
inhale,60,5.8908381566313359,21.134890398366476,0,1.4210854715202004e-14,True
inhale,60,5.8901510985766787,21.379620895022324,0,7.1054273576010019e-14,True
inhale,60,5.8894683775683925,21.627185237270201,0,8.5265128291212022e-14,True
inhale,60,5.8887899845223854,21.87761623949552,0,1.1368683772161603e-13,True
inhale,60,5.888115910370403,22.130947096056389,0,8.5265128291212022e-14,True
inhale,60,5.8874461460601504,22.387211385683401,0,1.2789769243681803e-13,True
inhale,60,5.8867806825553526,22.646443075930595,0,1.4210854715202004e-13,True
inhale,60,5.8861195108358677,22.908676527677724,0,1.1368683772161603e-13,True
inhale,60,5.8854626218977737,23.173946499684796,0,1.2789769243681803e-13,True
inhale,60,5.8848100067534528,23.442288153199225,0,1.5631940186722204e-13,True
inhale,60,5.884161656431683,23.713737056616552,0,1.2789769243681803e-13,True
inhale,60,5.8835175619777313,23.9883291901949,0,1.7053025658242404e-13,True
inhale,60,5.8828777144534303,24.266100950824168,0,1.7053025658242404e-13,False
inhale,60,5.8822421049372666,24.547089156850312,0,2.1316282072803006e-13,False
inhale,60,5.8816107245244771,24.831331052955704,0,2.1316282072803006e-13,False
inhale,60,5.8809835643271127,25.118864315095795,0,2.5579538487363607e-13,False
inhale,60,5.8803606154741432,25.409727055493065,0,1.9895196601282805e-13,False
inhale,60,5.8797418691115233,25.703957827688647,0,2.7000623958883807e-13,False
inhale,60,5.8791273164022817,26.001595631652723,0,2.4158453015843406e-13,False
inhale,60,5.8785169485265989,26.302679918953814,0,2.5579538487363607e-13,False
inhale,60,5.8779107566818931,26.607250597988113,0,2.5579538487363607e-13,False
inhale,60,5.877308732082887,26.915348039269166,0,3.2684965844964609e-13,False
inhale,60,5.8767108659616945,27.227013080779127,0,3.1263880373444408e-13,False
inhale,60,5.8761171493871185,27.542287033381662,0,2.8421709430404007e-13,False
inhale,60,5.875527569289682,27.861211686297693,0,2.8421709430404007e-13,False
inhale,60,5.87494210847058,28.183829312644551,0,3.4106051316484809e-13,False
inhale,60,5.8743607495824923,28.510182675039097,0,3.1263880373444408e-13,False
inhale,60,5.8737834753102431,28.840315031266059,0,-2.9842794901924208e-13,False
inhale,60,5.8732102683707597,29.174270140011661,0,-3.2684965844964609e-13,False
inhale,60,5.8726411115126815,29.512092266663871,0,-3.5527136788005009e-13,False
inhale,60,5.8720759875163235,29.853826189179603,0,-3.694822225952521e-13,False
inhale,60,5.8715148791934775,30.199517204020161,0,-3.4106051316484809e-13,False
inhale,60,5.8709577693872186,30.549211132155122,0,-3.1263880373444408e-13,False
inhale,60,5.870404640971751,30.902954325135919,0,-3.5527136788005009e-13,False
inhale,60,5.8698554768522238,31.260793671239558,0,-3.2684965844964609e-13,False
inhale,60,5.8693102599645561,31.622776601683793,0,-3.5527136788005009e-13,False
inhale,60,5.8687689732752775,31.988951096913972,0,-3.1263880373444408e-13,False
inhale,60,5.8682315997813266,32.359365692962847,0,-2.8421709430404007e-13,False
inhale,60,5.8676981225099176,32.734069487883829,0,-3.1263880373444408e-13,False
inhale,60,5.8671685245183411,33.113112148259113,0,-3.4106051316484809e-13,False
inhale,60,5.8666427888938033,33.496543915782759,0,-3.4106051316484809e-13,False
inhale,60,5.8661208987532572,33.884415613920275,0,-2.9842794901924208e-13,False
inhale,60,5.8656028372432205,34.276778654645049,0,-3.694822225952521e-13,False
inhale,60,5.8650885875396339,34.673685045253166,0,-2.5579538487363607e-13,False
inhale,60,5.8645781328476509,35.075187395256798,0,-2.9842794901924208e-13,False
inhale,60,5.8640714564015104,35.481338923357569,0,-2.7000623958883807e-13,False
inhale,60,5.8635685414643355,35.892193464500536,0,-2.9842794901924208e-13,False
inhale,60,5.8630693713279971,36.307805477010142,0,-3.5527136788005009e-13,False
inhale,60,5.8625739293129255,36.72823004980846,0,-2.4158453015843406e-13,False
inhale,60,5.8620821987679426,37.153522909717239,0,-2.5579538487363607e-13,False
inhale,60,5.861594163070099,37.583740428844429,0,-2.2737367544323206e-13,False
inhale,60,5.8611098056245261,38.018939632056124,0,-2.4158453015843406e-13,False
inhale,60,5.8606291098642487,38.459178204535355,0,-2.4158453015843406e-13,False
inhale,60,5.8601520592500238,38.904514499428046,0,-2.5579538487363607e-13,False
inhale,60,5.8596786372701919,39.355007545577763,0,-2.5579538487363607e-13,False
inhale,60,5.8592088274404883,39.810717055349734,0,-2.5579538487363607e-13,False
inhale,60,5.8587426133039049,40.271703432545905,0,-2.5579538487363607e-13,False
inhale,60,5.8582799784305095,40.738027780411258,0,-2.1316282072803006e-13,False
inhale,60,5.857820906417289,41.209751909733043,0,-1.8474111129762605e-13,False
inhale,60,5.8573653808879929,41.686938347033553,0,-1.8474111129762605e-13,False
inhale,60,5.8569133854929616,42.169650342858226,0,-1.8474111129762605e-13,False
inhale,60,5.8564649034288276,42.657951880159253,0,-1.7053025658242404e-13,False
inhale,60,5.8560199159998954,43.151907682776546,0,-1.8474111129762605e-13,False
inhale,60,5.85557840406182,43.651583224016612,0,-1.5631940186722204e-13,False
inhale,60,5.8551403485019815,44.157044735331255,0,-1.5631940186722204e-13,False
inhale,60,5.8547057302392167,44.668359215096302,0,-1.1368683772161603e-13,False
inhale,60,5.8542745302235319,45.185594437492263,0,-1.7053025658242404e-13,False
inhale,60,5.8538467294358547,45.708818961487516,0,-1.2789769243681803e-13,False
inhale,60,5.8534223088877377,46.238102139926035,0,-1.2789769243681803e-13,False
inhale,60,5.8530012496211157,46.77351412871981,0,-1.4210854715202004e-13,False
inhale,60,5.8525835327080271,47.315125896148075,0,-1.1368683772161603e-13,False
inhale,60,5.8521691392503543,47.863009232263849,0,-1.4210854715202004e-13,False
inhale,60,5.8517580503795479,48.417236758409942,0,-1.1368683772161603e-13,False
inhale,60,5.8513502472563905,48.977881936844611,0,-1.8474111129762605e-13,False
inhale,60,5.8509457110707199,49.545019080479001,0,-7.1054273576010019e-14,False
inhale,60,5.8505444230411658,50.118723362727252,0,-9.9475983006414026e-14,False
inhale,60,5.8501463644149183,50.699070827470443,0,-4.2632564145606011e-14,False
inhale,60,5.8497515164674416,51.286138399136483,0,-1.4210854715202004e-14,False
inhale,60,5.8493598605022443,51.880003892896092,0,-5.6843418860808015e-14,False
inhale,60,5.8489713778506243,52.480746024977286,0,-9.9475983006414026e-14,False
inhale,60,5.848586049871412,53.088444423098849,0,-2.8421709430404007e-14,False
inhale,60,5.8482038579507138,53.703179637025272,0,-5.6843418860808015e-14,False
inhale,60,5.8478247835016983,54.325033149243303,0,-7.1054273576010019e-14,False
inhale,60,5.847448807964307,54.954087385762485,0,-2.8421709430404007e-14,False
inhale,60,5.847075912805038,55.590425727040369,0,-2.8421709430404007e-14,False
inhale,60,5.8467060795167081,56.234132519034908,0,-2.8421709430404007e-14,False
inhale,60,5.8463392896181841,56.885293084384131,0,-8.5265128291212022e-14,False
inhale,60,5.8459755246541754,57.543993733715723,0,-7.1054273576010019e-14,False
inhale,60,5.8456147661949709,58.210321777087159,0,-4.2632564145606011e-14,False
inhale,60,5.8452569958362179,58.884365535558899,0,-1.4210854715202004e-14,False
inhale,60,5.8449021951986726,59.566214352901035,0,-5.6843418860808015e-14,False
inhale,60,5.8445503459279919,60.255958607435808,0,-4.2632564145606011e-14,False
inhale,60,5.844201429694472,60.95368972401694,0,-2.8421709430404007e-14,False
inhale,60,5.8438554281928319,61.659500186148222,0,-4.2632564145606011e-14,False
inhale,60,5.8435123231419883,62.373483548241914,0,0,False
inhale,60,5.8431720962848166,63.095734448019364,0,-2.8421709430404007e-14,False
inhale,60,5.842834729387933,63.82634861905489,0,-1.4210854715202004e-14,False
inhale,60,5.8425002042414684,64.56542290346556,0,-1.4210854715202004e-14,False
inhale,60,5.8421685026588444,65.313055264747234,0,1.4210854715202004e-14,False
inhale,60,5.8418396064765403,66.06934480075958,0,-1.4210854715202004e-14,False
inhale,60,5.8415134975538949,66.834391756861493,0,0,False
inhale,60,5.8411901577728669,67.60829753919819,0,1.4210854715202004e-14,False
inhale,60,5.8408695690378245,68.391164728142925,0,0,False
inhale,60,5.8405517132753326,69.183097091893629,0,0,False
inhale,60,5.8402365724339278,69.984199600227385,0,-2.8421709430404007e-14,False
inhale,60,5.8399241284839185,70.794578438413808,0,-4.2632564145606011e-14,False
inhale,60,5.8396143634171578,71.614341021290201,0,0,False
inhale,60,5.8393072592468371,72.443596007498982,0,0,False
inhale,60,5.8390027980072823,73.282453313890443,0,-5.6843418860808015e-14,False
inhale,60,5.8387009617537471,74.131024130091774,0,2.8421709430404007e-14,False
inhale,60,5.8384017325621871,74.989420933245583,0,2.8421709430404007e-14,False
inhale,60,5.8381050925290694,75.857757502918361,0,0,False
inhale,60,5.8378110237711747,76.736148936181934,0,0,False
inhale,60,5.8375195084253804,77.624711662869203,0,0,False
inhale,60,5.8372305286484583,78.523563461007186,0,-2.8421709430404007e-14,False
inhale,60,5.8369440666168861,79.43282347242814,0,-1.4210854715202004e-14,False
inhale,60,5.8366601045266382,80.352612218561774,0,1.4210854715202004e-14,False
inhale,60,5.8363786245929896,81.283051616409949,0,0,False
inhale,60,5.8360996090503257,82.224264994707127,0,1.4210854715202004e-14,False
inhale,60,5.8358230401519338,83.176377110267083,0,1.4210854715202004e-14,False
inhale,60,5.8355489001698242,84.139514164519554,0,1.4210854715202004e-14,False
inhale,60,5.8352771713945302,85.113803820237678,0,1.4210854715202004e-14,False
inhale,60,5.8350078361349116,86.099375218460082,0,1.4210854715202004e-14,False
inhale,60,5.8347408767179703,87.096358995608057,0,5.6843418860808015e-14,False
inhale,60,5.8344762754886643,88.10488730080138,0,-1.4210854715202004e-14,False
inhale,60,5.834214014809719,89.12509381337459,0,2.8421709430404007e-14,False
inhale,60,5.8339540770614287,90.157113760595706,0,2.8421709430404007e-14,False
inhale,60,5.8336964446414878,91.201083935590972,0,1.4210854715202004e-14,False
inhale,60,5.8334410999647952,92.257142715476292,0,2.8421709430404007e-14,False
inhale,60,5.833188025463282,93.325430079699146,0,4.2632564145606011e-14,False
inhale,60,5.8329372035857148,94.40608762859236,0,-1.4210854715202004e-14,False
inhale,60,5.832688616797534,95.499258602143584,0,-4.2632564145606011e-14,False
inhale,60,5.8324422475806594,96.60508789898131,0,-5.6843418860808015e-14,False
inhale,60,5.8321980784333283,97.72372209558111,0,0,False
inhale,60,5.8319560918698876,98.855309465693907,0,-2.8421709430404007e-14,False
inhale,60,5.8317162704206602,100,0,0,False
inhale,70,7.3776858081081986,0.10000000000000001,0,4.2632564145606011e-14,False
inhale,70,7.3774242538666854,0.10115794542598985,0,8.5265128291212022e-14,False
inhale,70,7.3771601770711541,0.10232929922807542,0,7.1054273576010019e-14,False
inhale,70,7.3768935431165668,0.10351421666793438,0,9.9475983006414026e-14,False
inhale,70,7.3766243174017632,0.10471285480508996,0,9.9475983006414026e-14,False
inhale,70,7.3763524653295702,0.10592537251772889,0,4.2632564145606011e-14,False
inhale,70,7.3760779523068711,0.10715193052376065,0,5.6843418860808015e-14,False
inhale,70,7.3758007437446844,0.10839269140212036,0,7.1054273576010019e-14,False
inhale,70,7.3755208050582617,0.10964781961431851,0,7.1054273576010019e-14,False
inhale,70,7.3752381016671604,0.11091748152624012,0,7.1054273576010019e-14,False
inhale,70,7.3749525989953595,0.11220184543019636,0,5.6843418860808015e-14,False
inhale,70,7.3746642624713257,0.11350108156723152,0,9.9475983006414026e-14,False
inhale,70,7.3743730575281159,0.11481536214968829,0,7.1054273576010019e-14,False
inhale,70,7.3740789496034811,0.11614486138403426,0,1.2789769243681803e-13,False
inhale,70,7.3737819041399471,0.11748975549395298,0,1.2789769243681803e-13,False
inhale,70,7.3734818865849272,0.11885022274370183,0,5.6843418860808015e-14,False
inhale,70,7.3731788623908248,0.12022644346174129,0,1.5631940186722204e-13,False
inhale,70,7.3728727970151109,0.12161860006463679,0,9.9475983006414026e-14,False
inhale,70,7.3725636559204677,0.12302687708123815,0,8.5265128291212022e-14,False
inhale,70,7.3722514045748619,0.1244514611771385,0,1.4210854715202004e-13,False
inhale,70,7.371936008451665,0.12589254117941673,0,1.2789769243681803e-13,False
inhale,70,7.3716174330297637,0.12735030810166617,0,9.9475983006414026e-14,False
inhale,70,7.3712956437936796,0.12882495516931339,0,1.1368683772161603e-13,False
inhale,70,7.3709706062336595,0.13031667784522993,0,1.2789769243681803e-13,False
inhale,70,7.3706422858458094,0.1318256738556407,0,9.9475983006414026e-14,False
inhale,70,7.3703106481322163,0.1333521432163324,0,1.8474111129762605e-13,False
inhale,70,7.3699756586010352,0.13489628825916536,0,1.2789769243681803e-13,False
inhale,70,7.3696372827666607,0.13645831365889247,0,1.5631940186722204e-13,False
inhale,70,7.3692954861497917,0.13803842646028849,0,1.4210854715202004e-13,False
inhale,70,7.3689502342776025,0.13963683610559377,0,1.2789769243681803e-13,False
inhale,70,7.3686014926838572,0.14125375446227545,0,1.7053025658242404e-13,False
inhale,70,7.3682492269090032,0.1428893958511103,0,1.2789769243681803e-13,False
inhale,70,7.3678934025003588,0.14454397707459277,0,1.7053025658242404e-13,False
inhale,70,7.3675339850121926,0.14621771744567183,0,1.5631940186722204e-13,False
inhale,70,7.3671709400058898,0.14791083881682077,0,1.5631940186722204e-13,False
inhale,70,7.3668042330500842,0.14962356560944334,0,1.9895196601282805e-13,False
inhale,70,7.3664338297207648,0.15135612484362079,0,1.8474111129762605e-13,False
inhale,70,7.3660596956014581,0.15310874616820302,0,2.2737367544323206e-13,False
inhale,70,7.3656817962833347,0.15488166189124811,0,2.1316282072803006e-13,False
inhale,70,7.3653000973653713,0.15667510701081494,0,2.1316282072803006e-13,False
inhale,70,7.3649145644544847,0.15848931924611134,0,1.9895196601282805e-13,False
inhale,70,7.3645251631656832,0.16032453906900418,0,1.9895196601282805e-13,False
inhale,70,7.3641318591222173,0.16218100973589297,0,2.1316282072803006e-13,False
inhale,70,7.3637346179557133,0.16405897731995392,0,1.9895196601282805e-13,False
inhale,70,7.3633334053063528,0.16595869074375605,0,2.7000623958883807e-13,False
inhale,70,7.362928186822983,0.16788040181225602,0,2.4158453015843406e-13,False
inhale,70,7.362518928163329,0.16982436524617442,0,2.2737367544323206e-13,False
inhale,70,7.3621055949940999,0.17179083871575881,0,2.2737367544323206e-13,False
inhale,70,7.3616881529911771,0.17378008287493754,0,2.2737367544323206e-13,False
inhale,70,7.3612665678397642,0.17579236139586926,0,2.8421709430404007e-13,False
inhale,70,7.3608408052345409,0.17782794100389229,0,2.4158453015843406e-13,False
inhale,70,7.360410830879859,0.17988709151287879,0,2.8421709430404007e-13,False
inhale,70,7.3599766104898645,0.18197008586099836,0,2.2737367544323206e-13,False
inhale,70,7.3595381097887085,0.18407720014689558,0,2.8421709430404007e-13,False
inhale,70,7.3590952945106753,0.18620871366628675,0,2.8421709430404007e-13,False
inhale,70,7.358648130400395,0.18836490894898006,0,2.9842794901924208e-13,False
inhale,70,7.3581965832129885,0.19054607179632474,0,2.9842794901924208e-13,False
inhale,70,7.3577406187142538,0.19275249131909361,0,2.7000623958883807e-13,False
inhale,70,7.3572802026807942,0.19498445997580455,0,-2.8421709430404007e-13,False
inhale,70,7.3568153009003829,0.19724227361148533,0,-2.9842794901924208e-13,False
inhale,70,7.356345879171875,0.19952623149688797,0,-2.8421709430404007e-13,False
inhale,70,7.3558719033055562,0.20183663636815607,0,-3.1263880373444408e-13,False
inhale,70,7.3553933391232995,0.20417379446695297,0,-2.9842794901924208e-13,False
inhale,70,7.3549101524587401,0.20653801558105292,0,-3.1263880373444408e-13,False
inhale,70,7.3544223091574699,0.20892961308540398,0,-2.9842794901924208e-13,False
inhale,70,7.3539297750772299,0.21134890398366465,0,-2.9842794901924208e-13,False
inhale,70,7.3534325160880947,0.21379620895022325,0,-2.8421709430404007e-13,False
inhale,70,7.3529304980726646,0.21627185237270202,0,-2.8421709430404007e-13,False
inhale,70,7.352423686926274,0.21877616239495529,0,-3.2684965844964609e-13,False
inhale,70,7.3519120485571898,0.22130947096056375,0,-3.1263880373444408e-13,False
inhale,70,7.351395548886785,0.223872113856834,0,-2.5579538487363607e-13,False
inhale,70,7.3508741538497677,0.22646443075930595,0,-2.8421709430404007e-13,False
inhale,70,7.3503478293943756,0.22908676527677729,0,-2.9842794901924208e-13,False
inhale,70,7.3498165414825767,0.23173946499684786,0,-2.9842794901924208e-13,False
inhale,70,7.3492802560902835,0.2344228815319922,0,-2.9842794901924208e-13,False
inhale,70,7.3487389392075588,0.23713737056616552,0,-2.7000623958883807e-13,False
inhale,70,7.3481925556623207,0.23988329190194904,0,-2.7000623958883807e-13,False
inhale,70,7.347641065592847,0.24266100950824154,0,-2.5579538487363607e-13,False
inhale,70,7.3470844279805707,0.24547089156850305,0,-2.7000623958883807e-13,False
inhale,70,7.3465226018273855,0.24831331052955705,0,-2.5579538487363607e-13,False
inhale,70,7.3459555461559791,0.25118864315095801,0,-2.5579538487363607e-13,False
inhale,70,7.3453832200101967,0.25409727055493053,0,-2.1316282072803006e-13,False
inhale,70,7.3448055824553942,0.25703957827688639,0,-2.4158453015843406e-13,False
inhale,70,7.3442225925788245,0.26001595631652719,0,-2.8421709430404007e-13,False
inhale,70,7.3436342094899709,0.26302679918953814,0,-2.2737367544323206e-13,False
inhale,70,7.3430403923209475,0.26607250597988097,0,-2.4158453015843406e-13,False
inhale,70,7.3424411002268677,0.26915348039269155,0,-2.1316282072803006e-13,False
inhale,70,7.3418362923862235,0.27227013080779128,0,-1.9895196601282805e-13,False
inhale,70,7.3412259280012613,0.27542287033381663,0,-2.2737367544323206e-13,False
inhale,70,7.3406099662983957,0.2786121168629771,0,-2.1316282072803006e-13,False
inhale,70,7.339988366528579,0.28183829312644537,0,-1.7053025658242404e-13,False
inhale,70,7.3393610879676991,0.28510182675039097,0,-1.9895196601282805e-13,False
inhale,70,7.3387280899169971,0.28840315031266056,0,-2.1316282072803006e-13,False
inhale,70,7.3380893317034683,0.29174270140011677,0,-1.9895196601282805e-13,False
inhale,70,7.3374447726802519,0.29512092266663853,0,-1.8474111129762605e-13,False
inhale,70,7.3367943722270663,0.298538261891796,0,-1.4210854715202004e-13,False
inhale,70,7.3361380897506159,0.3019951720402016,0,-1.8474111129762605e-13,False
inhale,70,7.3354758846850308,0.3054921113215513,0,-1.4210854715202004e-13,False
inhale,70,7.3348077164922518,0.30902954325135906,0,-1.5631940186722204e-13,False
inhale,70,7.3341335446625138,0.31260793671239551,0,-1.2789769243681803e-13,False
inhale,70,7.3334533287147217,0.31622776601683794,0,-1.5631940186722204e-13,False
inhale,70,7.3327670281969501,0.31988951096913981,0,-1.1368683772161603e-13,False
inhale,70,7.3320746026868351,0.32359365692962827,0,-1.4210854715202004e-13,False
inhale,70,7.3313760117920435,0.32734069487883821,0,-1.1368683772161603e-13,False
inhale,70,7.3306712151507192,0.33113112148259111,0,-1.1368683772161603e-13,False
inhale,70,7.3299601724319396,0.33496543915782767,0,-7.1054273576010019e-14,False
inhale,70,7.3292428433361687,0.33884415613920255,0,-1.1368683772161603e-13,False
inhale,70,7.3285191875957292,0.3427677865464504,0,-7.1054273576010019e-14,False
inhale,70,7.3277891649752531,0.34673685045253166,0,-4.2632564145606011e-14,False
inhale,70,7.3270527352721713,0.35075187395256802,0,-1.4210854715202004e-14,False
inhale,70,7.3263098583171713,0.35481338923357547,0,-4.2632564145606011e-14,False
inhale,70,7.325560493974697,0.35892193464500527,0,-8.5265128291212022e-14,False
inhale,70,7.3248046021434066,0.36307805477010141,0,-8.5265128291212022e-14,False
inhale,70,7.3240421427852169,0.36728230049808469,0,-1.4210854715202004e-14,False
inhale,70,7.3232730765544325,0.37153522909717257,0,-7.1054273576010019e-14,False
inhale,70,7.3224973648027447,0.3758374042884442,0,-4.2632564145606011e-14,False
inhale,70,7.3217149689540371,0.38018939632056115,0,-7.1054273576010019e-14,False
inhale,70,7.3209258504766099,0.38459178204535355,0,1.4210854715202004e-14,False
inhale,70,7.320129970883797,0.38904514499428056,0,-2.8421709430404007e-14,False
inhale,70,7.3193272917346803,0.39355007545577742,0,-1.4210854715202004e-14,False
inhale,70,7.3185177746347536,0.3981071705534972,0,-4.2632564145606011e-14,False
inhale,70,7.3177013812366045,0.40271703432545908,0,0,False
inhale,70,7.3168780732406056,0.40738027780411273,0,-1.4210854715202004e-14,False
inhale,70,7.3160478123956185,0.41209751909733022,0,-2.8421709430404007e-14,False
inhale,70,7.3152105604996871,0.41686938347033542,0,1.4210854715202004e-14,False
inhale,70,7.3143662794007556,0.42169650342858223,0,0,False
inhale,70,7.313514930997373,0.42657951880159267,0,0,False
inhale,70,7.3126564772394147,0.43151907682776525,0,1.4210854715202004e-14,False
inhale,70,7.3117908801288172,0.43651583224016599,0,1.4210854715202004e-14,False
inhale,70,7.3109181017202944,0.44157044735331252,0,0,False
inhale,70,7.3100381041220865,0.44668359215096315,0,-1.4210854715202004e-14,False
inhale,70,7.3091508494966941,0.45185594437492238,0,1.4210854715202004e-14,False
inhale,70,7.3082563000616352,0.45708818961487507,0,-1.4210854715202004e-14,False
inhale,70,7.3073544180901946,0.46238102139926035,0,-1.4210854715202004e-14,False
inhale,70,7.3064451659121756,0.46773514128719823,0,-2.8421709430404007e-14,False
inhale,70,7.305528505914678,0.47315125896148053,0,-1.4210854715202004e-14,False
inhale,70,7.3046044005428694,0.47863009232263842,0,0,False
inhale,70,7.3036728123007464,0.48417236758409943,0,-2.8421709430404007e-14,False
inhale,70,7.3027337037519304,0.48977881936844625,0,0,False
inhale,70,7.3017870375204579,0.4954501908047903,0,5.6843418860808015e-14,False
inhale,70,7.3008327762915544,0.50118723362727235,0,4.2632564145606011e-14,False
inhale,70,7.2998708828124599,0.50699070827470427,0,-2.8421709430404007e-14,False
inhale,70,7.2989013198932211,0.51286138399136483,0,-2.8421709430404007e-14,False
inhale,70,7.2979240504074934,0.51880003892896109,0,-2.8421709430404007e-14,False
inhale,70,7.2969390372933693,0.52480746024977254,0,-1.4210854715202004e-14,False
inhale,70,7.2959462435541935,0.53088444423098835,0,0,False
inhale,70,7.2949456322593944,0.53703179637025267,0,2.8421709430404007e-14,False
inhale,70,7.293937166545307,0.54325033149243318,0,-2.8421709430404007e-14,False
inhale,70,7.2929208096160352,0.54954087385762451,0,2.8421709430404007e-14,False
inhale,70,7.2918965247442538,0.5559042572704036,0,-1.4210854715202004e-14,False
inhale,70,7.2908642752721082,0.56234132519034907,0,4.2632564145606011e-14,False
inhale,70,7.2898240265812868,0.56885293084384148,0,4.2632564145606011e-14,False
inhale,70,7.2887757520047902,0.57543993733715693,0,2.8421709430404007e-14,False
inhale,70,7.2877194269252774,0.58210321777087148,0,2.8421709430404007e-14,False
inhale,70,7.2866550268075532,0.58884365535558902,0,-1.4210854715202004e-14,False
inhale,70,7.2855825271995824,0.59566214352901048,0,1.4210854715202004e-14,False
inhale,70,7.2845019037334797,0.60255958607435778,0,8.5265128291212022e-14,False
inhale,70,7.2834131321265243,0.60953689724016924,0,2.8421709430404007e-14,False
inhale,70,7.2823161881822136,0.61659500186148219,0,8.5265128291212022e-14,False
inhale,70,7.2812110477912277,0.62373483548241926,0,4.2632564145606011e-14,False
inhale,70,7.2800976869325114,0.63095734448019336,0,7.1054273576010019e-14,False
inhale,70,7.2789760816742719,0.63826348619054873,0,8.5265128291212022e-14,False
inhale,70,7.2778462081750179,0.64565422903465564,0,9.9475983006414026e-14,False
inhale,70,7.2767080426846267,0.65313055264747244,0,1.1368683772161603e-13,False
inhale,70,7.2755615615453495,0.66069344800759611,0,1.4210854715202004e-13,False
inhale,70,7.2744067411928883,0.66834391756861466,0,8.5265128291212022e-14,False
inhale,70,7.2732435581574544,0.67608297539198192,0,1.5631940186722204e-13,False
inhale,70,7.2720719890647896,0.68391164728142928,0,1.5631940186722204e-13,False
inhale,70,7.2708920106372625,0.69183097091893642,0,1.7053025658242404e-13,False
inhale,70,7.2697035996949282,0.69984199600227348,0,1.7053025658242404e-13,False
inhale,70,7.2685067331565891,0.70794578438413791,0,2.2737367544323206e-13,False
inhale,70,7.267301388040873,0.71614341021290195,0,2.4158453015843406e-13,False
inhale,70,7.2660875414673107,0.72443596007499,0,1.9895196601282805e-13,False
inhale,70,7.2648651706574308,0.73282453313890406,0,2.7000623958883807e-13,False
inhale,70,7.2636342529358151,0.74131024130091749,0,2.7000623958883807e-13,False
inhale,70,7.262394765731222,0.74989420933245587,0,2.5579538487363607e-13,False
inhale,70,7.2611466865776624,0.75857757502918377,0,3.4106051316484809e-13,False
inhale,70,7.2598899931154497,0.76736148936181892,0,-3.1263880373444408e-13,False
inhale,70,7.258624663092502,0.77624711662869172,0,-3.1263880373444408e-13,False
inhale,70,7.2573506743651475,0.78523563461007184,0,-3.1263880373444408e-13,False
inhale,70,7.2560680048994408,0.79432823472428149,0,-2.5579538487363607e-13,False
inhale,70,7.2547766327721961,0.80352612218561725,0,-2.8421709430404007e-13,False
inhale,70,7.2534765361721503,0.81283051616409929,0,-2.8421709430404007e-13,False
inhale,70,7.2521676934010397,0.82224264994707119,0,-3.1263880373444408e-13,False
inhale,70,7.2508500828747398,0.83176377110267108,0,-2.5579538487363607e-13,False
inhale,70,7.2495236831243917,0.84139514164519513,0,-2.5579538487363607e-13,False
inhale,70,7.2481884727975414,0.85113803820237655,0,-2.2737367544323206e-13,False
inhale,70,7.2468444306592401,0.86099375218460072,0,-2.2737367544323206e-13,False
inhale,70,7.245491536159955,0.87096358995608081,0,-1.9895196601282805e-13,False
inhale,70,7.2441297819048653,0.88104887300801427,0,-1.9895196601282805e-13,False
inhale,70,7.2427591736538677,0.89125093813374567,0,-1.9895196601282805e-13,False
inhale,70,7.2413797178537243,0.90157113760595708,0,-2.1316282072803006e-13,False
inhale,70,7.2399914210722391,0.91201083935590965,0,-1.4210854715202004e-13,False
inhale,70,7.2385942899991811,0.92257142715476315,0,-1.5631940186722204e-13,False
inhale,70,7.2371883314472258,0.93325430079699101,0,-1.4210854715202004e-13,False
inhale,70,7.2357735523528888,0.94406087628592328,0,-9.9475983006414026e-14,False
inhale,70,7.2343499597774272,0.95499258602143589,0,-7.1054273576010019e-14,False
inhale,70,7.2329175609077767,0.96605087898981334,0,-8.5265128291212022e-14,False
inhale,70,7.2314763630574577,0.97723722095581067,0,-7.1054273576010019e-14,False
inhale,70,7.2300263736674832,0.98855309465693886,0,-8.5265128291212022e-14,False
inhale,70,7.2285676003072883,1,0,-7.1054273576010019e-14,False
inhale,70,7.22710005067559,1.0115794542598988,0,-5.6843418860808015e-14,False
inhale,70,7.2256237326013286,1.0232929922807541,0,-2.8421709430404007e-14,False
inhale,70,7.2241386540445252,1.0351421666793441,0,-2.8421709430404007e-14,False
inhale,70,7.2226448230971974,1.0471285480508996,0,0,False
inhale,70,7.2211422479842282,1.0592537251772887,0,1.4210854715202004e-14,False
inhale,70,7.2196309370642533,1.0715193052376064,0,0,False
inhale,70,7.2181108988305338,1.0839269140212033,0,1.4210854715202004e-14,False
inhale,70,7.2165821419118235,1.0964781961431851,0,1.4210854715202004e-14,False
inhale,70,7.2150446750732335,1.1091748152624008,0,0,False
inhale,70,7.2134985072170963,1.1220184543019636,0,-1.4210854715202004e-14,False
inhale,70,7.2119436473838237,1.1350108156723149,0,-2.8421709430404007e-14,False
inhale,70,7.2103801047527485,1.1481536214968828,0,-1.4210854715202004e-14,False
inhale,70,7.2088078886429683,1.1614486138403426,0,0,False
inhale,70,7.207227008514197,1.1748975549395297,0,-2.8421709430404007e-14,False
inhale,70,7.2056374739675872,1.1885022274370183,0,1.4210854715202004e-14,False
inhale,70,7.2040392947465639,1.2022644346174132,0,2.8421709430404007e-14,False
inhale,70,7.2024324807376399,1.2161860006463678,0,0,False
inhale,70,7.2008170419712467,1.2302687708123818,0,0,False
inhale,70,7.1991929886225368,1.244514611771385,0,2.8421709430404007e-14,False
inhale,70,7.1975603310121823,1.2589254117941675,0,1.4210854715202004e-14,False
inhale,70,7.1959190796071919,1.2735030810166617,0,1.4210854715202004e-14,False
inhale,70,7.1942692450216859,1.2882495516931343,0,0,False
inhale,70,7.1926108380176998,1.3031667784522993,0,-2.8421709430404007e-14,False
inhale,70,7.1909438695059658,1.3182567385564075,0,5.6843418860808015e-14,False
inhale,70,7.1892683505466524,1.333521432163324,0,5.6843418860808015e-14,False
inhale,70,7.1875842991195125,1.348962882591654,0,2.8421709430404007e-14,False
inhale,70,7.1858917604196666,1.3645831365889245,0,8.5265128291212022e-14,False
inhale,70,7.1841907865274246,1.3803842646028852,0,2.8421709430404007e-14,False
inhale,70,7.1824814296356969,1.3963683610559376,0,8.5265128291212022e-14,False
inhale,70,7.1807637420497707,1.4125375446227548,0,8.5265128291212022e-14,False
inhale,70,7.1790377761872355,1.4288939585111029,0,1.5631940186722204e-13,False
inhale,70,7.1773035845777509,1.4454397707459272,0,1.4210854715202004e-13,False
inhale,70,7.1755612198629075,1.4621771744567182,0,1.8474111129762605e-13,False
inhale,70,7.1738107347959907,1.4791083881682072,0,1.8474111129762605e-13,False
inhale,70,7.1720521822417913,1.4962356560944337,0,2.1316282072803006e-13,False
inhale,70,7.1702856151763701,1.513561248436208,0,2.4158453015843406e-13,False
inhale,70,7.16851108668682,1.5310874616820302,0,2.1316282072803006e-13,False
inhale,70,7.1667286499710174,1.5488166189124812,0,2.7000623958883807e-13,False
inhale,70,7.1649383583372863,1.5667510701081493,0,-2.8421709430404007e-13,False
inhale,70,7.1631402652043263,1.5848931924611134,0,-2.8421709430404007e-13,False
inhale,70,7.1613344241006294,1.6032453906900417,0,-2.7000623958883807e-13,False
inhale,70,7.159520888664348,1.6218100973589298,0,-2.8421709430404007e-13,False
inhale,70,7.1576997126429296,1.6405897731995396,0,-2.9842794901924208e-13,False
inhale,70,7.1558709498927815,1.6595869074375604,0,-2.4158453015843406e-13,False
inhale,70,7.1540346543789086,1.6788040181225607,0,-2.7000623958883807e-13,False
inhale,70,7.1521908801745644,1.6982436524617444,0,-1.9895196601282805e-13,False
inhale,70,7.1503396814608413,1.7179083871575884,0,-1.9895196601282805e-13,False
inhale,70,7.1484811125263086,1.7378008287493754,0,-1.9895196601282805e-13,False
inhale,70,7.1466152277665875,1.7579236139586931,0,-1.8474111129762605e-13,False
inhale,70,7.1447420816839236,1.7782794100389228,0,-1.4210854715202004e-13,False
inhale,70,7.1428617288867535,1.7988709151287883,0,-1.4210854715202004e-13,False
inhale,70,7.1409742240892706,1.8197008586099834,0,-9.9475983006414026e-14,False
inhale,70,7.1390796221109278,1.8407720014689564,0,-5.6843418860808015e-14,False
inhale,70,7.1371779778759885,1.8620871366628675,0,-7.1054273576010019e-14,False
inhale,70,7.1352693464130219,1.883649089489801,0,-4.2632564145606011e-14,False
inhale,70,7.1333537828543863,1.9054607179632472,0,-7.1054273576010019e-14,False
inhale,70,7.131431342435735,1.9275249131909356,0,-4.2632564145606011e-14,False
inhale,70,7.1295020804954463,1.9498445997580456,0,-2.8421709430404007e-14,False
inhale,70,7.1275660524740978,1.9724227361148534,0,-4.2632564145606011e-14,False
inhale,70,7.1256233139139047,1.9952623149688797,0,-2.8421709430404007e-14,False
inhale,70,7.1236739204581276,2.0183663636815607,0,-4.2632564145606011e-14,False
inhale,70,7.1217179278504963,2.0417379446695296,0,-4.2632564145606011e-14,False
inhale,70,7.1197553928153736,2.0653801558105291,0,1.4210854715202004e-14,False
inhale,70,7.1177863924204967,2.0892961308540396,0,-2.0605739337042905e-12,False
inhale,70,7.115811024018984,2.1134890398366464,0,0,False
inhale,70,7.1138293858440935,2.1379620895022327,0,2.8421709430404007e-14,False
inhale,70,7.1118415761277127,2.1627185237270199,0,2.8421709430404007e-14,False
inhale,70,7.109847693097584,2.187761623949553,0,-4.2632564145606011e-14,False
inhale,70,7.107847834975515,2.2130947096056377,0,1.4210854715202004e-14,False
inhale,70,7.1058420999754475,2.2387211385683399,0,1.4210854715202004e-14,False
inhale,70,7.1038305863014957,2.2646443075930596,0,1.4210854715202004e-14,False
inhale,70,7.1018133921460223,2.2908676527677736,0,0,False
inhale,70,7.0997906156876756,2.3173946499684783,0,0,False
inhale,70,7.0977623550894391,2.3442288153199229,0,0,False
inhale,70,7.0957287084966838,2.3713737056616551,0,4.2632564145606011e-14,False
inhale,70,7.0936897740352149,2.3988329190194912,0,1.4210854715202004e-14,False
inhale,70,7.0916456498093314,2.4266100950824154,0,2.8421709430404007e-14,False
inhale,70,7.0895964338998398,2.454708915685031,0,4.2632564145606011e-14,False
inhale,70,7.0875422243621422,2.4831331052955705,0,9.9475983006414026e-14,False
inhale,70,7.0854831192242402,2.511886431509581,0,9.9475983006414026e-14,False
inhale,70,7.0834192164848222,2.5409727055493052,0,1.2789769243681803e-13,False
inhale,70,7.0813506141112672,2.5703957827688635,0,1.4210854715202004e-13,False
inhale,70,7.0792774100377267,2.6001595631652723,0,1.8474111129762605e-13,False
inhale,70,7.0771997021631439,2.6302679918953813,0,1.7053025658242404e-13,False
inhale,70,7.0751175883493165,2.6607250597988097,0,2.1316282072803006e-13,False
inhale,70,7.0730311664189376,2.6915348039269151,0,2.5579538487363607e-13,False
inhale,70,7.0709405341536407,2.7227013080779128,0,2.9842794901924208e-13,False
inhale,70,7.0688457892920136,2.7542287033381663,0,-2.4158453015843406e-13,False
inhale,70,7.0667470295278196,2.7861211686297707,0,-2.4158453015843406e-13,False
inhale,70,7.0646443525077895,2.8183829312644537,0,-2.7000623958883807e-13,False
inhale,70,7.0625378558298415,2.85101826750391,0,-2.5579538487363607e-13,False
inhale,70,7.0604276370411059,2.8840315031266055,0,-2.5579538487363607e-13,False
inhale,70,7.0583137936359757,2.9174270140011673,0,-2.2737367544323206e-13,False
inhale,70,7.0561964230541623,2.9512092266663856,0,-1.8474111129762605e-13,False
inhale,70,7.0540756226787682,2.9853826189179604,0,-1.8474111129762605e-13,False
inhale,70,7.0519514898343445,3.0199517204020161,0,-1.9895196601282805e-13,False
inhale,70,7.0498241217849644,3.0549211132155141,0,-1.2789769243681803e-13,False
inhale,70,7.0476936157322783,3.0902954325135905,0,-1.4210854715202004e-13,False
inhale,70,7.0455600688136109,3.126079367123956,0,-1.2789769243681803e-13,False
inhale,70,7.0434235781000218,3.1622776601683795,0,-8.5265128291212022e-14,False
inhale,70,7.0412842448433777,3.1988951096913989,0,-8.5265128291212022e-14,False
inhale,70,7.0391421871793352,3.2359365692962827,0,-2.8421709430404007e-14,False
inhale,70,7.0369975273045355,3.273406948788383,0,-7.1054273576010019e-14,False
inhale,70,7.034850387214628,3.3113112148259112,0,0,False
inhale,70,7.0327008887017595,3.3496543915782775,0,1.4210854715202004e-14,False
inhale,70,7.0305491533521369,3.3884415613920256,0,0,False
inhale,70,7.0283953025436432,3.4276778654645046,0,1.4210854715202004e-14,False
inhale,70,7.0262394574434204,3.4673685045253166,0,0,False
inhale,70,7.0240817390057417,3.5075187395256795,0,2.0605739337042905e-12,False
inhale,70,7.0219222679688578,3.548133892335755,0,0,False
inhale,70,7.019761164854418,3.5892193464500517,0,1.4210854715202004e-14,False
inhale,70,7.0175985499635836,3.630780547701014,0,-2.8421709430404007e-14,False
inhale,70,7.0154345433756689,3.6728230049808461,0,1.4210854715202004e-14,False
inhale,70,7.0132692649458335,3.715352290971726,0,-2.8421709430404007e-14,False
inhale,70,7.0111028343029895,3.7583740428844412,0,-2.8421709430404007e-14,False
inhale,70,7.0089353708477189,3.8018939632056128,0,-1.4210854715202004e-14,False
inhale,70,7.0067669937502526,3.8459178204535354,0,2.8421709430404007e-14,False
inhale,70,7.0045978219484661,3.8904514499428067,0,0,False
inhale,70,7.0024279741459567,3.9355007545577743,0,4.2632564145606011e-14,False
inhale,70,7.0002575688100883,3.9810717055349731,0,4.2632564145606011e-14,False
inhale,70,6.9980867241701628,4.0271703432545909,0,7.1054273576010019e-14,False
inhale,70,6.9959155582155406,4.0738027780411281,0,5.6843418860808015e-14,False
inhale,70,6.9937441886938716,4.1209751909733017,0,5.6843418860808015e-14,False
inhale,70,6.9915727331093205,4.1686938347033546,0,9.9475983006414026e-14,False
inhale,70,6.989401308720856,4.2169650342858223,0,1.4210854715202004e-13,False
inhale,70,6.987230032540559,4.2657951880159279,0,9.9475983006414026e-14,False
inhale,70,6.9850590213319919,4.3151907682776525,0,1.5631940186722204e-13,False
inhale,70,6.9828883916085811,4.365158322401661,0,2.1316282072803006e-13,False
inhale,70,6.9807182596320603,4.4157044735331255,0,2.2737367544323206e-13,False
inhale,70,6.9785487414109406,4.4668359215096327,0,2.5579538487363607e-13,False
inhale,70,6.9763799526989825,4.5185594437492238,0,-2.2737367544323206e-13,False
inhale,70,6.9742120089939093,4.5708818961487516,0,-2.5579538487363607e-13,False
inhale,70,6.9720450255357527,4.6238102139926029,0,-2.7000623958883807e-13,False
inhale,70,6.9698791173056485,4.6773514128719809,0,-2.5579538487363607e-13,False
inhale,70,6.9677143990244543,4.7315125896148054,0,-2.4158453015843406e-13,False
inhale,70,6.9655509851514603,4.7863009232263831,0,-2.1316282072803006e-13,False
inhale,70,6.9633889898831356,4.8417236758409938,0,-1.8474111129762605e-13,False
inhale,70,6.9612285270773056,4.8977881936844616,0,-2.1316282072803006e-13,False
inhale,70,6.9590697086002269,4.9545019080479031,0,-1.4210854715202004e-13,False
inhale,70,6.9569126442804654,5.011872336272722,0,-1.5631940186722204e-13,False
inhale,70,6.954757443530136,5.0699070827470445,0,-1.1368683772161603e-13,False
inhale,70,6.9526042154184715,5.1286138399136485,0,-9.9475983006414026e-14,False
inhale,70,6.9504530686712602,5.1880003892896118,0,-8.5265128291212022e-14,False
inhale,70,6.9483041116703337,5.2480746024977254,0,-9.9475983006414026e-14,False
inhale,70,6.9461574524531109,5.3088444423098844,0,-5.6843418860808015e-14,False
inhale,70,6.9440131987122022,5.3703179637025267,0,-2.8421709430404007e-14,False
inhale,70,6.9418714577950755,5.4325033149243334,0,-1.4210854715202004e-14,False
inhale,70,6.9397323367037558,5.4954087385762458,0,2.8421709430404007e-14,False
inhale,70,6.9375959420946192,5.5590425727040369,0,-1.4210854715202004e-14,False
inhale,70,6.9354623802782127,5.6234132519034912,0,-1.4210854715202004e-14,False
inhale,70,6.9333317572191291,5.6885293084384161,0,1.4210854715202004e-14,False
inhale,70,6.9312041785359524,5.7543993733715695,0,0,False
inhale,70,6.9290797495012546,5.8210321777087159,0,-1.4210854715202004e-14,False
inhale,70,6.92695857504164,5.8884365535558896,0,-1.4210854715202004e-14,False
inhale,70,6.9248407597378465,5.9566214352901063,0,-1.4210854715202004e-14,False
inhale,70,6.9227264078248965,6.0255958607435778,0,-1.4210854715202004e-14,False
inhale,70,6.9206156231923135,6.095368972401694,0,1.4210854715202004e-14,False
inhale,70,6.9185085093843792,6.1659500186148222,0,1.4210854715202004e-14,False
inhale,70,6.9164051696004449,6.2373483548241913,0,1.4210854715202004e-14,False
inhale,70,6.9143057066953055,6.3095734448019334,0,2.8421709430404007e-14,False
inhale,70,6.9122102231796116,6.382634861905486,0,1.4210854715202004e-14,False
inhale,70,6.910118821220343,6.4565422903465564,0,7.1054273576010019e-14,False
inhale,70,6.908031602641314,6.5313055264747231,0,5.6843418860808015e-14,False
inhale,70,6.9059486689237781,6.6069344800759611,0,7.1054273576010019e-14,False
inhale,70,6.9038701212070146,6.6834391756861455,0,2.8421709430404007e-14,False
inhale,70,6.9017960602890271,6.7608297539198192,0,8.5265128291212022e-14,False
inhale,70,6.8997265866272395,6.8391164728142924,0,8.5265128291212022e-14,False
inhale,70,6.8976618003392991,6.9183097091893657,0,1.2789769243681803e-13,False
inhale,70,6.8956018012038625,6.9984199600227344,0,1.4210854715202004e-13,False
inhale,70,6.8935466886614947,7.0794578438413804,0,1.5631940186722204e-13,False
inhale,70,6.8914965618155604,7.1614341021290198,0,1.8474111129762605e-13,False
inhale,70,6.8894515194332104,7.2443596007499025,0,2.4158453015843406e-13,False
inhale,70,6.8874116599463724,7.3282453313890406,0,2.7000623958883807e-13,False
inhale,70,6.8853770814527877,7.4131024130091774,0,-2.5579538487363607e-13,False
inhale,70,6.8833478817172766,7.4989420933245583,0,-1.9895196601282805e-13,False
inhale,70,6.8813241533818914,7.5857757502918401,0,-2.7000623958883807e-13,False
inhale,70,6.8793059696035046,7.6736148936181898,0,-2.5579538487363607e-13,False
inhale,70,6.8772933984418865,7.7624711662869199,0,-2.4158453015843406e-13,False
inhale,70,6.8752865076541392,7.8523563461007182,0,-2.2737367544323206e-13,False
inhale,70,6.8732853646962955,7.9432823472428176,0,-1.8474111129762605e-13,False
inhale,70,6.8712900367249894,8.0352612218561728,0,-1.8474111129762605e-13,False
inhale,70,6.869300590599126,8.1283051616409949,0,-1.5631940186722204e-13,False
inhale,70,6.8673170928816161,8.2224264994707124,0,-1.2789769243681803e-13,False
inhale,70,6.8653396098410919,8.317637711026709,0,-1.2789769243681803e-13,False
inhale,70,6.8633682074537132,8.4139514164519511,0,-1.5631940186722204e-13,False
inhale,70,6.8614029514049637,8.5113803820237628,0,-7.1054273576010019e-14,False
inhale,70,6.8594439070914621,8.6099375218460068,0,-5.6843418860808015e-14,False
inhale,70,6.8574911396228515,8.709635899560805,0,-9.9475983006414026e-14,False
inhale,70,6.8555447138236953,8.8104887300801416,0,-1.4210854715202004e-14,False
inhale,70,6.8536046942353499,8.9125093813374541,0,-2.8421709430404007e-14,False
inhale,70,6.8516711451179733,9.0157113760595706,0,-2.8421709430404007e-14,False
inhale,70,6.8497441304524527,9.1201083935590965,0,0,False
inhale,70,6.8478237139424163,9.2257142715476341,0,-1.4210854715202004e-14,False
inhale,70,6.8459099590162822,9.3325430079699103,0,1.4210854715202004e-14,False
inhale,70,6.8440029288292656,9.4406087628592363,0,0,False
inhale,70,6.8421026862655134,9.5499258602143584,0,1.4210854715202004e-14,False
inhale,70,6.8402092939401546,9.6605087898981363,0,-2.8421709430404007e-14,False
inhale,70,6.8383228142014811,9.7723722095581067,0,-4.2632564145606011e-14,True
inhale,70,6.8364433091330588,9.885530946569391,0,0,True
inhale,70,6.8345708405559238,10,0,-1.4210854715202004e-14,True
inhale,70,6.8327054700307972,10.115794542598982,0,5.6843418860808015e-14,True
inhale,70,6.8308472588602864,10.232929922807546,0,-2.8421709430404007e-14,True
inhale,70,6.8289962680911644,10.351421666793442,0,0,True
inhale,70,6.8271525585166248,10.471285480508996,0,1.4210854715202004e-14,True
inhale,70,6.8253161906785724,10.592537251772887,0,-2.8421709430404007e-14,True
inhale,70,6.8234872248699672,10.715193052376071,0,4.2632564145606011e-14,True
inhale,70,6.8216657211371432,10.839269140212039,0,1.4210854715202004e-14,True
inhale,70,6.8198517392821802,10.964781961431852,0,1.4210854715202004e-14,True
inhale,70,6.8180453388652973,11.091748152624008,0,4.2632564145606011e-14,True
inhale,70,6.816246579207248,11.220184543019629,0,2.8421709430404007e-14,True
inhale,70,6.8144555193917498,11.350108156723154,0,1.4210854715202004e-14,True
inhale,70,6.8126722182679442,11.481536214968829,0,8.5265128291212022e-14,True
inhale,70,6.8108967336646815,11.614486138403427,0,8.5265128291212022e-14,True
inhale,70,6.8091291050660496,11.748975549395292,0,9.9475983006414026e-14,True
inhale,70,6.8073693536675597,11.88502227437019,0,1.1368683772161603e-13,True
inhale,70,6.8056174997406798,12.022644346174131,0,9.9475983006414026e-14,True
inhale,70,6.8038735634233456,12.161860006463678,0,1.7053025658242404e-13,True
inhale,70,6.8021375647217788,12.302687708123811,0,1.9895196601282805e-13,True
inhale,70,6.8004095235123696,12.445146117713856,0,2.1316282072803006e-13,True
inhale,70,6.7986894595435361,12.589254117941675,0,2.2737367544323206e-13,True
inhale,70,6.7969773924375474,12.735030810166617,0,2.2737367544323206e-13,True
inhale,70,6.7952733416923987,12.882495516931336,0,2.8421709430404007e-13,True
inhale,70,6.7935773266836179,13.031667784523,0,-2.2737367544323206e-13,True
inhale,70,6.7918893666662807,13.182567385564074,0,-2.8421709430404007e-13,True
inhale,70,6.7902094807766273,13.33521432163324,0,-2.7000623958883807e-13,True
inhale,70,6.7885376880340571,13.489628825916533,0,-2.1316282072803006e-13,True
inhale,70,6.786874007342945,13.645831365889252,0,-1.9895196601282805e-13,True
inhale,70,6.7852184574945102,13.803842646028853,0,-2.2737367544323206e-13,True
inhale,70,6.7835710571686398,13.963683610559377,0,-2.1316282072803006e-13,True
inhale,70,6.7819318249357474,14.12537544622754,0,-1.8474111129762605e-13,True
inhale,70,6.780300779258627,14.288939585111036,0,-1.7053025658242404e-13,True
inhale,70,6.7786779384942868,14.454397707459281,0,-1.7053025658242404e-13,True
inhale,70,6.7770633208958033,14.621771744567184,0,-1.8474111129762605e-13,True
inhale,70,6.775456944614171,14.791083881682072,0,-9.9475983006414026e-14,True
inhale,70,6.7738588277001215,14.962356560944343,0,-1.1368683772161603e-13,True
inhale,70,6.7722689881059992,15.135612484362087,0,-7.1054273576010019e-14,True
inhale,70,6.7706874436875815,15.310874616820303,0,-8.5265128291212022e-14,True
inhale,70,6.7691142122059293,15.488166189124811,0,-7.1054273576010019e-14,True
inhale,70,6.7675493113292093,15.667510701081484,0,-5.6843418860808015e-14,True
inhale,70,6.7659927586345603,15.848931924611142,0,-4.2632564145606011e-14,True
inhale,70,6.7644445716099026,16.032453906900418,0,-2.8421709430404007e-14,True
inhale,70,6.7629047676557938,16.218100973589298,0,-2.8421709430404007e-14,True
inhale,70,6.7613733640872526,16.405897731995388,0,1.4210854715202004e-14,True
inhale,70,6.7598503781355879,16.595869074375614,0,0,True
inhale,70,6.7583358269502467,16.788040181225607,0,-1.4210854715202004e-14,True
inhale,70,6.7568297276006337,16.982436524617444,0,-1.4210854715202004e-14,True
inhale,70,6.7553320970779369,17.179083871575877,0,-4.2632564145606011e-14,True
inhale,70,6.7538429522969734,17.378008287493763,0,-1.4210854715202004e-14,True
inhale,70,6.7523623100979897,17.579236139586932,0,-1.4210854715202004e-14,True
inhale,70,6.7508901872485181,17.782794100389228,0,2.8421709430404007e-14,True
inhale,70,6.7494265951657564,17.988709151287875,0,-2.8421709430404007e-14,True
inhale,70,6.7479715241096434,18.197008586099845,0,-1.4210854715202004e-14,True
inhale,70,6.7465249590738745,18.407720014689563,0,1.4210854715202004e-14,True
inhale,70,6.7450868850733761,18.620871366628677,0,0,True
inhale,70,6.7436572871449609,18.836490894898002,0,0,True
inhale,70,6.7422361503479324,19.054607179632484,0,-1.4210854715202004e-14,True
inhale,70,6.7408234597647159,19.275249131909366,0,0,True
inhale,70,6.7394192005014695,19.498445997580454,0,1.4210854715202004e-14,True
inhale,70,6.7380233576887001,19.724227361148536,0,2.8421709430404007e-14,True
inhale,70,6.7366359164818617,19.952623149688808,0,1.4210854715202004e-14,True
inhale,70,6.7352568620619548,20.183663636815616,0,-2.8421709430404007e-14,True
inhale,70,6.7338861796361291,20.417379446695296,0,1.4210854715202004e-14,True
inhale,70,6.7325238544382415,20.65380155810529,0,5.6843418860808015e-14,True
inhale,70,6.7311698717294632,20.892961308540386,0,1.4210854715202004e-14,True
inhale,70,6.7298242167988578,21.134890398366476,0,0,True
inhale,70,6.7284868749639335,21.379620895022324,0,1.4210854715202004e-14,True
inhale,70,6.7271578315712164,21.627185237270201,0,4.2632564145606011e-14,True
inhale,70,6.7258370719968061,21.87761623949552,0,2.8421709430404007e-14,True
inhale,70,6.724524581646941,22.130947096056389,0,8.5265128291212022e-14,True
inhale,70,6.7232203459585325,22.387211385683401,0,7.1054273576010019e-14,True
inhale,70,6.7219243503997266,22.646443075930595,0,8.5265128291212022e-14,True
inhale,70,6.72063658047042,22.908676527677724,0,7.1054273576010019e-14,True
inhale,70,6.7193570217028196,23.173946499684796,0,1.4210854715202004e-13,True
inhale,70,6.7180856596619458,23.442288153199225,0,1.1368683772161603e-13,True
inhale,70,6.716822479946182,23.713737056616552,0,1.1368683772161603e-13,True
inhale,70,6.7155674681877731,23.9883291901949,0,1.2789769243681803e-13,True
inhale,70,6.7143206100533552,24.266100950824168,0,1.4210854715202004e-13,False
inhale,70,6.7130818912444559,24.547089156850312,0,1.8474111129762605e-13,False
inhale,70,6.7118512974980025,24.831331052955704,0,2.2737367544323206e-13,False
inhale,70,6.7106288145868218,25.118864315095795,0,2.2737367544323206e-13,False
inhale,70,6.7094144283201498,25.409727055493065,0,2.4158453015843406e-13,False
inhale,70,6.7082081245440968,25.703957827688647,0,2.5579538487363607e-13,False
inhale,70,6.7070098891421575,26.001595631652723,0,1.8474111129762605e-13,False
inhale,70,6.7058197080356949,26.302679918953814,0,2.4158453015843406e-13,False
inhale,70,6.7046375671843625,26.607250597988113,0,-2.4158453015843406e-13,False
inhale,70,6.7034634525867451,26.915348039269166,0,-2.7000623958883807e-13,False
inhale,70,6.7022973502806069,27.227013080779127,0,-2.4158453015843406e-13,False
inhale,70,6.7011392459467203,27.542287033381662,0,-2.4158453015843406e-13,False
inhale,70,6.6999891161876937,27.861211686297693,0,-2.9842794901924208e-13,False
inhale,70,6.6988469285597256,28.183829312644551,0,-2.5579538487363607e-13,False
inhale,70,6.6977126503147275,28.510182675039097,0,-2.2737367544323206e-13,False
inhale,70,6.6965862487969474,28.840315031266059,0,-2.4158453015843406e-13,False
inhale,70,6.6954676914425395,29.174270140011661,0,-2.2737367544323206e-13,False
inhale,70,6.694356945779119,29.512092266663871,0,-1.8474111129762605e-13,False
inhale,70,6.6932539794253323,29.853826189179603,0,-2.1316282072803006e-13,False
inhale,70,6.6921587600904342,30.199517204020161,0,-1.8474111129762605e-13,False
inhale,70,6.6910712555738288,30.549211132155122,0,-2.1316282072803006e-13,False
inhale,70,6.6899914337646686,30.902954325135919,0,-1.8474111129762605e-13,False
inhale,70,6.6889192626413969,31.260793671239558,0,-1.5631940186722204e-13,False
inhale,70,6.6878547102713357,31.622776601683793,0,-1.4210854715202004e-13,False
inhale,70,6.6867977448102449,31.988951096913972,0,-1.2789769243681803e-13,False
inhale,70,6.6857483345018949,32.359365692962847,0,-1.1368683772161603e-13,False
inhale,70,6.6847064476776366,32.734069487883829,0,-1.2789769243681803e-13,False
inhale,70,6.6836720527559876,33.113112148259113,0,-1.1368683772161603e-13,False
inhale,70,6.6826451182421769,33.496543915782759,0,-9.9475983006414026e-14,False
inhale,70,6.6816256127277418,33.884415613920275,0,-7.1054273576010019e-14,False
inhale,70,6.680613504890097,34.276778654645049,0,-1.2789769243681803e-13,False
inhale,70,6.6796087634921086,34.673685045253166,0,-1.1368683772161603e-13,False
inhale,70,6.6786113573816648,35.075187395256798,0,-8.5265128291212022e-14,False
inhale,70,6.6776212554912506,35.481338923357569,0,-4.2632564145606011e-14,False
inhale,70,6.6766384268375427,35.892193464500536,0,-7.1054273576010019e-14,False
inhale,70,6.6756628405209719,36.307805477010142,0,-5.6843418860808015e-14,False
inhale,70,6.6746944657253042,36.72823004980846,0,-5.6843418860808015e-14,False
inhale,70,6.6737332717172277,37.153522909717239,0,-1.4210854715202004e-14,False
inhale,70,6.6727792278459193,37.583740428844429,0,-2.8421709430404007e-14,False
inhale,70,6.671832303542649,38.018939632056124,0,-4.2632564145606011e-14,False
inhale,70,6.6708924683203419,38.459178204535355,0,-1.4210854715202004e-14,False
inhale,70,6.6699596917731654,38.904514499428046,0,-1.4210854715202004e-14,False
inhale,70,6.6690339435761246,39.355007545577763,0,-4.2632564145606011e-14,False
inhale,70,6.6681151934846348,39.810717055349734,0,-1.4210854715202004e-14,False
inhale,70,6.6672034113341185,40.271703432545905,0,-1.4210854715202004e-14,False
inhale,70,6.6662985670395756,40.738027780411258,0,0,False
inhale,70,6.6654006305951876,41.209751909733043,0,-2.8421709430404007e-14,False
inhale,70,6.6645095720739072,41.686938347033553,0,0,False
inhale,70,6.6636253616270347,42.169650342858226,0,-2.8421709430404007e-14,False
inhale,70,6.6627479681588575,42.657951880159253,0,2.8421709430404007e-14,False
inhale,70,6.6618773553593051,43.151907682776546,0,1.4210854715202004e-14,False
inhale,70,6.6610134856920711,43.651583224016612,0,2.8421709430404007e-14,False
inhale,70,6.6601563217206792,44.157044735331255,0,-1.4210854715202004e-14,False
inhale,70,6.6593058261076425,44.668359215096302,0,1.4210854715202004e-14,False
inhale,70,6.6584619616135798,45.185594437492263,0,0,False
inhale,70,6.6576246910963643,45.708818961487516,0,-4.2632564145606011e-14,False
inhale,70,6.6567939775102767,46.238102139926035,0,0,False
inhale,70,6.6559697839051601,46.77351412871981,0,1.4210854715202004e-14,False
inhale,70,6.6551520734255698,47.315125896148075,0,-1.4210854715202004e-14,False
inhale,70,6.6543408093099563,47.863009232263849,0,1.4210854715202004e-14,False
inhale,70,6.6535359548898159,48.417236758409942,0,-2.8421709430404007e-14,False
inhale,70,6.6527374735888953,48.977881936844611,0,1.4210854715202004e-14,False
inhale,70,6.651945328922344,49.545019080479001,0,0,False
inhale,70,6.6511594844959268,50.118723362727252,0,-4.2632564145606011e-14,False
inhale,70,6.6503799040052076,50.699070827470443,0,0,False
inhale,70,6.6496065512347453,51.286138399136483,0,1.4210854715202004e-14,False
inhale,70,6.6488393900573053,51.880003892896092,0,1.4210854715202004e-14,False
inhale,70,6.6480783844330649,52.480746024977286,0,1.4210854715202004e-14,False
inhale,70,6.6473234984088405,53.088444423098849,0,2.8421709430404007e-14,False
inhale,70,6.6465746961172822,53.703179637025272,0,4.2632564145606011e-14,False
inhale,70,6.6458319417761365,54.325033149243303,0,4.2632564145606011e-14,False
inhale,70,6.6450951996874403,54.954087385762485,0,-1.4210854715202004e-14,False
inhale,70,6.6443644342367811,55.590425727040369,0,0,False
inhale,70,6.6436396098925377,56.234132519034908,0,0,False
inhale,70,6.6429206912051137,56.885293084384131,0,1.4210854715202004e-14,False
inhale,70,6.6422076428061994,57.543993733715723,0,0,False
inhale,70,6.6415004294080253,58.210321777087159,0,4.2632564145606011e-14,False
inhale,70,6.6407990158026262,58.884365535558899,0,5.6843418860808015e-14,False
inhale,70,6.640103366861104,59.566214352901035,0,4.2632564145606011e-14,False
inhale,70,6.639413447532907,60.255958607435808,0,1.4210854715202004e-14,False
inhale,70,6.6387292228450994,60.95368972401694,0,0,False
inhale,70,6.6380506579016467,61.659500186148222,0,5.6843418860808015e-14,False
inhale,70,6.6373777178826927,62.373483548241914,0,4.2632564145606011e-14,False
inhale,70,6.6367103680438699,63.095734448019364,0,2.8421709430404007e-14,False
inhale,70,6.6360485737155797,63.82634861905489,0,7.1054273576010019e-14,False
inhale,70,6.6353923003022963,64.56542290346556,0,4.2632564145606011e-14,False
inhale,70,6.6347415132818766,65.313055264747234,0,4.2632564145606011e-14,False
inhale,70,6.63409617820487,66.06934480075958,0,7.1054273576010019e-14,False
inhale,70,6.6334562606938281,66.834391756861493,0,9.9475983006414026e-14,False
inhale,70,6.632821726442625,67.60829753919819,0,8.5265128291212022e-14,False
inhale,70,6.6321925412157894,68.391164728142925,0,1.1368683772161603e-13,False
inhale,70,6.6315686708478205,69.183097091893629,0,5.6843418860808015e-14,False
inhale,70,6.6309500812425428,69.984199600227385,0,1.1368683772161603e-13,False
inhale,70,6.6303367383724119,70.794578438413808,0,1.1368683772161603e-13,False
inhale,70,6.6297286082778841,71.614341021290201,0,1.1368683772161603e-13,False
inhale,70,6.6291256570667558,72.443596007498982,0,1.8474111129762605e-13,False
inhale,70,6.6285278509135015,73.282453313890443,0,1.2789769243681803e-13,False
inhale,70,6.6279351560586566,74.131024130091774,0,1.5631940186722204e-13,False
inhale,70,6.6273475388081442,74.989420933245583,0,1.8474111129762605e-13,False
inhale,70,6.626764965532665,75.857757502918361,0,1.8474111129762605e-13,False
inhale,70,6.6261874026670542,76.736148936181934,0,1.8474111129762605e-13,False
inhale,70,6.6256148167096622,77.624711662869203,0,1.8474111129762605e-13,False
inhale,70,6.6250471742217201,78.523563461007186,0,2.1316282072803006e-13,False
inhale,70,6.6244844418267306,79.43282347242814,0,1.8474111129762605e-13,False
inhale,70,6.6239265862098531,80.352612218561774,0,2.1316282072803006e-13,False
inhale,70,6.6233735741172817,81.283051616409949,0,1.9895196601282805e-13,False
inhale,70,6.6228253723556589,82.224264994707127,0,2.2737367544323206e-13,False
inhale,70,6.622281947791457,83.176377110267083,0,2.2737367544323206e-13,False
inhale,70,6.6217432673503884,84.139514164519554,0,2.2737367544323206e-13,False
inhale,70,6.621209298016808,85.113803820237678,0,2.4158453015843406e-13,False
inhale,70,6.6206800068331271,86.099375218460082,0,1.9895196601282805e-13,False
inhale,70,6.6201553608992239,87.096358995608057,0,2.7000623958883807e-13,False
inhale,70,6.6196353273718618,88.10488730080138,0,2.8421709430404007e-13,False
inhale,70,6.6191198734641157,89.12509381337459,0,2.9842794901924208e-13,False
inhale,70,6.6186089664447962,90.157113760595706,0,2.7000623958883807e-13,False
inhale,70,6.6181025736378807,91.201083935590972,0,2.9842794901924208e-13,False
inhale,70,6.6176006624219355,92.257142715476292,0,2.7000623958883807e-13,False
inhale,70,6.6171032002295407,93.325430079699146,0,-2.5579538487363607e-13,False
inhale,70,6.6166101545468647,94.40608762859236,0,-2.7000623958883807e-13,False
inhale,70,6.6161214929128827,95.499258602143584,0,-2.5579538487363607e-13,False
inhale,70,6.6156371829189844,96.60508789898131,0,-3.1263880373444408e-13,False
inhale,70,6.6151571922083896,97.72372209558111,0,-2.8421709430404007e-13,False
inhale,70,6.6146814884755942,98.855309465693907,0,-2.9842794901924208e-13,False
inhale,70,6.6142100394658474,100,0,-2.9842794901924208e-13,False
inhale,80,6.9074292595242754,0.10000000000000001,0,4.2632564145606011e-14,False
inhale,80,6.9070971856244521,0.10115794542598985,0,5.6843418860808015e-14,False
inhale,80,6.9067619090407941,0.10232929922807542,0,2.8421709430404007e-14,False
inhale,80,6.9064233870987053,0.10351421666793438,0,5.6843418860808015e-14,False
inhale,80,6.9060815771304069,0.10471285480508996,0,8.5265128291212022e-14,False
inhale,80,6.9057364364750802,0.10592537251772889,0,5.6843418860808015e-14,False
inhale,80,6.9053879224790293,0.10715193052376065,0,5.6843418860808015e-14,False
inhale,80,6.9050359924958045,0.10839269140212036,0,0,False
inhale,80,6.9046806038863888,0.10964781961431851,0,5.6843418860808015e-14,False
inhale,80,6.9043217140193054,0.11091748152624012,0,8.5265128291212022e-14,False
inhale,80,6.9039592802708123,0.11220184543019636,0,7.1054273576010019e-14,False
inhale,80,6.9035932600250538,0.11350108156723152,0,9.9475983006414026e-14,False
inhale,80,6.9032236106742149,0.11481536214968829,0,4.2632564145606011e-14,False
inhale,80,6.9028502896187041,0.11614486138403426,0,8.5265128291212022e-14,False
inhale,80,6.9024732542673126,0.11748975549395298,0,1.4210854715202004e-13,False
inhale,80,6.9020924620373805,0.11885022274370183,0,7.1054273576010019e-14,False
inhale,80,6.9017078703549917,0.12022644346174129,0,7.1054273576010019e-14,False
inhale,80,6.9013194366551476,0.12161860006463679,0,7.1054273576010019e-14,False
inhale,80,6.9009271183819365,0.12302687708123815,0,7.1054273576010019e-14,False
inhale,80,6.9005308729887354,0.1244514611771385,0,1.1368683772161603e-13,False
inhale,80,6.900130657938381,0.12589254117941673,0,1.1368683772161603e-13,False
inhale,80,6.8997264307033879,0.12735030810166617,0,1.2789769243681803e-13,False
inhale,80,6.899318148766115,0.12882495516931339,0,9.9475983006414026e-14,False
inhale,80,6.8989057696189864,0.13031667784522993,0,1.1368683772161603e-13,False
inhale,80,6.8984892507646745,0.1318256738556407,0,1.1368683772161603e-13,False
inhale,80,6.8980685497163252,0.1333521432163324,0,1.4210854715202004e-13,False
inhale,80,6.8976436239977312,0.13489628825916536,0,1.7053025658242404e-13,False
inhale,80,6.897214431143583,0.13645831365889247,0,1.4210854715202004e-13,False
inhale,80,6.8967809286996546,0.13803842646028849,0,1.7053025658242404e-13,False
inhale,80,6.8963430742230321,0.13963683610559377,0,1.4210854715202004e-13,False
inhale,80,6.8959008252823324,0.14125375446227545,0,1.2789769243681803e-13,False
inhale,80,6.8954541394579199,0.1428893958511103,0,1.5631940186722204e-13,False
inhale,80,6.8950029743421393,0.14454397707459277,0,1.8474111129762605e-13,False
inhale,80,6.8945472875395417,0.14621771744567183,0,1.9895196601282805e-13,False
inhale,80,6.8940870366671154,0.14791083881682077,0,1.9895196601282805e-13,False
inhale,80,6.8936221793545363,0.14962356560944334,0,1.8474111129762605e-13,False
inhale,80,6.8931526732443782,0.15135612484362079,0,1.7053025658242404e-13,False
inhale,80,6.8926784759923869,0.15310874616820302,0,2.2737367544323206e-13,False
inhale,80,6.8921995452676903,0.15488166189124811,0,2.1316282072803006e-13,False
inhale,80,6.8917158387530852,0.15667510701081494,0,1.8474111129762605e-13,False
inhale,80,6.8912273141452554,0.15848931924611134,0,2.1316282072803006e-13,False
inhale,80,6.8907339291550453,0.16032453906900418,0,2.1316282072803006e-13,False
inhale,80,6.8902356415077124,0.16218100973589297,0,2.4158453015843406e-13,False
inhale,80,6.8897324089431864,0.16405897731995392,0,2.7000623958883807e-13,False
inhale,80,6.889224189216332,0.16595869074375605,0,2.4158453015843406e-13,False
inhale,80,6.8887109400972211,0.16788040181225602,0,2.7000623958883807e-13,False
inhale,80,6.8881926193714014,0.16982436524617442,0,2.7000623958883807e-13,False
inhale,80,6.8876691848401661,0.17179083871575881,0,2.4158453015843406e-13,False
inhale,80,6.8871405943208375,0.17378008287493754,0,2.9842794901924208e-13,False
inhale,80,6.8866068056470366,0.17579236139586926,0,2.7000623958883807e-13,False
inhale,80,6.8860677766689742,0.17782794100389229,0,2.8421709430404007e-13,False
inhale,80,6.8855234652536925,0.17988709151287879,0,-2.5579538487363607e-13,False
inhale,80,6.8849738292855323,0.18197008586099836,0,-3.1263880373444408e-13,False
inhale,80,6.8844188266661535,0.18407720014689558,0,-2.9842794901924208e-13,False
inhale,80,6.8838584153150091,0.18620871366628675,0,-2.9842794901924208e-13,False
inhale,80,6.8832925531696096,0.18836490894898006,0,-3.1263880373444408e-13,False
inhale,80,6.8827211981858136,0.19054607179632474,0,-2.9842794901924208e-13,False
inhale,80,6.8821443083381393,0.19275249131909361,0,-2.7000623958883807e-13,False
inhale,80,6.8815618416200666,0.19498445997580455,0,-2.9842794901924208e-13,False
inhale,80,6.8809737560443622,0.19724227361148533,0,-2.7000623958883807e-13,False
inhale,80,6.8803800096433783,0.19952623149688797,0,-2.5579538487363607e-13,False
inhale,80,6.8797805604693822,0.20183663636815607,0,-2.8421709430404007e-13,False
inhale,80,6.8791753665948763,0.20417379446695297,0,-2.8421709430404007e-13,False
inhale,80,6.878564386112914,0.20653801558105292,0,-3.1263880373444408e-13,False
inhale,80,6.8779475771374399,0.20892961308540398,0,-2.8421709430404007e-13,False
inhale,80,6.8773248978036117,0.21134890398366465,0,-2.5579538487363607e-13,False
inhale,80,6.8766963062681379,0.21379620895022325,0,-2.4158453015843406e-13,False
inhale,80,6.8760617607096171,0.21627185237270202,0,-2.5579538487363607e-13,False
inhale,80,6.8754212193288682,0.21877616239495529,0,-2.7000623958883807e-13,False
inhale,80,6.8747746403493055,0.22130947096056375,0,-2.1316282072803006e-13,False
inhale,80,6.874121982017229,0.223872113856834,0,-2.4158453015843406e-13,False
inhale,80,6.87346320260224,0.22646443075930595,0,-2.2737367544323206e-13,False
inhale,80,6.8727982603975502,0.22908676527677729,0,-2.2737367544323206e-13,False
inhale,80,6.8721271137203521,0.23173946499684786,0,-2.1316282072803006e-13,False
inhale,80,6.8714497209121843,0.2344228815319922,0,-2.1316282072803006e-13,False
inhale,80,6.8707660403392889,0.23713737056616552,0,-1.8474111129762605e-13,False
inhale,80,6.8700760291315532,0.23988329190194904,0,-2.2737367544323206e-13,False
inhale,80,6.8693796394016289,0.24266100950824154,0,-1.7053025658242404e-13,False
inhale,80,6.8686768220348622,0.24547089156850305,0,-1.8474111129762605e-13,False
inhale,80,6.867967527952068,0.24831331052955705,0,-1.7053025658242404e-13,False
inhale,80,6.8672517081101345,0.25118864315095801,0,-1.7053025658242404e-13,False
inhale,80,6.8665293135026282,0.25409727055493053,0,-1.4210854715202004e-13,False
inhale,80,6.8658002951604109,0.25703957827688639,0,-1.7053025658242404e-13,False
inhale,80,6.8650646041522698,0.26001595631652719,0,-1.5631940186722204e-13,False
inhale,80,6.8643221915855461,0.26302679918953814,0,-1.1368683772161603e-13,False
inhale,80,6.8635730086067719,0.26607250597988097,0,-1.1368683772161603e-13,False
inhale,80,6.862817006402314,0.26915348039269155,0,-9.9475983006414026e-14,False
inhale,80,6.8620541361990446,0.27227013080779128,0,-8.5265128291212022e-14,False
inhale,80,6.8612843492649622,0.27542287033381663,0,-1.1368683772161603e-13,False
inhale,80,6.8605075969099012,0.2786121168629771,0,-9.9475983006414026e-14,False
inhale,80,6.8597238304861703,0.28183829312644537,0,-5.6843418860808015e-14,False
inhale,80,6.8589330013892491,0.28510182675039097,0,-7.1054273576010019e-14,False
inhale,80,6.8581350610584737,0.28840315031266056,0,-4.2632564145606011e-14,False
inhale,80,6.8573299609777205,0.29174270140011677,0,-7.1054273576010019e-14,False
inhale,80,6.8565176526761187,0.29512092266663853,0,-7.1054273576010019e-14,False
inhale,80,6.8556980877287463,0.298538261891796,0,-8.5265128291212022e-14,False
inhale,80,6.8548712177573536,0.3019951720402016,0,-7.1054273576010019e-14,False
inhale,80,6.8540369944310742,0.3054921113215513,0,-5.6843418860808015e-14,False
inhale,80,6.8531953694671568,0.30902954325135906,0,-1.4210854715202004e-14,False
inhale,80,6.8523462946316975,0.31260793671239551,0,-4.2632564145606011e-14,False
inhale,80,6.8514897217403936,0.31622776601683794,0,-1.4210854715202004e-14,False
inhale,80,6.8506256026592682,0.31988951096913981,0,1.4210854715202004e-14,False
inhale,80,6.8497538893054424,0.32359365692962827,0,-2.8421709430404007e-14,False
inhale,80,6.848874533647896,0.32734069487883821,0,0,False
inhale,80,6.847987487708223,0.33113112148259111,0,-2.8421709430404007e-14,False
inhale,80,6.8470927035614304,0.33496543915782767,0,1.4210854715202004e-14,False
inhale,80,6.8461901333366875,0.33884415613920255,0,0,False
inhale,80,6.8452797292181522,0.3427677865464504,0,2.8421709430404007e-14,False
inhale,80,6.8443614434457309,0.34673685045253166,0,1.4210854715202004e-14,False
inhale,80,6.8434352283159132,0.35075187395256802,0,1.4210854715202004e-14,False
inhale,80,6.8425010361825516,0.35481338923357547,0,0,False
inhale,80,6.8415588194577115,0.35892193464500527,0,0,False
inhale,80,6.8406085306124567,0.36307805477010141,0,0,False
inhale,80,6.8396501222496759,0.36728230049808469,0,2.8421709430404007e-14,False
inhale,80,6.8386835486897342,0.37153522909717257,0,-2.8421709430404007e-14,False
inhale,80,6.8377087659785447,0.3758374042884442,0,-1.4210854715202004e-14,False
inhale,80,6.8367257303084772,0.38018939632056115,0,2.8421709430404007e-14,False
inhale,80,6.8357343979475651,0.38459178204535355,0,0,False
inhale,80,6.8347347252406347,0.38904514499428056,0,1.4210854715202004e-14,False
inhale,80,6.8337266686103977,0.39355007545577742,0,0,False
inhale,80,6.8327101845586107,0.3981071705534972,0,-1.4210854715202004e-14,False
inhale,80,6.831685229667193,0.40271703432545908,0,2.8421709430404007e-14,False
inhale,80,6.830651760599376,0.40738027780411273,0,1.4210854715202004e-14,False
inhale,80,6.829609734100873,0.41209751909733022,0,-1.4210854715202004e-14,False
inhale,80,6.8285591070010332,0.41686938347033542,0,0,False
inhale,80,6.8274998362140202,0.42169650342858223,0,2.8421709430404007e-14,False
inhale,80,6.8264318787399949,0.42657951880159267,0,2.8421709430404007e-14,False
inhale,80,6.8253551916662962,0.43151907682776525,0,2.8421709430404007e-14,False
inhale,80,6.8242697321686796,0.43651583224016599,0,4.2632564145606011e-14,False
inhale,80,6.8231754575124715,0.44157044735331252,0,-1.4210854715202004e-14,False
inhale,80,6.8220723250538402,0.44668359215096315,0,2.8421709430404007e-14,False
inhale,80,6.8209602922409891,0.45185594437492238,0,5.6843418860808015e-14,False
inhale,80,6.8198393166154041,0.45708818961487507,0,2.8421709430404007e-14,False
inhale,80,6.8187093558131089,0.46238102139926035,0,5.6843418860808015e-14,False
inhale,80,6.817570367565895,0.46773514128719823,0,1.4210854715202004e-14,False
inhale,80,6.816422309702606,0.47315125896148053,0,2.8421709430404007e-14,False
inhale,80,6.8152651401504052,0.47863009232263842,0,4.2632564145606011e-14,False
inhale,80,6.8140988169360392,0.48417236758409943,0,4.2632564145606011e-14,False
inhale,80,6.812923298187143,0.48977881936844625,0,8.5265128291212022e-14,False
inhale,80,6.8117385421335284,0.4954501908047903,0,9.9475983006414026e-14,False
inhale,80,6.8105445071084958,0.50118723362727235,0,8.5265128291212022e-14,False
inhale,80,6.8093411515501421,0.50699070827470427,0,1.1368683772161603e-13,False
inhale,80,6.8081284340026826,0.51286138399136483,0,1.2789769243681803e-13,False
inhale,80,6.8069063131177883,0.51880003892896109,0,1.1368683772161603e-13,False
inhale,80,6.8056747476559147,0.52480746024977254,0,1.4210854715202004e-13,False
inhale,80,6.8044336964876591,0.53088444423098835,0,1.5631940186722204e-13,False
inhale,80,6.8031831185951122,0.53703179637025267,0,1.5631940186722204e-13,False
inhale,80,6.801922973073224,0.54325033149243318,0,2.1316282072803006e-13,False
inhale,80,6.8006532191311573,0.54954087385762451,0,1.7053025658242404e-13,False
inhale,80,6.7993738160937172,0.5559042572704036,0,1.9895196601282805e-13,False
inhale,80,6.7980847234026829,0.56234132519034907,0,2.2737367544323206e-13,False
inhale,80,6.7967859034571383,0.56885293084384148,0,2.7000623958883807e-13,False
inhale,80,6.7954773301358831,0.57543993733715693,0,2.5579538487363607e-13,False
inhale,80,6.79415898028964,0.58210321777087148,0,-2.7000623958883807e-13,False
inhale,80,6.792830830904947,0.58884365535558902,0,-2.9842794901924208e-13,False
inhale,80,6.7914928591054773,0.59566214352901048,0,-2.7000623958883807e-13,False
inhale,80,6.7901450421537657,0.60255958607435778,0,-2.5579538487363607e-13,False
inhale,80,6.7887873574527697,0.60953689724016924,0,-2.5579538487363607e-13,False
inhale,80,6.7874197825474436,0.61659500186148219,0,-2.5579538487363607e-13,False
inhale,80,6.7860422951263306,0.62373483548241926,0,-2.4158453015843406e-13,False
inhale,80,6.7846548730231531,0.63095734448019336,0,-2.4158453015843406e-13,False
inhale,80,6.7832574942184287,0.63826348619054873,0,-2.1316282072803006e-13,False
inhale,80,6.7818501368410464,0.64565422903465564,0,-1.7053025658242404e-13,False
inhale,80,6.7804327791699013,0.65313055264747244,0,-2.1316282072803006e-13,False
inhale,80,6.7790053996355031,0.66069344800759611,0,-2.1316282072803006e-13,False
inhale,80,6.7775679768215831,0.66834391756861466,0,-1.8474111129762605e-13,False
inhale,80,6.7761204894667308,0.67608297539198192,0,-1.4210854715202004e-13,False
inhale,80,6.7746629164660099,0.68391164728142928,0,-9.9475983006414026e-14,False
inhale,80,6.7731952368725787,0.69183097091893642,0,-1.4210854715202004e-13,False
inhale,80,6.7717174298993728,0.69984199600227348,0,-8.5265128291212022e-14,False
inhale,80,6.7702294749206713,0.70794578438413791,0,-1.1368683772161603e-13,False
inhale,80,6.7687313514738099,0.71614341021290195,0,-8.5265128291212022e-14,False
inhale,80,6.767223039260772,0.72443596007499,0,-5.6843418860808015e-14,False
inhale,80,6.7657045181498745,0.73282453313890406,0,-5.6843418860808015e-14,False
inhale,80,6.7641757681773997,0.74131024130091749,0,-5.6843418860808015e-14,False
inhale,80,6.762636769549272,0.74989420933245587,0,-1.4210854715202004e-14,False
inhale,80,6.76108750264269,0.75857757502918377,0,-2.8421709430404007e-14,False
inhale,80,6.7595279480078245,0.76736148936181892,0,-1.4210854715202004e-14,False
inhale,80,6.7579580863694506,0.77624711662869172,0,0,False
inhale,80,6.7563778986286396,0.78523563461007184,0,0,False
inhale,80,6.7547873658644262,0.79432823472428149,0,-1.4210854715202004e-14,False
inhale,80,6.7531864693354757,0.80352612218561725,0,-2.8421709430404007e-14,False
inhale,80,6.7515751904817733,0.81283051616409929,0,-1.4210854715202004e-14,False
inhale,80,6.7499535109262991,0.82224264994707119,0,1.4210854715202004e-14,False
inhale,80,6.7483214124766873,0.83176377110267108,0,-2.8421709430404007e-14,False
inhale,80,6.7466788771269623,0.84139514164519513,0,0,False
inhale,80,6.7450258870591782,0.85113803820237655,0,1.4210854715202004e-14,False
inhale,80,6.7433624246451291,0.86099375218460072,0,-1.4210854715202004e-14,False
inhale,80,6.7416884731906288,0.87096358995608081,0,-1.4210854715202004e-14,False
inhale,80,6.7400040332730606,0.88104887300801427,0,0,False
inhale,80,6.7383091227374212,0.89125093813374567,0,-1.4210854715202004e-14,False
inhale,80,6.7366037603581308,0.90157113760595708,0,1.4210854715202004e-14,False
inhale,80,6.7348879650976023,0.91201083935590965,0,2.8421709430404007e-14,False
inhale,80,6.7331617561074273,0.92257142715476315,0,0,False
inhale,80,6.7314251527295834,0.93325430079699101,0,0,False
inhale,80,6.7296781744975975,0.94406087628592328,0,8.5265128291212022e-14,False
inhale,80,6.7279208411376974,0.95499258602143589,0,0,False
inhale,80,6.726153172570017,0.96605087898981334,0,2.8421709430404007e-14,False
inhale,80,6.7243751889096757,0.97723722095581067,0,5.6843418860808015e-14,False
inhale,80,6.7225869104679541,0.98855309465693886,0,7.1054273576010019e-14,False
inhale,80,6.7207883577534071,1,0,1.1368683772161603e-13,False
inhale,80,6.7189795514729509,1.0115794542598988,0,9.9475983006414026e-14,False
inhale,80,6.7171605125329936,1.0232929922807541,0,1.2789769243681803e-13,False
inhale,80,6.7153312620404852,1.0351421666793441,0,1.5631940186722204e-13,False
inhale,80,6.7134918213040136,1.0471285480508996,0,1.5631940186722204e-13,False
inhale,80,6.7116422118348504,1.0592537251772887,0,1.7053025658242404e-13,False
inhale,80,6.7097824553480185,1.0715193052376064,0,2.4158453015843406e-13,False
inhale,80,6.7079125737632843,1.0839269140212033,0,2.1316282072803006e-13,False
inhale,80,6.70603258920623,1.0964781961431851,0,2.5579538487363607e-13,False
inhale,80,6.7041425240091819,1.1091748152624008,0,-2.7000623958883807e-13,False
inhale,80,6.7022424007123869,1.1220184543019636,0,-2.7000623958883807e-13,False
inhale,80,6.7003322420647589,1.1350108156723149,0,-2.4158453015843406e-13,False
inhale,80,6.6984120710249755,1.1481536214968828,0,-1.9895196601282805e-13,False
inhale,80,6.6964819107624196,1.1614486138403426,0,-2.1316282072803006e-13,False
inhale,80,6.6945417846581226,1.1748975549395297,0,-2.4158453015843406e-13,False
inhale,80,6.6925917163056754,1.1885022274370183,0,-2.1316282072803006e-13,False
inhale,80,6.6906317295121465,1.2022644346174132,0,-1.8474111129762605e-13,False
inhale,80,6.6886618482989784,1.2161860006463678,0,-1.8474111129762605e-13,False
inhale,80,6.6866820969028753,1.2302687708123818,0,-1.8474111129762605e-13,False
inhale,80,6.6846924997766752,1.244514611771385,0,-1.7053025658242404e-13,False
inhale,80,6.6826930815901928,1.2589254117941675,0,-1.1368683772161603e-13,False
inhale,80,6.6806838672310693,1.2735030810166617,0,-8.5265128291212022e-14,False
inhale,80,6.6786648818055845,1.2882495516931343,0,-1.1368683772161603e-13,False
inhale,80,6.6766361506394922,1.3031667784522993,0,-4.2632564145606011e-14,False
inhale,80,6.6745976992787774,1.3182567385564075,0,-2.8421709430404007e-14,False
inhale,80,6.6725495534904562,1.333521432163324,0,0,False
inhale,80,6.6704917475611589,1.348962882591654,0,-1.4210854715202004e-14,False
inhale,80,6.6684243491670241,1.3645831365889245,0,-1.4210854715202004e-14,False
inhale,80,6.6663474344378235,1.3803842646028852,0,-1.4210854715202004e-14,False
inhale,80,6.6642610796523556,1.3963683610559376,0,-2.8421709430404007e-14,False
inhale,80,6.6621653612376077,1.4125375446227548,0,-1.4210854715202004e-14,False
inhale,80,6.660060355767909,1.4288939585111029,0,1.4210854715202004e-14,False
inhale,80,6.6579461399640598,1.4454397707459272,0,-1.4210854715202004e-14,False
inhale,80,6.6558227906924312,1.4621771744567182,0,-5.6843418860808015e-14,False
inhale,80,6.6536903849640492,1.4791083881682072,0,-2.8421709430404007e-14,False
inhale,80,6.6515489999336221,1.4962356560944337,0,2.8421709430404007e-14,False
inhale,80,6.6493987128986038,1.513561248436208,0,0,False
inhale,80,6.6472396012981774,1.5310874616820302,0,2.8421709430404007e-14,False
inhale,80,6.6450717427122479,1.5488166189124812,0,1.4210854715202004e-14,False
inhale,80,6.6428952148603972,1.5667510701081493,0,-1.4210854715202004e-14,False
inhale,80,6.6407100956008165,1.5848931924611134,0,2.8421709430404007e-14,False
inhale,80,6.6385164629292204,1.6032453906900417,0,4.2632564145606011e-14,False
inhale,80,6.6363143949777319,1.6218100973589298,0,4.2632564145606011e-14,False
inhale,80,6.6341039700137534,1.6405897731995396,0,5.6843418860808015e-14,False
inhale,80,6.6318852664387897,1.6595869074375604,0,5.6843418860808015e-14,False
inhale,80,6.6296583627872954,1.6788040181225607,0,1.1368683772161603e-13,False
inhale,80,6.627423337725431,1.6982436524617444,0,1.2789769243681803e-13,False
inhale,80,6.6251802700498672,1.7179083871575884,0,1.7053025658242404e-13,False
inhale,80,6.6229292386865097,1.7378008287493754,0,1.7053025658242404e-13,False
inhale,80,6.6206703226892385,1.7579236139586931,0,1.8474111129762605e-13,False
inhale,80,6.6184036012386036,1.7782794100389228,0,2.7000623958883807e-13,False
inhale,80,6.6161291536404434,1.7988709151287883,0,-2.5579538487363607e-13,False
inhale,80,6.613847059324752,1.8197008586099834,0,-2.7000623958883807e-13,False
inhale,80,6.6115573978440185,1.8407720014689564,0,-2.7000623958883807e-13,False
inhale,80,6.6092602488720233,1.8620871366628675,0,-2.2737367544323206e-13,False
inhale,80,6.6069556922023827,1.883649089489801,0,-2.1316282072803006e-13,False
inhale,80,6.6046438077471148,1.9054607179632472,0,-1.9895196601282805e-13,False
inhale,80,6.6023246755351748,1.9275249131909356,0,-2.1316282072803006e-13,False
inhale,80,6.5999983757109932,1.9498445997580456,0,-1.7053025658242404e-13,False
inhale,80,6.5976649885329568,1.9724227361148534,0,-1.2789769243681803e-13,False
inhale,80,6.5953245943718874,1.9952623149688797,0,-1.1368683772161603e-13,False
inhale,80,6.5929772737095176,2.0183663636815607,0,-9.9475983006414026e-14,False
inhale,80,6.5906231071368975,2.0417379446695296,0,-8.5265128291212022e-14,False
inhale,80,6.5882621763452631,2.0653801558105291,0,-4.2632564145606011e-14,False
inhale,80,6.5858945859357565,2.0892961308540396,0,-1.4210854715202004e-14,False
inhale,80,6.5835204633223894,2.1134890398366464,0,-1.4210854715202004e-14,False
inhale,80,6.5811399368547718,2.1379620895022327,0,1.4210854715202004e-14,False
inhale,80,6.5787531348213726,2.1627185237270199,0,-4.2632564145606011e-14,False
inhale,80,6.5763601854460738,2.187761623949553,0,-1.4210854715202004e-14,False
inhale,80,6.5739612168848396,2.2130947096056377,0,2.0747847884194925e-12,False
inhale,80,6.5715563572214526,2.2387211385683399,0,1.4210854715202004e-14,False
inhale,80,6.56914573446572,2.2646443075930596,0,0,False
inhale,80,6.5667294765483755,2.2908676527677736,0,0,False
inhale,80,6.564307711318464,2.3173946499684783,0,1.4210854715202004e-14,False
inhale,80,6.561880566539771,2.3442288153199229,0,-1.4210854715202004e-14,False
inhale,80,6.5594481698873874,2.3713737056616551,0,-1.4210854715202004e-14,False
inhale,80,6.5570106489443258,2.3988329190194912,0,1.4210854715202004e-14,False
inhale,80,6.5545681311980983,2.4266100950824154,0,0,False
inhale,80,6.5521207440373512,2.454708915685031,0,7.1054273576010019e-14,False
inhale,80,6.5496686147484802,2.4831331052955705,0,2.8421709430404007e-14,False
inhale,80,6.5472118705122684,2.511886431509581,0,7.1054273576010019e-14,False
inhale,80,6.5447506384005312,2.5409727055493052,0,8.5265128291212022e-14,False
inhale,80,6.5422850453727737,2.5703957827688635,0,1.1368683772161603e-13,False
inhale,80,6.5398152182728593,2.6001595631652723,0,1.1368683772161603e-13,False
inhale,80,6.5373412838257021,2.6302679918953813,0,1.8474111129762605e-13,False
inhale,80,6.5348633686339355,2.6607250597988097,0,1.8474111129762605e-13,False
inhale,80,6.532381599174661,2.6915348039269151,0,2.1316282072803006e-13,False
inhale,80,6.5298961017960941,2.7227013080779128,0,-2.2737367544323206e-13,False
inhale,80,6.5274070027144679,2.7542287033381663,0,-2.4158453015843406e-13,False
inhale,80,6.524914428010562,2.7861211686297707,0,-2.2737367544323206e-13,False
inhale,80,6.522418503626608,2.8183829312644537,0,-1.8474111129762605e-13,False
inhale,80,6.5199193553630224,2.85101826750391,0,-2.2737367544323206e-13,False
inhale,80,6.5174171088752271,2.8840315031266055,0,-1.8474111129762605e-13,False
inhale,80,6.5149118896704303,2.9174270140011673,0,-1.8474111129762605e-13,False
inhale,80,6.5124038231044779,2.9512092266663856,0,-1.2789769243681803e-13,False
inhale,80,6.5098930343786794,2.9853826189179604,0,-1.1368683772161603e-13,False
inhale,80,6.5073796485366788,3.0199517204020161,0,-7.1054273576010019e-14,False
inhale,80,6.5048637904613216,3.0549211132155141,0,-4.2632564145606011e-14,False
inhale,80,6.5023455848715548,3.0902954325135905,0,-5.6843418860808015e-14,False
inhale,80,6.4998251563193454,3.126079367123956,0,-1.4210854715202004e-14,False
inhale,80,6.4973026291865867,3.1622776601683795,0,-4.2632564145606011e-14,False
inhale,80,6.4947781316258908,3.1988951096913989,0,-2.8421709430404007e-14,False
inhale,80,6.4922518073282829,3.2359365692962827,0,0,False
inhale,80,6.4897238035825353,3.273406948788383,0,-1.4210854715202004e-14,False
inhale,80,6.4871942673128133,3.3113112148259112,0,-2.8421709430404007e-14,False
inhale,80,6.4846633450752922,3.3496543915782775,0,-4.2632564145606011e-14,False
inhale,80,6.4821311830548751,3.3884415613920256,0,0,False
inhale,80,6.4795979270619766,3.4276778654645046,0,2.8421709430404007e-14,False
inhale,80,6.4770637225293646,3.4673685045253166,0,5.6843418860808015e-14,False
inhale,80,6.4745287145091091,3.5075187395256795,0,2.8421709430404007e-14,False
inhale,80,6.4719930476695673,3.548133892335755,0,2.8421709430404007e-14,False
inhale,80,6.4694568662924654,3.5892193464500517,0,2.8421709430404007e-14,False
inhale,80,6.4669203142700322,3.630780547701014,0,2.8421709430404007e-14,False
inhale,80,6.4643835351022272,3.6728230049808461,0,2.8421709430404007e-14,False
inhale,80,6.4618466718940359,3.715352290971726,0,2.8421709430404007e-14,False
inhale,80,6.4593098673528289,3.7583740428844412,0,5.6843418860808015e-14,False
inhale,80,6.4567732637857977,3.8018939632056128,0,8.5265128291212022e-14,False
inhale,80,6.4542370030974592,3.8459178204535354,0,1.1368683772161603e-13,False
inhale,80,6.4517012267872635,3.8904514499428067,0,1.5631940186722204e-13,False
inhale,80,6.44916607594722,3.9355007545577743,0,2.2737367544323206e-13,False
inhale,80,6.4466316912596362,3.9810717055349731,0,2.1316282072803006e-13,False
inhale,80,6.4440982129948914,4.0271703432545909,0,-2.7000623958883807e-13,False
inhale,80,6.4415657810094435,4.0738027780411281,0,-2.2737367544323206e-13,False
inhale,80,6.4390345347435591,4.1209751909733017,0,-2.1316282072803006e-13,False
inhale,80,6.4365046132194683,4.1686938347033546,0,-2.5579538487363607e-13,False
inhale,80,6.4339761550394403,4.2169650342858223,0,-2.1316282072803006e-13,False
inhale,80,6.4314492983839191,4.2657951880159279,0,-1.7053025658242404e-13,False
inhale,80,6.4289241810097675,4.3151907682776525,0,-1.5631940186722204e-13,False
inhale,80,6.4264009402485724,4.365158322401661,0,-1.2789769243681803e-13,False
inhale,80,6.4238797130050171,4.4157044735331255,0,-9.9475983006414026e-14,False
inhale,80,6.4213606357553319,4.4668359215096327,0,-8.5265128291212022e-14,False
inhale,80,6.4188438445458154,4.5185594437492238,0,-4.2632564145606011e-14,False
inhale,80,6.4163294749914064,4.5708818961487516,0,-4.2632564145606011e-14,False
inhale,80,6.4138176622743677,4.6238102139926029,0,-4.2632564145606011e-14,False
inhale,80,6.4113085411430033,4.6773514128719809,0,1.4210854715202004e-14,False
inhale,80,6.4088022459104543,4.7315125896148054,0,-4.2632564145606011e-14,False
inhale,80,6.4062989104535841,4.7863009232263831,0,0,False
inhale,80,6.403798668211909,4.8417236758409938,0,0,False
inhale,80,6.4013016519527266,4.8977881936844616,0,0,False
inhale,80,6.3988079886132638,4.9545019080479031,0,2.8421709430404007e-14,False
inhale,80,6.3963177992505278,5.011872336272722,0,-4.2632564145606011e-14,False
inhale,80,6.3938312041655134,5.0699070827470445,0,-2.8421709430404007e-14,False
inhale,80,6.3913483231368042,5.1286138399136485,0,0,False
inhale,80,6.3888692754208583,5.1880003892896118,0,-4.2632564145606011e-14,False
inhale,80,6.3863941797523642,5.2480746024977254,0,1.4210854715202004e-14,False
inhale,80,6.3839231543446724,5.3088444423098844,0,1.4210854715202004e-14,False
inhale,80,6.3814563168903282,5.3703179637025267,0,1.4210854715202004e-14,False
inhale,80,6.3789937845616747,5.4325033149243334,0,4.2632564145606011e-14,False
inhale,80,6.3765356740115369,5.4954087385762458,0,4.2632564145606011e-14,False
inhale,80,6.3740821013740021,5.5590425727040369,0,5.6843418860808015e-14,False
inhale,80,6.3716331822652679,5.6234132519034912,0,9.9475983006414026e-14,False
inhale,80,6.3691890317845603,5.6885293084384161,0,1.1368683772161603e-13,False
inhale,80,6.3667497645151725,5.7543993733715695,0,1.2789769243681803e-13,False
inhale,80,6.3643154945255338,5.8210321777087159,0,1.7053025658242404e-13,False
inhale,80,6.3618863353703752,5.8884365535558896,0,1.9895196601282805e-13,False
inhale,80,6.3594624000919495,5.9566214352901063,0,-2.2737367544323206e-13,False
inhale,80,6.3570438012214874,6.0255958607435778,0,-2.1316282072803006e-13,False
inhale,80,6.3546306507803827,6.095368972401694,0,-2.5579538487363607e-13,False
inhale,80,6.3522230602818075,6.1659500186148222,0,-1.9895196601282805e-13,False
inhale,80,6.3498211407322076,6.2373483548241913,0,-1.9895196601282805e-13,False
inhale,80,6.3474250026329369,6.3095734448019334,0,-1.8474111129762605e-13,False
inhale,80,6.345034755981934,6.382634861905486,0,-1.8474111129762605e-13,False
inhale,80,6.3426505102755035,6.4565422903465564,0,-1.1368683772161603e-13,False
inhale,80,6.3402723745101071,6.5313055264747231,0,-9.9475983006414026e-14,False
inhale,80,6.3379004571843192,6.6069344800759611,0,-1.4210854715202004e-13,False
inhale,80,6.3355348663007653,6.6834391756861455,0,-7.1054273576010019e-14,False
inhale,80,6.333175709368156,6.7608297539198192,0,-5.6843418860808015e-14,False
inhale,80,6.3308230934034242,6.8391164728142924,0,-2.8421709430404007e-14,False
inhale,80,6.3284771249338716,6.9183097091893657,0,-2.8421709430404007e-14,False
inhale,80,6.3261379099994279,6.9984199600227344,0,-1.4210854715202004e-14,False
inhale,80,6.3238055541549469,7.0794578438413804,0,0,False
inhale,80,6.3214801624725796,7.1614341021290198,0,-1.4210854715202004e-14,False
inhale,80,6.3191618395442166,7.2443596007499025,0,-1.4210854715202004e-14,False
inhale,80,6.3168506894839762,7.3282453313890406,0,0,False
inhale,80,6.3145468159307718,7.4131024130091774,0,0,False
inhale,80,6.3122503220509252,7.4989420933245583,0,0,False
inhale,80,6.3099613043434264,7.5857757502918401,0,1.4210854715202004e-14,False
inhale,80,6.3076798340715632,7.6736148936181898,0,1.4210854715202004e-14,False
inhale,80,6.305405975895253,7.7624711662869199,0,0,False
inhale,80,6.3031397940768272,7.8523563461007182,0,0,False
inhale,80,6.300881352484109,7.9432823472428176,0,1.4210854715202004e-14,False
inhale,80,6.2986307145935143,8.0352612218561728,0,2.8421709430404007e-14,False
inhale,80,6.2963879434931886,8.1283051616409949,0,1.4210854715202004e-14,False
inhale,80,6.294153101886188,8.2224264994707124,0,2.8421709430404007e-14,False
inhale,80,6.2919262520936652,8.317637711026709,0,5.6843418860808015e-14,False
inhale,80,6.2897074560580899,8.4139514164519511,0,5.6843418860808015e-14,False
inhale,80,6.2874967753465096,8.5113803820237628,0,9.9475983006414026e-14,False
inhale,80,6.2852942711538331,8.6099375218460068,0,1.4210854715202004e-13,False
inhale,80,6.2831000043061218,8.709635899560805,0,1.5631940186722204e-13,False
inhale,80,6.2809140352639359,8.8104887300801416,0,1.8474111129762605e-13,False
inhale,80,6.2787364241256789,8.9125093813374541,0,1.9895196601282805e-13,False
inhale,80,6.2765672306310023,9.0157113760595706,0,1.9895196601282805e-13,False
inhale,80,6.2744065141641485,9.1201083935590965,0,-2.2737367544323206e-13,False
inhale,80,6.2722543337575445,9.2257142715476341,0,-2.7000623958883807e-13,False
inhale,80,6.2701107480950453,9.3325430079699103,0,-2.4158453015843406e-13,False
inhale,80,6.2679758155155278,9.4406087628592363,0,-1.9895196601282805e-13,False
inhale,80,6.2658495940163768,9.5499258602143584,0,-2.2737367544323206e-13,False
inhale,80,6.2637321412570133,9.6605087898981363,0,-1.8474111129762605e-13,False
inhale,80,6.2616235145624142,9.7723722095581067,0,-1.5631940186722204e-13,True
inhale,80,6.2595237709266849,9.885530946569391,0,-1.4210854715202004e-13,True
inhale,80,6.2574329670166495,10,0,-1.7053025658242404e-13,True
inhale,80,6.2553511591754605,10.115794542598982,0,-1.4210854715202004e-13,True
inhale,80,6.2532784034261955,10.232929922807546,0,-7.1054273576010019e-14,True
inhale,80,6.2512147554755266,10.351421666793442,0,-7.1054273576010019e-14,True
inhale,80,6.2491602707173808,10.471285480508996,0,-4.2632564145606011e-14,True
inhale,80,6.2471150042365933,10.592537251772887,0,-5.6843418860808015e-14,True
inhale,80,6.2450790108126446,10.715193052376071,0,-2.8421709430404007e-14,True
inhale,80,6.2430523449233419,10.839269140212039,0,0,True
inhale,80,6.2410350607485672,10.964781961431852,0,-1.4210854715202004e-14,True
inhale,80,6.2390272121740233,11.091748152624008,0,-1.4210854715202004e-14,True
inhale,80,6.2370288527950066,11.220184543019629,0,0,True
inhale,80,6.2350400359201643,11.350108156723154,0,0,True
inhale,80,6.2330608145753219,11.481536214968829,0,-1.4210854715202004e-14,True
inhale,80,6.2310912406101195,11.614486138403427,0,1.4210854715202004e-14,True
inhale,80,6.2291313449835064,11.748975549395292,0,-1.4210854715202004e-14,True
inhale,80,6.2271811378489632,11.88502227437019,0,1.4210854715202004e-14,True
inhale,80,6.2252406283295789,12.022644346174131,0,-4.2632564145606011e-14,True
inhale,80,6.223309825418462,12.161860006463678,0,2.8421709430404007e-14,True
inhale,80,6.2213887379812318,12.302687708123811,0,0,True
inhale,80,6.2194773747585952,12.445146117713856,0,7.1054273576010019e-14,True
inhale,80,6.2175757443687978,12.589254117941675,0,-1.4210854715202004e-14,True
inhale,80,6.215683855310167,12.735030810166617,0,-1.4210854715202004e-14,True
inhale,80,6.2138017159635623,12.882495516931336,0,0,True
inhale,80,6.2119293345948821,13.031667784523,0,7.1054273576010019e-14,True
inhale,80,6.210066719357501,13.182567385564074,0,7.1054273576010019e-14,True
inhale,80,6.2082138782947656,13.33521432163324,0,7.1054273576010019e-14,True
inhale,80,6.2063708193424159,13.489628825916533,0,8.5265128291212022e-14,True
inhale,80,6.2045375503310263,13.645831365889252,0,1.1368683772161603e-13,True
inhale,80,6.2027140789884534,13.803842646028853,0,1.2789769243681803e-13,True
inhale,80,6.2009004129422332,13.963683610559377,0,1.1368683772161603e-13,True
inhale,80,6.1990965597220047,14.12537544622754,0,1.8474111129762605e-13,True
inhale,80,6.1973025267619075,14.288939585111036,0,2.1316282072803006e-13,True
inhale,80,6.1955183214029681,14.454397707459281,0,1.9895196601282805e-13,True
inhale,80,6.1937439508954872,14.621771744567184,0,2.1316282072803006e-13,True
inhale,80,6.1919794224013733,14.791083881682072,0,-2.1316282072803006e-13,True
inhale,80,6.1902247429966435,14.962356560944343,0,-2.4158453015843406e-13,True
inhale,80,6.1884799196735738,15.135612484362087,0,-2.1316282072803006e-13,True
inhale,80,6.1867449593431738,15.310874616820303,0,-2.2737367544323206e-13,True
inhale,80,6.1850198688374842,15.488166189124811,0,-1.9895196601282805e-13,True
inhale,80,6.1833046549119102,15.667510701081484,0,-1.9895196601282805e-13,True
inhale,80,6.1815993242475358,15.848931924611142,0,-2.1316282072803006e-13,True
inhale,80,6.1799038834534246,16.032453906900418,0,-2.1316282072803006e-13,True
inhale,80,6.1782183390689189,16.218100973589298,0,-1.5631940186722204e-13,True
inhale,80,6.1765426975659281,16.405897731995388,0,-1.4210854715202004e-13,True
inhale,80,6.1748769653512134,16.595869074375614,0,-1.2789769243681803e-13,True
inhale,80,6.1732211487686435,16.788040181225607,0,-1.1368683772161603e-13,True
inhale,80,6.1715752541014819,16.982436524617444,0,-8.5265128291212022e-14,True
inhale,80,6.1699392875746017,17.179083871575877,0,-8.5265128291212022e-14,True
inhale,80,6.1683132553567734,17.378008287493763,0,-8.5265128291212022e-14,True
inhale,80,6.1666971635628576,17.579236139586932,0,-5.6843418860808015e-14,True
inhale,80,6.1650910182560663,17.782794100389228,0,-4.2632564145606011e-14,True
inhale,80,6.1634948199303654,17.988709151287875,0,-1.4210854715202004e-14,True
inhale,80,6.1619085469922386,18.197008586099845,0,-2.8421709430404007e-14,True
inhale,80,6.1603321723896185,18.407720014689563,0,0,True
inhale,80,6.158765669141939,18.620871366628677,0,0,True
inhale,80,6.1572090103405905,18.836490894898002,0,-2.8421709430404007e-14,True
inhale,80,6.155662169149358,19.054607179632484,0,-1.4210854715202004e-14,True
inhale,80,6.1541251188048331,19.275249131909366,0,-1.4210854715202004e-14,True
inhale,80,6.1525978326168973,19.498445997580454,0,6.8212102632969618e-13,True
inhale,80,6.1510802839688736,19.724227361148536,0,2.8421709430404007e-14,True
inhale,80,6.1495724463184391,19.952623149688808,0,1.4210854715202004e-14,True
inhale,80,6.1480742931975128,20.183663636815616,0,-1.4210854715202004e-14,True
inhale,80,6.1465857982128975,20.417379446695296,0,-1.4210854715202004e-14,True
inhale,80,6.1451069350466083,20.65380155810529,0,1.4210854715202004e-14,True
inhale,80,6.1436376774562458,20.892961308540386,0,-1.4210854715202004e-14,True
inhale,80,6.1421779992753667,21.134890398366476,0,0,True
inhale,80,6.1407278744138347,21.379620895022324,0,-1.4210854715202004e-14,True
inhale,80,6.1392872768581785,21.627185237270201,0,1.4210854715202004e-14,True
inhale,80,6.1378561806719327,21.87761623949552,0,0,True
inhale,80,6.1364345599959824,22.130947096056389,0,1.4210854715202004e-14,True
inhale,80,6.1350223890488813,22.387211385683401,0,0,True
inhale,80,6.1336196421271962,22.646443075930595,0,5.6843418860808015e-14,True
inhale,80,6.1322262936058021,22.908676527677724,0,2.8421709430404007e-14,True
inhale,80,6.1308423179382148,23.173946499684796,0,4.2632564145606011e-14,True
inhale,80,6.1294676896568854,23.442288153199225,0,4.2632564145606011e-14,True
inhale,80,6.1281023833735047,23.713737056616552,0,7.1054273576010019e-14,True
inhale,80,6.1267463737792891,23.9883291901949,0,7.1054273576010019e-14,True
inhale,80,6.1253996356452856,24.266100950824168,0,8.5265128291212022e-14,False
inhale,80,6.1240621438226253,24.547089156850312,0,1.1368683772161603e-13,False
inhale,80,6.1227338732428347,24.831331052955704,0,1.2789769243681803e-13,False
inhale,80,6.1214147989180718,25.118864315095795,0,1.2789769243681803e-13,False
inhale,80,6.1201048959414148,25.409727055493065,0,1.2789769243681803e-13,False
inhale,80,6.1188041394871124,25.703957827688647,0,1.7053025658242404e-13,False
inhale,80,6.1175125048108372,26.001595631652723,0,1.5631940186722204e-13,False
inhale,80,6.1162299672499403,26.302679918953814,0,2.1316282072803006e-13,False
inhale,80,6.1149565022236851,26.607250597988113,0,1.9895196601282805e-13,False
inhale,80,6.1136920852334979,26.915348039269166,0,2.1316282072803006e-13,False
inhale,80,6.112436691863194,27.227013080779127,0,2.2737367544323206e-13,False
inhale,80,6.1111902973948791,27.542287033381662,0,-2.4158453015843406e-13,False
inhale,80,6.1099528683638615,27.861211686297693,0,-2.2737367544323206e-13,False
inhale,80,6.1087243625963152,28.183829312644551,0,-2.4158453015843406e-13,False
inhale,80,6.1075047376792178,28.510182675039097,0,-2.5579538487363607e-13,False
inhale,80,6.1062939513440151,28.840315031266059,0,-2.2737367544323206e-13,False
inhale,80,6.1050919614656767,29.174270140011661,0,-2.4158453015843406e-13,False
inhale,80,6.1038987260617894,29.512092266663871,0,-2.1316282072803006e-13,False
inhale,80,6.1027142032916348,29.853826189179603,0,-1.8474111129762605e-13,False
inhale,80,6.1015383514552628,30.199517204020161,0,-1.8474111129762605e-13,False
inhale,80,6.1003711289925935,30.549211132155122,0,-2.1316282072803006e-13,False
inhale,80,6.0992124944825088,30.902954325135919,0,-1.9895196601282805e-13,False
inhale,80,6.0980624066419375,31.260793671239558,0,-1.8474111129762605e-13,False
inhale,80,6.0969208243249708,31.622776601683793,0,-1.7053025658242404e-13,False
inhale,80,6.0957877065219561,31.988951096913972,0,-1.7053025658242404e-13,False
inhale,80,6.0946630123586178,32.359365692962847,0,-1.1368683772161603e-13,False
inhale,80,6.0935467010951498,32.734069487883829,0,-1.1368683772161603e-13,False
inhale,80,6.0924387321253608,33.113112148259113,0,-9.9475983006414026e-14,False
inhale,80,6.0913390649757657,33.496543915782759,0,-9.9475983006414026e-14,False
inhale,80,6.0902476593047359,33.884415613920275,0,-5.6843418860808015e-14,False
inhale,80,6.0891644749016089,34.276778654645049,0,-8.5265128291212022e-14,False
inhale,80,6.0880894716858318,34.673685045253166,0,-5.6843418860808015e-14,False
inhale,80,6.0870226097060947,35.075187395256798,0,-7.1054273576010019e-14,False
inhale,80,6.0859638491394685,35.481338923357569,0,-7.1054273576010019e-14,False
inhale,80,6.0849131502905571,35.892193464500536,0,-7.1054273576010019e-14,False
inhale,80,6.083870473590637,36.307805477010142,0,-2.8421709430404007e-14,False
inhale,80,6.0828357795968149,36.72823004980846,0,-1.4210854715202004e-14,False
inhale,80,6.0818090289911781,37.153522909717239,0,-2.8421709430404007e-14,False
inhale,80,6.080790182579964,37.583740428844429,0,-1.4210854715202004e-14,False
inhale,80,6.0797792012927205,38.018939632056124,0,2.8421709430404007e-14,False
inhale,80,6.0787760461814617,38.459178204535355,0,-1.4210854715202004e-14,False
inhale,80,6.0777806784198587,38.904514499428046,0,-2.8421709430404007e-14,False
inhale,80,6.0767930593024069,39.355007545577763,0,-2.8421709430404007e-14,False
inhale,80,6.0758131502436017,39.810717055349734,0,0,False
inhale,80,6.074840912777117,40.271703432545905,0,-1.4210854715202004e-14,False
inhale,80,6.0738763085550103,40.738027780411258,0,-2.8421709430404007e-14,False
inhale,80,6.0729192993468981,41.209751909733043,0,1.4210854715202004e-14,False
inhale,80,6.0719698470391501,41.686938347033553,0,-1.4210854715202004e-14,False
inhale,80,6.0710279136340972,42.169650342858226,0,2.8421709430404007e-14,False
inhale,80,6.0700934601864267,42.657951880159253,0,-2.8421709430404007e-14,False
inhale,80,6.0691664436224801,43.151907682776546,0,2.8421709430404007e-14,False
inhale,80,6.0682468199423356,43.651583224016612,0,2.8421709430404007e-14,False
inhale,80,6.0673345452834386,44.157044735331255,0,1.4210854715202004e-14,False
inhale,80,6.066429575919309,44.668359215096302,0,-1.4210854715202004e-14,False
inhale,80,6.0655318682582475,45.185594437492263,0,4.2632564145606011e-14,False
inhale,80,6.0646413788420359,45.708818961487516,0,4.2632564145606011e-14,False
inhale,80,6.0637580643446869,46.238102139926035,0,-1.4210854715202004e-14,False
inhale,80,6.0628818815712,46.77351412871981,0,0,False
inhale,80,6.0620127874562639,47.315125896148075,0,1.4210854715202004e-14,False
inhale,80,6.0611507390630557,47.863009232263849,0,-1.4210854715202004e-14,False
inhale,80,6.0602956935819945,48.417236758409942,0,4.2632564145606011e-14,False
inhale,80,6.0594476083295152,48.977881936844611,0,2.8421709430404007e-14,False
inhale,80,6.0586064407468747,49.545019080479001,0,0,False
inhale,80,6.0577721483989277,50.118723362727252,0,1.4210854715202004e-14,False
inhale,80,6.0569446889729406,50.699070827470443,0,4.2632564145606011e-14,False
inhale,80,6.0561240202774158,51.286138399136483,0,0,False
inhale,80,6.0553101002409075,51.880003892896092,0,1.4210854715202004e-14,False
inhale,80,6.0545028869108535,52.480746024977286,0,0,False
inhale,80,6.0537023384524309,53.088444423098849,0,2.8421709430404007e-14,False
inhale,80,6.0529084131473905,53.703179637025272,0,1.4210854715202004e-14,False
inhale,80,6.052121069392931,54.325033149243303,0,2.8421709430404007e-14,False
inhale,80,6.0513402657005715,54.954087385762485,0,4.2632564145606011e-14,False
inhale,80,6.0505659606950069,55.590425727040369,0,2.8421709430404007e-14,False
inhale,80,6.0497981131130256,56.234132519034908,0,4.2632564145606011e-14,False
inhale,80,6.0490366818023844,56.885293084384131,0,4.2632564145606011e-14,False
inhale,80,6.0482816257207208,57.543993733715723,0,5.6843418860808015e-14,False
inhale,80,6.0475329039344556,58.210321777087159,0,7.1054273576010019e-14,False
inhale,80,6.0467904756177324,58.884365535558899,0,5.6843418860808015e-14,False
inhale,80,6.0460543000513276,59.566214352901035,0,7.1054273576010019e-14,False
inhale,80,6.0453243366216043,60.255958607435808,0,5.6843418860808015e-14,False
inhale,80,6.0446005448194438,60.95368972401694,0,9.9475983006414026e-14,False
inhale,80,6.0438828842392063,61.659500186148222,0,1.2789769243681803e-13,False
inhale,80,6.0431713145776982,62.373483548241914,0,1.5631940186722204e-13,False
inhale,80,6.0424657956331282,63.095734448019364,0,1.2789769243681803e-13,False
inhale,80,6.0417662873040969,63.82634861905489,0,1.2789769243681803e-13,False
inhale,80,6.0410727495885848,64.56542290346556,0,1.5631940186722204e-13,False
inhale,80,6.0403851425829282,65.313055264747234,0,1.7053025658242404e-13,False
inhale,80,6.0397034264808438,66.06934480075958,0,1.5631940186722204e-13,False
inhale,80,6.0390275615724187,66.834391756861493,0,1.4210854715202004e-13,False
inhale,80,6.0383575082431413,67.60829753919819,0,1.8474111129762605e-13,False
inhale,80,6.0376932269729107,68.391164728142925,0,1.5631940186722204e-13,False
inhale,80,6.0370346783350861,69.183097091893629,0,2.1316282072803006e-13,False
inhale,80,6.0363818229955122,69.984199600227385,0,2.5579538487363607e-13,False
inhale,80,6.0357346217115664,70.794578438413808,0,2.1316282072803006e-13,False
inhale,80,6.0350930353312258,71.614341021290201,0,1.9895196601282805e-13,False
inhale,80,6.0344570247921174,72.443596007498982,0,2.1316282072803006e-13,False
inhale,80,6.033826551120586,73.282453313890443,0,2.4158453015843406e-13,False
inhale,80,6.0332015754307768,74.131024130091774,0,2.5579538487363607e-13,False
inhale,80,6.03258205892371,74.989420933245583,0,2.8421709430404007e-13,False
inhale,80,6.0319679628863829,75.857757502918361,0,2.7000623958883807e-13,False
inhale,80,6.0313592486908139,76.736148936181934,0,-2.5579538487363607e-13,False
inhale,80,6.0307558777933163,77.624711662869203,0,-2.7000623958883807e-13,False
inhale,80,6.0301578117333623,78.523563461007186,0,-2.7000623958883807e-13,False
inhale,80,6.0295650121328714,79.43282347242814,0,-2.2737367544323206e-13,False
inhale,80,6.0289774406952761,80.352612218561774,0,-2.8421709430404007e-13,False
inhale,80,6.0283950592046791,81.283051616409949,0,-2.2737367544323206e-13,False
inhale,80,6.0278178295249649,82.224264994707127,0,-2.7000623958883807e-13,False
inhale,80,6.0272457135989681,83.176377110267083,0,-2.8421709430404007e-13,False
inhale,80,6.0266786734476101,84.139514164519554,0,-2.2737367544323206e-13,False
inhale,80,6.026116671169059,85.113803820237678,0,-2.7000623958883807e-13,False
inhale,80,6.0255596689379072,86.099375218460082,0,-2.5579538487363607e-13,False
inhale,80,6.0250076290043211,87.096358995608057,0,-2.5579538487363607e-13,False
inhale,80,6.0244605136932394,88.10488730080138,0,-2.4158453015843406e-13,False
inhale,80,6.0239182854035436,89.12509381337459,0,-2.5579538487363607e-13,False
inhale,80,6.0233809066072581,90.157113760595706,0,-2.1316282072803006e-13,False
inhale,80,6.0228483398487347,91.201083935590972,0,-2.1316282072803006e-13,False
inhale,80,6.0223205477438686,92.257142715476292,0,-2.4158453015843406e-13,False
inhale,80,6.0217974929793074,93.325430079699146,0,-2.1316282072803006e-13,False
inhale,80,6.02127913831165,94.40608762859236,0,-2.1316282072803006e-13,False
inhale,80,6.0207654465666893,95.499258602143584,0,-2.2737367544323206e-13,False
inhale,80,6.0202563806386333,96.60508789898131,0,-1.8474111129762605e-13,False
inhale,80,6.0197519034893237,97.72372209558111,0,-1.5631940186722204e-13,False
inhale,80,6.0192519781475022,98.855309465693907,0,-2.1316282072803006e-13,False
inhale,80,6.0187565677080368,100,0,-2.2737367544323206e-13,False
inhale,90,7.5569177389492248,0.10000000000000001,0,2.4158453015843406e-13,False
inhale,90,7.5564192034536273,0.10115794542598985,0,2.4158453015843406e-13,False
inhale,90,7.555915853219104,0.10232929922807542,0,2.5579538487363607e-13,False
inhale,90,7.5554076216413542,0.10351421666793438,0,2.7000623958883807e-13,False
inhale,90,7.5548944421297026,0.10471285480508996,0,2.7000623958883807e-13,False
inhale,90,7.5543762481073253,0.10592537251772889,0,-2.5579538487363607e-13,False
inhale,90,7.5538529730117654,0.10715193052376065,0,-2.4158453015843406e-13,False
inhale,90,7.5533245502948914,0.10839269140212036,0,-2.7000623958883807e-13,False
inhale,90,7.5527909134234497,0.10964781961431851,0,-2.8421709430404007e-13,False
inhale,90,7.5522519958792884,0.11091748152624012,0,-2.5579538487363607e-13,False
inhale,90,7.5517077311597012,0.11220184543019636,0,-2.2737367544323206e-13,False
inhale,90,7.551158052777744,0.11350108156723152,0,-2.7000623958883807e-13,False
inhale,90,7.5506028942625791,0.11481536214968829,0,-2.2737367544323206e-13,False
inhale,90,7.5500421891597833,0.11614486138403426,0,-2.2737367544323206e-13,False
inhale,90,7.549475871031734,0.11748975549395298,0,-2.7000623958883807e-13,False
inhale,90,7.5489038734579426,0.11885022274370183,0,-2.4158453015843406e-13,False
inhale,90,7.5483261300353917,0.12022644346174129,0,-2.7000623958883807e-13,False
inhale,90,7.5477425743789501,0.12161860006463679,0,-2.5579538487363607e-13,False
inhale,90,7.5471531401216909,0.12302687708123815,0,-2.8421709430404007e-13,False
inhale,90,7.5465577609153112,0.1244514611771385,0,-2.1316282072803006e-13,False
inhale,90,7.5459563704304875,0.12589254117941673,0,-2.5579538487363607e-13,False
inhale,90,7.5453489023572944,0.12735030810166617,0,-1.9895196601282805e-13,False
inhale,90,7.5447352904055718,0.12882495516931339,0,-2.2737367544323206e-13,False
inhale,90,7.5441154683053657,0.13031667784522993,0,-2.5579538487363607e-13,False
inhale,90,7.5434893698073076,0.1318256738556407,0,-2.1316282072803006e-13,False
inhale,90,7.5428569286830491,0.1333521432163324,0,-1.9895196601282805e-13,False
inhale,90,7.5422180787256723,0.13489628825916536,0,-2.1316282072803006e-13,False
inhale,90,7.5415727537501578,0.13645831365889247,0,-1.5631940186722204e-13,False
inhale,90,7.5409208875937574,0.13803842646028849,0,-1.8474111129762605e-13,False
inhale,90,7.540262414116512,0.13963683610559377,0,-2.1316282072803006e-13,False
inhale,90,7.5395972672016596,0.14125375446227545,0,-1.7053025658242404e-13,False
inhale,90,7.5389253807560808,0.1428893958511103,0,-1.5631940186722204e-13,False
inhale,90,7.5382466887108039,0.14454397707459277,0,-1.9895196601282805e-13,False
inhale,90,7.5375611250214538,0.14621771744567183,0,-1.5631940186722204e-13,False
inhale,90,7.5368686236687221,0.14791083881682077,0,-1.5631940186722204e-13,False
inhale,90,7.5361691186588731,0.14962356560944334,0,-1.2789769243681803e-13,False
inhale,90,7.5354625440242078,0.15135612484362079,0,-1.4210854715202004e-13,False
inhale,90,7.5347488338235893,0.15310874616820302,0,-1.7053025658242404e-13,False
inhale,90,7.5340279221429372,0.15488166189124811,0,-1.4210854715202004e-13,False
inhale,90,7.5332997430957223,0.15667510701081494,0,-1.1368683772161603e-13,False
inhale,90,7.5325642308235041,0.15848931924611134,0,-9.9475983006414026e-14,False
inhale,90,7.5318213194964523,0.16032453906900418,0,-1.1368683772161603e-13,False
inhale,90,7.5310709433138756,0.16218100973589297,0,-1.4210854715202004e-13,False
inhale,90,7.5303130365047668,0.16405897731995392,0,-1.1368683772161603e-13,False
inhale,90,7.5295475333283255,0.16595869074375605,0,-1.2789769243681803e-13,False
inhale,90,7.5287743680745356,0.16788040181225602,0,-7.1054273576010019e-14,False
inhale,90,7.527993475064708,0.16982436524617442,0,-9.9475983006414026e-14,False
inhale,90,7.5272047886520568,0.17179083871575881,0,-1.2789769243681803e-13,False
inhale,90,7.5264082432222636,0.17378008287493754,0,-8.5265128291212022e-14,False
inhale,90,7.5256037731940539,0.17579236139586926,0,-7.1054273576010019e-14,False
inhale,90,7.524791313019791,0.17782794100389229,0,-4.2632564145606011e-14,False
inhale,90,7.5239707971860623,0.17988709151287879,0,-2.8421709430404007e-14,False
inhale,90,7.5231421602142809,0.18197008586099836,0,-7.1054273576010019e-14,False
inhale,90,7.5223053366612929,0.18407720014689558,0,-7.1054273576010019e-14,False
inhale,90,7.5214602611199872,0.18620871366628675,0,-4.2632564145606011e-14,False
inhale,90,7.5206068682199181,0.18836490894898006,0,-1.4210854715202004e-14,False
inhale,90,7.519745092627927,0.19054607179632474,0,-5.6843418860808015e-14,False
inhale,90,7.5188748690487861,0.19275249131909361,0,-2.8421709430404007e-14,False
inhale,90,7.5179961322258242,0.19498445997580455,0,0,False
inhale,90,7.5171088169415832,0.19724227361148533,0,0,False
inhale,90,7.5162128580184744,0.19952623149688797,0,-2.8421709430404007e-14,False
inhale,90,7.5153081903194368,0.20183663636815607,0,-2.8421709430404007e-14,False
inhale,90,7.514394748748594,0.20417379446695297,0,-1.4210854715202004e-14,False
inhale,90,7.5134724682519556,0.20653801558105292,0,-2.8421709430404007e-14,False
inhale,90,7.5125412838180674,0.20892961308540398,0,1.4210854715202004e-14,False
inhale,90,7.51160113047872,0.21134890398366465,0,-2.8421709430404007e-14,False
inhale,90,7.5106519433096501,0.21379620895022325,0,0,False
inhale,90,7.5096936574312165,0.21627185237270202,0,-1.4210854715202004e-14,False
inhale,90,7.5087262080091381,0.21877616239495529,0,1.4210854715202004e-14,False
inhale,90,7.5077495302551922,0.22130947096056375,0,-1.4210854715202004e-14,False
inhale,90,7.5067635594279514,0.223872113856834,0,1.4210854715202004e-14,False
inhale,90,7.505768230833505,0.22646443075930595,0,1.4210854715202004e-14,False
inhale,90,7.5047634798261953,0.22908676527677729,0,-1.4210854715202004e-14,False
inhale,90,7.5037492418093761,0.23173946499684786,0,1.4210854715202004e-14,False
inhale,90,7.5027254522361426,0.2344228815319922,0,1.4210854715202004e-14,False
inhale,90,7.5016920466101125,0.23713737056616552,0,-1.4210854715202004e-14,False
inhale,90,7.500648958217969,0.23988329190194904,0,0,False
inhale,90,7.4995961113319227,0.24266100950824154,0,0,False
inhale,90,7.4985334280264757,0.24547089156850305,0,-2.8421709430404007e-14,False
inhale,90,7.4974608304494605,0.24831331052955705,0,-2.8421709430404007e-14,False
inhale,90,7.4963782408233337,0.25118864315095801,0,1.4210854715202004e-14,False
inhale,90,7.4952855814464545,0.25409727055493053,0,2.8421709430404007e-14,False
inhale,90,7.4941827746944032,0.25703957827688639,0,-1.4210854715202004e-14,False
inhale,90,7.4930697430213327,0.26001595631652719,0,1.4210854715202004e-14,False
inhale,90,7.4919464089612591,0.26302679918953814,0,-1.4210854715202004e-14,False
inhale,90,7.4908126951294802,0.26607250597988097,0,2.8421709430404007e-14,False
inhale,90,7.4896685242238927,0.26915348039269155,0,2.8421709430404007e-14,False
inhale,90,7.4885138190264291,0.27227013080779128,0,2.8421709430404007e-14,False
inhale,90,7.4873485024044255,0.27542287033381663,0,5.6843418860808015e-14,False
inhale,90,7.4861724973120474,0.2786121168629771,0,1.4210854715202004e-14,False
inhale,90,7.4849857267917486,0.28183829312644537,0,-1.4210854715202004e-14,False
inhale,90,7.4837881139756908,0.28510182675039097,0,5.6843418860808015e-14,False
inhale,90,7.4825795820872036,0.28840315031266056,0,1.4210854715202004e-14,False
inhale,90,7.4813600544423071,0.29174270140011677,0,2.8421709430404007e-14,False
inhale,90,7.4801294544511583,0.29512092266663853,0,7.1054273576010019e-14,False
inhale,90,7.4788877056195799,0.298538261891796,0,4.2632564145606011e-14,False
inhale,90,7.4776347315506024,0.3019951720402016,0,5.6843418860808015e-14,False
inhale,90,7.4763704559459825,0.3054921113215513,0,5.6843418860808015e-14,False
inhale,90,7.475094802607761,0.30902954325135906,0,4.2632564145606011e-14,False
inhale,90,7.4738076954398442,0.31260793671239551,0,4.2632564145606011e-14,False
inhale,90,7.4725090584495879,0.31622776601683794,0,7.1054273576010019e-14,False
inhale,90,7.4711988157493936,0.31988951096913981,0,9.9475983006414026e-14,False
inhale,90,7.4698768915583269,0.32359365692962827,0,9.9475983006414026e-14,False
inhale,90,7.4685432102037579,0.32734069487883821,0,8.5265128291212022e-14,False
inhale,90,7.4671976961230007,0.33113112148259111,0,1.2789769243681803e-13,False
inhale,90,7.4658402738649787,0.33496543915782767,0,9.9475983006414026e-14,False
inhale,90,7.4644708680919027,0.33884415613920255,0,1.1368683772161603e-13,False
inhale,90,7.4630894035809714,0.3427677865464504,0,1.7053025658242404e-13,False
inhale,90,7.4616958052260633,0.34673685045253166,0,1.4210854715202004e-13,False
inhale,90,7.4602899980394879,0.35075187395256802,0,1.8474111129762605e-13,False
inhale,90,7.4588719071536875,0.35481338923357547,0,2.1316282072803006e-13,False
inhale,90,7.4574414578230419,0.35892193464500527,0,2.2737367544323206e-13,False
inhale,90,7.455998575425582,0.36307805477010141,0,2.2737367544323206e-13,False
inhale,90,7.4545431855239661,0.36728230049808469,0,-2.4158453015843406e-13,False
inhale,90,7.4530752151732633,0.37153522909717257,0,-2.5579538487363607e-13,False
inhale,90,7.4515945929385587,0.3758374042884442,0,-2.5579538487363607e-13,False
inhale,90,7.4501012476021335,0.38018939632056115,0,-2.5579538487363607e-13,False
inhale,90,7.4485951081067983,0.38459178204535355,0,-2.7000623958883807e-13,False
inhale,90,7.4470761035583255,0.38904514499428056,0,-2.1316282072803006e-13,False
inhale,90,7.4455441632278889,0.39355007545577742,0,-2.4158453015843406e-13,False
inhale,90,7.443999216554583,0.3981071705534972,0,-1.9895196601282805e-13,False
inhale,90,7.4424411931478591,0.40271703432545908,0,-1.9895196601282805e-13,False
inhale,90,7.4408700227901114,0.40738027780411273,0,-1.8474111129762605e-13,False
inhale,90,7.4392856354391634,0.41209751909733022,0,-2.1316282072803006e-13,False
inhale,90,7.4376879612308748,0.41686938347033542,0,-1.4210854715202004e-13,False
inhale,90,7.4360769304816694,0.42169650342858223,0,-1.4210854715202004e-13,False
inhale,90,7.4344524736912039,0.42657951880159267,0,-1.4210854715202004e-13,False
inhale,90,7.4328145215449188,0.43151907682776525,0,-1.2789769243681803e-13,False
inhale,90,7.4311630049167485,0.43651583224016599,0,-1.2789769243681803e-13,False
inhale,90,7.4294978548717436,0.44157044735331252,0,-8.5265128291212022e-14,False
inhale,90,7.4278190026687598,0.44668359215096315,0,-5.6843418860808015e-14,False
inhale,90,7.4261263797631765,0.45185594437492238,0,-9.9475983006414026e-14,False
inhale,90,7.4244199178096277,0.45708818961487507,0,-5.6843418860808015e-14,False
inhale,90,7.422699548664716,0.46238102139926035,0,-4.2632564145606011e-14,False
inhale,90,7.4209652043898,0.46773514128719823,0,-4.2632564145606011e-14,False
inhale,90,7.4192168172537905,0.47315125896148053,0,2.8421709430404007e-14,False
inhale,90,7.4174543197359233,0.47863009232263842,0,0,False
inhale,90,7.415677644528623,0.48417236758409943,0,1.4210854715202004e-14,False
inhale,90,7.4138867245403137,0.48977881936844625,0,2.8421709430404007e-14,False
inhale,90,7.4120814928983041,0.4954501908047903,0,-1.4210854715202004e-14,False
inhale,90,7.4102618829516764,0.50118723362727235,0,0,False
inhale,90,7.4084278282741671,0.50699070827470427,0,0,False
inhale,90,7.4065792626671119,0.51286138399136483,0,0,False
inhale,90,7.4047161201623899,0.51880003892896109,0,2.8421709430404007e-14,False
inhale,90,7.4028383350253604,0.52480746024977254,0,0,False
inhale,90,7.4009458417578768,0.53088444423098835,0,0,False
inhale,90,7.3990385751012742,0.53703179637025267,0,2.8421709430404007e-14,False
inhale,90,7.3971164700393803,0.54325033149243318,0,1.4210854715202004e-14,False
inhale,90,7.3951794618015674,0.54954087385762451,0,1.4210854715202004e-14,False
inhale,90,7.3932274858658085,0.5559042572704036,0,4.2632564145606011e-14,False
inhale,90,7.3912604779617403,0.56234132519034907,0,2.8421709430404007e-14,False
inhale,90,7.3892783779198474,0.56885293084384148,0,4.2632564145606011e-14,False
inhale,90,7.3872811412234505,0.57543993733715693,0,0,False
inhale,90,7.385268727492412,0.58210321777087148,0,1.4210854715202004e-14,False
inhale,90,7.3832410966432684,0.58884365535558902,0,4.2632564145606011e-14,False
inhale,90,7.3811982088928341,0.59566214352901048,0,5.6843418860808015e-14,False
inhale,90,7.3791400247617505,0.60255958607435778,0,2.8421709430404007e-14,False
inhale,90,7.377066505078143,0.60953689724016924,0,7.1054273576010019e-14,False
inhale,90,7.3749776109811975,0.61659500186148219,0,8.5265128291212022e-14,False
inhale,90,7.3728733039248171,0.62373483548241926,0,8.5265128291212022e-14,False
inhale,90,7.3707535456812474,0.63095734448019336,0,7.1054273576010019e-14,False
inhale,90,7.3686182983447557,0.63826348619054873,0,1.5631940186722204e-13,False
inhale,90,7.3664675243352482,0.64565422903465564,0,1.2789769243681803e-13,False
inhale,90,7.3643011864020194,0.65313055264747244,0,1.2789769243681803e-13,False
inhale,90,7.3621192476273789,0.66069344800759611,0,1.9895196601282805e-13,False
inhale,90,7.3599216714303743,0.66834391756861466,0,2.5579538487363607e-13,False
inhale,90,7.3577084215705035,0.67608297539198192,0,2.2737367544323206e-13,False
inhale,90,7.3554794621513846,0.68391164728142928,0,-2.5579538487363607e-13,False
inhale,90,7.3532347576246773,0.69183097091893642,0,-2.2737367544323206e-13,False
inhale,90,7.3509742727935299,0.69984199600227348,0,-2.1316282072803006e-13,False
inhale,90,7.3486979728165238,0.70794578438413791,0,-1.8474111129762605e-13,False
inhale,90,7.3464058232113842,0.71614341021290195,0,-1.8474111129762605e-13,False
inhale,90,7.3440977898587354,0.72443596007499,0,-1.7053025658242404e-13,False
inhale,90,7.3417738390058966,0.73282453313890406,0,-1.4210854715202004e-13,False
inhale,90,7.3394339372706368,0.74131024130091749,0,-1.8474111129762605e-13,False
inhale,90,7.3370780516449967,0.74989420933245587,0,-8.5265128291212022e-14,False
inhale,90,7.3347061494990413,0.75857757502918377,0,-1.4210854715202004e-13,False
inhale,90,7.3323181985847201,0.76736148936181892,0,-1.2789769243681803e-13,False
inhale,90,7.3299141670396271,0.77624711662869172,0,-7.1054273576010019e-14,False
inhale,90,7.3274940233908419,0.78523563461007184,0,-5.6843418860808015e-14,False
inhale,90,7.325057736558751,0.79432823472428149,0,-4.2632564145606011e-14,False
inhale,90,7.3226052758608704,0.80352612218561725,0,-1.4210854715202004e-14,False
inhale,90,7.3201366110156796,0.81283051616409929,0,-1.4210854715202004e-14,False
inhale,90,7.3176517121464704,0.82224264994707119,0,0,False
inhale,90,7.3151505497851579,0.83176377110267108,0,-1.4210854715202004e-14,False
inhale,90,7.3126330948761691,0.84139514164519513,0,-1.4210854715202004e-14,False
inhale,90,7.3100993187802645,0.85113803820237655,0,0,False
inhale,90,7.3075491932783914,0.86099375218460072,0,0,False
inhale,90,7.3049826916637022,0.87096358995608081,0,2.8421709430404007e-14,False
inhale,90,7.3023998126834826,0.88104887300801427,0,-1.4210854715202004e-14,False
inhale,90,7.2998005805371218,0.89125093813374567,0,-4.2632564145606011e-14,False
inhale,90,7.2971850209374365,0.90157113760595708,0,1.4210854715202004e-14,False
inhale,90,7.2945531600254094,0.91201083935590965,0,0,False
inhale,90,7.2919050243731327,0.92257142715476315,0,0,False
inhale,90,7.2892406409867059,0.93325430079699101,0,-1.4210854715202004e-14,False
inhale,90,7.2865600373091262,0.94406087628592328,0,0,False
inhale,90,7.2838632412231172,0.95499258602143589,0,2.8421709430404007e-14,False
inhale,90,7.2811502810539617,0.96605087898981334,0,7.1054273576010019e-14,False
inhale,90,7.2784211855722782,0.97723722095581067,0,5.6843418860808015e-14,False
inhale,90,7.2756759839967984,0.98855309465693886,0,7.1054273576010019e-14,False
inhale,90,7.2729147059970973,1,0,1.1368683772161603e-13,False
inhale,90,7.2701373816962622,1.0115794542598988,0,1.2789769243681803e-13,False
inhale,90,7.2673440416736073,1.0232929922807541,0,1.5631940186722204e-13,False
inhale,90,7.2645347169672725,1.0351421666793441,0,1.9895196601282805e-13,False
inhale,90,7.2617094390768413,1.0471285480508996,0,2.2737367544323206e-13,False
inhale,90,7.2588682399658557,1.0592537251772887,0,-2.2737367544323206e-13,False
inhale,90,7.2560111520645743,1.0715193052376064,0,-2.1316282072803006e-13,False
inhale,90,7.2531382082721425,1.0839269140212033,0,-2.1316282072803006e-13,False
inhale,90,7.250249441959288,1.0964781961431851,0,-2.2737367544323206e-13,False
inhale,90,7.2473448869707005,1.1091748152624008,0,-1.7053025658242404e-13,False
inhale,90,7.2444245776274085,1.1220184543019636,0,-1.4210854715202004e-13,False
inhale,90,7.2414885487291647,1.1350108156723149,0,-1.1368683772161603e-13,False
inhale,90,7.2385368355567659,1.1481536214968828,0,-1.4210854715202004e-13,False
inhale,90,7.2355694738743352,1.1614486138403426,0,-5.6843418860808015e-14,False
inhale,90,7.2325864999315703,1.1748975549395297,0,-8.5265128291212022e-14,False
inhale,90,7.2295879504659712,1.1885022274370183,0,-2.8421709430404007e-14,False
inhale,90,7.226573862704992,1.2022644346174132,0,-4.2632564145606011e-14,False
inhale,90,7.2235442743681864,1.2161860006463678,0,-1.4210854715202004e-14,False
inhale,90,7.220499223669302,1.2302687708123818,0,0,False
inhale,90,7.2174387493183279,1.244514611771385,0,-1.4210854715202004e-14,False
inhale,90,7.2143628905235095,1.2589254117941675,0,2.8421709430404007e-14,False
inhale,90,7.2112716869933164,1.2735030810166617,0,1.4210854715202004e-14,False
inhale,90,7.2081651789383692,1.2882495516931343,0,-2.8421709430404007e-14,False
inhale,90,7.205043407073342,1.3031667784522993,0,1.4210854715202004e-14,False
inhale,90,7.2019064126187757,1.3182567385564075,0,0,False
inhale,90,7.1987542373028903,1.333521432163324,0,1.4210854715202004e-14,False
inhale,90,7.1955869360831626,1.348962882591654,0,-2.8421709430404007e-14,False
inhale,90,7.1924046152594894,1.3645831365889245,0,1.4210854715202004e-14,False
inhale,90,7.1892073942310484,1.3803842646028852,0,2.8421709430404007e-14,False
inhale,90,7.185995392763024,1.3963683610559376,0,2.8421709430404007e-14,False
inhale,90,7.1827687309848889,1.4125375446227548,0,1.1368683772161603e-13,False
inhale,90,7.1795275293885954,1.4288939585111029,0,7.1054273576010019e-14,False
inhale,90,7.1762719088267675,1.4454397707459272,0,5.6843418860808015e-14,False
inhale,90,7.1730019905107465,1.4621771744567182,0,1.2789769243681803e-13,False
inhale,90,7.1697178960085974,1.4791083881682072,0,1.9895196601282805e-13,False
inhale,90,7.1664197472430562,1.4962356560944337,0,2.2737367544323206e-13,False
inhale,90,7.1631076664893802,1.513561248436208,0,-1.9895196601282805e-13,False
inhale,90,7.1597817763732952,1.5310874616820302,0,-2.1316282072803006e-13,False
inhale,90,7.1564421998684944,1.5488166189124812,0,-2.2737367544323206e-13,False
inhale,90,7.1530890602944694,1.5667510701081493,0,-1.5631940186722204e-13,False
inhale,90,7.1497224813140532,1.5848931924611134,0,-1.5631940186722204e-13,False
inhale,90,7.1463425869309827,1.6032453906900417,0,-1.2789769243681803e-13,False
inhale,90,7.1429495014873368,1.6218100973589298,0,-1.2789769243681803e-13,False
inhale,90,7.1395433496609488,1.6405897731995396,0,-5.6843418860808015e-14,False
inhale,90,7.1361242564627094,1.6595869074375604,0,-8.5265128291212022e-14,False
inhale,90,7.1326923472338732,1.6788040181225607,0,-4.2632564145606011e-14,False
inhale,90,7.1292477476431984,1.6982436524617444,0,-2.8421709430404007e-14,False
inhale,90,7.1257905836841164,1.7179083871575884,0,0,False
inhale,90,7.1223209816717601,1.7378008287493754,0,0,False
inhale,90,7.1188390682399856,1.7579236139586931,0,-1.4210854715202004e-14,False
inhale,90,7.1153449703382741,1.7782794100389228,0,-2.8421709430404007e-14,False
inhale,90,7.1118388152286016,1.7988709151287883,0,2.8421709430404007e-14,False
inhale,90,7.1083207304822329,1.8197008586099834,0,-1.4210854715202004e-14,False
inhale,90,7.1047908439764456,1.8407720014689564,0,0,False
inhale,90,7.1012492838912058,1.8620871366628675,0,1.4210854715202004e-14,False
inhale,90,7.0976961787057444,1.883649089489801,0,2.8421709430404007e-14,False
inhale,90,7.094131657195109,1.9054607179632472,0,4.2632564145606011e-14,False
inhale,90,7.0905558484266242,1.9275249131909356,0,7.1054273576010019e-14,False
inhale,90,7.086968881756289,1.9498445997580456,0,4.2632564145606011e-14,False
inhale,90,7.0833708868251399,1.9724227361148534,0,8.5265128291212022e-14,False
inhale,90,7.0797619935554952,1.9952623149688797,0,9.9475983006414026e-14,False
inhale,90,7.0761423321472003,2.0183663636815607,0,1.5631940186722204e-13,False
inhale,90,7.0725120330737532,2.0417379446695296,0,2.2737367544323206e-13,False
inhale,90,7.0688712286727977,2.0653801558105291,0,-2.2737367544323206e-13,False
inhale,90,7.0652200881719107,2.0892961308540396,0,-1.9895196601282805e-13,False
inhale,90,7.0615588174787156,2.1134890398366464,0,-1.7053025658242404e-13,False
inhale,90,7.0578876240088109,2.1379620895022327,0,-1.4210854715202004e-13,False
inhale,90,7.0542067150812757,2.1627185237270199,0,-1.5631940186722204e-13,False
inhale,90,7.0505162979104341,2.187761623949553,0,-1.2789769243681803e-13,False
inhale,90,7.0468165795976052,2.2130947096056377,0,-7.1054273576010019e-14,False
inhale,90,7.0431077671228808,2.2387211385683399,0,-4.2632564145606011e-14,False
inhale,90,7.0393900673368979,2.2646443075930596,0,-2.8421709430404007e-14,False
inhale,90,7.0356636869526259,2.2908676527677736,0,-4.2632564145606011e-14,False
inhale,90,7.0319288325371474,2.3173946499684783,0,-1.4210854715202004e-14,False
inhale,90,7.0281857105034646,2.3442288153199229,0,0,False
inhale,90,7.0244345271022945,2.3713737056616551,0,-1.4210854715202004e-14,False
inhale,90,7.0206754884139233,2.3988329190194912,0,1.4210854715202004e-14,False
inhale,90,7.0169088003400084,2.4266100950824154,0,0,False
inhale,90,7.013134668595451,2.454708915685031,0,0,False
inhale,90,7.009353298700268,2.4831331052955705,0,-2.8421709430404007e-14,False
inhale,90,7.0055648959714585,2.511886431509581,0,-2.8421709430404007e-14,False
inhale,90,7.0017696655149386,2.5409727055493052,0,2.8421709430404007e-14,False
inhale,90,6.9979678122174267,2.5703957827688635,0,2.8421709430404007e-14,False
inhale,90,6.9941595407384458,2.6001595631652723,0,5.6843418860808015e-14,False
inhale,90,6.9903450555022459,2.6302679918953813,0,7.1054273576010019e-14,False
inhale,90,6.9865245606898263,2.6607250597988097,0,9.9475983006414026e-14,False
inhale,90,6.9826982602309586,2.6915348039269151,0,1.1368683772161603e-13,False
inhale,90,6.9788663577962202,2.7227013080779128,0,1.8474111129762605e-13,False
inhale,90,6.9750290567890438,2.7542287033381663,0,-2.2737367544323206e-13,False
inhale,90,6.9711865603379906,2.7861211686297707,0,-1.8474111129762605e-13,False
inhale,90,6.9673390712886389,2.8183829312644537,0,-1.5631940186722204e-13,False
inhale,90,6.9634867921959174,2.85101826750391,0,-1.5631940186722204e-13,False
inhale,90,6.9596299253162854,2.8840315031266055,0,-9.9475983006414026e-14,False
inhale,90,6.9557686725999472,2.9174270140011673,0,-8.5265128291212022e-14,False
inhale,90,6.9519032356831589,2.9512092266663856,0,-4.2632564145606011e-14,False
inhale,90,6.9480338158805246,2.9853826189179604,0,-5.6843418860808015e-14,False
inhale,90,6.9441606141773669,3.0199517204020161,0,-2.8421709430404007e-14,False
inhale,90,6.9402838312221053,3.0549211132155141,0,2.8421709430404007e-14,False
inhale,90,6.9364036673187011,3.0902954325135905,0,0,False
inhale,90,6.9325203224191494,3.126079367123956,0,0,False
inhale,90,6.9286339961159813,3.1622776601683795,0,0,False
inhale,90,6.9247448946400505,3.1988951096913989,0,-2.8421709430404007e-14,False
inhale,90,6.9208532517300982,3.2359365692962827,0,0,False
inhale,90,6.916959307366791,3.273406948788383,0,0,False
inhale,90,6.9130633007247502,3.3113112148259112,0,4.2632564145606011e-14,False
inhale,90,6.9091654701645204,3.3496543915782775,0,2.8421709430404007e-14,False
inhale,90,6.9052660532247447,3.3884415613920256,0,5.6843418860808015e-14,False
inhale,90,6.9013652866145163,3.4276778654645046,0,9.9475983006414026e-14,False
inhale,90,6.8974634062059073,3.4673685045253166,0,1.1368683772161603e-13,False
inhale,90,6.8935606470266952,3.5075187395256795,0,1.2789769243681803e-13,False
inhale,90,6.8896572432532626,3.548133892335755,0,1.7053025658242404e-13,False
inhale,90,6.8857534282036266,3.5892193464500517,0,-2.1316282072803006e-13,False
inhale,90,6.8818494343308823,3.630780547701014,0,-2.1316282072803006e-13,False
inhale,90,6.8779454932164095,3.6728230049808461,0,-1.7053025658242404e-13,False
inhale,90,6.8740418355636637,3.715352290971726,0,-1.8474111129762605e-13,False
inhale,90,6.8701386911919693,3.7583740428844412,0,-1.2789769243681803e-13,False
inhale,90,6.8662362890304962,3.8018939632056128,0,-1.1368683772161603e-13,False
inhale,90,6.8623348571124723,3.8459178204535354,0,-8.5265128291212022e-14,False
inhale,90,6.8584346225695416,3.8904514499428067,0,-4.2632564145606011e-14,False
inhale,90,6.8545358116263149,3.9355007545577743,0,-1.4210854715202004e-14,False
inhale,90,6.850638649595111,3.9810717055349731,0,-1.4210854715202004e-14,False
inhale,90,6.8467433608708941,4.0271703432545909,0,4.2632564145606011e-14,False
inhale,90,6.8428501689263399,4.0738027780411281,0,-1.4210854715202004e-14,False
inhale,90,6.8389592963071584,4.1209751909733017,0,0,False
inhale,90,6.835070964627544,4.1686938347033546,0,4.2632564145606011e-14,False
inhale,90,6.8311853945658241,4.2169650342858223,0,0,False
inhale,90,6.8273028058603096,4.2657951880159279,0,0,False
inhale,90,6.8234234173052837,4.3151907682776525,0,1.4210854715202004e-14,False
inhale,90,6.8195474467472161,4.365158322401661,0,1.4210854715202004e-14,False
inhale,90,6.8156751110811351,4.4157044735331255,0,2.8421709430404007e-14,False
inhale,90,6.8118066262471748,4.4668359215096327,0,7.1054273576010019e-14,False
inhale,90,6.807942207227307,4.5185594437492238,0,1.1368683772161603e-13,False
inhale,90,6.8040820680422716,4.5708818961487516,0,1.4210854715202004e-13,False
inhale,90,6.8002264217486497,4.6238102139926029,0,1.2789769243681803e-13,False
inhale,90,6.7963754804361507,4.6773514128719809,0,1.9895196601282805e-13,False
inhale,90,6.7925294552249911,4.7315125896148054,0,-1.9895196601282805e-13,False
inhale,90,6.7886885562637005,4.7863009232263831,0,-1.8474111129762605e-13,False
inhale,90,6.7848529927266688,4.8417236758409938,0,-1.8474111129762605e-13,False
inhale,90,6.7810229725662348,4.8977881936844616,0,-1.4210854715202004e-13,False
inhale,90,6.7771986970678704,4.9545019080479031,0,-1.1368683772161603e-13,False
inhale,90,6.7733803607225092,5.011872336272722,0,-8.5265128291212022e-14,False
inhale,90,6.7695681565862174,5.0699070827470445,0,-5.6843418860808015e-14,False
inhale,90,6.7657622765262433,5.1286138399136485,0,-2.8421709430404007e-14,False
inhale,90,6.7619629112223079,5.1880003892896118,0,1.4210854715202004e-14,False
inhale,90,6.7581702501681304,5.2480746024977254,0,-4.2632564145606011e-14,False
inhale,90,6.7543844816731609,5.3088444423098844,0,-1.4210854715202004e-14,False
inhale,90,6.7506057928645271,5.3703179637025267,0,1.4210854715202004e-14,False
inhale,90,6.7468343696891573,5.4325033149243334,0,-2.8421709430404007e-14,False
inhale,90,6.7430703969161714,5.4954087385762458,0,-1.4210854715202004e-14,False
inhale,90,6.7393140581394038,5.5590425727040369,0,1.4210854715202004e-14,False
inhale,90,6.7355655357801751,5.6234132519034912,0,0,False
inhale,90,6.7318250110902413,5.6885293084384161,0,2.8421709430404007e-14,False
inhale,90,6.7280926641549375,5.7543993733715695,0,4.2632564145606011e-14,False
inhale,90,6.7243686738965245,5.8210321777087159,0,4.2632564145606011e-14,False
inhale,90,6.7206532180776994,5.8884365535558896,0,7.1054273576010019e-14,False
inhale,90,6.7169464733053275,5.9566214352901063,0,8.5265128291212022e-14,False
inhale,90,6.7132486150343285,6.0255958607435778,0,1.4210854715202004e-13,False
inhale,90,6.7095598175717512,6.095368972401694,0,1.4210854715202004e-13,False
inhale,90,6.7058802540810492,6.1659500186148222,0,1.8474111129762605e-13,False
inhale,90,6.7022100965864579,6.2373483548241913,0,-1.9895196601282805e-13,False
inhale,90,6.6985495159777599,6.3095734448019334,0,-1.8474111129762605e-13,False
inhale,90,6.6948986820148431,6.382634861905486,0,-1.4210854715202004e-13,False
inhale,90,6.6912577633327794,6.4565422903465564,0,-1.4210854715202004e-13,False
inhale,90,6.6876269274469138,6.5313055264747231,0,-9.9475983006414026e-14,False
inhale,90,6.6840063407581365,6.6069344800759611,0,-5.6843418860808015e-14,False
inhale,90,6.6803961685583051,6.6834391756861455,0,-2.8421709430404007e-14,False
inhale,90,6.6767965750358522,6.7608297539198192,0,-4.2632564145606011e-14,False
inhale,90,6.673207723281533,6.8391164728142924,0,0,False
inhale,90,6.6696297752943074,6.9183097091893657,0,1.4210854715202004e-14,False
inhale,90,6.666062891987413,6.9984199600227344,0,0,False
inhale,90,6.6625072331945541,7.0794578438413804,0,2.8421709430404007e-14,False
inhale,90,6.6589629576762333,7.1614341021290198,0,1.4210854715202004e-14,False
inhale,90,6.655430223126265,7.2443596007499025,0,0,False
inhale,90,6.651909186178373,7.3282453313890406,0,1.4210854715202004e-14,False
inhale,90,6.6484000024129717,7.4131024130091774,0,0,False
inhale,90,6.6449028263640653,7.4989420933245583,0,-1.4210854715202004e-14,False
inhale,90,6.6414178026169184,7.5857757502918401,0,-1.4210854715202004e-14,False
inhale,90,6.637945039125797,7.6736148936181898,0,5.6843418860808015e-14,False
inhale,90,6.6344846340171326,7.7624711662869199,0,5.6843418860808015e-14,False
inhale,90,6.6310366845166566,7.8523563461007182,0,9.9475983006414026e-14,False
inhale,90,6.6276012869575585,7.9432823472428176,0,1.2789769243681803e-13,False
inhale,90,6.6241785367887731,8.0352612218561728,0,1.2789769243681803e-13,False
inhale,90,6.6207685285832731,8.1283051616409949,0,1.4210854715202004e-13,False
inhale,90,6.6173713560464273,8.2224264994707124,0,-2.1316282072803006e-13,False
inhale,90,6.6139871120245388,8.317637711026709,0,-1.5631940186722204e-13,False
inhale,90,6.6106158885131441,8.4139514164519511,0,-1.5631940186722204e-13,False
inhale,90,6.6072577766656586,8.5113803820237628,0,-1.4210854715202004e-13,False
inhale,90,6.603912866801922,8.6099375218460068,0,-1.4210854715202004e-13,False
inhale,90,6.6005812484168311,8.709635899560805,0,-1.2789769243681803e-13,False
inhale,90,6.5972630101889917,8.8104887300801416,0,-8.5265128291212022e-14,False
inhale,90,6.5939582399894334,8.9125093813374541,0,-2.8421709430404007e-14,False
inhale,90,6.5906670248903616,9.0157113760595706,0,-5.6843418860808015e-14,False
inhale,90,6.5873894511739515,9.1201083935590965,0,-2.8421709430404007e-14,False
inhale,90,6.5841256043411613,9.2257142715476341,0,0,False
inhale,90,6.58087556912061,9.3325430079699103,0,-1.4210854715202004e-14,False
inhale,90,6.5776394294774665,9.4406087628592363,0,0,False
inhale,90,6.5744172686223843,9.5499258602143584,0,0,False
inhale,90,6.5712091690204497,9.6605087898981363,0,1.4210854715202004e-14,False
inhale,90,6.5680152124001934,9.7723722095581067,0,1.4210854715202004e-14,True
inhale,90,6.5648354797625839,9.885530946569391,0,-1.4210854715202004e-14,True
inhale,90,6.5616700513901032,10,0,-1.4210854715202004e-14,True
inhale,90,6.5585190068557884,10.115794542598982,0,-1.4210854715202004e-14,True
inhale,90,6.555382425032338,10.232929922807546,0,2.8421709430404007e-14,True
inhale,90,6.5522603841012348,10.351421666793442,0,1.4210854715202004e-14,True
inhale,90,6.5491529615618775,10.471285480508996,0,2.8421709430404007e-14,True
inhale,90,6.5460602342407324,10.592537251772887,0,5.6843418860808015e-14,True
inhale,90,6.5429822783005251,10.715193052376071,0,8.5265128291212022e-14,True
inhale,90,6.5399191692494254,10.839269140212039,0,7.1054273576010019e-14,True
inhale,90,6.5368709819502584,10.964781961431852,0,1.1368683772161603e-13,True
inhale,90,6.533837790629728,11.091748152624008,0,1.7053025658242404e-13,True
inhale,90,6.5308196688876636,11.220184543019629,0,1.9895196601282805e-13,True
inhale,90,6.5278166897062295,11.350108156723154,0,-1.7053025658242404e-13,True
inhale,90,6.5248289254593352,11.481536214968829,0,-1.7053025658242404e-13,True
inhale,90,6.5218564465867521,11.614486138403427,0,-1.4210854715202004e-13,True
inhale,90,6.5188992922745763,11.748975549395292,0,-1.5631940186722204e-13,True
inhale,90,6.515957470634949,11.88502227437019,0,-1.5631940186722204e-13,True
inhale,90,6.5130309881548847,12.022644346174131,0,-1.5631940186722204e-13,True
inhale,90,6.5101198510391001,12.161860006463678,0,-5.6843418860808015e-14,True
inhale,90,6.5072240652162714,12.302687708123811,0,-7.1054273576010019e-14,True
inhale,90,6.5043436363453244,12.445146117713856,0,-2.8421709430404007e-14,True
inhale,90,6.5014785698216437,12.589254117941675,0,-4.2632564145606011e-14,True
inhale,90,6.4986288707832349,12.735030810166617,0,0,True
inhale,90,6.4957945441168503,12.882495516931336,0,-2.8421709430404007e-14,True
inhale,90,6.4929755944641068,13.031667784523,0,-1.4210854715202004e-14,True
inhale,90,6.4901720262275049,13.182567385564074,0,0,True
inhale,90,6.487383843576513,13.33521432163324,0,6.6791017161449417e-13,True
inhale,90,6.4846110504532328,13.489628825916533,0,-1.4210854715202004e-14,True
inhale,90,6.4818536505789321,13.645831365889252,0,0,True
inhale,90,6.4791116474593151,13.803842646028853,0,0,True
inhale,90,6.4763850443906845,13.963683610559377,0,-4.2632564145606011e-14,True
inhale,90,6.4736738444656856,14.12537544622754,0,0,True
inhale,90,6.4709780505790651,14.288939585111036,0,2.8421709430404007e-14,True
inhale,90,6.4682976654333997,14.454397707459281,0,0,True
inhale,90,6.4656326915447968,14.621771744567184,0,2.8421709430404007e-14,True
inhale,90,6.4629831312485235,14.791083881682072,0,5.6843418860808015e-14,True
inhale,90,6.4603489867046289,14.962356560944343,0,2.8421709430404007e-14,True
inhale,90,6.4577302599035153,15.135612484362087,0,9.9475983006414026e-14,True
inhale,90,6.455126952671459,15.310874616820303,0,1.1368683772161603e-13,True
inhale,90,6.452539066676116,15.488166189124811,0,1.2789769243681803e-13,True
inhale,90,6.4499666034319718,15.667510701081484,0,1.2789769243681803e-13,True
inhale,90,6.4474095643057687,15.848931924611142,0,1.8474111129762605e-13,True
inhale,90,6.4448679505218696,16.032453906900418,0,1.8474111129762605e-13,True
inhale,90,6.442341763167585,16.218100973589298,0,-1.9895196601282805e-13,True
inhale,90,6.439831003198619,16.405897731995388,0,-1.8474111129762605e-13,True
inhale,90,6.4373356714441128,16.595869074375614,0,-2.1316282072803006e-13,True
inhale,90,6.4348557686120422,16.788040181225607,0,-1.8474111129762605e-13,True
inhale,90,6.4323912952943658,16.982436524617444,0,-1.8474111129762605e-13,True
inhale,90,6.4299422519721974,17.179083871575877,0,-1.1368683772161603e-13,True
inhale,90,6.4275086390209237,17.378008287493763,0,-9.9475983006414026e-14,True
inhale,90,6.4250904567153073,17.579236139586932,0,-8.5265128291212022e-14,True
inhale,90,6.422687705234555,17.782794100389228,0,-7.1054273576010019e-14,True
inhale,90,6.4203003763653035,17.988709151287875,0,-7.1054273576010019e-14,True
inhale,90,6.4179284286835889,18.197008586099845,0,-1.4210854715202004e-14,True
inhale,90,6.4155718126092482,18.407720014689563,0,0,True
inhale,90,6.4132304787298544,18.620871366628677,0,0,True
inhale,90,6.4109043778016623,18.836490894898002,0,-2.8421709430404007e-14,True
inhale,90,6.408593460750506,19.054607179632484,0,-2.8421709430404007e-14,True
inhale,90,6.4062976786726855,19.275249131909366,0,-1.4210854715202004e-14,True
inhale,90,6.4040169828358406,19.498445997580454,0,1.4210854715202004e-14,True
inhale,90,6.4017513246797773,19.724227361148536,0,-2.8421709430404007e-14,True
inhale,90,6.399500655817298,19.952623149688808,0,0,True
inhale,90,6.3972649280349936,20.183663636815616,0,2.8421709430404007e-14,True
inhale,90,6.3950440932940023,20.417379446695296,0,1.4210854715202004e-14,True
inhale,90,6.3928381037307727,20.65380155810529,0,2.8421709430404007e-14,True
inhale,90,6.3906469116577949,20.892961308540386,0,-1.4210854715202004e-14,True
inhale,90,6.3884704695643046,21.134890398366476,0,4.2632564145606011e-14,True
inhale,90,6.3863087301169621,21.379620895022324,0,1.4210854715202004e-14,True
inhale,90,6.3841616461605399,21.627185237270201,0,2.8421709430404007e-14,True
inhale,90,6.3820291707185532,21.87761623949552,0,5.6843418860808015e-14,True
inhale,90,6.3799112569938883,22.130947096056389,0,4.2632564145606011e-14,True
inhale,90,6.3778078583694393,22.387211385683401,0,7.1054273576010019e-14,True
inhale,90,6.3757189284086531,22.646443075930595,0,2.8421709430404007e-14,True
inhale,90,6.373644420856154,22.908676527677724,0,8.5265128291212022e-14,True
inhale,90,6.3715842896382595,23.173946499684796,0,8.5265128291212022e-14,True
inhale,90,6.3695384888635402,23.442288153199225,0,1.1368683772161603e-13,True
inhale,90,6.3675069728233291,23.713737056616552,0,1.2789769243681803e-13,True
inhale,90,6.3654896959922347,23.9883291901949,0,1.5631940186722204e-13,True
inhale,90,6.3634866130286252,24.266100950824168,0,1.4210854715202004e-13,False
inhale,90,6.3614976787751001,24.547089156850312,0,1.7053025658242404e-13,False
inhale,90,6.3595228482589166,24.831331052955704,0,-1.9895196601282805e-13,False
inhale,90,6.3575620766925551,25.118864315095795,0,-1.9895196601282805e-13,False
inhale,90,6.3556153194739675,25.409727055493065,0,-1.9895196601282805e-13,False
inhale,90,6.3536825321870838,25.703957827688647,0,-2.2737367544323206e-13,False
inhale,90,6.3517636706022262,26.001595631652723,0,-2.2737367544323206e-13,False
inhale,90,6.3498586906764416,26.302679918953814,0,-1.8474111129762605e-13,False
inhale,90,6.347967548553914,26.607250597988113,0,-1.7053025658242404e-13,False
inhale,90,6.3460902005662865,26.915348039269166,0,-1.4210854715202004e-13,False
inhale,90,6.3442266032330279,27.227013080779127,0,-1.4210854715202004e-13,False
inhale,90,6.3423767126801724,27.542287033381662,0,-8.5265128291212022e-14,False
inhale,90,6.3405404718647187,27.861211686297693,0,-9.9475983006414026e-14,False
inhale,90,6.338717810655397,28.183829312644551,0,-9.9475983006414026e-14,False
inhale,90,6.3369086586602643,28.510182675039097,0,-7.1054273576010019e-14,False
inhale,90,6.3351129458067126,28.840315031266059,0,-2.8421709430404007e-14,False
inhale,90,6.3333306023391938,29.174270140011661,0,-2.8421709430404007e-14,False
inhale,90,6.3315615588169711,29.512092266663871,0,-4.2632564145606011e-14,False
inhale,90,6.3298057461118606,29.853826189179603,0,-2.8421709430404007e-14,False
inhale,90,6.3280630954059802,30.199517204020161,0,0,False
inhale,90,6.3263335381895374,30.549211132155122,0,0,False
inhale,90,6.324617006258622,30.902954325135919,0,-4.2632564145606011e-14,False
inhale,90,6.3229134317129922,31.260793671239558,0,4.2632564145606011e-14,False
inhale,90,6.3212227469538833,31.622776601683793,0,-1.4210854715202004e-14,False
inhale,90,6.31954488468185,31.988951096913972,0,0,False
inhale,90,6.3178797778944213,32.359365692962847,0,-1.9326762412674725e-12,False
inhale,90,6.3162273598847793,32.734069487883829,0,-2.8421709430404007e-14,False
inhale,90,6.3145875642379741,33.113112148259113,0,2.8421709430404007e-14,False
inhale,90,6.3129603248304251,33.496543915782759,0,0,False
inhale,90,6.3113455758270147,33.884415613920275,0,2.8421709430404007e-14,False
inhale,90,6.3097432516791248,34.276778654645049,0,1.4210854715202004e-14,False
inhale,90,6.3081532871225523,34.673685045253166,0,1.4210854715202004e-14,False
inhale,90,6.3065756171754392,35.075187395256798,0,0,False
inhale,90,6.3050101771361886,35.481338923357569,0,1.4210854715202004e-14,False
inhale,90,6.3034569025814182,35.892193464500536,0,0,False
inhale,90,6.3019157293639285,36.307805477010142,0,2.8421709430404007e-14,False
inhale,90,6.3003865936106473,36.72823004980846,0,1.4210854715202004e-14,False
inhale,90,6.2988694317206289,37.153522909717239,0,5.6843418860808015e-14,False
inhale,90,6.2973641803630356,37.583740428844429,0,1.4210854715202004e-14,False
inhale,90,6.295870776475156,38.018939632056124,0,4.2632564145606011e-14,False
inhale,90,6.2943891572603992,38.459178204535355,0,1.4210854715202004e-14,False
inhale,90,6.2929192601863431,38.904514499428046,0,5.6843418860808015e-14,False
inhale,90,6.2914610229827561,39.355007545577763,0,4.2632564145606011e-14,False
inhale,90,6.290014383639658,39.810717055349734,0,9.9475983006414026e-14,False
inhale,90,6.2885792804053713,40.271703432545905,0,8.5265128291212022e-14,False
inhale,90,6.2871556517846114,40.738027780411258,0,8.5265128291212022e-14,False
inhale,90,6.2857434365365528,41.209751909733043,0,8.5265128291212022e-14,False
inhale,90,6.2843425736729372,41.686938347033553,0,1.1368683772161603e-13,False
inhale,90,6.2829530024561677,42.169650342858226,0,1.2789769243681803e-13,False
inhale,90,6.2815746607149885,42.657951880159253,0,1.2789769243681803e-13,False
inhale,90,6.2802074798135186,43.151907682776546,0,1.9895196601282805e-13,False
inhale,90,6.2788513897281915,43.651583224016612,0,1.9895196601282805e-13,False
inhale,90,6.2775063207318071,44.157044735331255,0,1.7053025658242404e-13,False
inhale,90,6.2761722033905221,44.668359215096302,0,2.1316282072803006e-13,False
inhale,90,6.2748489685608417,45.185594437492263,0,-2.1316282072803006e-13,False
inhale,90,6.2735365473868088,45.708818961487516,0,-2.4158453015843406e-13,False
inhale,90,6.2722348712968747,46.238102139926035,0,-1.9895196601282805e-13,False
inhale,90,6.2709438720011397,46.77351412871981,0,-2.2737367544323206e-13,False
inhale,90,6.2696634814884451,47.315125896148075,0,-2.1316282072803006e-13,False
inhale,90,6.2683936320235363,47.863009232263849,0,-2.1316282072803006e-13,False
inhale,90,6.2671342561442396,48.417236758409942,0,-1.9895196601282805e-13,False
inhale,90,6.2658852866586718,48.977881936844611,0,-1.9895196601282805e-13,False
inhale,90,6.2646466566424683,49.545019080479001,0,-1.5631940186722204e-13,False
inhale,90,6.2634182994360339,50.118723362727252,0,-2.1316282072803006e-13,False
inhale,90,6.2622001486418544,50.699070827470443,0,-1.5631940186722204e-13,False
inhale,90,6.2609921381217619,51.286138399136483,0,-1.4210854715202004e-13,False
inhale,90,6.2597942019942865,51.880003892896092,0,-1.5631940186722204e-13,False
inhale,90,6.2586062746320152,52.480746024977286,0,-1.5631940186722204e-13,False
inhale,90,6.2574282906589636,53.088444423098849,0,-1.2789769243681803e-13,False
inhale,90,6.2562601849479664,53.703179637025272,0,-1.2789769243681803e-13,False
inhale,90,6.2551018926181179,54.325033149243303,0,-7.1054273576010019e-14,False
inhale,90,6.2539533490322086,54.954087385762485,0,-9.9475983006414026e-14,False
inhale,90,6.2528144897942077,55.590425727040369,0,-7.1054273576010019e-14,False
inhale,90,6.2516852507467409,56.234132519034908,0,-5.6843418860808015e-14,False
inhale,90,6.250565567968617,56.885293084384131,0,-5.6843418860808015e-14,False
inhale,90,6.2494553777723567,57.543993733715723,0,-4.2632564145606011e-14,False
inhale,90,6.2483546167017554,58.210321777087159,0,-2.8421709430404007e-14,False
inhale,90,6.2472632215294706,58.884365535558899,0,-1.4210854715202004e-14,False
inhale,90,6.2461811292546061,59.566214352901035,0,-1.4210854715202004e-14,False
inhale,90,6.2451082771003552,60.255958607435808,0,-1.4210854715202004e-14,False
inhale,90,6.244044602511635,60.95368972401694,0,-2.8421709430404007e-14,False
inhale,90,6.2429900431527487,61.659500186148222,0,0,False
inhale,90,6.2419445369050832,62.373483548241914,0,1.4210854715202004e-14,False
inhale,90,6.2409080218647981,63.095734448019364,0,-1.4210854715202004e-14,False
inhale,90,6.2398804363405693,63.82634861905489,0,1.4210854715202004e-14,False
inhale,90,6.2388617188513278,64.56542290346556,0,-2.8421709430404007e-14,False
inhale,90,6.2378518081240246,65.313055264747234,0,1.4210854715202004e-14,False
inhale,90,6.2368506430914143,66.06934480075958,0,-2.8421709430404007e-14,False
inhale,90,6.2358581628898797,66.834391756861493,0,-2.8421709430404007e-14,False
inhale,90,6.2348743068572254,67.60829753919819,0,0,False
inhale,90,6.2338990145305475,68.391164728142925,0,0,False
inhale,90,6.2329322256440864,69.183097091893629,0,1.4210854715202004e-14,False
inhale,90,6.2319738801271036,69.984199600227385,0,-1.4210854715202004e-14,False
inhale,90,6.2310239181017968,70.794578438413808,0,-1.4210854715202004e-14,False
inhale,90,6.2300822798812048,71.614341021290201,0,0,False
inhale,90,6.2291489059671497,72.443596007498982,0,2.8421709430404007e-14,False
inhale,90,6.2282237370481814,73.282453313890443,0,-1.4210854715202004e-14,False
inhale,90,6.2273067139975824,74.131024130091774,0,0,False
inhale,90,6.2263977778713118,74.989420933245583,0,0,False
inhale,90,6.2254968699060518,75.857757502918361,0,0,False
inhale,90,6.224603931517211,76.736148936181934,0,0,False
inhale,90,6.2237189042969856,77.624711662869203,0,2.8421709430404007e-14,False
inhale,90,6.2228417300123899,78.523563461007186,0,-4.2632564145606011e-14,False
inhale,90,6.2219723506033722,79.43282347242814,0,-2.8421709430404007e-14,False
inhale,90,6.2211107081808743,80.352612218561774,0,2.8421709430404007e-14,False
inhale,90,6.2202567450249537,81.283051616409949,0,-1.4210854715202004e-14,False
inhale,90,6.2194104035829207,82.224264994707127,0,1.4210854715202004e-14,False
inhale,90,6.2185716264674644,83.176377110267083,0,0,False
inhale,90,6.2177403564548257,84.139514164519554,0,4.2632564145606011e-14,False
inhale,90,6.2169165364829517,85.113803820237678,0,4.2632564145606011e-14,False
inhale,90,6.2161001096497195,86.099375218460082,0,4.2632564145606011e-14,False
inhale,90,6.215291019211107,87.096358995608057,0,4.2632564145606011e-14,False
inhale,90,6.2144892085794465,88.10488730080138,0,4.2632564145606011e-14,False
inhale,90,6.213694621321638,89.12509381337459,0,1.4210854715202004e-14,False
inhale,90,6.21290720115742,90.157113760595706,0,2.8421709430404007e-14,False
inhale,90,6.2121268919576274,91.201083935590972,0,7.1054273576010019e-14,False
inhale,90,6.2113536377424694,92.257142715476292,0,4.2632564145606011e-14,False
inhale,90,6.2105873826798517,93.325430079699146,0,8.5265128291212022e-14,False
inhale,90,6.2098280710836624,94.40608762859236,0,2.8421709430404007e-14,False
inhale,90,6.2090756474121207,95.499258602143584,0,8.5265128291212022e-14,False
inhale,90,6.2083300562660986,96.60508789898131,0,4.2632564145606011e-14,False
inhale,90,6.2075912423875019,97.72372209558111,0,9.9475983006414026e-14,False
inhale,90,6.2068591506576158,98.855309465693907,0,7.1054273576010019e-14,False
inhale,90,6.2061337260955138,100,0,8.5265128291212022e-14,False
inhale,110,7.5982592948161303,0.10000000000000001,0,1.4210854715202004e-14,False
inhale,110,7.5974827801839169,0.10115794542598985,0,4.2632564145606011e-14,False
inhale,110,7.5966987536149659,0.10232929922807542,0,1.4210854715202004e-14,False
inhale,110,7.5959071116964187,0.10351421666793438,0,0,False
inhale,110,7.5951077510482241,0.10471285480508996,0,-1.4210854715202004e-14,False
inhale,110,7.5943005683238276,0.10592537251772889,0,-2.8421709430404007e-14,False
inhale,110,7.5934854602109052,0.10715193052376065,0,1.4210854715202004e-14,False
inhale,110,7.5926623234320711,0.10839269140212036,0,1.4210854715202004e-14,False
inhale,110,7.5918310547456587,0.10964781961431851,0,2.8421709430404007e-14,False
inhale,110,7.5909915509464438,0.11091748152624012,0,0,False
inhale,110,7.5901437088664734,0.11220184543019636,0,2.8421709430404007e-14,False
inhale,110,7.5892874253758187,0.11350108156723152,0,2.8421709430404007e-14,False
inhale,110,7.588422597383425,0.11481536214968829,0,2.8421709430404007e-14,False
inhale,110,7.587549121837899,0.11614486138403426,0,-2.8421709430404007e-14,False
inhale,110,7.586666895728416,0.11748975549395298,0,-2.8421709430404007e-14,False
inhale,110,7.5857758160855289,0.11885022274370183,0,5.6843418860808015e-14,False
inhale,110,7.5848757799820392,0.12022644346174129,0,4.2632564145606011e-14,False
inhale,110,7.5839666845339524,0.12161860006463679,0,1.4210854715202004e-14,False
inhale,110,7.5830484269013416,0.12302687708123815,0,2.8421709430404007e-14,False
inhale,110,7.5821209042892814,0.1244514611771385,0,1.4210854715202004e-14,False
inhale,110,7.5811840139487918,0.12589254117941673,0,0,False
inhale,110,7.5802376531778242,0.12735030810166617,0,2.8421709430404007e-14,False
inhale,110,7.579281719322192,0.12882495516931339,0,1.4210854715202004e-14,False
inhale,110,7.5783161097766092,0.13031667784522993,0,2.8421709430404007e-14,False
inhale,110,7.5773407219856654,0.1318256738556407,0,1.4210854715202004e-14,False
inhale,110,7.576355453444882,0.1333521432163324,0,5.6843418860808015e-14,False
inhale,110,7.5753602017017148,0.13489628825916536,0,1.4210854715202004e-14,False
inhale,110,7.5743548643566756,0.13645831365889247,0,5.6843418860808015e-14,False
inhale,110,7.573339339064324,0.13803842646028849,0,5.6843418860808015e-14,False
inhale,110,7.5723135235344454,0.13963683610559377,0,8.5265128291212022e-14,False
inhale,110,7.5712773155331083,0.14125375446227545,0,9.9475983006414026e-14,False
inhale,110,7.5702306128837877,0.1428893958511103,0,8.5265128291212022e-14,False
inhale,110,7.5691733134685482,0.14454397707459277,0,9.9475983006414026e-14,False
inhale,110,7.5681053152291629,0.14621771744567183,0,1.1368683772161603e-13,False
inhale,110,7.5670265161683066,0.14791083881682077,0,1.2789769243681803e-13,False
inhale,110,7.5659368143507466,0.14962356560944334,0,1.4210854715202004e-13,False
inhale,110,7.5648361079045525,0.15135612484362079,0,1.4210854715202004e-13,False
inhale,110,7.5637242950223289,0.15310874616820302,0,1.2789769243681803e-13,False
inhale,110,7.5626012739624437,0.15488166189124811,0,1.8474111129762605e-13,False
inhale,110,7.5614669430502905,0.15667510701081494,0,1.5631940186722204e-13,False
inhale,110,7.5603212006795983,0.15848931924611134,0,1.8474111129762605e-13,False
inhale,110,7.5591639453136761,0.16032453906900418,0,2.2737367544323206e-13,False
inhale,110,7.5579950754867493,0.16218100973589297,0,1.9895196601282805e-13,False
inhale,110,7.5568144898053022,0.16405897731995392,0,2.2737367544323206e-13,False
inhale,110,7.5556220869493922,0.16595869074375605,0,2.7000623958883807e-13,False
inhale,110,7.5544177656739739,0.16788040181225602,0,-2.1316282072803006e-13,False
inhale,110,7.5532014248105099,0.16982436524617442,0,-2.1316282072803006e-13,False
inhale,110,7.5519729632680059,0.17179083871575881,0,-2.7000623958883807e-13,False
inhale,110,7.5507322800346897,0.17378008287493754,0,-2.4158453015843406e-13,False
inhale,110,7.5494792741793368,0.17579236139586926,0,-2.1316282072803006e-13,False
inhale,110,7.54821384485275,0.17782794100389229,0,-1.9895196601282805e-13,False
inhale,110,7.5469358912892259,0.17988709151287879,0,-2.1316282072803006e-13,False
inhale,110,7.5456453128080279,0.18197008586099836,0,-1.9895196601282805e-13,False
inhale,110,7.544342008814886,0.18407720014689558,0,-1.9895196601282805e-13,False
inhale,110,7.5430258788035145,0.18620871366628675,0,-2.2737367544323206e-13,False
inhale,110,7.5416968223571725,0.18836490894898006,0,-1.9895196601282805e-13,False
inhale,110,7.5403547391501657,0.19054607179632474,0,-1.8474111129762605e-13,False
inhale,110,7.5389995289494687,0.19275249131909361,0,-1.7053025658242404e-13,False
inhale,110,7.5376310916162774,0.19498445997580455,0,-1.8474111129762605e-13,False
inhale,110,7.5362493271076429,0.19724227361148533,0,-1.4210854715202004e-13,False
inhale,110,7.5348541354780689,0.19952623149688797,0,-9.9475983006414026e-14,False
inhale,110,7.5334454168811602,0.20183663636815607,0,-1.4210854715202004e-13,False
inhale,110,7.5320230715712926,0.20417379446695297,0,-1.4210854715202004e-13,False
inhale,110,7.5305869999052923,0.20653801558105292,0,-7.1054273576010019e-14,False
inhale,110,7.5291371023440892,0.20892961308540398,0,-9.9475983006414026e-14,False
inhale,110,7.5276732794544943,0.21134890398366465,0,-8.5265128291212022e-14,False
inhale,110,7.5261954319108737,0.21379620895022325,0,-7.1054273576010019e-14,False
inhale,110,7.5247034604969167,0.21627185237270202,0,-7.1054273576010019e-14,False
inhale,110,7.5231972661074211,0.21877616239495529,0,-5.6843418860808015e-14,False
inhale,110,7.5216767497500401,0.22130947096056375,0,-5.6843418860808015e-14,False
inhale,110,7.520141812547112,0.223872113856834,0,-4.2632564145606011e-14,False
inhale,110,7.518592355737475,0.22646443075930595,0,-4.2632564145606011e-14,False
inhale,110,7.5170282806782938,0.22908676527677729,0,0,False
inhale,110,7.5154494888469277,0.23173946499684786,0,-1.4210854715202004e-14,False
inhale,110,7.5138558818428107,0.2344228815319922,0,0,False
inhale,110,7.5122473613893241,0.23713737056616552,0,1.4210854715202004e-14,False
inhale,110,7.5106238260198026,0.23988329190194904,0,0,False
inhale,110,7.5089851611472911,0.24266100950824154,0,-1.4210854715202004e-14,False
inhale,110,7.5073312490420232,0.24547089156850305,0,0,False
inhale,110,7.5056619721543196,0.24831331052955705,0,0,False
inhale,110,7.5039772131177971,0.25118864315095801,0,0,False
inhale,110,7.5022768547525489,0.25409727055493053,0,1.4210854715202004e-14,False
inhale,110,7.5005607800684206,0.25703957827688639,0,1.4210854715202004e-14,False
inhale,110,7.4988288722683034,0.26001595631652719,0,0,False
inhale,110,7.4970810147514566,0.26302679918953814,0,1.4210854715202004e-14,False
inhale,110,7.4953170911168758,0.26607250597988097,0,0,False
inhale,110,7.4935369851667115,0.26915348039269155,0,-1.4210854715202004e-14,False
inhale,110,7.4917405809097151,0.27227013080779128,0,0,False
inhale,110,7.4899277625647045,0.27542287033381663,0,2.8421709430404007e-14,False
inhale,110,7.4880984145640932,0.2786121168629771,0,1.4210854715202004e-14,False
inhale,110,7.4862524215574711,0.28183829312644537,0,4.2632564145606011e-14,False
inhale,110,7.4843896684151732,0.28510182675039097,0,5.6843418860808015e-14,False
inhale,110,7.482510040231932,0.28840315031266056,0,5.6843418860808015e-14,False
inhale,110,7.48061342233055,0.29174270140011677,0,2.8421709430404007e-14,False
inhale,110,7.4786997002656097,0.29512092266663853,0,2.8421709430404007e-14,False
inhale,110,7.4767687598272321,0.298538261891796,0,5.6843418860808015e-14,False
inhale,110,7.4748204870448509,0.3019951720402016,0,5.6843418860808015e-14,False
inhale,110,7.4728547681910493,0.3054921113215513,0,7.1054273576010019e-14,False
inhale,110,7.4708714897854485,0.30902954325135906,0,5.6843418860808015e-14,False
inhale,110,7.4688705385985639,0.31260793671239551,0,1.2789769243681803e-13,False
inhale,110,7.4668518016557783,0.31622776601683794,0,9.9475983006414026e-14,False
inhale,110,7.4648151662413333,0.31988951096913981,0,9.9475983006414026e-14,False
inhale,110,7.4627605199023259,0.32359365692962827,0,1.2789769243681803e-13,False
inhale,110,7.4606877504527667,0.32734069487883821,0,1.5631940186722204e-13,False
inhale,110,7.4585967459776965,0.33113112148259111,0,2.2737367544323206e-13,False
inhale,110,7.4564873948372892,0.33496543915782767,0,2.1316282072803006e-13,False
inhale,110,7.4543595856710052,0.33884415613920255,0,-2.4158453015843406e-13,False
inhale,110,7.4522132074020027,0.3427677865464504,0,-2.2737367544323206e-13,False
inhale,110,7.4500481492410469,0.34673685045253166,0,-2.4158453015843406e-13,False
inhale,110,7.4478643006910481,0.35075187395256802,0,-2.1316282072803006e-13,False
inhale,110,7.4456615515512956,0.35481338923357547,0,-1.9895196601282805e-13,False
inhale,110,7.4434397919218531,0.35892193464500527,0,-1.8474111129762605e-13,False
inhale,110,7.4411989122079421,0.36307805477010141,0,-1.8474111129762605e-13,False
inhale,110,7.4389388032635155,0.36728230049808469,0,-1.4210854715202004e-13,False
inhale,110,7.4366593594652208,0.37153522909717257,0,-1.4210854715202004e-13,False
inhale,110,7.4343604787553268,0.3758374042884442,0,-1.2789769243681803e-13,False
inhale,110,7.4320420596029964,0.38018939632056115,0,-8.5265128291212022e-14,False
inhale,110,7.4297040008714221,0.38459178204535355,0,-8.5265128291212022e-14,False
inhale,110,7.4273462018237835,0.38904514499428056,0,-5.6843418860808015e-14,False
inhale,110,7.4249685621292469,0.39355007545577742,0,-4.2632564145606011e-14,False
inhale,110,7.4225709818690495,0.3981071705534972,0,-4.2632564145606011e-14,False
inhale,110,7.4201533615425763,0.40271703432545908,0,-4.2632564145606011e-14,False
inhale,110,7.4177156020735335,0.40738027780411273,0,0,False
inhale,110,7.4152576048161443,0.41209751909733022,0,4.2632564145606011e-14,False
inhale,110,7.4127792715614014,0.41686938347033542,0,0,False
inhale,110,7.4102805045433797,0.42169650342858223,0,-1.4210854715202004e-14,False
inhale,110,7.4077612064455671,0.42657951880159267,0,-1.4210854715202004e-14,False
inhale,110,7.4052212804072459,0.43151907682776525,0,-2.8421709430404007e-14,False
inhale,110,7.4026606300299882,0.43651583224016599,0,2.8421709430404007e-14,False
inhale,110,7.4000791593840587,0.44157044735331252,0,-2.8421709430404007e-14,False
inhale,110,7.3974767730150308,0.44668359215096315,0,0,False
inhale,110,7.3948533759503263,0.45185594437492238,0,1.4210854715202004e-14,False
inhale,110,7.3922088737058322,0.45708818961487507,0,0,False
inhale,110,7.3895431722926039,0.46238102139926035,0,4.2632564145606011e-14,False
inhale,110,7.3868561782235496,0.46773514128719823,0,0,False
inhale,110,7.3841477985202113,0.47315125896148053,0,2.8421709430404007e-14,False
inhale,110,7.3814179407195732,0.47863009232263842,0,7.1054273576010019e-14,False
inhale,110,7.3786665128808897,0.48417236758409943,0,7.1054273576010019e-14,False
inhale,110,7.3758934235925935,0.48977881936844625,0,4.2632564145606011e-14,False
inhale,110,7.3730985819792494,0.4954501908047903,0,8.5265128291212022e-14,False
inhale,110,7.3702818977085016,0.50118723362727235,0,8.5265128291212022e-14,False
inhale,110,7.3674432809981161,0.50699070827470427,0,1.7053025658242404e-13,False
inhale,110,7.3645826426230299,0.51286138399136483,0,1.2789769243681803e-13,False
inhale,110,7.3616998939224931,0.51880003892896109,0,1.8474111129762605e-13,False
inhale,110,7.3587949468071763,0.52480746024977254,0,2.2737367544323206e-13,False
inhale,110,7.3558677137663278,0.53088444423098835,0,-2.1316282072803006e-13,False
inhale,110,7.3529181078752135,0.53703179637025267,0,-2.1316282072803006e-13,False
inhale,110,7.3499460428020775,0.54325033149243318,0,-1.9895196601282805e-13,False
inhale,110,7.3469514328156373,0.54954087385762451,0,-1.9895196601282805e-13,False
inhale,110,7.343934192792414,0.5559042572704036,0,-1.4210854715202004e-13,False
inhale,110,7.340894238224096,0.56234132519034907,0,-1.4210854715202004e-13,False
inhale,110,7.337831491722941,0.56885293084384148,0,-1.2789769243681803e-13,False
inhale,110,7.3347459025463992,0.57543993733715693,0,-9.9475983006414026e-14,False
inhale,110,7.3316374271516329,0.58210321777087148,0,-8.5265128291212022e-14,False
inhale,110,7.3285060227115757,0.58884365535558902,0,-4.2632564145606011e-14,False
inhale,110,7.3253516471231972,0.59566214352901048,0,-2.8421709430404007e-14,False
inhale,110,7.3221742590157541,0.60255958607435778,0,0,False
inhale,110,7.3189738177590877,0.60953689724016924,0,-2.8421709430404007e-14,False
inhale,110,7.3157502834719317,0.61659500186148219,0,-2.8421709430404007e-14,False
inhale,110,7.3125036170302087,0.62373483548241926,0,1.4210854715202004e-14,False
inhale,110,7.3092337800753331,0.63095734448019336,0,-1.4210854715202004e-14,False
inhale,110,7.3059407350225944,0.63826348619054873,0,2.8421709430404007e-14,False
inhale,110,7.3026244450694211,0.64565422903465564,0,-1.4210854715202004e-14,False
inhale,110,7.2992848742038028,0.65313055264747244,0,0,False
inhale,110,7.2959219872125658,0.66069344800759611,0,1.4210854715202004e-14,False
inhale,110,7.2925357496897805,0.66834391756861466,0,-2.8421709430404007e-14,False
inhale,110,7.2891261280451012,0.67608297539198192,0,1.4210854715202004e-14,False
inhale,110,7.2856930895121206,0.68391164728142928,0,4.2632564145606011e-14,False
inhale,110,7.2822366021567317,0.69183097091893642,0,1.4210854715202004e-14,False
inhale,110,7.2787566348855099,0.69984199600227348,0,5.6843418860808015e-14,False
inhale,110,7.275253157454034,0.70794578438413791,0,8.5265128291212022e-14,False
inhale,110,7.2717261404752866,0.71614341021290195,0,1.1368683772161603e-13,False
inhale,110,7.2681755554279688,0.72443596007499,0,1.9895196601282805e-13,False
inhale,110,7.2646013746648626,0.73282453313890406,0,1.9895196601282805e-13,False
inhale,110,7.2610035714211776,0.74131024130091749,0,1.9895196601282805e-13,False
inhale,110,7.2573821198228279,0.74989420933245587,0,-2.2737367544323206e-13,False
inhale,110,7.2537369948949495,0.75857757502918377,0,-1.8474111129762605e-13,False
inhale,110,7.2500681725699136,0.76736148936181892,0,-2.2737367544323206e-13,False
inhale,110,7.2463756296958364,0.77624711662869172,0,-1.8474111129762605e-13,False
inhale,110,7.2426593440448039,0.78523563461007184,0,-9.9475983006414026e-14,False
inhale,110,7.238919294321124,0.79432823472428149,0,-1.2789769243681803e-13,False
inhale,110,7.2351554601696275,0.80352612218561725,0,-8.5265128291212022e-14,False
inhale,110,7.23136782218387,0.81283051616409929,0,-4.2632564145606011e-14,False
inhale,110,7.2275563619143401,0.82224264994707119,0,-2.8421709430404007e-14,False
inhale,110,7.2237210618766827,0.83176377110267108,0,0,False
inhale,110,7.2198619055598465,0.84139514164519513,0,-1.4210854715202004e-14,False
inhale,110,7.2159788774342442,0.85113803820237655,0,0,False
inhale,110,7.2120719629598771,0.86099375218460072,0,2.8421709430404007e-14,False
inhale,110,7.2081411503222155,0.87096358995608081,0,0,False
inhale,110,7.2041864684457986,0.88104887300801427,0,1.4210854715202004e-14,False
inhale,110,7.2002079869742275,0.89125093813374567,0,2.8421709430404007e-14,False
inhale,110,7.1962057782523816,0.90157113760595708,0,-2.8421709430404007e-14,False
inhale,110,7.1921799156034592,0.91201083935590965,0,4.2632564145606011e-14,False
inhale,110,7.1881304733339668,0.92257142715476315,0,1.4210854715202004e-14,False
inhale,110,7.1840575267386448,0.93325430079699101,0,8.5265128291212022e-14,False
inhale,110,7.1799611521052142,0.94406087628592328,0,7.1054273576010019e-14,False
inhale,110,7.1758414267190593,0.95499258602143589,0,9.9475983006414026e-14,False
inhale,110,7.1716984288677548,0.96605087898981334,0,1.4210854715202004e-13,False
inhale,110,7.1675322378454975,0.97723722095581067,0,1.7053025658242404e-13,False
inhale,110,7.1633429339573578,0.98855309465693886,0,-1.7053025658242404e-13,False
inhale,110,7.1591305985236575,1,0,-1.9895196601282805e-13,False
inhale,110,7.1548953138837259,1.0115794542598988,0,-1.9895196601282805e-13,False
inhale,110,7.1506371634000363,1.0232929922807541,0,-1.5631940186722204e-13,False
inhale,110,7.1463562314619384,1.0351421666793441,0,-1.4210854715202004e-13,False
inhale,110,7.142052603489339,1.0471285480508996,0,-9.9475983006414026e-14,False
inhale,110,7.1377263659362411,1.0592537251772887,0,-5.6843418860808015e-14,False
inhale,110,7.1333776062941459,1.0715193052376064,0,0,False
inhale,110,7.1290064130953166,1.0839269140212033,0,-1.4210854715202004e-14,False
inhale,110,7.1246128759159317,1.0964781961431851,0,-1.4210854715202004e-14,False
inhale,110,7.1201970853790471,1.1091748152624008,0,-2.8421709430404007e-14,False
inhale,110,7.1157591331574803,1.1220184543019636,0,0,False
inhale,110,7.1112991119765026,1.1350108156723149,0,2.8421709430404007e-14,False
inhale,110,7.1068171156164039,1.1481536214968828,0,-1.4210854715202004e-14,False
inhale,110,7.102313238914931,1.1614486138403426,0,-2.8421709430404007e-14,False
inhale,110,7.0977875777695649,1.1748975549395297,0,-1.4210854715202004e-14,False
inhale,110,7.0932402291396137,1.1885022274370183,0,-1.4210854715202004e-14,False
inhale,110,7.0886712910482386,1.2022644346174132,0,7.1054273576010019e-14,False
inhale,110,7.084080862584222,1.2161860006463678,0,8.5265128291212022e-14,False
inhale,110,7.0794690439036909,1.2302687708123818,0,1.2789769243681803e-13,False
inhale,110,7.0748359362316036,1.244514611771385,0,1.4210854715202004e-13,False
inhale,110,7.0701816418630674,1.2589254117941675,0,-1.9895196601282805e-13,False
inhale,110,7.0655062641647239,1.2735030810166617,0,-1.8474111129762605e-13,False
inhale,110,7.0608099075755142,1.2882495516931343,0,-1.8474111129762605e-13,False
inhale,110,7.056092677607765,1.3031667784522993,0,-1.5631940186722204e-13,False
inhale,110,7.0513546808478189,1.3182567385564075,0,-9.9475983006414026e-14,False
inhale,110,7.0465960249566093,1.333521432163324,0,-8.5265128291212022e-14,False
inhale,110,7.0418168378110586,1.348962882591654,0,-5.6843418860808015e-14,False
inhale,110,7.0370173248020551,1.3645831365889245,0,-2.8421709430404007e-14,False
inhale,110,7.0321977111887977,1.3803842646028852,0,-2.8421709430404007e-14,False
inhale,110,7.0273582229187168,1.3963683610559376,0,1.4210854715202004e-14,False
inhale,110,7.0224990866190851,1.4125375446227548,0,1.4210854715202004e-14,False
inhale,110,7.0176205295884548,1.4288939585111029,0,-2.8421709430404007e-14,False
inhale,110,7.0127227797879037,1.4454397707459272,0,1.4210854715202004e-14,False
inhale,110,7.0078060658320238,1.4621771744567182,0,-1.4210854715202004e-14,False
inhale,110,7.0028706169798305,1.4791083881682072,0,1.4210854715202004e-14,False
inhale,110,6.9979166631253529,1.4962356560944337,0,4.2632564145606011e-14,False
inhale,110,6.9929444347881393,1.513561248436208,0,7.1054273576010019e-14,False
inhale,110,6.9879541631035078,1.5310874616820302,0,8.5265128291212022e-14,False
inhale,110,6.9829460798126446,1.5488166189124812,0,1.2789769243681803e-13,False
inhale,110,6.9779204172524842,1.5667510701081493,0,1.8474111129762605e-13,False
inhale,110,6.9728774083453855,1.5848931924611134,0,-1.8474111129762605e-13,False
inhale,110,6.9678172865888497,1.6032453906900417,0,-1.4210854715202004e-13,False
inhale,110,6.9627402860445882,1.6218100973589298,0,-1.2789769243681803e-13,False
inhale,110,6.9576466413278686,1.6405897731995396,0,-8.5265128291212022e-14,False
inhale,110,6.9525365875964535,1.6595869074375604,0,-5.6843418860808015e-14,False
inhale,110,6.9474103605394246,1.6788040181225607,0,-5.6843418860808015e-14,False
inhale,110,6.9422681963658199,1.6982436524617444,0,0,False
inhale,110,6.9371103317930718,1.7179083871575884,0,1.4210854715202004e-14,False
inhale,110,6.9319370040353379,1.7378008287493754,0,-1.4210854715202004e-14,False
inhale,110,6.9267484507915995,1.7579236139586931,0,-1.4210854715202004e-14,False
inhale,110,6.9215449102336226,1.7782794100389228,0,1.4210854715202004e-14,False
inhale,110,6.9163266209937522,1.7988709151287883,0,4.2632564145606011e-14,False
inhale,110,6.9110938221525506,1.8197008586099834,0,0,False
inhale,110,6.9058467532262648,1.8407720014689564,0,5.6843418860808015e-14,False
inhale,110,6.9005856541541251,1.8620871366628675,0,7.1054273576010019e-14,False
inhale,110,6.8953107652855321,1.883649089489801,0,9.9475983006414026e-14,False
inhale,110,6.8900223273670376,1.9054607179632472,0,1.5631940186722204e-13,False
inhale,110,6.8847205815291685,1.9275249131909356,0,-1.9895196601282805e-13,False
inhale,110,6.8794057692733066,1.9498445997580456,0,-1.4210854715202004e-13,False
inhale,110,6.8740781324579956,1.9724227361148534,0,-1.4210854715202004e-13,False
inhale,110,6.8687379132855435,1.9952623149688797,0,-1.1368683772161603e-13,False
inhale,110,6.8633853542882512,2.0183663636815607,0,-7.1054273576010019e-14,False
inhale,110,6.8580206983145615,2.0417379446695296,0,-2.8421709430404007e-14,False
inhale,110,6.8526441907329412,2.0653801558105291,0,-1.4210854715202004e-14,False
inhale,110,6.8472561280990654,2.0892961308540396,0,-1.4210854715202004e-14,False
inhale,110,6.841856857663724,2.1134890398366464,0,-2.8421709430404007e-14,False
inhale,110,6.8364467283561687,2.1379620895022327,0,0,False
inhale,110,6.8310260885400798,2.1627185237270199,0,1.4210854715202004e-14,False
inhale,110,6.8255952859915636,2.187761623949553,0,1.4210854715202004e-14,False
inhale,110,6.8201546678773068,2.2130947096056377,0,2.8421709430404007e-14,False
inhale,110,6.8147045807327977,2.2387211385683399,0,2.8421709430404007e-14,False
inhale,110,6.809245370440661,2.2646443075930596,0,5.6843418860808015e-14,False
inhale,110,6.8037773822091578,2.2908676527677736,0,1.2789769243681803e-13,False
inhale,110,6.7983009605507254,2.3173946499684783,0,1.4210854715202004e-13,False
inhale,110,6.792816449260707,2.3442288153199229,0,-1.2789769243681803e-13,False
inhale,110,6.7873241913963058,2.3713737056616551,0,-1.5631940186722204e-13,False
inhale,110,6.7818245292553927,2.3988329190194912,0,-9.9475983006414026e-14,False
inhale,110,6.7763178043557426,2.4266100950824154,0,-1.1368683772161603e-13,False
inhale,110,6.7708043574143115,2.454708915685031,0,-5.6843418860808015e-14,False
inhale,110,6.7652845283266485,2.4831331052955705,0,-4.2632564145606011e-14,False
inhale,110,6.759758656146488,2.511886431509581,0,-2.8421709430404007e-14,False
inhale,110,6.7542270790655285,2.5409727055493052,0,1.4210854715202004e-14,False
inhale,110,6.7486901343933061,2.5703957827688635,0,-4.2632564145606011e-14,False
inhale,110,6.7431481585373483,2.6001595631652723,0,0,False
inhale,110,6.7376014869833929,2.6302679918953813,0,-1.4210854715202004e-14,False
inhale,110,6.7320504542758703,2.6607250597988097,0,0,False
inhale,110,6.7264953939985377,2.6915348039269151,0,1.4210854715202004e-14,False
inhale,110,6.7209366387553064,2.7227013080779128,0,7.1054273576010019e-14,False
inhale,110,6.7153745201512693,2.7542287033381663,0,1.1368683772161603e-13,False
inhale,110,6.7098093687739233,2.7861211686297707,0,1.2789769243681803e-13,False
inhale,110,6.7042415141745773,2.8183829312644537,0,-1.5631940186722204e-13,False
inhale,110,6.698671284850116,2.85101826750391,0,-1.5631940186722204e-13,False
inhale,110,6.6930990082246602,2.8840315031266055,0,-1.1368683772161603e-13,False
inhale,110,6.6875250106317434,2.9174270140011673,0,-8.5265128291212022e-14,False
inhale,110,6.6819496172966026,2.9512092266663856,0,-4.2632564145606011e-14,False
inhale,110,6.6763731523186616,2.9853826189179604,0,-4.2632564145606011e-14,False
inhale,110,6.6707959386542957,3.0199517204020161,0,0,False
inhale,110,6.6652182980997825,3.0549211132155141,0,0,False
inhale,110,6.6596405512745394,3.0902954325135905,0,-1.4210854715202004e-14,False
inhale,110,6.654063017604555,3.126079367123956,0,1.4210854715202004e-14,False
inhale,110,6.6484860153060801,3.1622776601683795,0,0,False
inhale,110,6.6429098693131072,3.1988951096913989,0,-1.4210854715202004e-14,False
inhale,110,6.6373349348101716,3.2359365692962827,0,2.8421709430404007e-14,False
inhale,110,6.6317615728934518,3.273406948788383,0,5.6843418860808015e-14,False
inhale,110,6.6261901425430931,3.3113112148259112,0,1.1368683772161603e-13,False
inhale,110,6.6206210006101003,3.3496543915782775,0,1.2789769243681803e-13,False
inhale,110,6.6150545018038258,3.3884415613920256,0,-1.8474111129762605e-13,False
inhale,110,6.6094909986801413,3.4276778654645046,0,-1.2789769243681803e-13,False
inhale,110,6.6039308416298343,3.4673685045253166,0,-7.1054273576010019e-14,False
inhale,110,6.5983743788679261,3.5075187395256795,0,-7.1054273576010019e-14,False
inhale,110,6.5928219564233501,3.548133892335755,0,-5.6843418860808015e-14,False
inhale,110,6.5872739181292221,3.5892193464500517,0,-2.8421709430404007e-14,False
inhale,110,6.5817306056136635,3.630780547701014,0,0,False
inhale,110,6.5761923582911619,3.6728230049808461,0,0,False
inhale,110,6.5706595133545012,3.715352290971726,0,-1.4210854715202004e-14,False
inhale,110,6.5651324057672058,3.7583740428844412,0,-1.4210854715202004e-14,False
inhale,110,6.5596113682565322,3.8018939632056128,0,1.4210854715202004e-14,False
inhale,110,6.554096731306994,3.8459178204535354,0,2.8421709430404007e-14,False
inhale,110,6.5485888231544473,3.8904514499428067,0,5.6843418860808015e-14,False
inhale,110,6.5430879697806441,3.9355007545577743,0,7.1054273576010019e-14,False
inhale,110,6.5375944949083875,3.9810717055349731,0,1.2789769243681803e-13,False
inhale,110,6.5321087199971357,4.0271703432545909,0,1.4210854715202004e-13,False
inhale,110,6.5266309642391507,4.0738027780411281,0,-1.4210854715202004e-13,False
inhale,110,6.5211615445562821,4.1209751909733017,0,-1.4210854715202004e-13,False
inhale,110,6.5157007755969687,4.1686938347033546,0,-1.1368683772161603e-13,False
inhale,110,6.510248969734036,4.2169650342858223,0,-8.5265128291212022e-14,False
inhale,110,6.5048064370628715,4.2657951880159279,0,-1.4210854715202004e-14,False
inhale,110,6.4993734854000795,4.3151907682776525,0,0,False
inhale,110,6.4939504202826983,4.365158322401661,0,0,False
inhale,110,6.488537544967846,4.4157044735331255,0,1.4210854715202004e-14,False
inhale,110,6.4831351604328624,4.4668359215096327,0,0,False
inhale,110,6.4777435653759614,4.5185594437492238,0,-1.4210854715202004e-14,False
inhale,110,6.4723630562173158,4.5708818961487516,0,1.4210854715202004e-14,False
inhale,110,6.4669939271006314,4.6238102139926029,0,7.1054273576010019e-14,False
inhale,110,6.46163646989518,4.6773514128719809,0,2.8421709430404007e-14,False
inhale,110,6.4562909741983221,4.7315125896148054,0,5.6843418860808015e-14,False
inhale,110,6.4509577273384089,4.7863009232263831,0,9.9475983006414026e-14,False
inhale,110,6.4456370143782102,4.8417236758409938,0,1.5631940186722204e-13,False
inhale,110,6.4403291174954926,4.8977881936844616,0,-1.4210854715202004e-13,False
inhale,110,6.4350343022336407,4.9545019080479031,0,-1.4210854715202004e-13,False
inhale,110,6.4297528173247844,5.011872336272722,0,-1.1368683772161603e-13,False
inhale,110,6.4244849083334818,5.0699070827470445,0,-5.6843418860808015e-14,False
inhale,110,6.4192308182905871,5.1286138399136485,0,-2.8421709430404007e-14,False
inhale,110,6.4139907877059938,5.1880003892896118,0,1.4210854715202004e-14,False
inhale,110,6.4087650545817345,5.2480746024977254,0,-1.4210854715202004e-14,False
inhale,110,6.4035538544255823,5.3088444423098844,0,-2.8421709430404007e-14,False
inhale,110,6.3983574202649747,5.3703179637025267,0,0,False
inhale,110,6.3931759826613712,5.4325033149243334,0,1.4210854715202004e-14,False
inhale,110,6.3880097697249703,5.4954087385762458,0,5.6843418860808015e-14,False
inhale,110,6.3828590071298255,5.5590425727040369,0,1.4210854715202004e-14,False
inhale,110,6.3777239181293091,5.6234132519034912,0,2.8421709430404007e-14,False
inhale,110,6.3726047235719161,5.6885293084384161,0,4.2632564145606011e-14,False
inhale,110,6.3675016419174408,5.7543993733715695,0,9.9475983006414026e-14,False
inhale,110,6.3624148892534569,5.8210321777087159,0,1.1368683772161603e-13,False
inhale,110,6.3573446793121251,5.8884365535558896,0,-1.7053025658242404e-13,False
inhale,110,6.3522912234874473,5.9566214352901063,0,-1.1368683772161603e-13,False
inhale,110,6.3472547308525131,6.0255958607435778,0,-1.2789769243681803e-13,False
inhale,110,6.3422354081774035,6.095368972401694,0,-8.5265128291212022e-14,False
inhale,110,6.3372334599471438,6.1659500186148222,0,-7.1054273576010019e-14,False
inhale,110,6.3322490883800562,6.2373483548241913,0,-4.2632564145606011e-14,False
inhale,110,6.3272824934463232,6.3095734448019334,0,-1.4210854715202004e-14,False
inhale,110,6.3223338728868459,6.382634861905486,0,-1.4210854715202004e-14,False
inhale,110,6.3174034222323359,6.4565422903465564,0,0,False
inhale,110,6.312491334822675,6.5313055264747231,0,-1.4210854715202004e-14,False
inhale,110,6.3075978018265086,6.6069344800759611,0,4.2632564145606011e-14,False
inhale,110,6.3027230122610245,6.6834391756861455,0,0,False
inhale,110,6.2978671530120502,6.7608297539198192,0,4.2632564145606011e-14,False
inhale,110,6.2930304088542428,6.8391164728142924,0,5.6843418860808015e-14,False
inhale,110,6.2882129624716043,6.9183097091893657,0,8.5265128291212022e-14,False
inhale,110,6.2834149944780826,6.9984199600227344,0,9.9475983006414026e-14,False
inhale,110,6.2786366834384735,7.0794578438413804,0,1.4210854715202004e-13,False
inhale,110,6.2738782058893685,7.1614341021290198,0,-1.4210854715202004e-13,False
inhale,110,6.2691397363605148,7.2443596007499025,0,-1.7053025658242404e-13,False
inhale,110,6.2644214473960105,7.3282453313890406,0,-9.9475983006414026e-14,False
inhale,110,6.2597235095759283,7.4131024130091774,0,-9.9475983006414026e-14,False
inhale,110,6.2550460915380066,7.4989420933245583,0,-7.1054273576010019e-14,False
inhale,110,6.2503893467322698,7.5857757502918401,0,-5.6843418860808015e-14,False
inhale,110,6.2457533737547797,7.6736148936181898,0,2.8421709430404007e-14,False
inhale,110,6.2411382563696742,7.7624711662869199,0,-4.2632564145606011e-14,False
inhale,110,6.2365440768267071,7.8523563461007182,0,0,False
inhale,110,6.2319709158830667,7.9432823472428176,0,0,False
inhale,110,6.2274188528252994,8.0352612218561728,0,0,False
inhale,110,6.222887965491088,8.1283051616409949,0,-1.4210854715202004e-14,False
inhale,110,6.2183783302910385,8.2224264994707124,0,0,False
inhale,110,6.2138900222303777,8.317637711026709,0,2.8421709430404007e-14,False
inhale,110,6.209423114930634,8.4139514164519511,0,7.1054273576010019e-14,False
inhale,110,6.2049776806512389,8.5113803820237628,0,4.2632564145606011e-14,False
inhale,110,6.2005537903110746,8.6099375218460068,0,1.1368683772161603e-13,False
inhale,110,6.1961515135099416,8.709635899560805,0,1.4210854715202004e-13,False
inhale,110,6.1917709185499579,8.8104887300801416,0,-1.8474111129762605e-13,False
inhale,110,6.1874120724570183,8.9125093813374541,0,-1.9895196601282805e-13,False
inhale,110,6.1830750410018922,9.0157113760595706,0,-1.1368683772161603e-13,False
inhale,110,6.1787598887215047,9.1201083935590965,0,-9.9475983006414026e-14,False
inhale,110,6.1744666789400666,9.2257142715476341,0,-7.1054273576010019e-14,False
inhale,110,6.1701954737900815,9.3325430079699103,0,-5.6843418860808015e-14,False
inhale,110,6.1659463342332987,9.4406087628592363,0,0,False
inhale,110,6.161719320081585,9.5499258602143584,0,0,False
inhale,110,6.1575144900177001,9.6605087898981363,0,0,False
inhale,110,6.1533319016159815,9.7723722095581067,0,-2.8421709430404007e-14,True
inhale,110,6.1491716113629371,9.885530946569391,0,1.4210854715202004e-14,True
inhale,110,6.1450336746777365,10,0,-2.8421709430404007e-14,True
inhale,110,6.1409181459326447,10.115794542598982,0,1.4210854715202004e-14,True
inhale,110,6.1368250784732892,10.232929922807546,0,1.4210854715202004e-14,True
inhale,110,6.1327545246389032,10.351421666793442,0,1.4210854715202004e-14,True
inhale,110,6.1287065357824053,10.471285480508996,0,4.2632564145606011e-14,True
inhale,110,6.1246811622904138,10.592537251772887,0,5.6843418860808015e-14,True
inhale,110,6.1206784536031655,10.715193052376071,0,1.1368683772161603e-13,True
inhale,110,6.1166984582342829,10.839269140212039,0,1.2789769243681803e-13,True
inhale,110,6.1127412237904926,10.964781961431852,0,1.8474111129762605e-13,True
inhale,110,6.1088067969911544,11.091748152624008,0,-1.5631940186722204e-13,True
inhale,110,6.1048952236878957,11.220184543019629,0,-1.5631940186722204e-13,True
inhale,110,6.1010065488837686,11.350108156723154,0,-1.2789769243681803e-13,True
inhale,110,6.0971408167526437,11.481536214968829,0,-9.9475983006414026e-14,True
inhale,110,6.0932980689165541,11.614486138403427,0,-8.5265128291212022e-14,True
inhale,110,6.0894783062253657,11.748975549395292,0,-1.4210854715202004e-14,True
inhale,110,6.0856814891128321,11.88502227437019,0,-1.4210854715202004e-14,True
inhale,110,6.0819075760724726,12.022644346174131,0,-4.2632564145606011e-14,True
inhale,110,6.0781565254132452,12.161860006463678,0,2.8421709430404007e-14,True
inhale,110,6.0744282952702875,12.302687708123811,0,2.8421709430404007e-14,True
inhale,110,6.0707228436155933,12.445146117713856,0,2.8421709430404007e-14,True
inhale,110,6.0670401282684727,12.589254117941675,0,-1.4210854715202004e-14,True
inhale,110,6.063380106905897,12.735030810166617,0,4.2632564145606011e-14,True
inhale,110,6.0597427370726482,12.882495516931336,0,2.8421709430404007e-14,True
inhale,110,6.0561279761913998,13.031667784523,0,-2.8421709430404007e-14,True
inhale,110,6.0525357815725878,13.182567385564074,0,2.8421709430404007e-14,True
inhale,110,6.0489661104241721,13.33521432163324,0,7.1054273576010019e-14,True
inhale,110,6.0454189198612367,13.489628825916533,0,5.6843418860808015e-14,True
inhale,110,6.0418941669154878,13.645831365889252,0,8.5265128291212022e-14,True
inhale,110,6.038391808544584,13.803842646028853,0,9.9475983006414026e-14,True
inhale,110,6.0349118016413286,13.963683610559377,0,1.2789769243681803e-13,True
inhale,110,6.03145410304273,14.12537544622754,0,-1.4210854715202004e-13,True
inhale,110,6.0280186695390476,14.288939585111036,0,-1.7053025658242404e-13,True
inhale,110,6.0246054578824451,14.454397707459281,0,-1.5631940186722204e-13,True
inhale,110,6.0212144247957724,14.621771744567184,0,-1.5631940186722204e-13,True
inhale,110,6.0178455269811044,14.791083881682072,0,-1.2789769243681803e-13,True
inhale,110,6.0144987211281808,14.962356560944343,0,-1.1368683772161603e-13,True
inhale,110,6.01117396392271,15.135612484362087,0,-5.6843418860808015e-14,True
inhale,110,6.0078712120545674,15.310874616820303,0,-4.2632564145606011e-14,True
inhale,110,6.0045904222258786,15.488166189124811,0,-4.2632564145606011e-14,True
inhale,110,6.0013315511589607,15.667510701081484,0,-1.4210854715202004e-14,True
inhale,110,5.9980945556041814,15.848931924611142,0,0,True
inhale,110,5.9948793923476735,16.032453906900418,0,-1.4210854715202004e-14,True
inhale,110,5.9916860182189833,16.218100973589298,0,8.5265128291212022e-14,True
inhale,110,5.9885143900985041,16.405897731995388,0,1.4210854715202004e-14,True
inhale,110,5.9853644649249951,16.595869074375614,0,0,True
inhale,110,5.9822361997027702,16.788040181225607,0,-2.8421709430404007e-14,True
inhale,110,5.9791295515089518,16.982436524617444,0,5.6843418860808015e-14,True
inhale,110,5.9760444775004995,17.179083871575877,0,1.4210854715202004e-14,True
inhale,110,5.9729809349212628,17.378008287493763,0,4.2632564145606011e-14,True
inhale,110,5.9699388811088152,17.579236139586932,0,2.8421709430404007e-14,True
inhale,110,5.9669182735012702,17.782794100389228,0,2.8421709430404007e-14,True
inhale,110,5.9639190598598422,17.988709151287875,0,9.9475983006414026e-14,True
inhale,110,5.9609411490636264,18.197008586099845,0,1.1368683772161603e-13,True
inhale,110,5.9579844407108551,18.407720014689563,0,1.1368683772161603e-13,True
inhale,110,5.9550488349370596,18.620871366628677,0,1.5631940186722204e-13,True
inhale,110,5.9521342324135338,18.836490894898002,0,-1.8474111129762605e-13,True
inhale,110,5.9492405343459316,19.054607179632484,0,-1.7053025658242404e-13,True
inhale,110,5.9463676424725067,19.275249131909366,0,-1.5631940186722204e-13,True
inhale,110,5.9435154590626507,19.498445997580454,0,-1.7053025658242404e-13,True
inhale,110,5.9406838869152541,19.724227361148536,0,-1.2789769243681803e-13,True
inhale,110,5.9378728293570626,19.952623149688808,0,-1.1368683772161603e-13,True
inhale,110,5.9350821902410171,20.183663636815616,0,-8.5265128291212022e-14,True
inhale,110,5.9323118739445828,20.417379446695296,0,-7.1054273576010019e-14,True
inhale,110,5.929561785368028,20.65380155810529,0,-5.6843418860808015e-14,True
inhale,110,5.926831829932719,20.892961308540386,0,-2.8421709430404007e-14,True
inhale,110,5.9241219135793663,21.134890398366476,0,-2.8421709430404007e-14,True
inhale,110,5.9214319427662696,21.379620895022324,0,-2.8421709430404007e-14,True
inhale,110,5.9187618244675333,21.627185237270201,0,0,True
inhale,110,5.9161114661712793,21.87761623949552,0,0,True
inhale,110,5.9134807758778303,22.130947096056389,0,0,True
inhale,110,5.910869662097892,22.387211385683401,0,1.4210854715202004e-14,True
inhale,110,5.9082780338506993,22.646443075930595,0,0,True
inhale,110,5.9057058006621741,22.908676527677724,0,1.4210854715202004e-14,True
inhale,110,5.9031528725630569,23.173946499684796,0,0,True
inhale,110,5.9006191600870253,23.442288153199225,0,0,True
inhale,110,5.898104574268805,23.713737056616552,0,1.4210854715202004e-14,True
inhale,110,5.8956090266422665,23.9883291901949,0,2.8421709430404007e-14,True
inhale,110,5.8931324292385234,24.266100950824168,0,2.8421709430404007e-14,False
inhale,110,5.8906746945839927,24.547089156850312,0,5.6843418860808015e-14,False
inhale,110,5.8882357356984913,24.831331052955704,0,5.6843418860808015e-14,False
inhale,110,5.8858154660932724,25.118864315095795,0,5.6843418860808015e-14,False
inhale,110,5.8834137997691123,25.409727055493065,0,8.5265128291212022e-14,False
inhale,110,5.8810306512143118,25.703957827688647,0,9.9475983006414026e-14,False
inhale,110,5.8786659354027959,26.001595631652723,0,1.8474111129762605e-13,False
inhale,110,5.8763195677920876,26.302679918953814,0,1.7053025658242404e-13,False
inhale,110,5.8739914643213993,26.607250597988113,0,1.8474111129762605e-13,False
inhale,110,5.8716815414095693,26.915348039269166,0,-1.7053025658242404e-13,False
inhale,110,5.8693897159532682,27.227013080779127,0,-1.5631940186722204e-13,False
inhale,110,5.8671159047030752,27.542287033381662,0,-1.7053025658242404e-13,False
inhale,110,5.864860010613179,27.861211686297693,0,-1.7053025658242404e-13,False
inhale,110,5.8626219229603596,28.183829312644551,0,-1.5631940186722204e-13,False
inhale,110,5.8604015310675726,28.510182675039097,0,-1.1368683772161603e-13,False
inhale,110,5.8581987249204097,28.840315031266059,0,-7.1054273576010019e-14,False
inhale,110,5.8560133951608471,29.174270140011661,0,-1.1368683772161603e-13,False
inhale,110,5.8538454330810561,29.512092266663871,0,-7.1054273576010019e-14,False
inhale,110,5.8516947306172575,29.853826189179603,0,-2.8421709430404007e-14,False
inhale,110,5.8495611803436312,30.199517204020161,0,-8.5265128291212022e-14,False
inhale,110,5.8474446754663276,30.549211132155122,0,-4.2632564145606011e-14,False
inhale,110,5.8453451098174378,30.902954325135919,0,-2.8421709430404007e-14,False
inhale,110,5.8432623778491015,31.260793671239558,0,-1.4210854715202004e-14,False
inhale,110,5.8411963746276436,31.622776601683793,0,0,False
inhale,110,5.8391469958277451,31.988951096913972,0,-2.8421709430404007e-14,False
inhale,110,5.8371141377266857,32.359365692962847,0,0,False
inhale,110,5.8350976971986768,32.734069487883829,0,5.1159076974727213e-13,False
inhale,110,5.8330975717089633,33.113112148259113,0,-1.4210854715202004e-14,False
inhale,110,5.8311136593086923,33.496543915782759,0,1.4210854715202004e-14,False
inhale,110,5.82914585862886,33.884415613920275,0,-1.4210854715202004e-14,False
inhale,110,5.8271940688750705,34.276778654645049,0,2.8421709430404007e-14,False
inhale,110,5.8252581898219944,34.673685045253166,0,1.4210854715202004e-14,False
inhale,110,5.8233381218079723,35.075187395256798,0,0,False
inhale,110,5.8214337657296502,35.481338923357569,0,-1.4210854715202004e-14,False
inhale,110,5.8195450230366594,35.892193464500536,0,1.4210854715202004e-14,False
inhale,110,5.8176717957263415,36.307805477010142,0,0,False
inhale,110,5.8158139863385436,36.72823004980846,0,2.8421709430404007e-14,False
inhale,110,5.8139714979504191,37.153522909717239,0,2.8421709430404007e-14,False
inhale,110,5.8121442341713134,37.583740428844429,0,4.2632564145606011e-14,False
inhale,110,5.8103320991376819,38.018939632056124,0,4.2632564145606011e-14,False
inhale,110,5.8085349975080396,38.459178204535355,0,8.5265128291212022e-14,False
inhale,110,5.806752834457968,38.904514499428046,0,8.5265128291212022e-14,False
inhale,110,5.8049855156751802,39.355007545577763,0,9.9475983006414026e-14,False
inhale,110,5.8032329473545943,39.810717055349734,0,1.2789769243681803e-13,False
inhale,110,5.8014950361934883,40.271703432545905,0,1.4210854715202004e-13,False
inhale,110,5.799771689386664,40.738027780411258,0,1.2789769243681803e-13,False
inhale,110,5.7980628146216935,41.209751909733043,0,1.7053025658242404e-13,False
inhale,110,5.7963683200741194,41.686938347033553,0,-1.7053025658242404e-13,False
inhale,110,5.794688114402927,42.169650342858226,0,-1.8474111129762605e-13,False
inhale,110,5.7930221053780375,42.657951880159253,0,-1.8474111129762605e-13,False
inhale,110,5.7913701957964161,43.151907682776546,0,-1.9895196601282805e-13,False
inhale,110,5.7897322876206747,43.651583224016612,0,-1.9895196601282805e-13,False
inhale,110,5.7881082833464559,44.157044735331255,0,-1.5631940186722204e-13,False
inhale,110,5.786498085996338,44.668359215096302,0,-1.5631940186722204e-13,False
inhale,110,5.7849015991137795,45.185594437492263,0,-1.4210854715202004e-13,False
inhale,110,5.7833187267571242,45.708818961487516,0,-1.7053025658242404e-13,False
inhale,110,5.7817493734937084,46.238102139926035,0,-1.2789769243681803e-13,False
inhale,110,5.7801934443939862,46.77351412871981,0,-8.5265128291212022e-14,False
inhale,110,5.778650845025755,47.315125896148075,0,-7.1054273576010019e-14,False
inhale,110,5.7771214814484315,47.863009232263849,0,-8.5265128291212022e-14,False
inhale,110,5.7756052602073922,48.417236758409942,0,-5.6843418860808015e-14,False
inhale,110,5.7741020883283687,48.977881936844611,0,-1.4210854715202004e-14,False
inhale,110,5.772611873311905,49.545019080479001,0,-5.6843418860808015e-14,False
inhale,110,5.7711345231279019,50.118723362727252,0,-4.2632564145606011e-14,False
inhale,110,5.7696699462101728,50.699070827470443,0,-4.2632564145606011e-14,False
inhale,110,5.7682180514511048,51.286138399136483,0,-4.2632564145606011e-14,False
inhale,110,5.7667787481963408,51.880003892896092,0,-2.8421709430404007e-14,False
inhale,110,5.7653519462395506,52.480746024977286,0,-1.4210854715202004e-14,False
inhale,110,5.7639375558172299,53.088444423098849,0,-1.4210854715202004e-14,False
inhale,110,5.7625354876035821,53.703179637025272,0,-4.2632564145606011e-14,False
inhale,110,5.7611456527054399,54.325033149243303,0,4.2632564145606011e-14,False
inhale,110,5.7597679626572234,54.954087385762485,0,-1.4210854715202004e-14,False
inhale,110,5.7584023294161737,55.590425727040369,0,1.8189894035458565e-12,False
inhale,110,5.7570486653565949,56.234132519034908,0,-1.4210854715202004e-14,False
inhale,110,5.7557068832666296,56.885293084384131,0,1.4210854715202004e-14,False
inhale,110,5.7543768963418183,57.543993733715723,0,0,False
inhale,110,5.7530586181811616,58.210321777087159,0,1.4210854715202004e-14,False
inhale,110,5.7517519627822447,58.884365535558899,0,-1.4210854715202004e-14,False
inhale,110,5.7504568445365871,59.566214352901035,0,0,False
inhale,110,5.7491731782250239,60.255958607435808,0,-1.4210854715202004e-14,False
inhale,110,5.7479008790131561,60.95368972401694,0,-2.8421709430404007e-14,False
inhale,110,5.746639862446834,61.659500186148222,0,0,False
inhale,110,5.745390044447694,62.373483548241914,0,0,False
inhale,110,5.7441513413087568,63.095734448019364,0,0,False
inhale,110,5.7429236696900334,63.82634861905489,0,1.4210854715202004e-14,False
inhale,110,5.7417069466142294,64.56542290346556,0,4.2632564145606011e-14,False
inhale,110,5.7405010894624375,65.313055264747234,0,0,False
inhale,110,5.7393060159699463,66.06934480075958,0,1.4210854715202004e-14,False
inhale,110,5.7381216442220078,66.834391756861493,0,4.2632564145606011e-14,False
inhale,110,5.7369478926497228,67.60829753919819,0,4.2632564145606011e-14,False
inhale,110,5.7357846800259296,68.391164728142925,0,5.6843418860808015e-14,False
inhale,110,5.734631925461148,69.183097091893629,0,7.1054273576010019e-14,False
inhale,110,5.7334895483995645,69.984199600227385,0,7.1054273576010019e-14,False
inhale,110,5.7323574686150627,70.794578438413808,0,9.9475983006414026e-14,False
inhale,110,5.7312356062072825,71.614341021290201,0,9.9475983006414026e-14,False
inhale,110,5.7301238815977449,72.443596007498982,0,1.2789769243681803e-13,False
inhale,110,5.729022215525978,73.282453313890443,0,8.5265128291212022e-14,False
inhale,110,5.7279305290457359,74.131024130091774,0,9.9475983006414026e-14,False
inhale,110,5.726848743521205,74.989420933245583,0,1.4210854715202004e-13,False
inhale,110,5.7257767806232822,75.857757502918361,0,1.5631940186722204e-13,False
inhale,110,5.7247145623258815,76.736148936181934,0,1.7053025658242404e-13,False
inhale,110,5.7236620109022809,77.624711662869203,0,1.5631940186722204e-13,False
inhale,110,5.7226190489215076,78.523563461007186,0,1.9895196601282805e-13,False
inhale,110,5.7215855992447517,79.43282347242814,0,1.9895196601282805e-13,False
inhale,110,5.7205615850218319,80.352612218561774,0,1.8474111129762605e-13,False
inhale,110,5.7195469296876471,81.283051616409949,0,-2.2737367544323206e-13,False
inhale,110,5.7185415569588658,82.224264994707127,0,-1.9895196601282805e-13,False
inhale,110,5.7175453908302512,83.176377110267083,0,-2.1316282072803006e-13,False
inhale,110,5.7165583555714354,84.139514164519554,0,-2.1316282072803006e-13,False
inhale,110,5.7155803757235075,85.113803820237678,0,-1.9895196601282805e-13,False
inhale,110,5.7146113760956743,86.099375218460082,0,-1.9895196601282805e-13,False
inhale,110,5.7136512817619893,87.096358995608057,0,-2.1316282072803006e-13,False
inhale,110,5.7127000180580785,88.10488730080138,0,-1.7053025658242404e-13,False
inhale,110,5.7117575105779155,89.12509381337459,0,-2.1316282072803006e-13,False
inhale,110,5.7108236851706335,90.157113760595706,0,-1.5631940186722204e-13,False
inhale,110,5.7098984679373563,91.201083935590972,0,-1.7053025658242404e-13,False
inhale,110,5.7089817852280742,92.257142715476292,0,-1.5631940186722204e-13,False
inhale,110,5.7080735636385578,93.325430079699146,0,-1.5631940186722204e-13,False
inhale,110,5.7071737300072787,94.40608762859236,0,-1.4210854715202004e-13,False
inhale,110,5.7062822114123835,95.499258602143584,0,-1.1368683772161603e-13,False
inhale,110,5.7053989351686951,96.60508789898131,0,-1.1368683772161603e-13,False
inhale,110,5.7045238288247404,97.72372209558111,0,-9.9475983006414026e-14,False
inhale,110,5.7036568201598064,98.855309465693907,0,-1.4210854715202004e-13,False
inhale,110,5.7027978371810413,100,0,-1.2789769243681803e-13,False
inhale,120,8.652985552564374,0.10000000000000001,0,5.6843418860808015e-14,False
inhale,120,8.6518592747240497,0.10115794542598985,0,2.8421709430404007e-14,False
inhale,120,8.6507220998725689,0.10232929922807542,0,2.1316282072803006e-14,False
inhale,120,8.6495738704507179,0.10351421666793438,0,5.6843418860808015e-14,False
inhale,120,8.648414428957663,0.10471285480508996,0,4.9737991503207013e-14,False
inhale,120,8.6472436179522187,0.10592537251772889,0,4.9737991503207013e-14,False
inhale,120,8.6460612800541341,0.10715193052376065,0,6.3948846218409017e-14,False
inhale,120,8.6448672579454051,0.10839269140212036,0,5.6843418860808015e-14,False
inhale,120,8.6436613943716338,0.10964781961431851,0,8.5265128291212022e-14,False
inhale,120,8.6424435321433926,0.11091748152624012,0,7.1054273576010019e-14,False
inhale,120,8.6412135141376591,0.11220184543019636,0,8.5265128291212022e-14,False
inhale,120,8.6399711832992541,0.11350108156723152,0,1.0658141036401503e-13,False
inhale,120,8.6387163826422952,0.11481536214968829,0,1.1368683772161603e-13,False
inhale,120,8.6374489552517257,0.11614486138403426,0,1.2789769243681803e-13,False
inhale,120,8.6361687442848432,0.11748975549395298,0,1.2789769243681803e-13,False
inhale,120,8.634875592972854,0.11885022274370183,0,1.4921397450962104e-13,False
inhale,120,8.6335693446224919,0.12022644346174129,0,1.8474111129762605e-13,False
inhale,120,8.6322498426176217,0.12161860006463679,0,1.2789769243681803e-13,False
inhale,120,8.6309169304209323,0.12302687708123815,0,1.5631940186722204e-13,False
inhale,120,8.6295704515755904,0.1244514611771385,0,1.6342482922482304e-13,False
inhale,120,8.6282102497069868,0.12589254117941673,0,1.9184653865522705e-13,False
inhale,120,8.6268361685244876,0.12735030810166617,0,2.1316282072803006e-13,False
inhale,120,8.6254480518232111,0.12882495516931339,0,1.9895196601282805e-13,False
inhale,120,8.6240457434858051,0.13031667784522993,0,-1.9184653865522705e-13,False
inhale,120,8.6226290874844871,0.1318256738556407,0,-2.2026824808563106e-13,False
inhale,120,8.6211979278826352,0.1333521432163324,0,-2.0605739337042905e-13,False
inhale,120,8.6197521088368756,0.13489628825916536,0,-2.0605739337042905e-13,False
inhale,120,8.6182914745989994,0.13645831365889247,0,-2.0605739337042905e-13,False
inhale,120,8.6168158695179251,0.13803842646028849,0,-1.9895196601282805e-13,False
inhale,120,8.6153251380417135,0.13963683610559377,0,-2.1316282072803006e-13,False
inhale,120,8.6138191247196083,0.14125375446227545,0,-1.9184653865522705e-13,False
inhale,120,8.6122976742040898,0.1428893958511103,0,-1.9184653865522705e-13,False
inhale,120,8.6107606312529938,0.14454397707459277,0,-1.9895196601282805e-13,False
inhale,120,8.6092078407316386,0.14621771744567183,0,-1.7053025658242404e-13,False
inhale,120,8.6076391476149965,0.14791083881682077,0,-1.8474111129762605e-13,False
inhale,120,8.6060543969899062,0.14962356560944334,0,-1.1368683772161603e-13,False
inhale,120,8.6044534340572572,0.15135612484362079,0,-1.2789769243681803e-13,False
inhale,120,8.6028361041343189,0.15310874616820302,0,-1.1368683772161603e-13,False
inhale,120,8.6012022526569858,0.15488166189124811,0,-1.1368683772161603e-13,False
inhale,120,8.5995517251821347,0.15667510701081494,0,-1.0658141036401503e-13,False
inhale,120,8.5978843673899767,0.15848931924611134,0,-7.815970093361102e-14,False
inhale,120,8.5962000250864463,0.16032453906900418,0,-1.0658141036401503e-13,False
inhale,120,8.5944985442056456,0.16218100973589297,0,-8.5265128291212022e-14,False
inhale,120,8.5927797708122871,0.16405897731995392,0,-8.5265128291212022e-14,False
inhale,120,8.5910435511041943,0.16595869074375605,0,-7.815970093361102e-14,False
inhale,120,8.5892897314148353,0.16788040181225602,0,-3.5527136788005009e-14,False
inhale,120,8.5875181582158557,0.16982436524617442,0,-4.9737991503207013e-14,False
inhale,120,8.58572867811972,0.17179083871575881,0,-2.1316282072803006e-14,False
inhale,120,8.5839211378822764,0.17378008287493754,0,-2.1316282072803006e-14,False
inhale,120,8.5820953844054717,0.17579236139586926,0,-2.1316282072803006e-14,False
inhale,120,8.5802512647400047,0.17782794100389229,0,-2.8421709430404007e-14,False
inhale,120,8.5783886260880831,0.17988709151287879,0,1.4210854715202004e-14,False
inhale,120,8.5765073158061487,0.18197008586099836,0,-2.1316282072803006e-14,False
inhale,120,8.5746071814077123,0.18407720014689558,0,-7.1054273576010019e-15,False
inhale,120,8.5726880705661408,0.18620871366628675,0,1.4210854715202004e-14,False
inhale,120,8.5707498311175527,0.18836490894898006,0,2.8421709430404007e-14,False
inhale,120,8.568792311063687,0.19054607179632474,0,-2.8421709430404007e-14,False
inhale,120,8.5668153585748676,0.19275249131909361,0,-7.1054273576010019e-15,False
inhale,120,8.5648188219929153,0.19498445997580455,0,-1.4210854715202004e-14,False
inhale,120,8.5628025498342009,0.19724227361148533,0,2.1316282072803006e-14,False
inhale,120,8.560766390792633,0.19952623149688797,0,-7.1054273576010019e-15,False
inhale,120,8.5587101937427619,0.20183663636815607,0,-2.8421709430404007e-14,False
inhale,120,8.556633807742859,0.20417379446695297,0,1.4210854715202004e-14,False
inhale,120,8.554537082038058,0.20653801558105292,0,-7.1054273576010019e-15,False
inhale,120,8.5524198660635307,0.20892961308540398,0,-7.1054273576010019e-15,False
inhale,120,8.5502820094476917,0.21134890398366465,0,1.4210854715202004e-14,False
inhale,120,8.5481233620154367,0.21379620895022325,0,2.1316282072803006e-14,False
inhale,120,8.5459437737914161,0.21627185237270202,0,2.8421709430404007e-14,False
inhale,120,8.5437430950033626,0.21877616239495529,0,-7.1054273576010019e-15,False
inhale,120,8.5415211760854284,0.22130947096056375,0,7.1054273576010019e-15,False
inhale,120,8.5392778676815606,0.223872113856834,0,3.5527136788005009e-14,False
inhale,120,8.5370130206489296,0.22646443075930595,0,2.1316282072803006e-14,False
inhale,120,8.5347264860613894,0.22908676527677729,0,7.815970093361102e-14,False
inhale,120,8.5324181152129324,0.23173946499684786,0,6.3948846218409017e-14,False
inhale,120,8.5300877596212725,0.2344228815319922,0,7.815970093361102e-14,False
inhale,120,8.527735271031359,0.23713737056616552,0,7.1054273576010019e-14,False
inhale,120,8.5253604953865789,0.23988329190194904,0,9.9475983006414026e-14,False
inhale,120,8.5229632547648997,0.24266100950824154,0,1.4210854715202004e-13,False
inhale,120,8.5205433655329301,0.24547089156850305,0,1.2789769243681803e-13,False
inhale,120,8.5181006443917102,0.24831331052955705,0,1.5631940186722204e-13,False
inhale,120,8.5156349083827632,0.25118864315095801,0,1.4921397450962104e-13,False
inhale,120,8.5131459748943339,0.25409727055493053,0,1.9895196601282805e-13,False
inhale,120,8.5106336616675016,0.25703957827688639,0,-2.0605739337042905e-13,False
inhale,120,8.5080977868028071,0.26001595631652719,0,-1.9895196601282805e-13,False
inhale,120,8.505538168766277,0.26302679918953814,0,-2.2026824808563106e-13,False
inhale,120,8.5029546263961766,0.26607250597988097,0,-1.9895196601282805e-13,False
inhale,120,8.5003469789094623,0.26915348039269155,0,-1.7763568394002505e-13,False
inhale,120,8.4977150459084676,0.27227013080779128,0,-1.7053025658242404e-13,False
inhale,120,8.4950586473875926,0.27542287033381663,0,-1.4921397450962104e-13,False
inhale,120,8.4923776037401151,0.2786121168629771,0,-1.2789769243681803e-13,False
inhale,120,8.4896717357650573,0.28183829312644537,0,-1.4210854715202004e-13,False
inhale,120,8.4869408646741586,0.28510182675039097,0,-1.0658141036401503e-13,False
inhale,120,8.4841848120988619,0.28840315031266056,0,-9.2370555648813024e-14,False
inhale,120,8.4814034000974754,0.29174270140011677,0,-8.5265128291212022e-14,False
inhale,120,8.478596451162332,0.29512092266663853,0,-3.5527136788005009e-14,False
inhale,120,8.475763788227038,0.298538261891796,0,-4.2632564145606011e-14,False
inhale,120,8.4729052346738651,0.3019951720402016,0,-2.8421709430404007e-14,False
inhale,120,8.470020614341129,0.3054921113215513,0,-2.8421709430404007e-14,False
inhale,120,8.4671097515307245,0.30902954325135906,0,1.4210854715202004e-14,False
inhale,120,8.4641724710156758,0.31260793671239551,0,0,False
inhale,120,8.4612085980478113,0.31622776601683794,0,1.4210854715202004e-14,False
inhale,120,8.4582179583655019,0.31988951096913981,0,2.1316282072803006e-14,False
inhale,120,8.4552003782016332,0.32359365692962827,0,1.1581846592889633e-12,False
inhale,120,8.4521556842907088,0.32734069487883821,0,1.4210854715202004e-14,False
inhale,120,8.4490837038784061,0.33113112148259111,0,0,False
inhale,120,8.4459842647280521,0.33496543915782767,0,0,False
inhale,120,8.4428571951295304,0.33884415613920255,0,2.8421709430404007e-14,False
inhale,120,8.4397023239073548,0.3427677865464504,0,0,False
inhale,120,8.4365194804289469,0.34673685045253166,0,2.1316282072803006e-14,False
inhale,120,8.4333084946130015,0.35075187395256802,0,2.8421709430404007e-14,False
inhale,120,8.4300691969379358,0.35481338923357547,0,2.1316282072803006e-14,False
inhale,120,8.4268014184504363,0.35892193464500527,0,3.5527136788005009e-14,False
inhale,120,8.4235049907740205,0.36307805477010141,0,5.6843418860808015e-14,False
inhale,120,8.4201797461550107,0.36728230049808469,0,4.2632564145606011e-14,False
inhale,120,8.4168255183089382,0.37153522909717257,0,9.9475983006414026e-14,False
inhale,120,8.4134421425075736,0.3758374042884442,0,9.2370555648813024e-14,False
inhale,120,8.4100294548037677,0.38018939632056115,0,1.2079226507921703e-13,False
inhale,120,8.4065872920066909,0.38459178204535355,0,1.4210854715202004e-13,False
inhale,120,8.4031154916937822,0.38904514499428056,0,1.6342482922482304e-13,False
inhale,120,8.3996138922228134,0.39355007545577742,0,2.2026824808563106e-13,False
inhale,120,8.3960823327439531,0.3981071705534972,0,-1.9184653865522705e-13,False
inhale,120,8.3925206532123102,0.40271703432545908,0,-1.5631940186722204e-13,False
inhale,120,8.3889286943999117,0.40738027780411273,0,-2.0605739337042905e-13,False
inhale,120,8.3853062979084569,0.41209751909733022,0,-1.8474111129762605e-13,False
inhale,120,8.3816533061817911,0.41686938347033542,0,-1.6342482922482304e-13,False
inhale,120,8.3779695625186186,0.42169650342858223,0,-1.4921397450962104e-13,False
inhale,120,8.3742549110852949,0.42657951880159267,0,-1.1368683772161603e-13,False
inhale,120,8.3705091969286869,0.43151907682776525,0,-7.1054273576010019e-14,False
inhale,120,8.3667322659892154,0.43651583224016599,0,-6.3948846218409017e-14,False
inhale,120,8.3629239651139002,0.44157044735331252,0,-1.4210854715202004e-14,False
inhale,120,8.3590841420695927,0.44668359215096315,0,-1.4210854715202004e-14,False
inhale,120,8.3552126455562643,0.45185594437492238,0,-7.1054273576010019e-15,False
inhale,120,8.3513093252203934,0.45708818961487507,0,-2.1316282072803006e-14,False
inhale,120,8.3473740316684797,0.46238102139926035,0,1.4210854715202004e-14,False
inhale,120,8.3434066164806175,0.46773514128719823,0,3.5527136788005009e-14,False
inhale,120,8.3394069322241933,0.47315125896148053,0,1.4210854715202004e-14,False
inhale,120,8.3353748324677035,0.47863009232263842,0,-1.4210854715202004e-14,False
inhale,120,8.331310171794609,0.48417236758409943,0,2.1316282072803006e-14,False
inhale,120,8.3272128058172985,0.48977881936844625,0,-7.1054273576010019e-15,False
inhale,120,8.3230825911912163,0.4954501908047903,0,-2.1316282072803006e-14,False
inhale,120,8.3189193856289947,0.50118723362727235,0,4.2632564145606011e-14,False
inhale,120,8.3147230479146952,0.50699070827470427,0,5.6843418860808015e-14,False
inhale,120,8.3104934379182023,0.51286138399136483,0,4.9737991503207013e-14,False
inhale,120,8.3062304166096474,0.51880003892896109,0,2.8421709430404007e-14,False
inhale,120,8.3019338460739416,0.52480746024977254,0,1.2079226507921703e-13,False
inhale,120,8.2976035895253677,0.53088444423098835,0,1.4210854715202004e-13,False
inhale,120,8.2932395113223301,0.53703179637025267,0,1.8474111129762605e-13,False
inhale,120,8.2888414769821193,0.54325033149243318,0,1.7763568394002505e-13,False
inhale,120,8.2844093531957537,0.54954087385762451,0,-1.7053025658242404e-13,False
inhale,120,8.2799430078431318,0.5559042572704036,0,-1.6342482922482304e-13,False
inhale,120,8.2754423100077865,0.56234132519034907,0,-1.7053025658242404e-13,False
inhale,120,8.2709071380177832,0.56885293084384148,0,-1.1368683772161603e-13,False
inhale,120,8.2663374035923152,0.57543993733715693,0,-1.2079226507921703e-13,False
inhale,120,8.2617330278792824,0.58210321777087148,0,-9.2370555648813024e-14,False
inhale,120,8.2570939334587319,0.58884365535558902,0,-7.1054273576010019e-14,False
inhale,120,8.2524200443592655,0.59566214352901048,0,-2.8421709430404007e-14,False
inhale,120,8.2477112860755852,0.60255958607435778,0,-1.4210854715202004e-14,False
inhale,120,8.2429675855862587,0.60953689724016924,0,7.1054273576010019e-15,False
inhale,120,8.2381888713713547,0.61659500186148219,0,-7.1054273576010019e-15,False
inhale,120,8.2333750734302331,0.62373483548241926,0,-7.1054273576010019e-15,False
inhale,120,8.2285261232993037,0.63095734448019336,0,0,False
inhale,120,8.2236419540698478,0.63826348619054873,0,-1.4210854715202004e-14,False
inhale,120,8.2187225004058426,0.64565422903465564,0,0,False
inhale,120,8.2137676985618437,0.65313055264747244,0,-7.1054273576010019e-15,False
inhale,120,8.2087774864008463,0.66069344800759611,0,-7.1054273576010019e-15,False
inhale,120,8.203751803412203,0.66834391756861466,0,3.5527136788005009e-14,False
inhale,120,8.1986905907295284,0.67608297539198192,0,7.815970093361102e-14,False
inhale,120,8.1935937911486327,0.68391164728142928,0,7.815970093361102e-14,False
inhale,120,8.1884613491454612,0.69183097091893642,0,1.1368683772161603e-13,False
inhale,120,8.1832932108940408,0.69984199600227348,0,1.6342482922482304e-13,False
inhale,120,8.1780893242843415,0.70794578438413791,0,-2.0605739337042905e-13,False
inhale,120,8.1728496389404839,0.71614341021290195,0,-1.5631940186722204e-13,False
inhale,120,8.1675741062382965,0.72443596007499,0,-1.8474111129762605e-13,False
inhale,120,8.1622626793235185,0.73282453313890406,0,-1.3500311979441904e-13,False
inhale,120,8.1569153131295948,0.74131024130091749,0,-1.2079226507921703e-13,False
inhale,120,8.1515319643956392,0.74989420933245587,0,-8.5265128291212022e-14,False
inhale,120,8.1461125916842665,0.75857757502918377,0,-3.5527136788005009e-14,False
inhale,120,8.1406571553994738,0.76736148936181892,0,-3.5527136788005009e-14,False
inhale,120,8.1351656178044625,0.77624711662869172,0,0,False
inhale,120,8.1296379430394214,0.78523563461007184,0,1.4210854715202004e-14,False
inhale,120,8.1240740971393119,0.79432823472428149,0,2.1316282072803006e-14,False
inhale,120,8.1184740480515583,0.80352612218561725,0,7.1054273576010019e-15,False
inhale,120,8.1128377656537634,0.81283051616409929,0,0,False
inhale,120,8.1071652217713002,0.82224264994707119,0,1.4210854715202004e-14,False
inhale,120,8.1014563901948904,0.83176377110267108,0,3.5527136788005009e-14,False
inhale,120,8.0957112466981513,0.84139514164519513,0,3.5527136788005009e-14,False
inhale,120,8.0899297690550451,0.85113803820237655,0,4.9737991503207013e-14,False
inhale,120,8.0841119370572443,0.86099375218460072,0,8.5265128291212022e-14,False
inhale,120,8.0782577349450868,0.87096358995608081,0,1.2789769243681803e-13,False
inhale,120,8.0723672045204147,0.88104887300801427,0,1.4210854715202004e-13,False
inhale,120,8.0664404451469487,0.89125093813374567,0,-1.7053025658242404e-13,False
inhale,120,8.0604775606578212,0.90157113760595708,0,-1.6342482922482304e-13,False
inhale,120,8.0544786569538456,0.91201083935590965,0,-1.1368683772161603e-13,False
inhale,120,8.0484438420157005,0.92257142715476315,0,-8.5265128291212022e-14,False
inhale,120,8.0423732259156662,0.93325430079699101,0,-4.2632564145606011e-14,False
inhale,120,8.036266920829096,0.94406087628592328,0,-1.4210854715202004e-14,False
inhale,120,8.0301250410456273,0.95499258602143589,0,-7.1054273576010019e-15,False
inhale,120,8.0239477029801378,0.96605087898981334,0,7.1054273576010019e-15,False
inhale,120,8.0177350251833648,0.97723722095581067,0,2.1316282072803006e-14,False
inhale,120,8.0114871283522682,0.98855309465693886,0,-2.1316282072803006e-14,False
inhale,120,8.0052041353401311,1,0,7.1054273576010019e-15,False
inhale,120,7.9988861711662507,1.0115794542598988,0,2.8421709430404007e-14,False
inhale,120,7.9925333630254363,1.0232929922807541,0,2.8421709430404007e-14,False
inhale,120,7.9861458402971319,1.0351421666793441,0,4.2632564145606011e-14,False
inhale,120,7.9797237345542342,1.0471285480508996,0,7.815970093361102e-14,False
inhale,120,7.9732671795715788,1.0592537251772887,0,1.0658141036401503e-13,False
inhale,120,7.9667763113341143,1.0715193052376064,0,1.7053025658242404e-13,False
inhale,120,7.9602512680446544,1.0839269140212033,0,-1.6342482922482304e-13,False
inhale,120,7.9536921901315836,1.0964781961431851,0,-1.4210854715202004e-13,False
inhale,120,7.9470992202556898,1.1091748152624008,0,-1.0658141036401503e-13,False
inhale,120,7.9404725033171255,1.1220184543019636,0,-7.1054273576010019e-14,False
inhale,120,7.9338121864618056,1.1350108156723149,0,-4.2632564145606011e-14,False
inhale,120,7.9271184190874475,1.1481536214968828,0,-2.1316282072803006e-14,False
inhale,120,7.9203913528492711,1.1614486138403426,0,0,False
inhale,120,7.9136311416653129,1.1748975549395297,0,7.1054273576010019e-15,False
inhale,120,7.9068379417213546,1.1885022274370183,0,2.1316282072803006e-14,False
inhale,120,7.9000119114754686,1.2022644346174132,0,0,False
inhale,120,7.8931532116621863,1.2161860006463678,0,1.4210854715202004e-14,False
inhale,120,7.8862620052962367,1.2302687708123818,0,1.4210854715202004e-14,False
inhale,120,7.8793384576759342,1.244514611771385,0,5.6843418860808015e-14,False
inhale,120,7.872382736386089,1.2589254117941675,0,1.0658141036401503e-13,False
inhale,120,7.8653950113005813,1.2735030810166617,0,1.3500311979441904e-13,False
inhale,120,7.8583754545844258,1.2882495516931343,0,-1.7763568394002505e-13,False
inhale,120,7.8513242406956572,1.3031667784522993,0,-1.3500311979441904e-13,False
inhale,120,7.8442415463863249,1.3182567385564075,0,-9.9475983006414026e-14,False
inhale,120,7.8371275507035048,1.333521432163324,0,-7.815970093361102e-14,False
inhale,120,7.8299824634702491,1.348962882591654,0,-4.9737991503207013e-14,False
inhale,120,7.8228066105074054,1.3645831365889245,0,-7.1054273576010019e-15,False
inhale,120,7.8156003477997711,1.3803842646028852,0,1.4210854715202004e-14,False
inhale,120,7.8083640329443273,1.3963683610559376,0,-7.1054273576010019e-15,False
inhale,120,7.8010980251326192,1.4125375446227548,0,2.8421709430404007e-14,False
inhale,120,7.7938026851325946,1.4288939585111029,0,-1.4210854715202004e-14,False
inhale,120,7.7864783752699225,1.4454397707459272,0,2.8421709430404007e-14,False
inhale,120,7.7791254594087134,1.4621771744567182,0,2.1316282072803006e-14,False
inhale,120,7.7717443029317748,1.4791083881682072,0,7.1054273576010019e-14,False
inhale,120,7.7643352727202668,1.4962356560944337,0,9.9475983006414026e-14,False
inhale,120,7.7568987371328548,1.513561248436208,0,-1.4210854715202004e-13,False
inhale,120,7.7494350659844411,1.5310874616820302,0,-1.3500311979441904e-13,False
inhale,120,7.7419446305240722,1.5488166189124812,0,-1.4210854715202004e-13,False
inhale,120,7.7344278034126468,1.5667510701081493,0,-7.815970093361102e-14,False
inhale,120,7.726884958699908,1.5848931924611134,0,-6.3948846218409017e-14,False
inhale,120,7.719316471801025,1.6032453906900417,0,-4.2632564145606011e-14,False
inhale,120,7.7117227194725855,1.6218100973589298,0,-7.1054273576010019e-15,False
inhale,120,7.7041040797881131,1.6405897731995396,0,-7.1054273576010019e-15,False
inhale,120,7.6964609321130917,1.6595869074375604,0,-2.1316282072803006e-14,False
inhale,120,7.6887936570794819,1.6788040181225607,0,7.1054273576010019e-15,False
inhale,120,7.6811026365597304,1.6982436524617444,0,4.2632564145606011e-14,False
inhale,120,7.673388253640292,1.7179083871575884,0,6.3948846218409017e-14,False
inhale,120,7.6656508925947051,1.7378008287493754,0,7.815970093361102e-14,False
inhale,120,7.6578909388561494,1.7579236139586931,0,1.4210854715202004e-13,False
inhale,120,7.6501087789894866,1.7782794100389228,0,-1.5631940186722204e-13,False
inhale,120,7.6423048006630934,1.7988709151287883,0,-1.1368683772161603e-13,False
inhale,120,7.6344793926197658,1.8197008586099834,0,-8.5265128291212022e-14,False
inhale,120,7.6266329446476178,1.8407720014689564,0,-5.6843418860808015e-14,False
inhale,120,7.6187658475503204,1.8620871366628675,0,0,False
inhale,120,7.61087849311693,1.883649089489801,0,2.1316282072803006e-14,False
inhale,120,7.6029712740913133,1.9054607179632472,0,1.4210854715202004e-14,False
inhale,120,7.595044584141136,1.9275249131909356,0,-1.4210854715202004e-14,False
inhale,120,7.58709881782642,1.9498445997580456,0,-1.4210854715202004e-14,False
inhale,120,7.5791343705677292,1.9724227361148534,0,2.1316282072803006e-14,False
inhale,120,7.5711516386139071,1.9952623149688797,0,5.6843418860808015e-14,False
inhale,120,7.5631510190094966,2.0183663636815607,0,1.0658141036401503e-13,False
inhale,120,7.5551329095616904,2.0417379446695296,0,1.2789769243681803e-13,False
inhale,120,7.547097712310185,2.0653801558105291,0,-1.2789769243681803e-13,False
inhale,120,7.5390459103453678,2.0892961308540396,0,-9.2370555648813024e-14,False
inhale,120,7.5309780668355151,2.1134890398366464,0,-6.3948846218409017e-14,False
inhale,120,7.5228947475094907,2.1379620895022327,0,-4.9737991503207013e-14,False
inhale,120,7.5147965170945445,2.1627185237270199,0,-7.1054273576010019e-15,False
inhale,120,7.5066839392655913,2.187761623949553,0,1.4210854715202004e-14,False
inhale,120,7.4985575765946741,2.2130947096056377,0,2.1316282072803006e-14,False
inhale,120,7.4904179905006449,2.2387211385683399,0,1.4210854715202004e-14,False
inhale,120,7.4822657411989777,2.2646443075930596,0,1.4210854715202004e-14,False
inhale,120,7.4741013876518894,2.2908676527677736,0,2.8421709430404007e-14,False
inhale,120,7.4659254875186498,2.3173946499684783,0,1.0658141036401503e-13,False
inhale,120,7.4577385971061307,2.3442288153199229,0,1.2789769243681803e-13,False
inhale,120,7.449541271319652,2.3713737056616551,0,-1.2789769243681803e-13,False
inhale,120,7.4413340636142484,2.3988329190194912,0,-1.1368683772161603e-13,False
inhale,120,7.4331175259459208,2.4266100950824154,0,-4.9737991503207013e-14,False
inhale,120,7.4248922087234916,2.454708915685031,0,-3.5527136788005009e-14,False
inhale,120,7.4166586607607448,2.4831331052955705,0,1.4210854715202004e-14,False
inhale,120,7.4084174292288205,2.511886431509581,0,-7.1054273576010019e-15,False
inhale,120,7.400169059609107,2.5409727055493052,0,-2.1316282072803006e-14,False
inhale,120,7.3919140956464169,2.5703957827688635,0,0,False
inhale,120,7.3836530793026327,2.6001595631652723,0,2.8421709430404007e-14,False
inhale,120,7.3753865507107186,2.6302679918953813,0,4.2632564145606011e-14,False
inhale,120,7.3671150481292358,2.6607250597988097,0,1.2079226507921703e-13,False
inhale,120,7.3588391078972055,2.6915348039269151,0,1.0658141036401503e-13,False
inhale,120,7.3505592643895259,2.7227013080779128,0,-1.1368683772161603e-13,False
inhale,120,7.342276049972928,2.7542287033381663,0,-1.1368683772161603e-13,False
inhale,120,7.3339899949621392,2.7861211686297707,0,-4.9737991503207013e-14,False
inhale,120,7.3257016275768834,2.8183829312644537,0,0,False
inhale,120,7.317411473899222,2.85101826750391,0,-7.1054273576010019e-15,False
inhale,120,7.309120057831489,2.8840315031266055,0,2.8421709430404007e-14,False
inhale,120,7.300827901054741,2.9174270140011673,0,2.8421709430404007e-14,False
inhale,120,7.2925355229877855,2.9512092266663856,0,0,False
inhale,120,7.2842434407467955,2.9853826189179604,0,2.1316282072803006e-14,False
inhale,120,7.2759521691054729,3.0199517204020161,0,6.3948846218409017e-14,False
inhale,120,7.267662220455847,3.0549211132155141,0,1.2079226507921703e-13,False
inhale,120,7.2593741047696314,3.0902954325135905,0,-1.2789769243681803e-13,False
inhale,120,7.2510883295603739,3.126079367123956,0,-1.2079226507921703e-13,False
inhale,120,7.2428053998459196,3.1622776601683795,0,-9.2370555648813024e-14,False
inhale,120,7.2345258323802932,3.1988951096913989,0,-4.2632564145606011e-14,False
inhale,120,7.2262501978290254,3.2359365692962827,0,-3.5527136788005009e-14,False
inhale,120,7.2179790768907601,3.273406948788383,0,-7.1054273576010019e-15,False
inhale,120,7.209713045850318,3.3113112148259112,0,4.2632564145606011e-14,False
inhale,120,7.2014526765503186,3.3496543915782775,0,-2.1316282072803006e-14,False
inhale,120,7.1931985363642745,3.3884415613920256,0,7.1054273576010019e-15,False
inhale,120,7.1849511881710022,3.4276778654645046,0,2.8421709430404007e-14,False
inhale,120,7.1767111903305265,3.4673685045253166,0,5.6843418860808015e-14,False
inhale,120,7.1684790966613088,3.5075187395256795,0,1.2079226507921703e-13,False
inhale,120,7.1602554564188514,3.548133892335755,0,-1.0658141036401503e-13,False
inhale,120,7.152040814275896,3.5892193464500517,0,-7.1054273576010019e-14,False
inhale,120,7.1438357103035743,3.630780547701014,0,-6.3948846218409017e-14,False
inhale,120,7.1356406799543608,3.6728230049808461,0,-2.8421709430404007e-14,False
inhale,120,7.1274562540461321,3.715352290971726,0,0,False
inhale,120,7.1192829587476796,3.7583740428844412,0,0,False
inhale,120,7.1111213155655317,3.8018939632056128,0,-7.1054273576010019e-15,False
inhale,120,7.1029718413321152,3.8459178204535354,0,1.4210854715202004e-14,False
inhale,120,7.0948350481952547,3.8904514499428067,0,0,False
inhale,120,7.086711443608964,3.9355007545577743,0,4.2632564145606011e-14,False
inhale,120,7.0786015303255532,3.9810717055349731,0,5.6843418860808015e-14,False
inhale,120,7.070505806389022,4.0271703432545909,0,-1.1368683772161603e-13,False
inhale,120,7.0624247651298182,4.0738027780411281,0,-1.1368683772161603e-13,False
inhale,120,7.0543588951606599,4.1209751909733017,0,-7.815970093361102e-14,False
inhale,120,7.0463086803738104,4.1686938347033546,0,-2.8421709430404007e-14,False
inhale,120,7.0382745999395189,4.2169650342858223,0,-3.5527136788005009e-14,False
inhale,120,7.0302571283056947,4.2657951880159279,0,-3.5527136788005009e-14,False
inhale,120,7.022256735198801,4.3151907682776525,0,0,False
inhale,120,7.0142738856259301,4.365158322401661,0,2.1316282072803006e-14,False
inhale,120,7.0063090398780963,4.4157044735331255,0,1.4210854715202004e-14,False
inhale,120,6.9983626535346719,4.4668359215096327,0,-1.4210854715202004e-14,False
inhale,120,6.9904351774690179,4.5185594437492238,0,2.1316282072803006e-14,False
inhale,120,6.9825270578551892,4.5708818961487516,0,9.2370555648813024e-14,False
inhale,120,6.9746387361758071,4.6238102139926029,0,-1.3500311979441904e-13,False
inhale,120,6.9667706492311394,4.6773514128719809,0,-1.1368683772161603e-13,False
inhale,120,6.9589232291490086,4.7315125896148054,0,-7.815970093361102e-14,False
inhale,120,6.9510969033960368,4.7863009232263831,0,-2.1316282072803006e-14,False
inhale,120,6.9432920947898227,4.8417236758409938,0,-2.1316282072803006e-14,False
inhale,120,6.9355092208584912,4.8977881936844616,0,0,False
inhale,120,6.9277486793681939,4.9545019080479031,0,3.5527136788005009e-14,False
inhale,120,6.9200108478963163,5.011872336272722,0,-7.1054273576010019e-15,False
inhale,120,6.9122960980537025,5.0699070827470445,0,-1.4210854715202004e-14,False
inhale,120,6.9046047961687842,5.1286138399136485,0,2.8421709430404007e-14,False
inhale,120,6.8969373033228614,5.1880003892896118,0,3.5527136788005009e-14,False
inhale,120,6.8892939753863747,5.2480746024977254,0,1.1368683772161603e-13,False
inhale,120,6.8816751630560011,5.3088444423098844,0,-1.0658141036401503e-13,False
inhale,120,6.87408121189286,5.3703179637025267,0,-9.2370555648813024e-14,False
inhale,120,6.8665124623612259,5.4325033149243334,0,-7.1054273576010019e-14,False
inhale,120,6.8589692498683732,5.4954087385762458,0,-4.2632564145606011e-14,False
inhale,120,6.8514519048050868,5.5590425727040369,0,-1.4210854715202004e-14,False
inhale,120,6.8439607525869652,5.6234132519034912,0,1.4210854715202004e-14,False
inhale,120,6.8364961136964455,5.6885293084384161,0,-2.8421709430404007e-14,False
inhale,120,6.8290583037255868,5.7543993733715695,0,1.4210854715202004e-14,False
inhale,120,6.821647633419464,5.8210321777087159,0,1.4210854715202004e-14,False
inhale,120,6.8142644087202884,5.8884365535558896,0,-7.1054273576010019e-15,False
inhale,120,6.8069089308121224,5.9566214352901063,0,4.9737991503207013e-14,False
inhale,120,6.7995814961661685,6.0255958607435778,0,9.2370555648813024e-14,False
inhale,120,6.7922823965866712,6.095368972401694,0,-1.2789769243681803e-13,False
inhale,120,6.7850119192574398,6.1659500186148222,0,-9.9475983006414026e-14,False
inhale,120,6.7777703467886683,6.2373483548241913,0,-8.5265128291212022e-14,False
inhale,120,6.7705579572644865,6.3095734448019334,0,-1.4210854715202004e-14,False
inhale,120,6.7633750242908519,6.382634861905486,0,0,False
inhale,120,6.7562218170439357,6.4565422903465564,0,-2.1316282072803006e-14,False
inhale,120,6.7490986003189279,6.5313055264747231,0,0,False
inhale,120,6.7420056345792068,6.6069344800759611,0,1.4210854715202004e-14,False
inhale,120,6.7349431760059204,6.6834391756861455,0,2.8421709430404007e-14,False
inhale,120,6.7279114765478969,6.7608297539198192,0,3.5527136788005009e-14,False
inhale,120,6.7209107839719007,6.8391164728142924,0,2.1316282072803006e-14,False
inhale,120,6.7139413419131797,6.9183097091893657,0,7.1054273576010019e-14,False
inhale,120,6.7070033899262933,6.9984199600227344,0,8.5265128291212022e-14,False
inhale,120,6.7000971635362072,7.0794578438413804,0,-1.2079226507921703e-13,False
inhale,120,6.6932228942897298,7.1614341021290198,0,-7.815970093361102e-14,False
inhale,120,6.6863808098069208,7.2443596007499025,0,-6.3948846218409017e-14,False
inhale,120,6.6795711338329742,7.3282453313890406,0,-2.8421709430404007e-14,False
inhale,120,6.6727940862901187,7.4131024130091774,0,0,False
inhale,120,6.6660498833297677,7.4989420933245583,0,-1.4210854715202004e-14,False
inhale,120,6.6593387192457989,7.5857757502918401,0,2.8421709430404007e-14,False
inhale,120,6.6526607123010244,7.6736148936181898,0,1.4210854715202004e-14,False
inhale,120,6.6460159595312396,7.7624711662869199,0,0,False
inhale,120,6.6394045549852212,7.8523563461007182,0,-1.4210854715202004e-14,False
inhale,120,6.6328265897778413,7.9432823472428176,0,4.2632564145606011e-14,False
inhale,120,6.6262821521428741,8.0352612218561728,0,9.2370555648813024e-14,False
inhale,120,6.6197713274855001,8.1283051616409949,0,6.3948846218409017e-14,False
inhale,120,6.6132941984345646,8.2224264994707124,0,-9.9475983006414026e-14,False
inhale,120,6.6068508448945149,8.317637711026709,0,-1.0658141036401503e-13,False
inhale,120,6.6004413440969216,8.4139514164519511,0,-6.3948846218409017e-14,False
inhale,120,6.5940657706517998,8.5113803820237628,0,-4.2632564145606011e-14,False
inhale,120,6.5877241965985416,8.6099375218460068,0,-7.1054273576010019e-15,False
inhale,120,6.581416691456492,8.709635899560805,0,-1.4210854715202004e-14,False
inhale,120,6.57514332227524,8.8104887300801416,0,2.1316282072803006e-14,False
inhale,120,6.5689041536844561,8.9125093813374541,0,2.8421709430404007e-14,False
inhale,120,6.5626992479434572,9.0157113760595706,0,-7.1054273576010019e-15,False
inhale,120,6.5565286649903722,9.1201083935590965,0,0,False
inhale,120,6.5503924624909189,9.2257142715476341,0,2.1316282072803006e-14,False
inhale,120,6.5442906958868354,9.3325430079699103,0,4.9737991503207013e-14,False
inhale,120,6.5382234184439048,9.4406087628592363,0,7.1054273576010019e-14,False
inhale,120,6.5321906812996238,9.5499258602143584,0,1.0658141036401503e-13,False
inhale,120,6.5261925335104083,9.6605087898981363,0,-1.0658141036401503e-13,False
inhale,120,6.520229022098615,9.7723722095581067,0,-1.0658141036401503e-13,True
inhale,120,6.5143001920988119,9.885530946569391,0,-8.5265128291212022e-14,True
inhale,120,6.5084060866039879,10,0,-6.3948846218409017e-14,True
inhale,120,6.5025467468111913,10.115794542598982,0,1.4210854715202004e-14,True
inhale,120,6.4967222120667927,10.232929922807546,0,7.1054273576010019e-15,True
inhale,120,6.490932519911377,10.351421666793442,0,0,True
inhale,120,6.4851777061241878,10.471285480508996,0,-7.1054273576010019e-15,True
inhale,120,6.4794578047671836,10.592537251772887,0,-7.1054273576010019e-15,True
inhale,120,6.4737728482286805,10.715193052376071,0,2.8421709430404007e-14,True
inhale,120,6.4681228672665867,10.839269140212039,0,7.1054273576010019e-15,True
inhale,120,6.4625078910512386,10.964781961431852,0,0,True
inhale,120,6.4569279472078014,11.091748152624008,0,4.9737991503207013e-14,True
inhale,120,6.4513830618582837,11.220184543019629,0,7.1054273576010019e-14,True
inhale,120,6.4458732596631165,11.350108156723154,0,1.0658141036401503e-13,True
inhale,120,6.4403985638623382,11.481536214968829,0,-1.4210854715202004e-13,True
inhale,120,6.4349589938742984,11.614486138403427,0,-1.2789769243681803e-13,True
inhale,120,6.4295545117556054,11.748975549395292,0,-9.9475983006414026e-14,True
inhale,120,6.4241850228639663,11.88502227437019,0,-7.1054273576010019e-14,True
inhale,120,6.4188504298789724,12.022644346174131,0,-5.6843418860808015e-14,True
inhale,120,6.4135506352729932,12.161860006463678,0,0,True
inhale,120,6.4082855413339601,12.302687708123811,0,0,True
inhale,120,6.4030550501877892,12.445146117713856,0,-7.1054273576010019e-15,True
inhale,120,6.3978590638202881,12.589254117941675,0,-2.1316282072803006e-14,True
inhale,120,6.3926974840986892,12.735030810166617,0,7.1054273576010019e-15,True
inhale,120,6.3875702127927179,12.882495516931336,0,-2.8421709430404007e-14,True
inhale,120,6.3824771515953254,13.031667784523,0,2.8421709430404007e-14,True
inhale,120,6.3774182021429109,13.182567385564074,0,4.2632564145606011e-14,True
inhale,120,6.3723932660352514,13.33521432163324,0,6.3948846218409017e-14,True
inhale,120,6.3674022448549561,13.489628825916533,0,1.1368683772161603e-13,True
inhale,120,6.3624450401865698,13.645831365889252,0,9.9475983006414026e-14,True
inhale,120,6.3575215536352925,13.803842646028853,0,-1.2789769243681803e-13,True
inhale,120,6.3526316868454087,13.963683610559377,0,-1.3500311979441904e-13,True
inhale,120,6.3477753415181155,14.12537544622754,0,-9.2370555648813024e-14,True
inhale,120,6.3429524194292553,14.288939585111036,0,-8.5265128291212022e-14,True
inhale,120,6.3381628224465514,14.454397707459281,0,-3.5527136788005009e-14,True
inhale,120,6.333406452546523,14.621771744567184,0,1.4210854715202004e-14,True
inhale,120,6.3286832118310627,14.791083881682072,0,-7.1054273576010019e-15,True
inhale,120,6.3239930025436957,14.962356560944343,0,-7.1054273576010019e-15,True
inhale,120,6.3193357270854644,15.135612484362087,0,-3.5527136788005009e-14,True
inhale,120,6.3147112880305425,15.310874616820303,0,0,True
inhale,120,6.3101195881414753,15.488166189124811,0,0,True
inhale,120,6.3055605303841675,15.667510701081484,0,1.4210854715202004e-14,True
inhale,120,6.3010340179425173,15.848931924611142,0,-1.4210854715202004e-14,True
inhale,120,6.2965399542327862,16.032453906900418,0,2.8421709430404007e-14,True
inhale,120,6.292078242917639,16.218100973589298,0,4.9737991503207013e-14,True
inhale,120,6.287648787919923,16.405897731995388,0,5.6843418860808015e-14,True
inhale,120,6.2832514934361621,16.595869074375614,0,6.3948846218409017e-14,True
inhale,120,6.2788862639497571,16.788040181225607,0,1.2079226507921703e-13,True
inhale,120,6.2745530042438933,16.982436524617444,0,-1.4210854715202004e-13,True
inhale,120,6.2702516194143403,17.179083871575877,0,-1.2789769243681803e-13,True
inhale,120,6.2659820148816792,17.378008287493763,0,-1.1368683772161603e-13,True
inhale,120,6.2617440964035751,17.579236139586932,0,-7.815970093361102e-14,True
inhale,120,6.2575377700866506,17.782794100389228,0,-9.2370555648813024e-14,True
inhale,120,6.2533629286800334,17.988709151287875,0,-6.3948846218409017e-14,True
inhale,120,6.2492194106918593,18.197008586099845,0,-2.1316282072803006e-14,True
inhale,120,6.2451070420016963,18.407720014689563,0,1.4210854715202004e-14,True
inhale,120,6.2410256496393437,18.620871366628677,0,-2.8421709430404007e-14,True
inhale,120,6.2369750617798001,18.836490894898002,0,-7.1054273576010019e-15,True
inhale,120,6.2329551077380936,19.054607179632484,0,-2.1316282072803006e-14,True
inhale,120,6.2289656179641781,19.275249131909366,0,-2.1316282072803006e-14,True
inhale,120,6.2250064240376934,19.498445997580454,0,-7.1054273576010019e-15,True
inhale,120,6.2210773586627317,19.724227361148536,0,-7.1054273576010019e-15,True
inhale,120,6.2171782556625468,19.952623149688808,0,4.9737991503207013e-14,True
inhale,120,6.2133089499742207,20.183663636815616,0,0,True
inhale,120,6.2094692776433282,20.417379446695296,0,5.6843418860808015e-14,True
inhale,120,6.205659075818506,20.65380155810529,0,3.5527136788005009e-14,True
inhale,120,6.2018781827460705,20.892961308540386,0,7.1054273576010019e-14,True
inhale,120,6.1981264377645502,21.134890398366476,0,1.0658141036401503e-13,True
inhale,120,6.1944036812992023,21.379620895022324,0,1.1368683772161603e-13,True
inhale,120,6.1907097548565,21.627185237270201,0,-1.4921397450962104e-13,True
inhale,120,6.1870445010187289,21.87761623949552,0,-1.3500311979441904e-13,True
inhale,120,6.1834077634382663,22.130947096056389,0,-1.3500311979441904e-13,True
inhale,120,6.1797993868321583,22.387211385683401,0,-9.9475983006414026e-14,True
inhale,120,6.176219216976504,22.646443075930595,0,-8.5265128291212022e-14,True
inhale,120,6.1726671007008811,22.908676527677724,0,-5.6843418860808015e-14,True
inhale,120,6.1691428858827484,23.173946499684796,0,-5.6843418860808015e-14,True
inhale,120,6.1656464214418651,23.442288153199225,0,-1.4210854715202004e-14,True
inhale,120,6.1621775573346387,23.713737056616552,0,0,True
inhale,120,6.158736144548536,23.9883291901949,0,-2.8421709430404007e-14,True
inhale,120,6.1553220350964741,24.266100950824168,0,-1.4210854715202004e-14,False
inhale,120,6.1519350820111569,24.547089156850312,0,7.1054273576010019e-15,False
inhale,120,6.1485751393394814,24.831331052955704,0,2.1316282072803006e-14,False
inhale,120,6.1452420621369006,25.118864315095795,0,1.4210854715202004e-14,False
inhale,120,6.1419357064617959,25.409727055493065,0,-1.4210854715202004e-14,False
inhale,120,6.1386559293698699,25.703957827688647,0,1.4210854715202004e-14,False
inhale,120,6.135402588908506,26.001595631652723,0,-7.1054273576010019e-15,False
inhale,120,6.1321755441111812,26.302679918953814,0,2.8421709430404007e-14,False
inhale,120,6.1289746549918478,26.607250597988113,0,3.5527136788005009e-14,False
inhale,120,6.1257997825393344,26.915348039269166,0,4.2632564145606011e-14,False
inhale,120,6.1226507887117636,27.227013080779127,0,7.1054273576010019e-14,False
inhale,120,6.1195275355627459,27.542287033381662,0,1.1368683772161603e-13,False
inhale,120,6.1164298661871506,27.861211686297693,0,1.0658141036401503e-13,False
inhale,120,6.1133576049360068,28.183829312644551,0,1.4210854715202004e-13,False
inhale,120,6.1103105765995469,28.510182675039097,0,-1.3500311979441904e-13,False
inhale,120,6.107288607263559,28.840315031266059,0,-1.4921397450962104e-13,False
inhale,120,6.1042915242953786,29.174270140011661,0,-1.1368683772161603e-13,False
inhale,120,6.1013191563303426,29.512092266663871,0,-1.4921397450962104e-13,False
inhale,120,6.0983713332582559,29.853826189179603,0,-1.1368683772161603e-13,False
inhale,120,6.0954478862099899,30.199517204020161,0,-9.9475983006414026e-14,False
inhale,120,6.0925486475442758,30.549211132155122,0,-9.2370555648813024e-14,False
inhale,120,6.08967345083461,30.902954325135919,0,-4.9737991503207013e-14,False
inhale,120,6.0868221308562918,31.260793671239558,0,-4.9737991503207013e-14,False
inhale,120,6.0839945235736455,31.622776601683793,0,-7.1054273576010019e-15,False
inhale,120,6.0811904661273131,31.988951096913972,0,-2.1316282072803006e-14,False
inhale,120,6.0784097968217576,32.359365692962847,0,-2.1316282072803006e-14,False
inhale,120,6.0756523551128385,32.734069487883829,0,2.1316282072803006e-14,False
inhale,120,6.0729179815955385,33.113112148259113,0,7.1054273576010019e-15,False
inhale,120,6.0702065179918545,33.496543915782759,0,1.4210854715202004e-14,False
inhale,120,6.0675178071387723,33.884415613920275,0,-7.1054273576010019e-15,False
inhale,120,6.0648516929763971,34.276778654645049,0,-7.1054273576010019e-15,False
inhale,120,6.0622080205362003,34.673685045253166,0,3.5527136788005009e-14,False
inhale,120,6.0595866359293966,35.075187395256798,0,3.5527136788005009e-14,False
inhale,120,6.0569873863354387,35.481338923357569,0,0,False
inhale,120,6.0544101199906626,35.892193464500536,0,3.5527136788005009e-14,False
inhale,120,6.0518546861769993,36.307805477010142,0,3.5527136788005009e-14,False
inhale,120,6.0493209352108623,36.72823004980846,0,3.5527136788005009e-14,False
inhale,120,6.0468087184321266,37.153522909717239,0,6.3948846218409017e-14,False
inhale,120,6.0443178881932189,37.583740428844429,0,4.9737991503207013e-14,False
inhale,120,6.0418482978483548,38.018939632056124,0,7.815970093361102e-14,False
inhale,120,6.039399801742845,38.459178204535355,0,1.0658141036401503e-13,False
inhale,120,6.0369722552025573,38.904514499428046,0,1.2079226507921703e-13,False
inhale,120,6.0345655145234707,39.355007545577763,0,1.4921397450962104e-13,False
inhale,120,6.0321794369613331,39.810717055349734,0,1.3500311979441904e-13,False
inhale,120,6.0298138807214237,40.271703432545905,0,-1.6342482922482304e-13,False
inhale,120,6.0274687049485438,40.738027780411258,0,-1.6342482922482304e-13,False
inhale,120,6.0251437697168333,41.209751909733043,0,-1.6342482922482304e-13,False
inhale,120,6.0228389360199914,41.686938347033553,0,-1.9895196601282805e-13,False
inhale,120,6.0205540657614538,42.169650342858226,0,-1.0658141036401503e-13,False
inhale,120,6.0182890197520038,42.657951880159253,0,-1.1368683772161603e-13,False
inhale,120,6.0160436517649671,43.151907682776546,0,-9.2370555648813024e-14,False
inhale,120,6.013817814578001,43.651583224016612,0,-9.2370555648813024e-14,False
inhale,120,6.0116113619640146,44.157044735331255,0,-3.5527136788005009e-14,False
inhale,120,6.009424148678753,44.668359215096302,0,-3.5527136788005009e-14,False
inhale,120,6.0072560304485316,45.185594437492263,0,-2.8421709430404007e-14,False
inhale,120,6.0051068639581198,45.708818961487516,0,-3.5527136788005009e-14,False
inhale,120,6.0029765068387988,46.238102139926035,0,-3.5527136788005009e-14,False
inhale,120,6.0008648176565478,46.77351412871981,0,2.8421709430404007e-14,False
inhale,120,5.9987716559003683,47.315125896148075,0,-2.1316282072803006e-14,False
inhale,120,5.9966968819708253,47.863009232263849,0,-2.8421709430404007e-14,False
inhale,120,5.9946403571686409,48.417236758409942,0,1.4210854715202004e-14,False
inhale,120,5.9926019436834848,48.977881936844611,0,-2.1316282072803006e-14,False
inhale,120,5.9905815045829049,49.545019080479001,0,2.8421709430404007e-14,False
inhale,120,5.9885789038013604,50.118723362727252,0,0,False
inhale,120,5.9865940061294518,50.699070827470443,0,7.1054273576010019e-15,False
inhale,120,5.9846266772032211,51.286138399136483,0,1.4210854715202004e-14,False
inhale,120,5.9826767834936172,51.880003892896092,0,0,False
inhale,120,5.9807441922961075,52.480746024977286,0,-1.4210854715202004e-14,False
inhale,120,5.9788287717203721,53.088444423098849,0,2.1316282072803006e-14,False
inhale,120,5.9769303906801658,53.703179637025272,0,7.1054273576010019e-15,False
inhale,120,5.9750489188832985,54.325033149243303,0,-1.4210854715202004e-14,False
inhale,120,5.9731842268217159,54.954087385762485,0,5.6843418860808015e-14,False
inhale,120,5.971336185761718,55.590425727040369,0,4.2632564145606011e-14,False
inhale,120,5.9695046677343147,56.234132519034908,0,2.8421709430404007e-14,False
inhale,120,5.9676895455256576,56.885293084384131,0,2.8421709430404007e-14,False
inhale,120,5.9658906926676316,57.543993733715723,0,2.8421709430404007e-14,False
inhale,120,5.9641079834285238,58.210321777087159,0,3.5527136788005009e-14,False
inhale,120,5.9623412928038446,58.884365535558899,0,8.5265128291212022e-14,False
inhale,120,5.9605904965072103,59.566214352901035,0,7.815970093361102e-14,False
inhale,120,5.9588554709614003,60.255958607435808,0,9.9475983006414026e-14,False
inhale,120,5.9571360932894555,60.95368972401694,0,1.2079226507921703e-13,False
inhale,120,5.9554322413059264,61.659500186148222,0,1.4210854715202004e-13,False
inhale,120,5.953743793508222,62.373483548241914,0,1.5631940186722204e-13,False
inhale,120,5.9520706290680128,63.095734448019364,0,-1.7763568394002505e-13,False
inhale,120,5.950412627822919,63.82634861905489,0,-1.9184653865522705e-13,False
inhale,120,5.9487696702679642,64.56542290346556,0,-1.5631940186722204e-13,False
inhale,120,5.9471416375474337,65.313055264747234,0,-1.6342482922482304e-13,False
inhale,120,5.9455284114467304,66.06934480075958,0,-1.7053025658242404e-13,False
inhale,120,5.9439298743842821,66.834391756861493,0,-1.8474111129762605e-13,False
inhale,120,5.942345909403608,67.60829753919819,0,-1.2789769243681803e-13,False
inhale,120,5.9407764001654257,68.391164728142925,0,-1.2079226507921703e-13,False
inhale,120,5.9392212309399133,69.183097091893629,0,-1.2079226507921703e-13,False
inhale,120,5.9376802865990026,69.984199600227385,0,-1.0658141036401503e-13,False
inhale,120,5.9361534526088038,70.794578438413808,0,-1.3500311979441904e-13,False
inhale,120,5.9346406150221052,71.614341021290201,0,-1.0658141036401503e-13,False
inhale,120,5.9331416604709508,72.443596007498982,0,-7.1054273576010019e-14,False
inhale,120,5.9316564761593193,73.282453313890443,0,-5.6843418860808015e-14,False
inhale,120,5.9301849498558985,74.131024130091774,0,-4.2632564145606011e-14,False
inhale,120,5.9287269698869052,74.989420933245583,0,-9.2370555648813024e-14,False
inhale,120,5.9272824251290555,75.857757502918361,0,-4.2632564145606011e-14,False
inhale,120,5.9258512050025205,76.736148936181934,0,-2.8421709430404007e-14,False
inhale,120,5.9244331994640671,77.624711662869203,0,-7.815970093361102e-14,False
inhale,120,5.9230282990002188,78.523563461007186,0,-3.5527136788005009e-14,False
inhale,120,5.9216363946204904,79.43282347242814,0,7.1054273576010019e-15,False
inhale,120,5.9202573778507386,80.352612218561774,0,0,False
inhale,120,5.9188911407265667,81.283051616409949,0,7.1054273576010019e-15,False
inhale,120,5.9175375757868043,82.224264994707127,0,1.4210854715202004e-14,False
inhale,120,5.9161965760670698,83.176377110267083,0,1.4210854715202004e-14,False
inhale,120,5.9148680350934022,84.139514164519554,0,7.1054273576010019e-15,False
inhale,120,5.9135518468759756,85.113803820237678,0,2.8421709430404007e-14,False
inhale,120,5.9122479059028654,86.099375218460082,0,-1.4210854715202004e-14,False
inhale,120,5.9109561071339156,87.096358995608057,0,-7.1054273576010019e-15,False
inhale,120,5.90967634599465,88.10488730080138,0,0,False
inhale,120,5.9084085183702575,89.12509381337459,0,2.1316282072803006e-14,False
inhale,120,5.9071525205996736,90.157113760595706,0,2.1316282072803006e-14,False
inhale,120,5.9059082494696877,91.201083935590972,0,1.4210854715202004e-14,False
inhale,120,5.904675602209144,92.257142715476292,0,1.4210854715202004e-14,False
inhale,120,5.9034544764832129,93.325430079699146,0,2.1316282072803006e-14,False
inhale,120,5.902244770387699,94.40608762859236,0,0,False
inhale,120,5.9010463824434458,95.499258602143584,0,7.1054273576010019e-15,False
inhale,120,5.8998592115907966,96.60508789898131,0,3.5527136788005009e-14,False
inhale,120,5.8986831571840881,97.72372209558111,0,0,False
inhale,120,5.897518118986258,98.855309465693907,0,1.4210854715202004e-14,False
inhale,120,5.8963639971634674,100,0,7.1054273576010019e-15,False
inhale,130,9.6594910256887569,0.10000000000000001,0,0,False
inhale,130,9.6580710411075437,0.10115794542598985,0,-1.4210854715202004e-14,False
inhale,130,9.6566373112230277,0.10232929922807542,0,1.4210854715202004e-14,False
inhale,130,9.6551896310527301,0.10351421666793438,0,-7.1054273576010019e-15,False
inhale,130,9.6537277956939125,0.10471285480508996,0,0,False
inhale,130,9.6522516003252754,0.10592537251772889,0,7.1054273576010019e-15,False
inhale,130,9.6507608402087612,0.10715193052376065,0,-2.8421709430404007e-14,False
inhale,130,9.6492553106913839,0.10839269140212036,0,0,False
inhale,130,9.6477348072070761,0.10964781961431851,0,-1.4210854715202004e-14,False
inhale,130,9.6461991252786259,0.11091748152624012,0,7.1054273576010019e-15,False
inhale,130,9.6446480605196214,0.11220184543019636,0,3.5527136788005009e-14,False
inhale,130,9.6430814086364531,0.11350108156723152,0,1.4210854715202004e-14,False
inhale,130,9.6414989654303795,0.11481536214968829,0,-2.1316282072803006e-14,False
inhale,130,9.6399005267996074,0.11614486138403426,0,1.4210854715202004e-14,False
inhale,130,9.6382858887414056,0.11748975549395298,0,0,False
inhale,130,9.6366548473543343,0.11885022274370183,0,0,False
inhale,130,9.6350071988404178,0.12022644346174129,0,1.4210854715202004e-14,False
inhale,130,9.6333427395074676,0.12161860006463679,0,3.5527136788005009e-14,False
inhale,130,9.631661265771351,0.12302687708123815,0,3.5527136788005009e-14,False
inhale,130,9.6299625741583892,0.1244514611771385,0,0,False
inhale,130,9.6282464613077519,0.12589254117941673,0,2.1316282072803006e-14,False
inhale,130,9.6265127239738906,0.12735030810166617,0,-1.4210854715202004e-14,False
inhale,130,9.624761159029072,0.12882495516931339,0,-7.1054273576010019e-15,False
inhale,130,9.6229915634658951,0.13031667784522993,0,-7.1054273576010019e-15,False
inhale,130,9.621203734399888,0.1318256738556407,0,2.1316282072803006e-14,False
inhale,130,9.6193974690721316,0.1333521432163324,0,3.5527136788005009e-14,False
inhale,130,9.6175725648519617,0.13489628825916536,0,7.1054273576010019e-14,False
inhale,130,9.6157288192396795,0.13645831365889247,0,4.2632564145606011e-14,False
inhale,130,9.6138660298693388,0.13803842646028849,0,3.5527136788005009e-14,False
inhale,130,9.6119839945115508,0.13963683610559377,0,6.3948846218409017e-14,False
inhale,130,9.610082511076353,0.14125375446227545,0,9.2370555648813024e-14,False
inhale,130,9.6081613776161241,0.1428893958511103,0,8.5265128291212022e-14,False
inhale,130,9.6062203923285523,0.14454397707459277,0,1.0658141036401503e-13,False
inhale,130,9.6042593535596144,0.14621771744567183,0,9.2370555648813024e-14,False
inhale,130,9.602278059806677,0.14791083881682077,0,1.4210854715202004e-13,False
inhale,130,9.6002763097215347,0.14962356560944334,0,1.6342482922482304e-13,False
inhale,130,9.5982539021135995,0.15135612484362079,0,1.4921397450962104e-13,False
inhale,130,9.5962106359530939,0.15310874616820302,0,1.6342482922482304e-13,False
inhale,130,9.5941463103742759,0.15488166189124811,0,1.9895196601282805e-13,False
inhale,130,9.5920607246787402,0.15667510701081494,0,2.0605739337042905e-13,False
inhale,130,9.5899536783387482,0.15848931924611134,0,2.4868995751603507e-13,False
inhale,130,9.5878249710005488,0.16032453906900418,0,-1.9895196601282805e-13,False
inhale,130,9.5856744024880971,0.16218100973589297,0,-2.1316282072803006e-13,False
inhale,130,9.5835017728061125,0.16405897731995392,0,-1.9895196601282805e-13,False
inhale,130,9.5813068821438794,0.16595869074375605,0,-2.1316282072803006e-13,False
inhale,130,9.5790895308787736,0.16788040181225602,0,-1.8474111129762605e-13,False
inhale,130,9.5768495195798735,0.16982436524617442,0,-1.7763568394002505e-13,False
inhale,130,9.5745866490116445,0.17179083871575881,0,-1.9184653865522705e-13,False
inhale,130,9.5723007201376795,0.17378008287493754,0,-1.5631940186722204e-13,False
inhale,130,9.5699915341244424,0.17579236139586926,0,-1.2789769243681803e-13,False
inhale,130,9.5676588923451078,0.17782794100389229,0,-1.6342482922482304e-13,False
inhale,130,9.5653025963834608,0.17988709151287879,0,-1.2079226507921703e-13,False
inhale,130,9.5629224480377708,0.18197008586099836,0,-1.4210854715202004e-13,False
inhale,130,9.5605182493248115,0.18407720014689558,0,-1.1368683772161603e-13,False
inhale,130,9.5580898024838437,0.18620871366628675,0,-7.815970093361102e-14,False
inhale,130,9.5556369099807341,0.18836490894898006,0,-8.5265128291212022e-14,False
inhale,130,9.5531593745120436,0.19054607179632474,0,-4.2632564145606011e-14,False
inhale,130,9.5506569990092114,0.19275249131909361,0,-5.6843418860808015e-14,False
inhale,130,9.5481295866427924,0.19498445997580455,0,-7.815970093361102e-14,False
inhale,130,9.5455769408267379,0.19724227361148533,0,-2.1316282072803006e-14,False
inhale,130,9.5429988652226907,0.19952623149688797,0,-7.1054273576010019e-15,False
inhale,130,9.5403951637444049,0.20183663636815607,0,7.1054273576010019e-15,False
inhale,130,9.5377656405621476,0.20417379446695297,0,-1.4210854715202004e-14,False
inhale,130,9.5351101001072127,0.20653801558105292,0,-1.4210854715202004e-14,False
inhale,130,9.5324283470764222,0.20892961308540398,0,-1.4210854715202004e-14,False
inhale,130,9.5297201864367409,0.21134890398366465,0,1.4210854715202004e-14,False
inhale,130,9.5269854234298972,0.21379620895022325,0,0,False
inhale,130,9.5242238635770917,0.21627185237270202,0,-7.1054273576010019e-15,False
inhale,130,9.5214353126837317,0.21877616239495529,0,-7.1054273576010019e-15,False
inhale,130,9.5186195768442357,0.22130947096056375,0,1.4210854715202004e-14,False
inhale,130,9.5157764624468726,0.223872113856834,0,-7.1054273576010019e-15,False
inhale,130,9.5129057761786964,0.22646443075930595,0,-2.1316282072803006e-14,False
inhale,130,9.5100073250304806,0.22908676527677729,0,7.1054273576010019e-15,False
inhale,130,9.5070809163017191,0.23173946499684786,0,0,False
inhale,130,9.5041263576057311,0.2344228815319922,0,-2.1316282072803006e-14,False
inhale,130,9.5011434568747681,0.23713737056616552,0,1.4210854715202004e-14,False
inhale,130,9.498132013759145,0.23988329190194904,0,7.1054273576010019e-15,False
inhale,130,9.4950917938575881,0.24266100950824154,0,5.6843418860808015e-14,False
inhale,130,9.4920225546174013,0.24547089156850305,0,1.4210854715202004e-14,False
inhale,130,9.4889240539599022,0.24831331052955705,0,4.2632564145606011e-14,False
inhale,130,9.48579605028924,0.25118864315095801,0,6.3948846218409017e-14,False
inhale,130,9.4826383025014174,0.25409727055493053,0,7.815970093361102e-14,False
inhale,130,9.4794505699934053,0.25703957827688639,0,8.5265128291212022e-14,False
inhale,130,9.4762326126723586,0.26001595631652719,0,1.2079226507921703e-13,False
inhale,130,9.4729841909649704,0.26302679918953814,0,1.5631940186722204e-13,False
inhale,130,9.4697050658269522,0.26607250597988097,0,1.8474111129762605e-13,False
inhale,130,9.4663949987525875,0.26915348039269155,0,1.4921397450962104e-13,False
inhale,130,9.4630537517845053,0.27227013080779128,0,1.8474111129762605e-13,False
inhale,130,9.4596810875233643,0.27542287033381663,0,-2.2026824808563106e-13,False
inhale,130,9.4562767691381211,0.2786121168629771,0,-2.0605739337042905e-13,False
inhale,130,9.4528405603756678,0.28183829312644537,0,-1.8474111129762605e-13,False
inhale,130,9.4493722255713255,0.28510182675039097,0,-1.7053025658242404e-13,False
inhale,130,9.4458715296590423,0.28840315031266056,0,-1.4210854715202004e-13,False
inhale,130,9.4423382381818435,0.29174270140011677,0,-1.7053025658242404e-13,False
inhale,130,9.4387721173024151,0.29512092266663853,0,-1.1368683772161603e-13,False
inhale,130,9.4351729338136998,0.298538261891796,0,-1.0658141036401503e-13,False
inhale,130,9.4315404551497863,0.3019951720402016,0,-7.1054273576010019e-14,False
inhale,130,9.4278744493967483,0.3054921113215513,0,-8.5265128291212022e-14,False
inhale,130,9.4241746853037416,0.30902954325135906,0,-4.9737991503207013e-14,False
inhale,130,9.4204409322941096,0.31260793671239551,0,-4.2632564145606011e-14,False
inhale,130,9.4166729604767223,0.31622776601683794,0,-2.1316282072803006e-14,False
inhale,130,9.4128705406573392,0.31988951096913981,0,2.1316282072803006e-14,False
inhale,130,9.4090334443501629,0.32359365692962827,0,7.1054273576010019e-15,False
inhale,130,9.4051614437894866,0.32734069487883821,0,-1.4210854715202004e-14,False
inhale,130,9.4012543119414573,0.33113112148259111,0,-1.4210854715202004e-14,False
inhale,130,9.3973118225159915,0.33496543915782767,0,-7.1054273576010019e-15,False
inhale,130,9.3933337499787761,0.33884415613920255,0,-7.1054273576010019e-15,False
inhale,130,9.3893198695634368,0.3427677865464504,0,2.1316282072803006e-14,False
inhale,130,9.3852699572837821,0.34673685045253166,0,1.4210854715202004e-14,False
inhale,130,9.3811837899462081,0.35075187395256802,0,-2.8421709430404007e-14,False
inhale,130,9.3770611451622337,0.35481338923357547,0,-1.4210854715202004e-14,False
inhale,130,9.3729018013611096,0.35892193464500527,0,7.1054273576010019e-15,False
inhale,130,9.3687055378025796,0.36307805477010141,0,2.8421709430404007e-14,False
inhale,130,9.3644721344997812,0.36728230049808469,0,3.5527136788005009e-14,False
inhale,130,9.3602013702788884,0.37153522909717257,0,6.3948846218409017e-14,False
inhale,130,9.3558930229096173,0.3758374042884442,0,6.3948846218409017e-14,False
inhale,130,9.3515468711523102,0.38018939632056115,0,1.1368683772161603e-13,False
inhale,130,9.3471626948667215,0.38459178204535355,0,1.4210854715202004e-13,False
inhale,130,9.342740275029966,0.38904514499428056,0,1.7763568394002505e-13,False
inhale,130,9.3382793937546733,0.39355007545577742,0,2.2026824808563106e-13,False
inhale,130,9.3337798343071761,0.3981071705534972,0,-1.6342482922482304e-13,False
inhale,130,9.3292413811262644,0.40271703432545908,0,-1.6342482922482304e-13,False
inhale,130,9.3246638198414242,0.40738027780411273,0,-1.6342482922482304e-13,False
inhale,130,9.3200469372919219,0.41209751909733022,0,-1.2789769243681803e-13,False
inhale,130,9.315390521545682,0.41686938347033542,0,-1.2079226507921703e-13,False
inhale,130,9.3106943619184754,0.42169650342858223,0,-7.1054273576010019e-14,False
inhale,130,9.3059582489932122,0.42657951880159267,0,-7.1054273576010019e-14,False
inhale,130,9.3011819746394231,0.43151907682776525,0,-6.3948846218409017e-14,False
inhale,130,9.2963653320329449,0.43651583224016599,0,-3.5527136788005009e-14,False
inhale,130,9.291508115675672,0.44157044735331252,0,-2.1316282072803006e-14,False
inhale,130,9.2866101214156043,0.44668359215096315,0,-1.4210854715202004e-14,False
inhale,130,9.2816711464669499,0.45185594437492238,0,0,False
inhale,130,9.2766909894306604,0.45708818961487507,0,1.3216094885137863e-12,False
inhale,130,9.2716694503138353,0.46238102139926035,0,0,False
inhale,130,9.2666063305524577,0.46773514128719823,0,0,False
inhale,130,9.2615014330300944,0.47315125896148053,0,2.1316282072803006e-14,False
inhale,130,9.2563545620998724,0.47863009232263842,0,1.4210854715202004e-14,False
inhale,130,9.2511655236053816,0.48417236758409943,0,7.1054273576010019e-15,False
inhale,130,9.245934124901936,0.48977881936844625,0,0,False
inhale,130,9.2406601748779877,0.4954501908047903,0,5.6843418860808015e-14,False
inhale,130,9.2353434839766795,0.50118723362727235,0,7.815970093361102e-14,False
inhale,130,9.2299838642175658,0.50699070827470427,0,1.1368683772161603e-13,False
inhale,130,9.2245811292185067,0.51286138399136483,0,1.4921397450962104e-13,False
inhale,130,9.2191350942176484,0.51880003892896109,0,1.3500311979441904e-13,False
inhale,130,9.2136455760955496,0.52480746024977254,0,-1.7763568394002505e-13,False
inhale,130,9.2081123933977072,0.53088444423098835,0,-1.6342482922482304e-13,False
inhale,130,9.2025353663566758,0.53703179637025267,0,-1.5631940186722204e-13,False
inhale,130,9.1969143169148868,0.54325033149243318,0,-1.5631940186722204e-13,False
inhale,130,9.1912490687473127,0.54954087385762451,0,-1.5631940186722204e-13,False
inhale,130,9.1855394472843681,0.5559042572704036,0,-8.5265128291212022e-14,False
inhale,130,9.179785279734876,0.56234132519034907,0,-5.6843418860808015e-14,False
inhale,130,9.173986403971794,0.56885293084384148,0,-1.4210854715202004e-14,False
inhale,130,9.1681426952294682,0.57543993733715693,0,-2.1316282072803006e-14,False
inhale,130,9.1622540396921313,0.58210321777087148,0,7.1054273576010019e-15,False
inhale,130,9.1563203256799017,0.58884365535558902,0,0,False
inhale,130,9.1503414436761101,0.59566214352901048,0,-7.1054273576010019e-15,False
inhale,130,9.1443172863545676,0.60255958607435778,0,-2.8421709430404007e-14,False
inhale,130,9.1382477486070623,0.60953689724016924,0,-7.1054273576010019e-15,False
inhale,130,9.1321327275707969,0.61659500186148219,0,-7.1054273576010019e-15,False
inhale,130,9.1259721226559822,0.62373483548241926,0,1.4210854715202004e-14,False
inhale,130,9.1197658355734443,0.63095734448019336,0,4.9737991503207013e-14,False
inhale,130,9.1135137703623066,0.63826348619054873,0,5.6843418860808015e-14,False
inhale,130,9.1072158334177331,0.64565422903465564,0,9.2370555648813024e-14,False
inhale,130,9.1008719335186861,0.65313055264747244,0,1.2789769243681803e-13,False
inhale,130,9.0944819818557576,0.66069344800759611,0,1.7763568394002505e-13,False
inhale,130,9.0880458920589628,0.66834391756861466,0,-1.6342482922482304e-13,False
inhale,130,9.0815635802258665,0.67608297539198192,0,-1.7763568394002505e-13,False
inhale,130,9.0750349649491469,0.68391164728142928,0,-1.6342482922482304e-13,False
inhale,130,9.0684599673447472,0.69183097091893642,0,-7.1054273576010019e-14,False
inhale,130,9.0618385110797544,0.69984199600227348,0,-4.2632564145606011e-14,False
inhale,130,9.0551705224003882,0.70794578438413791,0,-2.8421709430404007e-14,False
inhale,130,9.048455930159923,0.71614341021290195,0,-1.4210854715202004e-14,False
inhale,130,9.0416946658466593,0.72443596007499,0,-2.1316282072803006e-14,False
inhale,130,9.0348866636118537,0.73282453313890406,0,-7.1054273576010019e-15,False
inhale,130,9.0280318602976379,0.74131024130091749,0,2.1316282072803006e-14,False
inhale,130,9.021130195464929,0.74989420933245587,0,7.1054273576010019e-15,False
inhale,130,9.0141816114212965,0.75857757502918377,0,0,False
inhale,130,9.0071860532488106,0.76736148936181892,0,3.5527136788005009e-14,False
inhale,130,9.0001434688318032,0.77624711662869172,0,7.1054273576010019e-15,False
inhale,130,8.9930538088846426,0.78523563461007184,0,7.815970093361102e-14,False
inhale,130,8.9859170269793953,0.79432823472428149,0,1.2789769243681803e-13,False
inhale,130,8.9787330795734448,0.80352612218561725,0,1.3500311979441904e-13,False
inhale,130,8.9715019260370319,0.81283051616409929,0,-1.4210854715202004e-13,False
inhale,130,8.9642235286808702,0.82224264994707119,0,-1.4921397450962104e-13,False
inhale,130,8.9568978527832694,0.83176377110267108,0,-1.2789769243681803e-13,False
inhale,130,8.949524866617617,0.84139514164519513,0,-8.5265128291212022e-14,False
inhale,130,8.9421045414795159,0.85113803820237655,0,-5.6843418860808015e-14,False
inhale,130,8.934636851713865,0.86099375218460072,0,-4.9737991503207013e-14,False
inhale,130,8.9271217776718412,0.87096358995608081,0,-2.8421709430404007e-14,False
inhale,130,8.9195593702005258,0.88104887300801427,0,-1.4210854715202004e-14,False
inhale,130,8.9119497506787386,0.89125093813374567,0,1.4210854715202004e-14,False
inhale,130,8.9042930465828718,0.90157113760595708,0,0,False
inhale,130,8.8965893885772047,0.91201083935590965,0,2.1316282072803006e-14,False
inhale,130,8.888838910533714,0.92257142715476315,0,7.1054273576010019e-15,False
inhale,130,8.8810417495514908,0.93325430079699101,0,4.2632564145606011e-14,False
inhale,130,8.8731980459756947,0.94406087628592328,0,7.1054273576010019e-14,False
inhale,130,8.8653079434160844,0.95499258602143589,0,9.9475983006414026e-14,False
inhale,130,8.8573715887651172,0.96605087898981334,0,1.5631940186722204e-13,False
inhale,130,8.8493891322154674,0.97723722095581067,0,-1.5631940186722204e-13,False
inhale,130,8.841360727277447,0.98855309465693886,0,-1.5631940186722204e-13,False
inhale,130,8.8332865307953305,1,0,-1.1368683772161603e-13,False
inhale,130,8.8251667029637204,1.0115794542598988,0,-4.2632564145606011e-14,False
inhale,130,8.8170014073431915,1.0232929922807541,0,-2.1316282072803006e-14,False
inhale,130,8.8087908108754682,1.0351421666793441,0,-1.4210854715202004e-14,False
inhale,130,8.8005350838980601,1.0471285480508996,0,2.1316282072803006e-14,False
inhale,130,8.7922344001583532,1.0592537251772887,0,-2.1316282072803006e-14,False
inhale,130,8.783888936827239,1.0715193052376064,0,-1.4210854715202004e-14,False
inhale,130,8.7754988745120706,1.0839269140212033,0,7.1054273576010019e-15,False
inhale,130,8.7670643972691522,1.0964781961431851,0,0,False
inhale,130,8.7585856926156502,1.1091748152624008,0,7.1054273576010019e-14,False
inhale,130,8.7500629515408388,1.1220184543019636,0,7.1054273576010019e-14,False
inhale,130,8.7414963685168932,1.1350108156723149,0,1.4921397450962104e-13,False
inhale,130,8.7328861415088799,1.1481536214968828,0,-1.5631940186722204e-13,False
inhale,130,8.7242324719845197,1.1614486138403426,0,-1.5631940186722204e-13,False
inhale,130,8.7155355649227371,1.1748975549395297,0,-9.9475983006414026e-14,False
inhale,130,8.7067956288221175,1.1885022274370183,0,-7.1054273576010019e-14,False
inhale,130,8.6980128757084803,1.2022644346174132,0,-3.5527136788005009e-14,False
inhale,130,8.6891875211418217,1.2161860006463678,0,7.1054273576010019e-15,False
inhale,130,8.6803197842226396,1.2302687708123818,0,-7.1054273576010019e-15,False
inhale,130,8.6714098875975694,1.244514611771385,0,1.4210854715202004e-14,False
inhale,130,8.6624580574643044,1.2589254117941675,0,-7.1054273576010019e-15,False
inhale,130,8.6534645235759289,1.2735030810166617,0,4.2632564145606011e-14,False
inhale,130,8.644429519244424,1.2882495516931343,0,6.3948846218409017e-14,False
inhale,130,8.6353532813435994,1.3031667784522993,0,8.5265128291212022e-14,False
inhale,130,8.6262360503112134,1.3182567385564075,0,1.5631940186722204e-13,False
inhale,130,8.6170780701503471,1.333521432163324,0,-1.3500311979441904e-13,False
inhale,130,8.6078796244975226,1.348962882591654,0,-1.3500311979441904e-13,False
inhale,130,8.598641144529882,1.3645831365889245,0,-8.5265128291212022e-14,False
inhale,130,8.5893631002379536,1.3803842646028852,0,-2.1316282072803006e-14,False
inhale,130,8.5800459642606679,1.3963683610559376,0,-2.1316282072803006e-14,False
inhale,130,8.570690211859004,1.4125375446227548,0,1.4210854715202004e-14,False
inhale,130,8.5612963208886086,1.4288939585111029,0,7.1054273576010019e-15,False
inhale,130,8.5518647717715695,1.4454397707459272,0,2.1316282072803006e-14,False
inhale,130,8.5423960474671699,1.4621771744567182,0,7.1054273576010019e-15,False
inhale,130,8.5328906334417987,1.4791083881682072,0,5.6843418860808015e-14,False
inhale,130,8.5233490176378339,1.4962356560944337,0,8.5265128291212022e-14,False
inhale,130,8.5137716904417058,1.513561248436208,0,1.2789769243681803e-13,False
inhale,130,8.5041591446509077,1.5310874616820302,0,-1.3500311979441904e-13,False
inhale,130,8.4945118754403843,1.5488166189124812,0,-1.1368683772161603e-13,False
inhale,130,8.4848303803275176,1.5667510701081493,0,-2.8421709430404007e-14,False
inhale,130,8.4751151591366423,1.5848931924611134,0,-4.9737991503207013e-14,False
inhale,130,8.465366713962533,1.6032453906900417,0,-7.1054273576010019e-15,False
inhale,130,8.4555855491329215,1.6218100973589298,0,1.4210854715202004e-14,False
inhale,130,8.4457721711701996,1.6405897731995396,0,7.1054273576010019e-15,False
inhale,130,8.4359270887522584,1.6595869074375604,0,2.1316282072803006e-14,False
inhale,130,8.4260508126724112,1.6788040181225607,0,0,False
inhale,130,8.4161438557984827,1.6982436524617444,0,3.5527136788005009e-14,False
inhale,130,8.4062067330310377,1.7179083871575884,0,9.2370555648813024e-14,False
inhale,130,8.3962399612607364,1.7378008287493754,0,-1.4921397450962104e-13,False
inhale,130,8.3862440593250689,1.7579236139586931,0,-9.9475983006414026e-14,False
inhale,130,8.3762195479638155,1.7782794100389228,0,-7.815970093361102e-14,False
inhale,130,8.3661669497741649,1.7988709151287883,0,-3.5527136788005009e-14,False
inhale,130,8.3560867891647899,1.8197008586099834,0,-2.1316282072803006e-14,False
inhale,130,8.3459795923091686,1.8407720014689564,0,0,False
inhale,130,8.3358458870981647,1.8620871366628675,0,2.1316282072803006e-14,False
inhale,130,8.3256862030918093,1.883649089489801,0,2.1316282072803006e-14,False
inhale,130,8.3155010714703543,1.9054607179632472,0,3.5527136788005009e-14,False
inhale,130,8.305291024984566,1.9275249131909356,0,4.2632564145606011e-14,False
inhale,130,8.2950565979053241,1.9498445997580456,0,1.2789769243681803e-13,False
inhale,130,8.284798325972428,1.9724227361148534,0,-1.2079226507921703e-13,False
inhale,130,8.2745167463429627,1.9952623149688797,0,-1.3500311979441904e-13,False
inhale,130,8.2642123975513826,2.0183663636815607,0,-4.9737991503207013e-14,False
inhale,130,8.2538858196379596,2.0417379446695296,0,-2.8421709430404007e-14,False
inhale,130,8.2435375586766906,2.0653801558105291,0,-7.1054273576010019e-15,False
inhale,130,8.2331682679798099,2.0892961308540396,0,-7.1054273576010019e-15,False
inhale,130,8.222778706677067,2.1134890398366464,0,-2.8421709430404007e-14,False
inhale,130,8.2123696373363302,2.1379620895022327,0,3.5527136788005009e-14,False
inhale,130,8.2019418212447466,2.1627185237270199,0,2.1316282072803006e-14,False
inhale,130,8.1914960183255765,2.187761623949553,0,7.815970093361102e-14,False
inhale,130,8.1810329870551399,2.2130947096056377,0,1.3500311979441904e-13,False
inhale,130,8.1705534843799654,2.2387211385683399,0,-1.4210854715202004e-13,False
inhale,130,8.1600582656343583,2.2646443075930596,0,-7.1054273576010019e-14,False
inhale,130,8.1495480844578001,2.2908676527677736,0,-4.2632564145606011e-14,False
inhale,130,8.1390236927130957,2.3173946499684783,0,-3.5527136788005009e-14,False
inhale,130,8.1284858404046254,2.3442288153199229,0,-7.1054273576010019e-15,False
inhale,130,8.1179352755970076,2.3713737056616551,0,1.4210854715202004e-14,False
inhale,130,8.1073727443341497,2.3988329190194912,0,-1.4210854715202004e-14,False
inhale,130,8.0967989905587903,2.4266100950824154,0,5.6843418860808015e-14,False
inhale,130,8.0862147560323816,2.454708915685031,0,4.9737991503207013e-14,False
inhale,130,8.0756207802556368,2.4831331052955705,0,1.2079226507921703e-13,False
inhale,130,8.0650178003894109,2.511886431509581,0,-1.1368683772161603e-13,False
inhale,130,8.054406551176486,2.5409727055493052,0,-9.2370555648813024e-14,False
inhale,130,8.0437877648634331,2.5703957827688635,0,-5.6843418860808015e-14,False
inhale,130,8.033162171123589,2.6001595631652723,0,-7.1054273576010019e-15,False
inhale,130,8.0225304969804352,2.6302679918953813,0,-2.1316282072803006e-14,False
inhale,130,8.0118934667317667,2.6607250597988097,0,7.1054273576010019e-15,False
inhale,130,8.0012518018745187,2.6915348039269151,0,3.5527136788005009e-14,False
inhale,130,7.9906062210303759,2.7227013080779128,0,7.1054273576010019e-15,False
inhale,130,7.9799574398722024,2.7542287033381663,0,5.6843418860808015e-14,False
inhale,130,7.9693061710511897,2.7861211686297707,0,9.9475983006414026e-14,False
inhale,130,7.9586531241248979,2.8183829312644537,0,-9.9475983006414026e-14,False
inhale,130,7.9479990054863032,2.85101826750391,0,-7.815970093361102e-14,False
inhale,130,7.9373445182933953,2.8840315031266055,0,-4.2632564145606011e-14,False
inhale,130,7.9266903624000378,2.9174270140011673,0,-1.4210854715202004e-14,False
inhale,130,7.9160372342876313,2.9512092266663856,0,1.4210854715202004e-14,False
inhale,130,7.9053858269977635,2.9853826189179604,0,0,False
inhale,130,7.8947368300658685,3.0199517204020161,0,-7.1054273576010019e-15,False
inhale,130,7.8840909294559225,3.0549211132155141,0,4.2632564145606011e-14,False
inhale,130,7.8734488074961613,3.0902954325135905,0,3.5527136788005009e-14,False
inhale,130,7.8628111428159189,3.126079367123956,0,1.0658141036401503e-13,False
inhale,130,7.8521786102834659,3.1622776601683795,0,-1.0658141036401503e-13,False
inhale,130,7.8415519014485557,3.1988951096913989,0,-8.5265128291212022e-14,False
inhale,130,7.8309317850817219,3.2359365692962827,0,-3.5527136788005009e-14,False
inhale,130,7.8203190440153136,3.273406948788383,0,-2.8421709430404007e-14,False
inhale,130,7.8097144543624957,3.3113112148259112,0,7.1054273576010019e-15,False
inhale,130,7.7991187854699566,3.3496543915782775,0,7.1054273576010019e-15,False
inhale,130,7.78853279987307,3.3884415613920256,0,7.1054273576010019e-15,False
inhale,130,7.7779572532534651,3.4276778654645046,0,3.5527136788005009e-14,False
inhale,130,7.7673928943989781,3.4673685045253166,0,7.815970093361102e-14,False
inhale,130,7.7568404651660154,3.5075187395256795,0,-9.9475983006414026e-14,False
inhale,130,7.7463007004444187,3.548133892335755,0,-7.815970093361102e-14,False
inhale,130,7.7357743281244513,3.5892193464500517,0,-4.9737991503207013e-14,False
inhale,130,7.72526206906642,3.630780547701014,0,0,False
inhale,130,7.7147646370725207,3.6728230049808461,0,0,False
inhale,130,7.7042827388610879,3.715352290971726,0,-2.1316282072803006e-14,False
inhale,130,7.6938170740431522,3.7583740428844412,0,0,False
inhale,130,7.68336833510131,3.8018939632056128,0,1.4210854715202004e-14,False
inhale,130,7.6729372073709161,3.8459178204535354,0,3.5527136788005009e-14,False
inhale,130,7.6625243690235605,3.8904514499428067,0,9.2370555648813024e-14,False
inhale,130,7.6521304910527679,3.9355007545577743,0,-7.815970093361102e-14,False
inhale,130,7.6417562372621015,3.9810717055349731,0,-8.5265128291212022e-14,False
inhale,130,7.6314022642552253,4.0271703432545909,0,-4.9737991503207013e-14,False
inhale,130,7.6210692214283906,4.0738027780411281,0,-7.1054273576010019e-15,False
inhale,130,7.6107577509650479,4.1209751909733017,0,-7.1054273576010019e-15,False
inhale,130,7.6004684878325843,4.1686938347033546,0,7.1054273576010019e-15,False
inhale,130,7.5902020597812347,4.2169650342858223,0,-2.8421709430404007e-14,False
inhale,130,7.5799590873450793,4.2657951880159279,0,2.8421709430404007e-14,False
inhale,130,7.5697401838451093,4.3151907682776525,0,2.8421709430404007e-14,False
inhale,130,7.5595459553944053,4.365158322401661,0,8.5265128291212022e-14,False
inhale,130,7.549377000905249,4.4157044735331255,0,-1.2079226507921703e-13,False
inhale,130,7.5392339120984415,4.4668359215096327,0,-8.5265128291212022e-14,False
inhale,130,7.5291172735142551,4.5185594437492238,0,-3.5527136788005009e-14,False
inhale,130,7.5190276625256285,4.5708818961487516,0,7.1054273576010019e-15,False
inhale,130,7.5089656493531507,4.6238102139926029,0,-7.1054273576010019e-15,False
inhale,130,7.4989317970819371,4.6773514128719809,0,2.1316282072803006e-14,False
inhale,130,7.4889266616803472,4.7315125896148054,0,1.4210854715202004e-14,False
inhale,130,7.4789507920205285,4.7863009232263831,0,2.1316282072803006e-14,False
inhale,130,7.4690047299007434,4.8417236758409938,0,6.3948846218409017e-14,False
inhale,130,7.4590890095171742,4.8977881936844616,0,9.2370555648813024e-14,False
inhale,130,7.4492041451606941,4.9545019080479031,0,-8.5265128291212022e-14,False
inhale,130,7.4393506304897317,5.011872336272722,0,-8.5265128291212022e-14,False
inhale,130,7.4295289504089883,5.0699070827470445,0,-4.2632564145606011e-14,False
inhale,130,7.4197395816751515,5.1286138399136485,0,-7.1054273576010019e-15,False
inhale,130,7.4099829929584899,5.1880003892896118,0,7.1054273576010019e-15,False
inhale,130,7.4002596449060656,5.2480746024977254,0,-1.4210854715202004e-14,False
inhale,130,7.3905699902064432,5.3088444423098844,0,4.9737991503207013e-14,False
inhale,130,7.3809144736558423,5.3703179637025267,0,1.4210854715202004e-14,False
inhale,130,7.371293532225728,5.4325033149243334,0,5.6843418860808015e-14,False
inhale,130,7.3617075951316666,5.4954087385762458,0,7.1054273576010019e-14,False
inhale,130,7.3521570839035322,5.5590425727040369,0,-7.1054273576010019e-14,False
inhale,130,7.3426424124569687,5.6234132519034912,0,-7.815970093361102e-14,False
inhale,130,7.3331639871658476,5.6885293084384161,0,-4.2632564145606011e-14,False
inhale,130,7.3237222069360444,5.7543993733715695,0,-2.8421709430404007e-14,False
inhale,130,7.3143174632801955,5.8210321777087159,0,-2.1316282072803006e-14,False
inhale,130,7.3049501403934345,5.8884365535558896,0,-3.5527136788005009e-14,False
inhale,130,7.2956206152301695,5.9566214352901063,0,2.1316282072803006e-14,False
inhale,130,7.286329257581647,6.0255958607435778,0,7.1054273576010019e-15,False
inhale,130,7.277076430154521,6.095368972401694,0,2.8421709430404007e-14,False
inhale,130,7.2678624886501026,6.1659500186148222,0,8.5265128291212022e-14,False
inhale,130,7.2586877818443964,6.2373483548241913,0,-6.3948846218409017e-14,False
inhale,130,7.2495526516689912,6.3095734448019334,0,-8.5265128291212022e-14,False
inhale,130,7.2404574332923337,6.382634861905486,0,-6.3948846218409017e-14,False
inhale,130,7.2314024552018639,6.4565422903465564,0,-3.5527136788005009e-14,False
inhale,130,7.2223880392866278,6.5313055264747231,0,0,False
inhale,130,7.2134145009204147,6.6069344800759611,0,1.4210854715202004e-14,False
inhale,130,7.204482149045405,6.6834391756861455,0,-7.1054273576010019e-15,False
inhale,130,7.1955912862562386,6.7608297539198192,0,0,False
inhale,130,7.1867422088844943,6.8391164728142924,0,1.4210854715202004e-14,False
inhale,130,7.1779352070835127,6.9183097091893657,0,3.5527136788005009e-14,False
inhale,130,7.1691705649135828,6.9984199600227344,0,8.5265128291212022e-14,False
inhale,130,7.1604485604273185,7.0794578438413804,0,-1.1368683772161603e-13,False
inhale,130,7.1517694657554758,7.1614341021290198,0,-7.1054273576010019e-14,False
inhale,130,7.1431335471926749,7.2443596007499025,0,-4.9737991503207013e-14,False
inhale,130,7.134541065283571,7.3282453313890406,0,-2.1316282072803006e-14,False
inhale,130,7.1259922749090068,7.4131024130091774,0,-4.2632564145606011e-14,False
inhale,130,7.1174874253723441,7.4989420933245583,0,-3.5527136788005009e-14,False
inhale,130,7.1090267388861212,7.5857757502918401,0,-7.1054273576010019e-15,False
inhale,130,7.1006103460993311,7.6736148936181898,0,3.5527136788005009e-14,False
inhale,130,7.0922383514045855,7.7624711662869199,0,3.5527136788005009e-14,False
inhale,130,7.0839108546876215,7.8523563461007182,0,2.8421709430404007e-14,False
inhale,130,7.0756279514166769,7.9432823472428176,0,9.9475983006414026e-14,False
inhale,130,7.0673897327312032,8.0352612218561728,0,-1.2789769243681803e-13,False
inhale,130,7.0591962855301,8.1283051616409949,0,-9.2370555648813024e-14,False
inhale,130,7.0510476925589431,8.2224264994707124,0,-6.3948846218409017e-14,False
inhale,130,7.0429440324968304,8.317637711026709,0,-3.5527136788005009e-14,False
inhale,130,7.0348853800423887,8.4139514164519511,0,0,False
inhale,130,7.0268718059990718,8.5113803820237628,0,-2.1316282072803006e-14,False
inhale,130,7.0189033773597638,8.6099375218460068,0,0,False
inhale,130,7.0109801573905903,8.709635899560805,0,-7.1054273576010019e-15,False
inhale,130,7.0031022057140353,8.8104887300801416,0,7.1054273576010019e-15,False
inhale,130,6.99526957839125,8.9125093813374541,0,4.2632564145606011e-14,False
inhale,130,6.9874823280036233,9.0157113760595706,0,7.1054273576010019e-14,False
inhale,130,6.9797405037335558,9.1201083935590965,0,7.1054273576010019e-14,False
inhale,130,6.9720441514444405,9.2257142715476341,0,-9.2370555648813024e-14,False
inhale,130,6.9643933137599596,9.3325430079699103,0,-4.2632564145606011e-14,False
inhale,130,6.9567880301423237,9.4406087628592363,0,-3.5527136788005009e-14,False
inhale,130,6.9492283369700134,9.5499258602143584,0,-3.5527136788005009e-14,False
inhale,130,6.9417142676145049,9.6605087898981363,0,-1.4210854715202004e-14,False
inhale,130,6.9342458525162902,9.7723722095581067,0,0,True
inhale,130,6.9268231192600052,9.885530946569391,0,-2.1316282072803006e-14,True
inhale,130,6.9194460926488173,10,0,-1.4210854715202004e-14,True
inhale,130,6.9121147947779242,10.115794542598982,0,7.1054273576010019e-15,True
inhale,130,6.904829245107285,10.232929922807546,0,2.8421709430404007e-14,True
inhale,130,6.8975894605334931,10.351421666793442,0,6.3948846218409017e-14,True
inhale,130,6.8903954554608386,10.471285480508996,0,9.9475983006414026e-14,True
inhale,130,6.883247241871528,10.592537251772887,0,-9.9475983006414026e-14,True
inhale,130,6.8761448293952165,10.715193052376071,0,-5.6843418860808015e-14,True
inhale,130,6.8690882253774346,10.839269140212039,0,-6.3948846218409017e-14,True
inhale,130,6.862077434947488,10.964781961431852,0,-2.8421709430404007e-14,True
inhale,130,6.855112461085378,11.091748152624008,0,-7.1054273576010019e-15,True
inhale,130,6.8481933046879755,11.220184543019629,0,0,True
inhale,130,6.8413199646343337,11.350108156723154,0,0,True
inhale,130,6.8344924378502325,11.481536214968829,0,-7.1054273576010019e-15,True
inhale,130,6.8277107163649449,11.614486138403427,0,-1.4210854715202004e-14,True
inhale,130,6.8209747214289154,11.748975549395292,0,7.1054273576010019e-15,True
inhale,130,6.8142843044549064,11.88502227437019,0,2.1316282072803006e-14,True
inhale,130,6.8076393135898456,12.022644346174131,0,5.6843418860808015e-14,True
inhale,130,6.8010395967665946,12.161860006463678,0,7.815970093361102e-14,True
inhale,130,6.7944850017401865,12.302687708123811,0,-1.1368683772161603e-13,True
inhale,130,6.7879753761233701,12.445146117713856,0,-9.9475983006414026e-14,True
inhale,130,6.7815105674211162,12.589254117941675,0,-9.2370555648813024e-14,True
inhale,130,6.7750904230645785,12.735030810166617,0,-4.2632564145606011e-14,True
inhale,130,6.768714790444144,12.882495516931336,0,-2.8421709430404007e-14,True
inhale,130,6.7623835169418189,13.031667784523,0,-2.8421709430404007e-14,True
inhale,130,6.7560964499627945,13.182567385564074,0,7.1054273576010019e-15,True
inhale,130,6.7498534369663341,13.33521432163324,0,0,True
inhale,130,6.7436543254959327,13.489628825916533,0,7.1054273576010019e-15,True
inhale,130,6.7374989632087745,13.645831365889252,0,0,True
inhale,130,6.7313871979045103,13.803842646028853,0,1.4210854715202004e-14,True
inhale,130,6.7253188775533452,13.963683610559377,0,0,True
inhale,130,6.7192938503234885,14.12537544622754,0,4.2632564145606011e-14,True
inhale,130,6.7133119646079287,14.288939585111036,0,5.6843418860808015e-14,True
inhale,130,6.7073730690506057,14.454397707459281,0,1.2789769243681803e-13,True
inhale,130,6.7014770125718925,14.621771744567184,0,-1.1368683772161603e-13,True
inhale,130,6.6956236443936428,14.791083881682072,0,-9.9475983006414026e-14,True
inhale,130,6.6898128140633508,14.962356560944343,0,-9.2370555648813024e-14,True
inhale,130,6.6840443714779871,15.135612484362087,0,-7.1054273576010019e-14,True
inhale,130,6.6783181669071396,15.310874616820303,0,-3.5527136788005009e-14,True
inhale,130,6.6726340510156152,15.488166189124811,0,-1.4210854715202004e-14,True
inhale,130,6.6669918748854862,15.667510701081484,0,-7.1054273576010019e-15,True
inhale,130,6.661391490037472,15.848931924611142,0,-1.3784529073745944e-12,True
inhale,130,6.6558327484526894,16.032453906900418,0,0,True
inhale,130,6.6503155025915435,16.218100973589298,0,7.1054273576010019e-15,True
inhale,130,6.6448396054152949,16.405897731995388,0,1.4210854715202004e-14,True
inhale,130,6.6394049104047292,16.595869074375614,0,1.4210854715202004e-14,True
inhale,130,6.6340112715793147,16.788040181225607,0,2.1316282072803006e-14,True
inhale,130,6.6286585435157228,16.982436524617444,0,4.9737991503207013e-14,True
inhale,130,6.6233465813658743,17.179083871575877,0,9.9475983006414026e-14,True
inhale,130,6.6180752408745622,17.378008287493763,0,1.2079226507921703e-13,True
inhale,130,6.612844378396586,17.579236139586932,0,-1.3500311979441904e-13,True
inhale,130,6.6076538509136249,17.782794100389228,0,-1.2079226507921703e-13,True
inhale,130,6.6025034989578648,17.988709151287875,0,-7.815970093361102e-14,True
inhale,130,6.5973930957228255,18.197008586099845,0,-6.3948846218409017e-14,True
inhale,130,6.5923223989967292,18.407720014689563,0,-7.815970093361102e-14,True
inhale,130,6.5872911683403323,18.620871366628677,0,0,True
inhale,130,6.5822991650778429,18.836490894898002,0,0,True
inhale,130,6.5773461522878414,19.054607179632484,0,1.4210854715202004e-14,True
inhale,130,6.5724318947940716,19.275249131909366,0,0,True
inhale,130,6.5675561591561769,19.498445997580454,0,-7.1054273576010019e-15,True
inhale,130,6.5627187136603737,19.724227361148536,0,7.1054273576010019e-15,True
inhale,130,6.5579193283100716,19.952623149688808,0,1.4210854715202004e-14,True
inhale,130,6.5531577748164302,20.183663636815616,0,0,True
inhale,130,6.5484338265888882,20.417379446695296,0,5.6843418860808015e-14,True
inhale,130,6.543747258725598,20.65380155810529,0,4.9737991503207013e-14,True
inhale,130,6.5390978480038946,20.892961308540386,0,7.1054273576010019e-14,True
inhale,130,6.5344853728706589,21.134890398366476,0,9.2370555648813024e-14,True
inhale,130,6.5299096134326717,21.379620895022324,0,-1.2079226507921703e-13,True
inhale,130,6.5253703514470276,21.627185237270201,0,-1.2789769243681803e-13,True
inhale,130,6.5208673703113149,21.87761623949552,0,-1.0658141036401503e-13,True
inhale,130,6.5164004550539829,22.130947096056389,0,-1.0658141036401503e-13,True
inhale,130,6.5119693923246134,22.387211385683401,0,-7.1054273576010019e-14,True
inhale,130,6.5075739703841489,22.646443075930595,0,-3.5527136788005009e-14,True
inhale,130,6.5032139790951629,22.908676527677724,0,-4.2632564145606011e-14,True
inhale,130,6.4988892099120932,23.173946499684796,0,-1.4210854715202004e-14,True
inhale,130,6.494599455871489,23.442288153199225,0,-1.4210854715202004e-14,True
inhale,130,6.4903445115822302,23.713737056616552,0,0,True
inhale,130,6.4861241732157797,23.9883291901949,0,0,True
inhale,130,6.4819382384964337,24.266100950824168,0,7.1054273576010019e-15,False
inhale,130,6.4777865066915474,24.547089156850312,0,-2.8421709430404007e-14,False
inhale,130,6.4736687786018363,24.831331052955704,0,-7.1054273576010019e-15,False
inhale,130,6.4695848565516059,25.118864315095795,0,1.4210854715202004e-14,False
inhale,130,6.465534544379083,25.409727055493065,0,3.5527136788005009e-14,False
inhale,130,6.4615176474266933,25.703957827688647,0,2.8421709430404007e-14,False
inhale,130,6.4575339725314134,26.001595631652723,0,6.3948846218409017e-14,False
inhale,130,6.4535833280150898,26.302679918953814,0,4.9737991503207013e-14,False
inhale,130,6.4496655236748568,26.607250597988113,0,9.9475983006414026e-14,False
inhale,130,6.445780370773476,26.915348039269166,0,1.3500311979441904e-13,False
inhale,130,6.4419276820297888,27.227013080779127,0,-1.3500311979441904e-13,False
inhale,130,6.4381072705179614,27.542287033381662,0,-1.1368683772161603e-13,False
inhale,130,6.4343189257245434,27.861211686297693,0,-8.5265128291212022e-14,False
inhale,130,6.4305624138566291,28.183829312644551,0,-1.2079226507921703e-13,False
inhale,130,6.4268375019669044,28.510182675039097,0,-9.2370555648813024e-14,False
inhale,130,6.4231439590256558,28.840315031266059,0,-4.2632564145606011e-14,False
inhale,130,6.419481555898968,29.174270140011661,0,-4.9737991503207013e-14,False
inhale,130,6.4158500653271675,29.512092266663871,0,-2.8421709430404007e-14,False
inhale,130,6.4122492619034972,29.853826189179603,0,-1.4210854715202004e-14,False
inhale,130,6.4086789220530616,30.199517204020161,0,-1.4210854715202004e-14,False
inhale,130,6.4051388240120142,30.549211132155122,0,-7.1054273576010019e-15,False
inhale,130,6.4016287478069964,30.902954325135919,0,2.1316282072803006e-14,False
inhale,130,6.398148475234791,31.260793671239558,0,1.4210854715202004e-14,False
inhale,130,6.3946977898422634,31.622776601683793,0,0,False
inhale,130,6.3912764769064827,31.988951096913972,0,7.1054273576010019e-15,False
inhale,130,6.3878843234151166,32.359365692962847,0,-1.4210854715202004e-14,False
inhale,130,6.38452111804704,32.734069487883829,0,3.5527136788005009e-14,False
inhale,130,6.3811866511531621,33.113112148259113,0,0,False
inhale,130,6.3778807147375058,33.496543915782759,0,2.1316282072803006e-14,False
inhale,130,6.3746031024384786,33.884415613920275,0,7.1054273576010019e-14,False
inhale,130,6.3713536095103702,34.276778654645049,0,5.6843418860808015e-14,False
inhale,130,6.3681320328050948,34.673685045253166,0,1.0658141036401503e-13,False
inhale,130,6.3649381707540895,35.075187395256798,0,1.1368683772161603e-13,False
inhale,130,6.3617718233504856,35.481338923357569,0,1.4210854715202004e-13,False
inhale,130,6.3586327921314094,35.892193464500536,0,-1.4210854715202004e-13,False
inhale,130,6.3555208801606851,36.307805477010142,0,-1.2079226507921703e-13,False
inhale,130,6.3524358920113775,36.72823004980846,0,-1.2789769243681803e-13,False
inhale,130,6.349377633748901,37.153522909717239,0,-1.3500311979441904e-13,False
inhale,130,6.3463459129141384,37.583740428844429,0,-1.0658141036401503e-13,False
inhale,130,6.3433405385067969,38.018939632056124,0,-1.0658141036401503e-13,False
inhale,130,6.3403613209689569,38.459178204535355,0,-2.1316282072803006e-14,False
inhale,130,6.3374080721687864,38.904514499428046,0,-3.5527136788005009e-14,False
inhale,130,6.3344806053845089,39.355007545577763,0,-2.1316282072803006e-14,False
inhale,130,6.3315787352884865,39.810717055349734,0,-2.8421709430404007e-14,False
inhale,130,6.3287022779315203,40.271703432545905,0,-2.1316282072803006e-14,False
inhale,130,6.32585105072733,40.738027780411258,0,0,False
inhale,130,6.3230248724372062,41.209751909733043,0,0,False
inhale,130,6.3202235631548511,41.686938347033553,0,0,False
inhale,130,6.3174469442913797,42.169650342858226,0,-7.1054273576010019e-15,False
inhale,130,6.3146948359281678,42.657951880159253,0,-7.1054273576010019e-15,False
inhale,130,6.3119670489678343,43.151907682776546,0,-1.4210854715202004e-14,False
inhale,130,6.3092633931239872,43.651583224016612,0,-1.4210854715202004e-14,False
inhale,130,6.306583679550263,44.157044735331255,0,-2.1316282072803006e-14,False
inhale,130,6.3039277208214619,44.668359215096302,0,0,False
inhale,130,6.3012953309149013,45.185594437492263,0,7.1054273576010019e-15,False
inhale,130,6.2986863251920582,45.708818961487516,0,-7.1054273576010019e-15,False
inhale,130,6.2961005203804339,46.238102139926035,0,4.2632564145606011e-14,False
inhale,130,6.2935377345556915,46.77351412871981,0,4.9737991503207013e-14,False
inhale,130,6.2909977871240121,47.315125896148075,0,4.9737991503207013e-14,False
inhale,130,6.2884804988047236,47.863009232263849,0,6.3948846218409017e-14,False
inhale,130,6.2859856916131287,48.417236758409942,0,8.5265128291212022e-14,False
inhale,130,6.2835131888435862,48.977881936844611,0,7.815970093361102e-14,False
inhale,130,6.28106281505283,49.545019080479001,0,1.1368683772161603e-13,False
inhale,130,6.2786343960434801,50.118723362727252,0,1.4921397450962104e-13,False
inhale,130,6.2762277588478055,50.699070827470443,0,1.5631940186722204e-13,False
inhale,130,6.2738427317116603,51.286138399136483,0,-1.6342482922482304e-13,False
inhale,130,6.2714791440788078,51.880003892896092,0,-1.4210854715202004e-13,False
inhale,130,6.2691368265751004,52.480746024977286,0,-1.3500311979441904e-13,False
inhale,130,6.2668156109932278,53.088444423098849,0,-1.0658141036401503e-13,False
inhale,130,6.2645153302774821,53.703179637025272,0,-1.1368683772161603e-13,False
inhale,130,6.2622358185087839,54.325033149243303,0,-1.0658141036401503e-13,False
inhale,130,6.2599769108898693,54.954087385762485,0,-9.2370555648813024e-14,False
inhale,130,6.2577384437307044,55.590425727040369,0,-9.2370555648813024e-14,False
inhale,130,6.2555202544340718,56.234132519034908,0,-8.5265128291212022e-14,False
inhale,130,6.2533221814813675,56.885293084384131,0,-6.3948846218409017e-14,False
inhale,130,6.251144064418555,57.543993733715723,0,-3.5527136788005009e-14,False
inhale,130,6.2489857438423266,58.210321777087159,0,-3.5527136788005009e-14,False
inhale,130,6.2468470613864397,58.884365535558899,0,-2.8421709430404007e-14,False
inhale,130,6.244727859708223,59.566214352901035,0,0,False
inhale,130,6.2426279824752653,60.255958607435808,0,-2.8421709430404007e-14,False
inhale,130,6.2405472743522878,60.95368972401694,0,1.4210854715202004e-14,False
inhale,130,6.2384855809881392,61.659500186148222,0,-7.1054273576010019e-15,False
inhale,130,6.2364427490030288,62.373483548241914,0,-1.4210854715202004e-14,False
inhale,130,6.2344186259758816,63.095734448019364,0,-1.4210854715202004e-14,False
inhale,130,6.2324130604318375,63.82634861905489,0,2.1316282072803006e-14,False
inhale,130,6.2304259018299648,64.56542290346556,0,-1.4210854715202004e-14,False
inhale,130,6.2284570005510895,65.313055264747234,0,1.4210854715202004e-14,False
inhale,130,6.2265062078857847,66.06934480075958,0,2.8421709430404007e-14,False
inhale,130,6.2245733760225397,66.834391756861493,0,7.1054273576010019e-15,False
inhale,130,6.2226583580360373,67.60829753919819,0,7.1054273576010019e-15,False
inhale,130,6.2207610078756215,68.391164728142925,0,1.4210854715202004e-14,False
inhale,130,6.2188811803538844,69.183097091893629,0,0,False
inhale,130,6.2170187311354042,69.984199600227385,0,1.4210854715202004e-14,False
inhale,130,6.2151735167256259,70.794578438413808,0,1.4210854715202004e-14,False
inhale,130,6.2133453944598944,71.614341021290201,0,3.5527136788005009e-14,False
inhale,130,6.2115342224925936,72.443596007498982,0,2.8421709430404007e-14,False
inhale,130,6.2097398597864562,73.282453313890443,0,3.5527136788005009e-14,False
inhale,130,6.2079621661019893,74.131024130091774,0,4.9737991503207013e-14,False
inhale,130,6.2062010019870328,74.989420933245583,0,7.1054273576010019e-14,False
inhale,130,6.2044562287664524,75.857757502918361,0,8.5265128291212022e-14,False
inhale,130,6.2027277085319561,76.736148936181934,0,8.5265128291212022e-14,False
inhale,130,6.2010153041320439,77.624711662869203,0,7.815970093361102e-14,False
inhale,130,6.1993188791620781,78.523563461007186,0,1.2789769243681803e-13,False
inhale,130,6.1976382979544722,79.43282347242814,0,1.3500311979441904e-13,False
inhale,130,6.1959734255690107,80.352612218561774,0,1.5631940186722204e-13,False
inhale,130,6.194324127783271,81.283051616409949,0,1.7763568394002505e-13,False
inhale,130,6.1926902710831566,82.224264994707127,0,-1.4921397450962104e-13,False
inhale,130,6.1910717226536942,83.176377110267083,0,-1.4921397450962104e-13,False
inhale,130,6.1894683503696042,84.139514164519554,0,-1.5631940186722204e-13,False
inhale,130,6.1878800227863513,85.113803820237678,0,-1.3500311979441904e-13,False
inhale,130,6.1863066091310843,86.099375218460082,0,-1.5631940186722204e-13,False
inhale,130,6.1847479792937827,87.096358995608057,0,-1.5631940186722204e-13,False
inhale,130,6.1832040038184717,88.10488730080138,0,-1.6342482922482304e-13,False
inhale,130,6.1816745538945366,89.12509381337459,0,-1.4921397450962104e-13,False
inhale,130,6.1801595013481858,90.157113760595706,0,-1.2079226507921703e-13,False
inhale,130,6.1786587186339679,91.201083935590972,0,-1.1368683772161603e-13,False
inhale,130,6.1771720788264259,92.257142715476292,0,-7.1054273576010019e-14,False
inhale,130,6.1756994556118388,93.325430079699146,0,-1.0658141036401503e-13,False
inhale,130,6.17424072328006,94.40608762859236,0,-9.2370555648813024e-14,False
inhale,130,6.1727957567164715,95.499258602143584,0,-3.5527136788005009e-14,False
inhale,130,6.1713644313939966,96.60508789898131,0,-5.6843418860808015e-14,False
inhale,130,6.1699466233652638,97.72372209558111,0,-4.2632564145606011e-14,False
inhale,130,6.1685422092548139,98.855309465693907,0,-4.9737991503207013e-14,False
inhale,130,6.1671510662514324,100,0,-4.2632564145606011e-14,False
inhale,140,8.9051573530898978,0.10000000000000001,0,7.1054273576010019e-15,False
inhale,140,8.9033017749329844,0.10115794542598985,0,3.5527136788005009e-14,False
inhale,140,8.9014282316062463,0.10232929922807542,0,-7.1054273576010019e-15,False
inhale,140,8.8995364680207132,0.10351421666793438,0,-1.4210854715202004e-14,False
inhale,140,8.8976262292464288,0.10471285480508996,0,4.2632564145606011e-14,False
inhale,140,8.8956972605159361,0.10592537251772889,0,7.1054273576010019e-15,False
inhale,140,8.8937493072278944,0.10715193052376065,0,0,False
inhale,140,8.8917821149506739,0.10839269140212036,0,7.1054273576010019e-15,False
inhale,140,8.8897954294260817,0.10964781961431851,0,2.1316282072803006e-14,False
inhale,140,8.887788996573212,0.11091748152624012,0,2.1316282072803006e-14,False
inhale,140,8.8857625624923262,0.11220184543019636,0,2.8421709430404007e-14,False
inhale,140,8.8837158734688355,0.11350108156723152,0,4.9737991503207013e-14,False
inhale,140,8.8816486759773881,0.11481536214968829,0,1.4210854715202004e-14,False
inhale,140,8.8795607166860169,0.11614486138403426,0,2.8421709430404007e-14,False
inhale,140,8.8774517424603907,0.11748975549395298,0,4.9737991503207013e-14,False
inhale,140,8.8753215003681269,0.11885022274370183,0,8.5265128291212022e-14,False
inhale,140,8.8731697376832326,0.12022644346174129,0,7.1054273576010019e-14,False
inhale,140,8.8709962018906019,0.12161860006463679,0,9.2370555648813024e-14,False
inhale,140,8.8688006406905977,0.12302687708123815,0,1.2789769243681803e-13,False
inhale,140,8.8665828020037232,0.1244514611771385,0,1.2079226507921703e-13,False
inhale,140,8.8643424339754304,0.12589254117941673,0,1.3500311979441904e-13,False
inhale,140,8.862079284980922,0.12735030810166617,0,1.3500311979441904e-13,False
inhale,140,8.8597931036301283,0.12882495516931339,0,1.4921397450962104e-13,False
inhale,140,8.8574836387727256,0.13031667784522993,0,1.5631940186722204e-13,False
inhale,140,8.85515063950319,0.1318256738556407,0,-1.4921397450962104e-13,False
inhale,140,8.8527938551662455,0.1333521432163324,0,-1.9184653865522705e-13,False
inhale,140,8.8504130353618393,0.13489628825916536,0,-1.4921397450962104e-13,False
inhale,140,8.8480079299507022,0.13645831365889247,0,-1.8474111129762605e-13,False
inhale,140,8.8455782890598229,0.13803842646028849,0,-1.6342482922482304e-13,False
inhale,140,8.84312386308798,0.13963683610559377,0,-1.6342482922482304e-13,False
inhale,140,8.8406444027114208,0.14125375446227545,0,-1.3500311979441904e-13,False
inhale,140,8.8381396588895846,0.1428893958511103,0,-1.3500311979441904e-13,False
inhale,140,8.8356093828709792,0.14454397707459277,0,-1.2789769243681803e-13,False
inhale,140,8.8330533261990709,0.14621771744567183,0,-8.5265128291212022e-14,False
inhale,140,8.8304712407183246,0.14791083881682077,0,-7.815970093361102e-14,False
inhale,140,8.8278628785803157,0.14962356560944334,0,-7.1054273576010019e-14,False
inhale,140,8.8252279922499426,0.15135612484362079,0,-4.2632564145606011e-14,False
inhale,140,8.8225663345117056,0.15310874616820302,0,-5.6843418860808015e-14,False
inhale,140,8.8198776584761198,0.15488166189124811,0,-5.6843418860808015e-14,False
inhale,140,8.8171617175861865,0.15667510701081494,0,-5.6843418860808015e-14,False
inhale,140,8.8144182656239636,0.15848931924611134,0,-1.4210854715202004e-14,False
inhale,140,8.8116470567172431,0.16032453906900418,0,-1.4210854715202004e-14,False
inhale,140,8.8088478453463335,0.16218100973589297,0,0,False
inhale,140,8.8060203863508875,0.16405897731995392,0,-2.8421709430404007e-14,False
inhale,140,8.8031644349368872,0.16595869074375605,0,1.4210854715202004e-14,False
inhale,140,8.800279746683664,0.16788040181225602,0,7.1054273576010019e-15,False
inhale,140,8.797366077551068,0.16982436524617442,0,-2.1316282072803006e-14,False
inhale,140,8.7944231838867033,0.17179083871575881,0,7.1054273576010019e-15,False
inhale,140,8.7914508224332444,0.17378008287493754,0,7.1054273576010019e-15,False
inhale,140,8.7884487503359043,0.17579236139586926,0,-1.4210854715202004e-14,False
inhale,140,8.7854167251499469,0.17782794100389229,0,0,False
inhale,140,8.7823545048483052,0.17988709151287879,0,2.1316282072803006e-14,False
inhale,140,8.7792618478293214,0.18197008586099836,0,7.1054273576010019e-15,False
inhale,140,8.7761385129245788,0.18407720014689558,0,1.4210854715202004e-14,False
inhale,140,8.7729842594067922,0.18620871366628675,0,2.1316282072803006e-14,False
inhale,140,8.7697988469978689,0.18836490894898006,0,3.5527136788005009e-14,False
inhale,140,8.7665820358769952,0.19054607179632474,0,1.4210854715202004e-14,False
inhale,140,8.7633335866888871,0.19275249131909361,0,4.9737991503207013e-14,False
inhale,140,8.7600532605520787,0.19498445997580455,0,7.815970093361102e-14,False
inhale,140,8.7567408190673568,0.19724227361148533,0,7.815970093361102e-14,False
inhale,140,8.7533960243263085,0.19952623149688797,0,9.2370555648813024e-14,False
inhale,140,8.7500186389198955,0.20183663636815607,0,1.4210854715202004e-13,False
inhale,140,8.7466084259471994,0.20417379446695297,0,1.1368683772161603e-13,False
inhale,140,8.7431651490242785,0.20653801558105292,0,1.3500311979441904e-13,False
inhale,140,8.7396885722929856,0.20892961308540398,0,-1.7763568394002505e-13,False
inhale,140,8.7361784604302724,0.21134890398366465,0,-1.5631940186722204e-13,False
inhale,140,8.7326345786569544,0.21379620895022325,0,-1.4921397450962104e-13,False
inhale,140,8.7290566927471875,0.21627185237270202,0,-1.5631940186722204e-13,False
inhale,140,8.7254445690377676,0.21877616239495529,0,-1.2789769243681803e-13,False
inhale,140,8.7217979744375622,0.22130947096056375,0,-1.2789769243681803e-13,False
inhale,140,8.7181166764370523,0.223872113856834,0,-1.2079226507921703e-13,False
inhale,140,8.714400443118036,0.22646443075930595,0,-7.815970093361102e-14,False
inhale,140,8.7106490431633254,0.22908676527677729,0,-5.6843418860808015e-14,False
inhale,140,8.7068622458666791,0.23173946499684786,0,-6.3948846218409017e-14,False
inhale,140,8.7030398211427578,0.2344228815319922,0,-7.1054273576010019e-15,False
inhale,140,8.6991815395371805,0.23713737056616552,0,-2.1316282072803006e-14,False
inhale,140,8.6952871634127042,0.23988329190194904,0,7.1054273576010019e-15,False
inhale,140,8.691356420566354,0.24266100950824154,0,0,False
inhale,140,8.6873890308532076,0.24547089156850305,0,-2.8421709430404007e-14,False
inhale,140,8.68338471504652,0.24831331052955705,0,7.1054273576010019e-15,False
inhale,140,8.6793431948545656,0.25118864315095801,0,-7.1054273576010019e-15,False
inhale,140,8.6752641929376981,0.25409727055493053,0,2.1316282072803006e-14,False
inhale,140,8.6711474329255758,0.25703957827688639,0,0,False
inhale,140,8.6669926394346941,0.26001595631652719,0,-7.1054273576010019e-15,False
inhale,140,8.6627995380859879,0.26302679918953814,0,1.4210854715202004e-14,False
inhale,140,8.6585678555228043,0.26607250597988097,0,-1.4210854715202004e-14,False
inhale,140,8.6542973194289754,0.26915348039269155,0,2.8421709430404007e-14,False
inhale,140,8.64998765854717,0.27227013080779128,0,3.5527136788005009e-14,False
inhale,140,8.6456386026974066,0.27542287033381663,0,4.9737991503207013e-14,False
inhale,140,8.6412498827958508,0.2786121168629771,0,7.815970093361102e-14,False
inhale,140,8.6368212308737355,0.28183829312644537,0,7.815970093361102e-14,False
inhale,140,8.6323523800966058,0.28510182675039097,0,1.2789769243681803e-13,False
inhale,140,8.6278430647836597,0.28840315031266056,0,1.3500311979441904e-13,False
inhale,140,8.6232930204273543,0.29174270140011677,0,-1.2079226507921703e-13,False
inhale,140,8.6187019837134269,0.29512092266663853,0,-1.5631940186722204e-13,False
inhale,140,8.6140696925406299,0.298538261891796,0,-1.5631940186722204e-13,False
inhale,140,8.6093958860411899,0.3019951720402016,0,-1.3500311979441904e-13,False
inhale,140,8.6046803046012439,0.3054921113215513,0,-1.0658141036401503e-13,False
inhale,140,8.5999226898814971,0.30902954325135906,0,-7.1054273576010019e-14,False
inhale,140,8.5951227848381642,0.31260793671239551,0,-4.9737991503207013e-14,False
inhale,140,8.5902803337440439,0.31622776601683794,0,-3.5527136788005009e-14,False
inhale,140,8.5853950822098852,0.31988951096913981,0,-4.2632564145606011e-14,False
inhale,140,8.5804667772059062,0.32359365692962827,0,-3.5527136788005009e-14,False
inhale,140,8.575495167083556,0.32734069487883821,0,0,False
inhale,140,8.57048000159749,0.33113112148259111,0,2.1316282072803006e-14,False
inhale,140,8.5654210319277357,0.33496543915782767,0,2.1316282072803006e-14,False
inhale,140,8.5603180107021064,0.33884415613920255,0,-1.4210854715202004e-14,False
inhale,140,8.5551706920188195,0.3427677865464504,0,-7.1054273576010019e-15,False
inhale,140,8.5499788314692697,0.34673685045253166,0,3.5527136788005009e-14,False
inhale,140,8.5447421861610859,0.35075187395256802,0,-7.1054273576010019e-15,False
inhale,140,8.5394605147413927,0.35481338923357547,0,-1.4210854715202004e-14,False
inhale,140,8.5341335774202367,0.35892193464500527,0,3.5527136788005009e-14,False
inhale,140,8.5287611359942375,0.36307805477010141,0,6.3948846218409017e-14,False
inhale,140,8.5233429541193111,0.36728230049808469,0,9.2370555648813024e-14,False
inhale,140,8.5178788028543462,0.37153522909717257,0,1.2789769243681803e-13,False
inhale,140,8.5123684608806069,0.3758374042884442,0,1.3500311979441904e-13,False
inhale,140,8.5068117091400026,0.38018939632056115,0,-1.5631940186722204e-13,False
inhale,140,8.5012083306194537,0.38459178204535355,0,-1.4210854715202004e-13,False
inhale,140,8.4955581103821647,0.38904514499428056,0,-1.3500311979441904e-13,False
inhale,140,8.4898608355996785,0.39355007545577742,0,-9.9475983006414026e-14,False
inhale,140,8.4841162955839078,0.3981071705534972,0,-8.5265128291212022e-14,False
inhale,140,8.4783242818194502,0.40271703432545908,0,-4.2632564145606011e-14,False
inhale,140,8.4724845879961439,0.40738027780411273,0,-2.8421709430404007e-14,False
inhale,140,8.466597010041875,0.41209751909733022,0,7.1054273576010019e-15,False
inhale,140,8.4606613461555806,0.41686938347033542,0,7.1054273576010019e-15,False
inhale,140,8.4546773968405127,0.42169650342858223,0,7.1054273576010019e-15,False
inhale,140,8.4486449649377224,0.42657951880159267,0,0,False
inhale,140,8.4425638556597313,0.43151907682776525,0,1.4210854715202004e-14,False
inhale,140,8.4364338766244646,0.43651583224016599,0,1.4210854715202004e-14,False
inhale,140,8.4302548378893594,0.44157044735331252,0,4.2632564145606011e-14,False
inhale,140,8.4240265519856958,0.44668359215096315,0,1.4210854715202004e-14,False
inhale,140,8.4177488339531727,0.45185594437492238,0,4.9737991503207013e-14,False
inhale,140,8.4114215013745941,0.45708818961487507,0,9.9475983006414026e-14,False
inhale,140,8.4050443744108296,0.46238102139926035,0,1.1368683772161603e-13,False
inhale,140,8.3986172758358837,0.46773514128719823,0,-1.4210854715202004e-13,False
inhale,140,8.392140031072417,0.47315125896148053,0,-1.2789769243681803e-13,False
inhale,140,8.3856124682269346,0.47863009232263842,0,-1.2789769243681803e-13,False
inhale,140,8.3790344181256629,0.48417236758409943,0,-8.5265128291212022e-14,False
inhale,140,8.372405714350311,0.48977881936844625,0,-8.5265128291212022e-14,False
inhale,140,8.3657261932741367,0.4954501908047903,0,-3.5527136788005009e-14,False
inhale,140,8.3589956940980539,0.50118723362727235,0,-2.1316282072803006e-14,False
inhale,140,8.3522140588870233,0.50699070827470427,0,0,False
inhale,140,8.3453811326064784,0.51286138399136483,0,-2.1316282072803006e-14,False
inhale,140,8.3384967631589912,0.51880003892896109,0,7.1054273576010019e-15,False
inhale,140,8.3315608014209879,0.52480746024977254,0,0,False
inhale,140,8.3245731012796806,0.53088444423098835,0,7.1054273576010019e-15,False
inhale,140,8.3175335196700733,0.53703179637025267,0,1.4210854715202004e-14,False
inhale,140,8.3104419166120955,0.54325033149243318,0,2.1316282072803006e-14,False
inhale,140,8.3032981552478606,0.54954087385762451,0,7.815970093361102e-14,False
inhale,140,8.2961021018790273,0.5559042572704036,0,9.2370555648813024e-14,False
inhale,140,8.2888536260042613,0.56234132519034907,0,1.6342482922482304e-13,False
inhale,140,8.281552615232286,0.56885293084384148,0,-1.1368683772161603e-13,False
inhale,140,8.2741990200608573,0.57543993733715693,0,-1.3500311979441904e-13,False
inhale,140,8.2667928094895622,0.58210321777087148,0,-9.2370555648813024e-14,False
inhale,140,8.2593339562360519,0.58884365535558902,0,-4.9737991503207013e-14,False
inhale,140,8.2518224367820405,0.59566214352901048,0,-2.1316282072803006e-14,False
inhale,140,8.2442582313929318,0.60255958607435778,0,-2.1316282072803006e-14,False
inhale,140,8.2366413241570324,0.60953689724016924,0,-7.1054273576010019e-15,False
inhale,140,8.2289717030256764,0.61659500186148219,0,7.1054273576010019e-15,False
inhale,140,8.2212493598531768,0.62373483548241926,0,0,False
inhale,140,8.2134742904366771,0.63095734448019336,0,4.2632564145606011e-14,False
inhale,140,8.2056464945557259,0.63826348619054873,0,2.8421709430404007e-14,False
inhale,140,8.1977659760117447,0.64565422903465564,0,2.1316282072803006e-14,False
inhale,140,8.1898327426672406,0.65313055264747244,0,8.5265128291212022e-14,False
inhale,140,8.1818468064847512,0.66069344800759611,0,1.1368683772161603e-13,False
inhale,140,8.1738081835656011,0.66834391756861466,0,-1.1368683772161603e-13,False
inhale,140,8.1657168941885487,0.67608297539198192,0,-1.2789769243681803e-13,False
inhale,140,8.1575729628477536,0.68391164728142928,0,-4.9737991503207013e-14,False
inhale,140,8.1493764182908226,0.69183097091893642,0,-3.5527136788005009e-14,False
inhale,140,8.1411272935564742,0.69984199600227348,0,-2.1316282072803006e-14,False
inhale,140,8.1328256260117815,0.70794578438413791,0,0,False
inhale,140,8.1244714573891788,0.71614341021290195,0,7.1054273576010019e-15,False
inhale,140,8.1160648338230352,0.72443596007499,0,-7.1054273576010019e-15,False
inhale,140,8.1076058058859299,0.73282453313890406,0,7.1054273576010019e-15,False
inhale,140,8.0990944286244879,0.74131024130091749,0,2.8421709430404007e-14,False
inhale,140,8.0905307615948328,0.74989420933245587,0,5.6843418860808015e-14,False
inhale,140,8.081914868897611,0.75857757502918377,0,1.0658141036401503e-13,False
inhale,140,8.073246819212569,0.76736148936181892,0,1.2079226507921703e-13,False
inhale,140,8.0645266858326501,0.77624711662869172,0,-1.2079226507921703e-13,False
inhale,140,8.0557545466978198,0.78523563461007184,0,-9.9475983006414026e-14,False
inhale,140,8.0469304844279428,0.79432823472428149,0,-6.3948846218409017e-14,False
inhale,140,8.0380545863555959,0.80352612218561725,0,-2.8421709430404007e-14,False
inhale,140,8.0291269445581559,0.81283051616409929,0,-2.1316282072803006e-14,False
inhale,140,8.0201476558893443,0.82224264994707119,0,7.1054273576010019e-15,False
inhale,140,8.0111168220101909,0.83176377110267108,0,-1.4210854715202004e-14,False
inhale,140,8.0020345494194842,0.84139514164519513,0,1.4210854715202004e-14,False
inhale,140,7.9929009494835137,0.85113803820237655,0,1.4210854715202004e-14,False
inhale,140,7.9837161384652582,0.86099375218460072,0,5.6843418860808015e-14,False
inhale,140,7.974480241537182,0.87096358995608081,0,7.815970093361102e-14,False
inhale,140,7.9651934804261559,0.88104887300801427,0,-1.3500311979441904e-13,False
inhale,140,7.9558561732747632,0.89125093813374567,0,-1.0658141036401503e-13,False
inhale,140,7.9464686469289125,0.90157113760595708,0,-8.5265128291212022e-14,False
inhale,140,7.9370312329599635,0.91201083935590965,0,-4.9737991503207013e-14,False
inhale,140,7.9275442676710641,0.92257142715476315,0,-2.8421709430404007e-14,False
inhale,140,7.9180080921023821,0.93325430079699101,0,-7.1054273576010019e-15,False
inhale,140,7.9084230520350003,0.94406087628592328,0,7.1054273576010019e-15,False
inhale,140,7.8987894979935529,0.95499258602143589,0,1.4210854715202004e-14,False
inhale,140,7.8891077852476039,0.96605087898981334,0,7.1054273576010019e-15,False
inhale,140,7.8793782738116533,0.97723722095581067,0,4.9737991503207013e-14,False
inhale,140,7.86960132844386,0.98855309465693886,0,7.815970093361102e-14,False
inhale,140,7.8597773186433759,1,0,-1.4210854715202004e-13,False
inhale,140,7.8499066186465027,1.0115794542598988,0,-9.9475983006414026e-14,False
inhale,140,7.8399896074210718,1.0232929922807541,0,-8.5265128291212022e-14,False
inhale,140,7.8300266686598556,1.0351421666793441,0,-3.5527136788005009e-14,False
inhale,140,7.8200181907723234,1.0471285480508996,0,-7.1054273576010019e-15,False
inhale,140,7.8099645668750668,1.0592537251772887,0,0,False
inhale,140,7.7998661947807726,1.0715193052376064,0,2.1316282072803006e-14,False
inhale,140,7.7897234769857082,1.0839269140212033,0,0,False
inhale,140,7.7795368206558173,1.0964781961431851,0,2.8421709430404007e-14,False
inhale,140,7.7693066376112467,1.1091748152624008,0,6.3948846218409017e-14,False
inhale,140,7.7590333443094632,1.1220184543019636,0,9.9475983006414026e-14,False
inhale,140,7.7487173618268024,1.1350108156723149,0,-1.0658141036401503e-13,False
inhale,140,7.7383591158387057,1.1481536214968828,0,-9.2370555648813024e-14,False
inhale,140,7.7279590365980404,1.1614486138403426,0,-4.2632564145606011e-14,False
inhale,140,7.7175175589122835,1.1748975549395297,0,0,False
inhale,140,7.7070351221189615,1.1885022274370183,0,-1.4210854715202004e-14,False
inhale,140,7.6965121700596404,1.2022644346174132,0,0,False
inhale,140,7.685949151052264,1.2161860006463678,0,3.5527136788005009e-14,False
inhale,140,7.675346517861998,1.2302687708123818,0,3.5527136788005009e-14,False
inhale,140,7.6647047276705207,1.244514611771385,0,6.3948846218409017e-14,False
inhale,140,7.6540242420436266,1.2589254117941675,0,-1.2079226507921703e-13,False
inhale,140,7.6433055268975334,1.2735030810166617,0,-7.815970093361102e-14,False
inhale,140,7.6325490524631627,1.2882495516931343,0,-5.6843418860808015e-14,False
inhale,140,7.621755293249274,1.3031667784522993,0,-2.1316282072803006e-14,False
inhale,140,7.6109247280037478,1.3182567385564075,0,1.4210854715202004e-14,False
inhale,140,7.6000578396733998,1.333521432163324,0,7.1054273576010019e-15,False
inhale,140,7.5891551580236776,1.348962882591654,0,2.1316282072803006e-14,False
inhale,140,7.5782173869440754,1.3645831365889245,0,2.8421709430404007e-14,False
inhale,140,7.5672452752882817,1.3803842646028852,0,6.3948846218409017e-14,False
inhale,140,7.5562395739691377,1.3963683610559376,0,1.0658141036401503e-13,False
inhale,140,7.545201035870611,1.4125375446227548,0,-7.815970093361102e-14,False
inhale,140,7.5341304157585691,1.4288939585111029,0,-3.5527136788005009e-14,False
inhale,140,7.5230284701897947,1.4454397707459272,0,-3.5527136788005009e-14,False
inhale,140,7.5118959574201494,1.4621771744567182,0,0,False
inhale,140,7.5007336373111677,1.4791083881682072,0,-1.4210854715202004e-14,False
inhale,140,7.4895422712355515,1.4962356560944337,0,2.1316282072803006e-14,False
inhale,140,7.4783226219814036,1.513561248436208,0,2.1316282072803006e-14,False
inhale,140,7.4670754536553146,1.5310874616820302,0,4.9737991503207013e-14,False
inhale,140,7.4558015315843216,1.5488166189124812,0,8.5265128291212022e-14,False
inhale,140,7.444501622216757,1.5667510701081493,0,-7.1054273576010019e-14,False
inhale,140,7.4331764930222199,1.5848931924611134,0,-7.1054273576010019e-14,False
inhale,140,7.4218269123902347,1.6032453906900417,0,0,False
inhale,140,7.4104536495282129,1.6218100973589298,0,2.1316282072803006e-14,False
inhale,140,7.3990574743584334,1.6405897731995396,0,0,False
inhale,140,7.3876391574141289,1.6595869074375604,0,1.4210854715202004e-14,False
inhale,140,7.3761994697347681,1.6788040181225607,0,2.8421709430404007e-14,False
inhale,140,7.3647391827605393,1.6982436524617444,0,7.1054273576010019e-14,False
inhale,140,7.3532590682261203,1.7179083871575884,0,-8.5265128291212022e-14,False
inhale,140,7.3417598980538834,1.7378008287493754,0,-5.6843418860808015e-14,False
inhale,140,7.3302424442461911,1.7579236139586931,0,-1.4210854715202004e-14,False
inhale,140,7.31870747877739,1.7782794100389228,0,-1.4210854715202004e-14,False
inhale,140,7.3071557734851584,1.7988709151287883,0,-7.1054273576010019e-15,False
inhale,140,7.2955880999613862,1.8197008586099834,0,2.8421709430404007e-14,False
inhale,140,7.2840052294425943,1.8407720014689564,0,0,False
inhale,140,7.2724079327000712,1.8620871366628675,0,2.8421709430404007e-14,False
inhale,140,7.2607969799295775,1.883649089489801,0,8.5265128291212022e-14,False
inhale,140,7.2491731406408242,1.9054607179632472,0,-7.1054273576010019e-14,False
inhale,140,7.237537183546876,1.9275249131909356,0,-4.2632564145606011e-14,False
inhale,140,7.2258898764530697,1.9498445997580456,0,0,False
inhale,140,7.2142319861461388,1.9724227361148534,0,-7.1054273576010019e-15,False
inhale,140,7.2025642782831483,1.9952623149688797,0,1.4210854715202004e-14,False
inhale,140,7.190887517280439,2.0183663636815607,0,7.1054273576010019e-15,False
inhale,140,7.1792024662026339,2.0417379446695296,0,2.1316282072803006e-14,False
inhale,140,7.1675098911869508,2.0653801558105291,0,8.5265128291212022e-14,False
inhale,140,7.155810660595443,2.0892961308540396,0,-7.815970093361102e-14,False
inhale,140,7.1441057427241814,2.1134890398366464,0,-4.2632564145606011e-14,False
inhale,140,7.1323961049774587,2.1379620895022327,0,-1.4210854715202004e-14,False
inhale,140,7.1206827091883369,2.1627185237270199,0,-1.4210854715202004e-14,False
inhale,140,7.108966511495229,2.187761623949553,0,0,False
inhale,140,7.0972484622206933,2.2130947096056377,0,-7.1054273576010019e-15,False
inhale,140,7.0855295057525218,2.2387211385683399,0,1.4210854715202004e-14,False
inhale,140,7.0738105804271036,2.2646443075930596,0,8.5265128291212022e-14,False
inhale,140,7.0620926184151278,2.2908676527677736,0,-6.3948846218409017e-14,False
inhale,140,7.0503765456098755,2.3173946499684783,0,-5.6843418860808015e-14,False
inhale,140,7.0386632815176258,2.3442288153199229,0,-1.4210854715202004e-14,False
inhale,140,7.0269537391508869,2.3713737056616551,0,7.1054273576010019e-15,False
inhale,140,7.0152488249240168,2.3988329190194912,0,0,False
inhale,140,7.0035494385514783,2.4266100950824154,0,2.8421709430404007e-14,False
inhale,140,6.991856472948669,2.454708915685031,0,3.5527136788005009e-14,False
inhale,140,6.9801708141354917,2.4831331052955705,0,9.2370555648813024e-14,False
inhale,140,6.9684933411425103,2.511886431509581,0,-6.3948846218409017e-14,False
inhale,140,6.9568249259200616,2.5409727055493052,0,-4.9737991503207013e-14,False
inhale,140,6.9451664332497831,2.5703957827688635,0,0,False
inhale,140,6.9335187206592375,2.6001595631652723,0,-1.4210854715202004e-14,False
inhale,140,6.9218826383392429,2.6302679918953813,0,7.1054273576010019e-15,False
inhale,140,6.9102590290640213,2.6607250597988097,0,2.8421709430404007e-14,False
inhale,140,6.8986487281142512,2.6915348039269151,0,3.5527136788005009e-14,False
inhale,140,6.8870525632029835,2.7227013080779128,0,8.5265128291212022e-14,False
inhale,140,6.8754713544044535,2.7542287033381663,0,-6.3948846218409017e-14,False
inhale,140,6.8639059140859384,2.7861211686297707,0,-2.1316282072803006e-14,False
inhale,140,6.8523570468422799,2.8183829312644537,0,1.4210854715202004e-14,False
inhale,140,6.8408255494335997,2.85101826750391,0,0,False
inhale,140,6.8293122107258908,2.8840315031266055,0,-2.8421709430404007e-14,False
inhale,140,6.8178178116345389,2.9174270140011673,0,2.8421709430404007e-14,False
inhale,140,6.8063431250708177,2.9512092266663856,0,2.1316282072803006e-14,False
inhale,140,6.7948889158913852,2.9853826189179604,0,-5.6843418860808015e-14,False
inhale,140,6.783455940850776,3.0199517204020161,0,-4.9737991503207013e-14,False
inhale,140,6.7720449485567284,3.0549211132155141,0,-2.8421709430404007e-14,False
inhale,140,6.7606566794286369,3.0902954325135905,0,7.1054273576010019e-15,False
inhale,140,6.7492918656588685,3.126079367123956,0,7.1054273576010019e-15,False
inhale,140,6.7379512311770853,3.1622776601683795,0,0,False
inhale,140,6.726635503733255,3.1988951096913989,0,7.1054273576010019e-15,False
inhale,140,6.7153454501549534,3.2359365692962827,0,4.9737991503207013e-14,False
inhale,140,6.7040818381351936,3.273406948788383,0,-7.815970093361102e-14,False
inhale,140,6.6928454238653341,3.3113112148259112,0,-5.6843418860808015e-14,False
inhale,140,6.6816369520545313,3.3496543915782775,0,-7.1054273576010019e-15,False
inhale,140,6.6704571559533878,3.3884415613920256,0,-7.1054273576010019e-15,False
inhale,140,6.6593067573814126,3.4276778654645046,0,-7.1054273576010019e-15,False
inhale,140,6.6481864667583004,3.4673685045253166,0,1.4210854715202004e-14,False
inhale,140,6.6370969831389379,3.5075187395256795,0,-1.4210854715202004e-14,False
inhale,140,6.6260389942520916,3.548133892335755,0,4.2632564145606011e-14,False
inhale,140,6.6150131765425968,3.5892193464500517,0,-7.815970093361102e-14,False
inhale,140,6.604020195217208,3.630780547701014,0,-4.9737991503207013e-14,False
inhale,140,6.5930607042935909,3.6728230049808461,0,-2.8421709430404007e-14,False
inhale,140,6.5821353466528469,3.715352290971726,0,-1.4210854715202004e-14,False
inhale,140,6.5712447540952059,3.7583740428844412,0,0,False
inhale,140,6.5603895473988221,3.8018939632056128,0,7.1054273576010019e-15,False
inhale,140,6.5495703363816924,3.8459178204535354,0,2.8421709430404007e-14,False
inhale,140,6.5387877199665061,3.8904514499428067,0,4.9737991503207013e-14,False
inhale,140,6.5280422862483647,3.9355007545577743,0,-5.6843418860808015e-14,False
inhale,140,6.5173346125654135,3.9810717055349731,0,-7.1054273576010019e-14,False
inhale,140,6.5066652655720079,4.0271703432545909,0,-2.1316282072803006e-14,False
inhale,140,6.4960348013146083,4.0738027780411281,0,0,False
inhale,140,6.4854437653102242,4.1209751909733017,0,-1.4210854715202004e-14,False
inhale,140,6.4748926926272734,4.1686938347033546,0,1.4210854715202004e-14,False
inhale,140,6.4643821079687855,4.2169650342858223,0,2.1316282072803006e-14,False
inhale,140,6.4539125257579064,4.2657951880159279,0,4.9737991503207013e-14,False
inhale,140,6.4434844502255775,4.3151907682776525,0,-6.3948846218409017e-14,False
inhale,140,6.4330983755003937,4.365158322401661,0,-4.9737991503207013e-14,False
inhale,140,6.4227547857003069,4.4157044735331255,0,-2.8421709430404007e-14,False
inhale,140,6.4124541550264276,4.4668359215096327,0,-1.4210854715202004e-14,False
inhale,140,6.402196947858501,4.5185594437492238,0,-8.4554585555451922e-13,False
inhale,140,6.3919836188528638,4.5708818961487516,0,-1.4210854715202004e-14,False
inhale,140,6.3818146130402713,4.6238102139926029,0,1.4210854715202004e-14,False
inhale,140,6.3716903659277664,4.6773514128719809,0,2.1316282072803006e-14,False
inhale,140,6.361611303600248,4.7315125896148054,0,6.3948846218409017e-14,False
inhale,140,6.3515778428241756,4.7863009232263831,0,-7.1054273576010019e-14,False
inhale,140,6.3415903911526579,4.8417236758409938,0,-4.9737991503207013e-14,False
inhale,140,6.331649345346352,4.8977881936844616,0,0,False
inhale,140,6.3217550543299268,4.9545019080479031,0,-7.1054273576010019e-15,False
inhale,140,6.3119078189868123,5.011872336272722,0,-7.1054273576010019e-15,False
inhale,140,6.3021079292361204,5.0699070827470445,0,-1.4210854715202004e-14,False
inhale,140,6.2923556658604332,5.1286138399136485,0,7.1054273576010019e-15,False
inhale,140,6.28265130065141,5.1880003892896118,0,4.2632564145606011e-14,False
inhale,140,6.2729950965554808,5.2480746024977254,0,-8.5265128291212022e-14,False
inhale,140,6.2633873078196682,5.3088444423098844,0,-6.3948846218409017e-14,False
inhale,140,6.2538281801371687,5.3703179637025267,0,0,False
inhale,140,6.244317950792964,5.4325033149243334,0,7.1054273576010019e-15,False
inhale,140,6.2348568488091551,5.4954087385762458,0,-3.979039320256561e-13,False
inhale,140,6.2254450950903193,5.5590425727040369,0,0,False
inhale,140,6.2160829025677478,5.6234132519034912,0,0,False
inhale,140,6.206770476344369,5.6885293084384161,0,3.5527136788005009e-14,False
inhale,140,6.1975080138384024,5.7543993733715695,0,5.6843418860808015e-14,False
inhale,140,6.1882957049268308,5.8210321777087159,0,-6.3948846218409017e-14,False
inhale,140,6.1791337320883102,5.8884365535558896,0,-3.5527136788005009e-14,False
inhale,140,6.1700222705452807,5.9566214352901063,0,-3.5527136788005009e-14,False
inhale,140,6.1609614884056016,6.0255958607435778,0,-7.1054273576010019e-15,False
inhale,140,6.1519515468033656,6.095368972401694,0,-2.1316282072803006e-14,False
inhale,140,6.1429926000389576,6.1659500186148222,0,-2.1316282072803006e-14,False
inhale,140,6.1340847957182945,6.2373483548241913,0,2.8421709430404007e-14,False
inhale,140,6.1252282748912084,6.3095734448019334,0,1.4210854715202004e-14,False
inhale,140,6.1164231721889584,6.382634861905486,0,5.6843418860808015e-14,False
inhale,140,6.1076696159607371,6.4565422903465564,0,-7.815970093361102e-14,False
inhale,140,6.0989677284093498,6.5313055264747231,0,-2.8421709430404007e-14,False
inhale,140,6.0903176257256622,6.6069344800759611,0,-4.9737991503207013e-14,False
inhale,140,6.0817194182222201,6.6834391756861455,0,-2.1316282072803006e-14,False
inhale,140,6.0731732104656828,6.7608297539198192,0,-7.1054273576010019e-15,False
inhale,140,6.0646791014082027,6.8391164728142924,0,7.1054273576010019e-15,False
inhale,140,6.0562371845176504,6.9183097091893657,0,0,False
inhale,140,6.0478475479067377,6.9984199600227344,0,3.5527136788005009e-14,False
inhale,140,6.0395102744608904,7.0794578438413804,0,6.3948846218409017e-14,False
inhale,140,6.0312254419649758,7.1614341021290198,0,-9.2370555648813024e-14,False
inhale,140,6.0229931232288996,7.2443596007499025,0,-4.2632564145606011e-14,False
inhale,140,6.0148133862117419,7.3282453313890406,0,-3.5527136788005009e-14,False
inhale,140,6.0066862941448651,7.4131024130091774,0,-2.1316282072803006e-14,False
inhale,140,5.9986119056536635,7.4989420933245583,0,0,False
inhale,140,5.990590249926476,7.5857757502918401,0,0,False
inhale,140,5.9826212524831552,7.6736148936181898,0,-1.4210854715202004e-14,False
inhale,140,5.9747048110231376,7.7624711662869199,0,7.1054273576010019e-15,False
inhale,140,5.9668408206052774,7.8523563461007182,0,2.1316282072803006e-14,False
inhale,140,5.9590291737475409,7.9432823472428176,0,4.2632564145606011e-14,False
inhale,140,5.9512697605249194,8.0352612218561728,0,-8.5265128291212022e-14,False
inhale,140,5.943562468665557,8.1283051616409949,0,-7.1054273576010019e-14,False
inhale,140,5.9359071836449804,8.2224264994707124,0,-3.5527136788005009e-14,False
inhale,140,5.9283037887786856,8.317637711026709,0,7.1054273576010019e-15,False
inhale,140,5.9207521653129422,8.4139514164519511,0,-1.4210854715202004e-14,False
inhale,140,5.9132521925138626,8.5113803820237628,0,7.1054273576010019e-15,False
inhale,140,5.9058037477547209,8.6099375218460068,0,-7.1054273576010019e-15,False
inhale,140,5.8984067066016657,8.709635899560805,0,-1.4210854715202004e-14,False
inhale,140,5.8910609428976803,8.8104887300801416,0,1.4210854715202004e-14,False
inhale,140,5.8837663288449225,8.9125093813374541,0,3.5527136788005009e-14,False
inhale,140,5.8765227350854543,9.0157113760595706,0,7.815970093361102e-14,False
inhale,140,5.8693300307802891,9.1201083935590965,0,-9.2370555648813024e-14,False
inhale,140,5.8621880836870126,9.2257142715476341,0,-4.9737991503207013e-14,False
inhale,140,5.8550967602355835,9.3325430079699103,0,-3.5527136788005009e-14,False
inhale,140,5.8480559256028108,9.4406087628592363,0,-1.4210854715202004e-14,False
inhale,140,5.8410654437851983,9.5499258602143584,0,-1.4210854715202004e-14,False
inhale,140,5.8341251776703151,9.6605087898981363,0,-2.8421709430404007e-14,False
inhale,140,5.8272349891066728,9.7723722095581067,0,-1.4210854715202004e-14,True
inhale,140,5.8203947389721522,9.885530946569391,0,2.8421709430404007e-14,True
inhale,140,5.8136042872409783,10,0,2.1316282072803006e-14,True
inhale,140,5.8068634930493177,10.115794542598982,0,2.8421709430404007e-14,True
inhale,140,5.8001722147594252,10.232929922807546,0,6.3948846218409017e-14,True
inhale,140,5.7935303100224589,10.351421666793442,0,-5.6843418860808015e-14,True
inhale,140,5.7869376358400029,10.471285480508996,0,-7.815970093361102e-14,True
inhale,140,5.7803940486240997,10.592537251772887,0,-6.3948846218409017e-14,True
inhale,140,5.7738994042561602,10.715193052376071,0,1.4210854715202004e-14,True
inhale,140,5.7674535581444735,10.839269140212039,0,-2.1316282072803006e-14,True
inhale,140,5.7610563652805409,10.964781961431852,0,-1.4210854715202004e-14,True
inhale,140,5.7547076802941097,11.091748152624008,0,7.1054273576010019e-15,True
inhale,140,5.7484073575070243,11.220184543019629,0,2.8421709430404007e-14,True
inhale,140,5.7421552509858822,11.350108156723154,0,2.8421709430404007e-14,True
inhale,140,5.7359512145935261,11.481536214968829,0,1.4210854715202004e-14,True
inhale,140,5.7297950992931819,11.614486138403427,0,5.6843418860808015e-14,True
inhale,140,5.7236866930210573,11.748975549395292,0,9.2370555648813024e-14,True
inhale,140,5.7176257217448763,11.88502227437019,0,-9.2370555648813024e-14,True
inhale,140,5.711611910331607,12.022644346174131,0,-8.5265128291212022e-14,True
inhale,140,5.7056449853130147,12.161860006463678,0,-5.6843418860808015e-14,True
inhale,140,5.6997246748956272,12.302687708123811,0,-2.8421709430404007e-14,True
inhale,140,5.6938507089699435,12.445146117713856,0,-1.4210854715202004e-14,True
inhale,140,5.6880228191189897,12.589254117941675,0,7.1054273576010019e-15,True
inhale,140,5.682240738626235,12.735030810166617,0,-7.1054273576010019e-15,True
inhale,140,5.676504202482918,12.882495516931336,0,-7.1054273576010019e-15,True
inhale,140,5.6708129473947633,13.031667784523,0,-7.1054273576010019e-15,True
inhale,140,5.6651667117881379,13.182567385564074,0,0,True
inhale,140,5.6595652358156574,13.33521432163324,0,2.8421709430404007e-14,True
inhale,140,5.6540082613612235,13.489628825916533,0,5.6843418860808015e-14,True
inhale,140,5.6484955320446044,13.645831365889252,0,5.6843418860808015e-14,True
inhale,140,5.6430267932254337,13.803842646028853,0,-6.3948846218409017e-14,True
inhale,140,5.6376017920068646,13.963683610559377,0,-9.2370555648813024e-14,True
inhale,140,5.6322202772385666,14.12537544622754,0,-6.3948846218409017e-14,True
inhale,140,5.6268819995194166,14.288939585111036,0,-3.5527136788005009e-14,True
inhale,140,5.6215867111997264,14.454397707459281,0,0,True
inhale,140,5.6163341663830124,14.621771744567184,0,-1.4210854715202004e-14,True
inhale,140,5.6111241209274194,14.791083881682072,0,0,True
inhale,140,5.6059563324466968,14.962356560944343,0,1.4210854715202004e-14,True
inhale,140,5.6008305603108317,15.135612484362087,0,7.1054273576010019e-15,True
inhale,140,5.5957465656463423,15.310874616820303,0,7.1054273576010019e-15,True
inhale,140,5.5907041113361613,15.488166189124811,0,-7.1054273576010019e-15,True
inhale,140,5.5857029620192495,15.667510701081484,0,4.2632564145606011e-14,True
inhale,140,5.580742884089851,15.848931924611142,0,5.6843418860808015e-14,True
inhale,140,5.5758236456964498,16.032453906900418,0,5.6843418860808015e-14,True
inhale,140,5.5709450167404402,16.218100973589298,0,9.9475983006414026e-14,True
inhale,140,5.5661067688744605,16.405897731995388,0,-8.5265128291212022e-14,True
inhale,140,5.5613086755006034,16.595869074375614,0,-7.1054273576010019e-14,True
inhale,140,5.5565505117681058,16.788040181225607,0,-7.1054273576010019e-14,True
inhale,140,5.5518320545710464,16.982436524617444,0,-3.5527136788005009e-14,True
inhale,140,5.5471530825456448,17.179083871575877,0,-2.1316282072803006e-14,True
inhale,140,5.5425133760674008,17.378008287493763,0,-7.1054273576010019e-15,True
inhale,140,5.5379127172479796,17.579236139586932,0,-7.1054273576010019e-15,True
inhale,140,5.5333508899319073,17.782794100389228,0,0,True
inhale,140,5.5288276664970484,17.988709151287875,0,7.1054273576010019e-15,True
inhale,140,5.5243427685975286,18.197008586099845,0,7.1054273576010019e-15,True
inhale,140,5.5198959073221614,18.407720014689563,0,7.1054273576010019e-15,True
inhale,140,5.5154867964464618,18.620871366628677,0,0,True
inhale,140,5.5111151524040096,18.836490894898002,0,1.4210854715202004e-14,True
inhale,140,5.5067806942580901,19.054607179632484,0,3.5527136788005009e-14,True
inhale,140,5.5024831436736132,19.275249131909366,0,4.9737991503207013e-14,True
inhale,140,5.498222224889334,19.498445997580454,0,1.2079226507921703e-13,True
inhale,140,5.4939976646902808,19.724227361148536,0,-9.2370555648813024e-14,True
inhale,140,5.4898091923806538,19.952623149688808,0,-9.9475983006414026e-14,True
inhale,140,5.4856565397566834,20.183663636815616,0,-7.1054273576010019e-14,True
inhale,140,5.4815394410800513,20.417379446695296,0,-2.8421709430404007e-14,True
inhale,140,5.4774576330514346,20.65380155810529,0,-3.5527136788005009e-14,True
inhale,140,5.4734108547843849,20.892961308540386,0,-3.5527136788005009e-14,True
inhale,140,5.4693988477794342,21.134890398366476,0,0,True
inhale,140,5.465421355898501,21.379620895022324,0,-7.1054273576010019e-15,True
inhale,140,5.4614781253395446,21.627185237270201,0,-7.1054273576010019e-15,True
inhale,140,5.4575689046114944,21.87761623949552,0,-2.1316282072803006e-14,True
inhale,140,5.4536934445094536,22.130947096056389,0,2.1316282072803006e-14,True
inhale,140,5.4498514980901209,22.387211385683401,0,2.8421709430404007e-14,True
inhale,140,5.4460428206475369,22.646443075930595,0,-1.4210854715202004e-14,True
inhale,140,5.4422671696890426,22.908676527677724,0,1.4210854715202004e-14,True
inhale,140,5.4385243049114962,23.173946499684796,0,2.8421709430404007e-14,True
inhale,140,5.4348139881777779,23.442288153199225,0,7.815970093361102e-14,True
inhale,140,5.4311359834935073,23.713737056616552,0,6.3948846218409017e-14,True
inhale,140,5.4274900569840403,23.9883291901949,0,8.5265128291212022e-14,True
inhale,140,5.4238759768716802,24.266100950824168,0,-1.0658141036401503e-13,False
inhale,140,5.4202935134532435,24.547089156850312,0,-1.1368683772161603e-13,False
inhale,140,5.4167424390776722,24.831331052955704,0,-1.1368683772161603e-13,False
inhale,140,5.413222528124062,25.118864315095795,0,-8.5265128291212022e-14,False
inhale,140,5.4097335569798801,25.409727055493065,0,-6.3948846218409017e-14,False
inhale,140,5.4062753040194016,25.703957827688647,0,-4.2632564145606011e-14,False
inhale,140,5.402847549582396,26.001595631652723,0,-7.1054273576010019e-15,False
inhale,140,5.3994500759530508,26.302679918953814,0,-3.5527136788005009e-14,False
inhale,140,5.3960826673391358,26.607250597988113,0,-2.1316282072803006e-14,False
inhale,140,5.3927451098513721,26.915348039269166,0,7.1054273576010019e-15,False
inhale,140,5.3894371914829504,27.227013080779127,0,-8.4554585555451922e-13,False
inhale,140,5.3861587013788892,27.542287033381662,0,0,False
inhale,140,5.3829094142302196,27.861211686297693,0,2.1316282072803006e-14,False
inhale,140,5.3796890904934598,28.183829312644551,0,7.1054273576010019e-15,False
inhale,140,5.3764974921059361,28.510182675039097,0,-7.1054273576010019e-15,False
inhale,140,5.3733343831693299,28.840315031266059,0,6.3948846218409017e-14,False
inhale,140,5.370199529920419,29.174270140011661,0,7.1054273576010019e-15,False
inhale,140,5.3670927007023579,29.512092266663871,0,3.5527136788005009e-14,False
inhale,140,5.3640136659362465,29.853826189179603,0,7.815970093361102e-14,False
inhale,140,5.3609621980932083,30.199517204020161,0,6.3948846218409017e-14,False
inhale,140,5.3579380716668394,30.549211132155122,0,8.5265128291212022e-14,False
inhale,140,5.3549410631460503,30.902954325135919,0,9.9475983006414026e-14,False
inhale,140,5.3519709509883029,31.260793671239558,0,-1.2789769243681803e-13,False
inhale,140,5.3490275155933302,31.622776601683793,0,-1.3500311979441904e-13,False
inhale,140,5.3461105392770181,31.988951096913972,0,-6.3948846218409017e-14,False
inhale,140,5.3432198062458607,32.359365692962847,0,-9.9475983006414026e-14,False
inhale,140,5.3403551025717384,32.734069487883829,0,-8.5265128291212022e-14,False
inhale,140,5.3375162161670007,33.113112148259113,0,-5.6843418860808015e-14,False
inhale,140,5.3347029367599461,33.496543915782759,0,-4.9737991503207013e-14,False
inhale,140,5.3319150558706641,33.884415613920275,0,-1.4210854715202004e-14,False
inhale,140,5.3291523667871887,34.276778654645049,0,-7.1054273576010019e-15,False
inhale,140,5.3264146645420105,34.673685045253166,0,0,False
inhale,140,5.3237017458889246,35.075187395256798,0,-1.4210854715202004e-14,False
inhale,140,5.3210134092801953,35.481338923357569,0,-7.1054273576010019e-15,False
inhale,140,5.3183494548440562,35.892193464500536,0,1.2789769243681803e-13,False
inhale,140,5.3157096843623313,36.307805477010142,0,7.1054273576010019e-15,False
inhale,140,5.3130939012483633,36.72823004980846,0,7.1054273576010019e-15,False
inhale,140,5.3105019105257982,37.153522909717239,0,-1.4210854715202004e-14,False
inhale,140,5.3079335188075474,37.583740428844429,0,0,False
inhale,140,5.3053885342747638,38.018939632056124,0,7.1054273576010019e-15,False
inhale,140,5.3028667666561518,38.459178204535355,0,0,False
inhale,140,5.3003680272075586,38.904514499428046,0,0,False
inhale,140,5.2978921286918528,39.355007545577763,0,5.6843418860808015e-14,False
inhale,140,5.2954388853590499,39.810717055349734,0,4.9737991503207013e-14,False
inhale,140,5.2930081129267847,40.271703432545905,0,6.3948846218409017e-14,False
inhale,140,5.2905996285609689,40.738027780411258,0,7.815970093361102e-14,False
inhale,140,5.288213250856785,41.209751909733043,0,8.5265128291212022e-14,False
inhale,140,5.2858487998198962,41.686938347033553,0,8.5265128291212022e-14,False
inhale,140,5.283506096847943,42.169650342858226,0,1.1368683772161603e-13,False
inhale,140,5.2811849640665187,42.657951880159253,0,-1.2079226507921703e-13,False
inhale,140,5.2788852224081815,43.151907682776546,0,-1.3500311979441904e-13,False
inhale,140,5.276606693589847,43.651583224016612,0,-9.9475983006414026e-14,False
inhale,140,5.2743492007468618,44.157044735331255,0,-1.0658141036401503e-13,False
inhale,140,5.2721125684128989,44.668359215096302,0,-9.9475983006414026e-14,False
inhale,140,5.2698966225001618,45.185594437492263,0,-7.1054273576010019e-14,False
inhale,140,5.2677011902798831,45.708818961487516,0,-7.815970093361102e-14,False
inhale,140,5.2655261003631244,46.238102139926035,0,-6.3948846218409017e-14,False
inhale,140,5.2633711826818725,46.77351412871981,0,-2.1316282072803006e-14,False
inhale,140,5.2612362684703653,47.315125896148075,0,-5.6843418860808015e-14,False
inhale,140,5.2591211902467832,47.863009232263849,0,-3.5527136788005009e-14,False
inhale,140,5.2570257817951047,48.417236758409942,0,0,False
inhale,140,5.2549498781473156,48.977881936844611,0,7.1054273576010019e-15,False
inhale,140,5.2528933155658306,49.545019080479001,0,0,False
inhale,140,5.250855931526198,50.118723362727252,0,7.1054273576010019e-15,False
inhale,140,5.2488375647000289,50.699070827470443,0,7.1054273576010019e-15,False
inhale,140,5.2468380549382134,51.286138399136483,0,7.1054273576010019e-15,False
inhale,140,5.2448572432543408,51.880003892896092,0,0,False
inhale,140,5.242894971808381,52.480746024977286,0,-7.1054273576010019e-15,False
inhale,140,5.2409510838906073,53.088444423098849,0,-2.1316282072803006e-14,False
inhale,140,5.2390254239057334,53.703179637025272,0,2.1316282072803006e-14,False
inhale,140,5.237117837357288,54.325033149243303,0,2.8421709430404007e-14,False
inhale,140,5.2352281708322099,54.954087385762485,0,-7.1054273576010019e-15,False
inhale,140,5.233356271985679,55.590425727040369,0,7.1054273576010019e-15,False
inhale,140,5.231501989526131,56.234132519034908,0,1.4210854715202004e-14,False
inhale,140,5.2296651732005142,56.885293084384131,0,2.1316282072803006e-14,False
inhale,140,5.2278456737797425,57.543993733715723,0,3.5527136788005009e-14,False
inhale,140,5.226043343044366,58.210321777087159,0,4.2632564145606011e-14,False
inhale,140,5.224258033770421,58.884365535558899,0,5.6843418860808015e-14,False
inhale,140,5.2224895997155079,59.566214352901035,0,7.1054273576010019e-14,False
inhale,140,5.2207378956050343,60.255958607435808,0,7.815970093361102e-14,False
inhale,140,5.2190027771186838,60.95368972401694,0,8.5265128291212022e-14,False
inhale,140,5.2172841008770527,61.659500186148222,0,9.9475983006414026e-14,False
inhale,140,5.2155817244284686,62.373483548241914,0,1.0658141036401503e-13,False
inhale,140,5.2138955062360157,63.095734448019364,0,1.2789769243681803e-13,False
inhale,140,5.2122253056646821,63.82634861905489,0,-1.3500311979441904e-13,False
inhale,140,5.2105709829688633,64.56542290346556,0,-1.2079226507921703e-13,False
inhale,140,5.2089323992797167,65.313055264747234,0,-1.1368683772161603e-13,False
inhale,140,5.2073094165930032,66.06934480075958,0,-1.2789769243681803e-13,False
inhale,140,5.2057018977569429,66.834391756861493,0,-1.0658141036401503e-13,False
inhale,140,5.2041097064602555,67.60829753919819,0,-1.0658141036401503e-13,False
inhale,140,5.2025327072203948,68.391164728142925,0,-9.2370555648813024e-14,False
inhale,140,5.2009707653719062,69.183097091893629,0,-7.1054273576010019e-14,False
inhale,140,5.1994237470549773,69.984199600227385,0,-6.3948846218409017e-14,False
inhale,140,5.1978915192041217,70.794578438413808,0,-5.6843418860808015e-14,False
inhale,140,5.1963739495370254,71.614341021290201,0,-4.2632564145606011e-14,False
inhale,140,5.1948709065435477,72.443596007498982,0,-4.9737991503207013e-14,False
inhale,140,5.1933822594748653,73.282453313890443,0,-3.5527136788005009e-14,False
inhale,140,5.191907878332767,74.131024130091774,0,0,False
inhale,140,5.1904476338590753,74.989420933245583,0,-4.2632564145606011e-14,False
inhale,140,5.1890013975252662,75.857757502918361,0,-1.4210854715202004e-14,False
inhale,140,5.1875690415221429,76.736148936181934,0,7.1054273576010019e-15,False
inhale,140,5.1861504387497197,77.624711662869203,0,-1.4210854715202004e-14,False
inhale,140,5.1847454628072187,78.523563461007186,0,-7.1054273576010019e-15,False
inhale,140,5.1833539879831818,79.43282347242814,0,7.1054273576010019e-15,False
inhale,140,5.181975889245745,80.352612218561774,0,7.1054273576010019e-15,False
inhale,140,5.1806110422330178,81.283051616409949,0,-7.1054273576010019e-15,False
inhale,140,5.1792593232436177,82.224264994707127,0,0,False
inhale,140,5.1779206092272867,83.176377110267083,0,1.4210854715202004e-14,False
inhale,140,5.1765947777756862,84.139514164519554,0,7.1054273576010019e-15,False
inhale,140,5.1752817071132782,85.113803820237678,0,7.1054273576010019e-15,False
inhale,140,5.1739812760883321,86.099375218460082,0,0,False
inhale,140,5.1726933641640622,87.096358995608057,0,0,False
inhale,140,5.1714178514098705,88.10488730080138,0,7.1054273576010019e-15,False
inhale,140,5.1701546184927105,89.12509381337459,0,1.4210854715202004e-14,False
inhale,140,5.1689035466685693,90.157113760595706,0,-1.4210854715202004e-14,False
inhale,140,5.167664517774055,91.201083935590972,0,2.1316282072803006e-14,False
inhale,140,5.1664374142180778,92.257142715476292,0,-1.4210854715202004e-14,False
inhale,140,5.1652221189736975,93.325430079699146,0,-1.4210854715202004e-14,False
inhale,140,5.1640185155700031,94.40608762859236,0,2.1316282072803006e-14,False
inhale,140,5.162826488084149,95.499258602143584,0,0,False
inhale,140,5.1616459211334895,96.60508789898131,0,2.8421709430404007e-14,False
inhale,140,5.160476699867794,97.72372209558111,0,2.1316282072803006e-14,False
inhale,140,5.1593187099615863,98.855309465693907,0,2.1316282072803006e-14,False
inhale,140,5.158171837606579,100,0,4.2632564145606011e-14,False
exhale,50,5.0040311755094509,0.10000000000000001,0,-2.5579538487363607e-13,False
exhale,50,5.0039352987194308,0.10115794542598985,0,-2.4158453015843406e-13,False
exhale,50,5.0038385041087983,0.10232929922807542,0,-2.4158453015843406e-13,False
exhale,50,5.0037407812954866,0.10351421666793438,0,-2.4158453015843406e-13,False
exhale,50,5.0036421198983314,0.10471285480508996,0,-2.5579538487363607e-13,False
exhale,50,5.0035425095370885,0.10592537251772889,0,-2.2737367544323206e-13,False
exhale,50,5.0034419398324603,0.10715193052376065,0,-2.4158453015843406e-13,False
exhale,50,5.0033404004061035,0.10839269140212036,0,-2.8421709430404007e-13,False
exhale,50,5.003237880880663,0.10964781961431851,0,-2.1316282072803006e-13,False
exhale,50,5.0031343708797689,0.11091748152624012,0,-2.5579538487363607e-13,False
exhale,50,5.0030298600280778,0.11220184543019636,0,-2.5579538487363607e-13,False
exhale,50,5.0029243379512813,0.11350108156723152,0,-2.1316282072803006e-13,False
exhale,50,5.0028177942761323,0.11481536214968829,0,-2.1316282072803006e-13,False
exhale,50,5.0027102186304546,0.11614486138403426,0,-2.7000623958883807e-13,False
exhale,50,5.0026016006431862,0.11748975549395298,0,-2.2737367544323206e-13,False
exhale,50,5.0024919299443669,0.11885022274370183,0,-2.7000623958883807e-13,False
exhale,50,5.0023811961651932,0.12022644346174129,0,-2.4158453015843406e-13,False
exhale,50,5.0022693889380205,0.12161860006463679,0,-2.5579538487363607e-13,False
exhale,50,5.0021564978963955,0.12302687708123815,0,-2.2737367544323206e-13,False
exhale,50,5.0020425126750609,0.1244514611771385,0,-2.4158453015843406e-13,False
exhale,50,5.0019274229100095,0.12589254117941673,0,-2.5579538487363607e-13,False
exhale,50,5.0018112182384726,0.12735030810166617,0,-2.5579538487363607e-13,False
exhale,50,5.0016938882989734,0.12882495516931339,0,-2.4158453015843406e-13,False
exhale,50,5.0015754227313316,0.13031667784522993,0,-2.2737367544323206e-13,False
exhale,50,5.0014558111766911,0.1318256738556407,0,-2.1316282072803006e-13,False
exhale,50,5.0013350432775487,0.1333521432163324,0,-2.4158453015843406e-13,False
exhale,50,5.0012131086777849,0.13489628825916536,0,-2.2737367544323206e-13,False
exhale,50,5.0010899970226665,0.13645831365889247,0,-2.4158453015843406e-13,False
exhale,50,5.0009656979589012,0.13803842646028849,0,-2.4158453015843406e-13,False
exhale,50,5.0008402011346407,0.13963683610559377,0,-2.2737367544323206e-13,False
exhale,50,5.0007134961995217,0.14125375446227545,0,-1.9895196601282805e-13,False
exhale,50,5.0005855728046757,0.1428893958511103,0,-2.1316282072803006e-13,False
exhale,50,5.0004564206027773,0.14454397707459277,0,-2.1316282072803006e-13,False
exhale,50,5.0003260292480514,0.14621771744567183,0,-1.8474111129762605e-13,False
exhale,50,5.0001943883963156,0.14791083881682077,0,-1.8474111129762605e-13,False
exhale,50,5.000061487704996,0.14962356560944334,0,-2.2737367544323206e-13,False
exhale,50,4.9999273168331673,0.15135612484362079,0,-1.9895196601282805e-13,False
exhale,50,4.9997918654415709,0.15310874616820302,0,-1.9895196601282805e-13,False
exhale,50,4.9996551231926425,0.15488166189124811,0,-2.1316282072803006e-13,False
exhale,50,4.9995170797505564,0.15667510701081494,0,-1.9895196601282805e-13,False
exhale,50,4.9993777247812368,0.15848931924611134,0,-2.4158453015843406e-13,False
exhale,50,4.9992370479524011,0.16032453906900418,0,-1.9895196601282805e-13,False
exhale,50,4.9990950389335795,0.16218100973589297,0,-1.8474111129762605e-13,False
exhale,50,4.9989516873961515,0.16405897731995392,0,-1.8474111129762605e-13,False
exhale,50,4.9988069830133757,0.16595869074375605,0,-1.9895196601282805e-13,False
exhale,50,4.9986609154604178,0.16788040181225602,0,-2.1316282072803006e-13,False
exhale,50,4.9985134744143922,0.16982436524617442,0,-1.8474111129762605e-13,False
exhale,50,4.9983646495543743,0.17179083871575881,0,-1.7053025658242404e-13,False
exhale,50,4.9982144305614522,0.17378008287493754,0,-1.7053025658242404e-13,False
exhale,50,4.9980628071187478,0.17579236139586926,0,-1.7053025658242404e-13,False
exhale,50,4.9979097689114518,0.17782794100389229,0,-1.8474111129762605e-13,False
exhale,50,4.9977553056268631,0.17988709151287879,0,-1.5631940186722204e-13,False
exhale,50,4.9975994069544072,0.18197008586099836,0,-1.8474111129762605e-13,False
exhale,50,4.9974420625856855,0.18407720014689558,0,-1.8474111129762605e-13,False
exhale,50,4.9972832622145011,0.18620871366628675,0,-1.5631940186722204e-13,False
exhale,50,4.9971229955368948,0.18836490894898006,0,-1.4210854715202004e-13,False
exhale,50,4.9969612522511779,0.19054607179632474,0,-1.7053025658242404e-13,False
exhale,50,4.9967980220579742,0.19275249131909361,0,-9.9475983006414026e-14,False
exhale,50,4.9966332946602403,0.19498445997580455,0,-1.4210854715202004e-13,False
exhale,50,4.9964670597633161,0.19724227361148533,0,-1.7053025658242404e-13,False
exhale,50,4.9962993070749642,0.19952623149688797,0,-1.1368683772161603e-13,False
exhale,50,4.9961300263053783,0.20183663636815607,0,-1.5631940186722204e-13,False
exhale,50,4.9959592071672549,0.20417379446695297,0,-1.4210854715202004e-13,False
exhale,50,4.9957868393758078,0.20653801558105292,0,-1.5631940186722204e-13,False
exhale,50,4.9956129126488129,0.20892961308540398,0,-1.1368683772161603e-13,False
exhale,50,4.9954374167066407,0.21134890398366465,0,-9.9475983006414026e-14,False
exhale,50,4.995260341272302,0.21379620895022325,0,-1.4210854715202004e-13,False
exhale,50,4.9950816760714805,0.21627185237270202,0,-1.5631940186722204e-13,False
exhale,50,4.9949014108325773,0.21877616239495529,0,-1.1368683772161603e-13,False
exhale,50,4.9947195352867348,0.22130947096056375,0,-9.9475983006414026e-14,False
exhale,50,4.994536039167893,0.223872113856834,0,-1.4210854715202004e-13,False
exhale,50,4.9943509122128287,0.22646443075930595,0,-1.2789769243681803e-13,False
exhale,50,4.9941641441611768,0.22908676527677729,0,-9.9475983006414026e-14,False
exhale,50,4.9939757247554875,0.23173946499684786,0,-9.9475983006414026e-14,False
exhale,50,4.9937856437412638,0.2344228815319922,0,-1.1368683772161603e-13,False
exhale,50,4.9935938908669995,0.23713737056616552,0,-1.1368683772161603e-13,False
exhale,50,4.993400455800578,0.23988329190194904,0,-1.1368683772161603e-13,False
exhale,50,4.9932053278786857,0.24266100950824154,0,-8.5265128291212022e-14,False
exhale,50,4.9930084963583079,0.24547089156850305,0,-5.6843418860808015e-14,False
exhale,50,4.9928099505005115,0.24831331052955705,0,-1.2789769243681803e-13,False
exhale,50,4.9926096795705197,0.25118864315095801,0,-9.9475983006414026e-14,False
exhale,50,4.9924076728377544,0.25409727055493053,0,-8.5265128291212022e-14,False
exhale,50,4.9922039195759069,0.25703957827688639,0,-1.1368683772161603e-13,False
exhale,50,4.9919984090630205,0.26001595631652719,0,-7.1054273576010019e-14,False
exhale,50,4.9917911305815235,0.26302679918953814,0,-8.5265128291212022e-14,False
exhale,50,4.9915820734183223,0.26607250597988097,0,-8.5265128291212022e-14,False
exhale,50,4.9913712268648531,0.26915348039269155,0,-5.6843418860808015e-14,False
exhale,50,4.9911585802171556,0.27227013080779128,0,-8.5265128291212022e-14,False
exhale,50,4.9909441227759395,0.27542287033381663,0,-4.2632564145606011e-14,False
exhale,50,4.9907278438466411,0.2786121168629771,0,-2.8421709430404007e-14,False
exhale,50,4.9905097327395085,0.28183829312644537,0,-8.5265128291212022e-14,False
exhale,50,4.9902897787696681,0.28510182675039097,0,-8.5265128291212022e-14,False
exhale,50,4.9900679712571803,0.28840315031266056,0,-4.2632564145606011e-14,False
exhale,50,4.989844299527129,0.29174270140011677,0,-5.6843418860808015e-14,False
exhale,50,4.9896187529096725,0.29512092266663853,0,-5.6843418860808015e-14,False
exhale,50,4.9893913207401335,0.298538261891796,0,-5.6843418860808015e-14,False
exhale,50,4.9891619923590618,0.3019951720402016,0,-2.8421709430404007e-14,False
exhale,50,4.9889307571123034,0.3054921113215513,0,-5.6843418860808015e-14,False
exhale,50,4.988697604351084,0.30902954325135906,0,-7.1054273576010019e-14,False
exhale,50,4.9884625234320801,0.31260793671239551,0,-4.2632564145606011e-14,False
exhale,50,4.9882255037174801,0.31622776601683794,0,-2.8421709430404007e-14,False
exhale,50,4.9879865345750778,0.31988951096913981,0,-8.5265128291212022e-14,False
exhale,50,4.9877456053783407,0.32359365692962827,0,-2.8421709430404007e-14,False
exhale,50,4.9875027055064773,0.32734069487883821,0,-4.2632564145606011e-14,False
exhale,50,4.9872578243445336,0.33113112148259111,0,-2.8421709430404007e-14,False
exhale,50,4.9870109512834482,0.33496543915782767,0,-7.1054273576010019e-14,False
exhale,50,4.9867620757201472,0.33884415613920255,0,-4.2632564145606011e-14,False
exhale,50,4.9865111870576095,0.3427677865464504,0,-7.1054273576010019e-14,False
exhale,50,4.9862582747049649,0.34673685045253166,0,-1.4210854715202004e-14,False
exhale,50,4.9860033280775449,0.35075187395256802,0,-4.2632564145606011e-14,False
exhale,50,4.9857463365969918,0.35481338923357547,0,-1.4210854715202004e-14,False
exhale,50,4.985487289691318,0.35892193464500527,0,-2.8421709430404007e-14,False
exhale,50,4.9852261767950026,0.36307805477010141,0,-2.8421709430404007e-14,False
exhale,50,4.9849629874052024,0.36728230049808469,0,-1.4210854715202004e-14,False
exhale,50,4.984697712317014,0.37153522909717257,0,-1.4210854715202004e-14,False
exhale,50,4.9844303436240915,0.3758374042884442,0,-1.4210854715202004e-14,False
exhale,50,4.9841608734839227,0.38018939632056115,0,-2.8421709430404007e-14,False
exhale,50,4.983889294061802,0.38459178204535355,0,0,False
exhale,50,4.9836155975309024,0.38904514499428056,0,-4.2632564145606011e-14,False
exhale,50,4.9833397760724134,0.39355007545577742,0,-2.8421709430404007e-14,False
exhale,50,4.9830618218756131,0.3981071705534972,0,0,False
exhale,50,4.9827817271379748,0.40271703432545908,0,-1.4210854715202004e-14,False
exhale,50,4.9824994840652757,0.40738027780411273,0,-1.4210854715202004e-14,False
exhale,50,4.9822150848716946,0.41209751909733022,0,0,False
exhale,50,4.9819285217799072,0.41686938347033542,0,-2.8421709430404007e-14,False
exhale,50,4.9816397870212095,0.42169650342858223,0,-1.4210854715202004e-14,False
exhale,50,4.9813488728355964,0.42657951880159267,0,0,False
exhale,50,4.9810557714718762,0.43151907682776525,0,-1.4210854715202004e-14,False
exhale,50,4.9807604751877905,0.43651583224016599,0,-1.4210854715202004e-14,False
exhale,50,4.9804629762500889,0.44157044735331252,0,-4.2632564145606011e-14,False
exhale,50,4.9801632669346656,0.44668359215096315,0,-1.4210854715202004e-14,False
exhale,50,4.9798613395266438,0.45185594437492238,0,1.4210854715202004e-14,False
exhale,50,4.9795571863204948,0.45708818961487507,0,-4.2632564145606011e-14,False
exhale,50,4.9792507996201412,0.46238102139926035,0,-1.4210854715202004e-14,False
exhale,50,4.9789421717390656,0.46773514128719823,0,2.8421709430404007e-14,False
exhale,50,4.9786312950004126,0.47315125896148053,0,-1.4210854715202004e-14,False
exhale,50,4.978318161737123,0.47863009232263842,0,0,False
exhale,50,4.9780027642920075,0.48417236758409943,0,1.4210854715202004e-14,False
exhale,50,4.977685095017824,0.48977881936844625,0,-9.2370555648813024e-13,False
exhale,50,4.9773651462776654,0.4954501908047903,0,1.4210854715202004e-14,False
exhale,50,4.9770429104445135,0.50118723362727235,0,-1.4210854715202004e-14,False
exhale,50,4.9767183799018975,0.50699070827470427,0,1.4210854715202004e-14,False
exhale,50,4.9763915470437423,0.51286138399136483,0,-2.8421709430404007e-14,False
exhale,50,4.9760624042745309,0.51880003892896109,0,-4.2632564145606011e-14,False
exhale,50,4.975730944009416,0.52480746024977254,0,1.4210854715202004e-14,False
exhale,50,4.9753971586743333,0.53088444423098835,0,0,False
exhale,50,4.9750610407061284,0.53703179637025267,0,1.4210854715202004e-14,False
exhale,50,4.9747225825526566,0.54325033149243318,0,0,False
exhale,50,4.9743817766729022,0.54954087385762451,0,0,False
exhale,50,4.9740386155371077,0.5559042572704036,0,0,False
exhale,50,4.9736930916268749,0.56234132519034907,0,1.4210854715202004e-14,False
exhale,50,4.9733451985192003,0.56885293084384148,0,-1.4210854715202004e-14,False
exhale,50,4.9729949341384563,0.57543993733715693,0,-5.6843418860808015e-14,False
exhale,50,4.972642297504823,0.58210321777087148,0,-2.8421709430404007e-14,False
exhale,50,4.9722872876504969,0.58884365535558902,0,-2.8421709430404007e-14,False
exhale,50,4.9719299036198175,0.59566214352901048,0,5.6843418860808015e-14,False
exhale,50,4.9715701444693421,0.60255958607435778,0,1.4210854715202004e-14,False
exhale,50,4.9712080092680004,0.60953689724016924,0,1.4210854715202004e-14,False
exhale,50,4.9708434970971611,0.61659500186148219,0,1.4210854715202004e-14,False
exhale,50,4.970476607050764,0.62373483548241926,0,2.8421709430404007e-14,False
exhale,50,4.9701073382354188,0.63095734448019336,0,-2.8421709430404007e-14,False
exhale,50,4.9697356897705225,0.63826348619054873,0,-1.4210854715202004e-14,False
exhale,50,4.9693616607883557,0.64565422903465564,0,-2.8421709430404007e-14,False
exhale,50,4.9689852504342076,0.65313055264747244,0,1.4210854715202004e-14,False
exhale,50,4.9686064578664659,0.66069344800759611,0,0,False
exhale,50,4.9682252822567401,0.66834391756861466,0,0,False
exhale,50,4.9678417227899629,0.67608297539198192,0,-2.8421709430404007e-14,False
exhale,50,4.967455778664509,0.68391164728142928,0,-1.4210854715202004e-14,False
exhale,50,4.9670674490922817,0.69183097091893642,0,2.8421709430404007e-14,False
exhale,50,4.9666767332988462,0.69984199600227348,0,2.8421709430404007e-14,False
exhale,50,4.9662836305235221,0.70794578438413791,0,1.4210854715202004e-14,False
exhale,50,4.9658881400195032,0.71614341021290195,0,2.8421709430404007e-14,False
exhale,50,4.9654902610539509,0.72443596007499,0,2.8421709430404007e-14,False
exhale,50,4.9650899929081227,0.73282453313890406,0,4.2632564145606011e-14,False
exhale,50,4.9646873348774614,0.74131024130091749,0,2.8421709430404007e-14,False
exhale,50,4.9642822862717146,0.74989420933245587,0,2.8421709430404007e-14,False
exhale,50,4.9638748464150435,0.75857757502918377,0,5.6843418860808015e-14,False
exhale,50,4.9634650146461219,0.76736148936181892,0,-1.4210854715202004e-14,False
exhale,50,4.9630527903182591,0.77624711662869172,0,-1.4210854715202004e-14,False
exhale,50,4.9626381727994939,0.78523563461007184,0,1.4210854715202004e-14,False
exhale,50,4.9622211614727094,0.79432823472428149,0,2.8421709430404007e-14,False
exhale,50,4.9618017557357339,0.80352612218561725,0,-1.4210854715202004e-14,False
exhale,50,4.9613799550014717,0.81283051616409929,0,2.8421709430404007e-14,False
exhale,50,4.9609557586979838,0.82224264994707119,0,7.1054273576010019e-14,False
exhale,50,4.9605291662685982,0.83176377110267108,0,4.2632564145606011e-14,False
exhale,50,4.960100177172043,0.84139514164519513,0,5.6843418860808015e-14,False
exhale,50,4.9596687908825272,0.85113803820237655,0,5.6843418860808015e-14,False
exhale,50,4.9592350068898634,0.86099375218460072,0,2.8421709430404007e-14,False
exhale,50,4.9587988249174622,0.87096358995608081,0,5.6843418860808015e-14,False
exhale,50,4.9583602497157697,0.88104887300801427,0,5.6843418860808015e-14,False
exhale,50,4.9579192910604721,0.89125093813374567,0,8.5265128291212022e-14,False
exhale,50,4.9574759589579864,0.90157113760595708,0,5.6843418860808015e-14,False
exhale,50,4.9570302634275913,0.91201083935590965,0,1.2789769243681803e-13,False
exhale,50,4.95658221450143,0.92257142715476315,0,5.6843418860808015e-14,False
exhale,50,4.9561318222245641,0.93325430079699101,0,7.1054273576010019e-14,False
exhale,50,4.9556790966549906,0.94406087628592328,0,9.9475983006414026e-14,False
exhale,50,4.9552240478636609,0.95499258602143589,0,9.9475983006414026e-14,False
exhale,50,4.9547666859345219,0.96605087898981334,0,1.1368683772161603e-13,False
exhale,50,4.9543070209645288,0.97723722095581067,0,9.9475983006414026e-14,False
exhale,50,4.9538450630636701,0.98855309465693886,0,1.1368683772161603e-13,False
exhale,50,4.9533808223550073,1,0,1.2789769243681803e-13,False
exhale,50,4.9529143089746661,1.0115794542598988,0,1.5631940186722204e-13,False
exhale,50,4.9524455330718835,1.0232929922807541,0,1.8474111129762605e-13,False
exhale,50,4.9519745048090167,1.0351421666793441,0,1.5631940186722204e-13,False
exhale,50,4.9515012343615608,1.0471285480508996,0,1.4210854715202004e-13,False
exhale,50,4.9510257319181754,1.0592537251772887,0,1.5631940186722204e-13,False
exhale,50,4.9505480076806965,1.0715193052376064,0,1.7053025658242404e-13,False
exhale,50,4.9500680718641465,1.0839269140212033,0,1.7053025658242404e-13,False
exhale,50,4.9495859346967617,1.0964781961431851,0,2.4158453015843406e-13,False
exhale,50,4.9491016064199966,1.1091748152624008,0,1.7053025658242404e-13,False
exhale,50,4.9486150972885463,1.1220184543019636,0,1.8474111129762605e-13,False
exhale,50,4.9481264175703492,1.1350108156723149,0,2.2737367544323206e-13,False
exhale,50,4.9476355775466025,1.1481536214968828,0,1.8474111129762605e-13,False
exhale,50,4.94714258751178,1.1614486138403426,0,2.7000623958883807e-13,False
exhale,50,4.9466474577736257,1.1748975549395297,0,2.8421709430404007e-13,False
exhale,50,4.9461501986531768,1.1885022274370183,0,2.5579538487363607e-13,False
exhale,50,4.945650820484766,1.2022644346174132,0,2.5579538487363607e-13,False
exhale,50,4.945149333616027,1.2161860006463678,0,2.7000623958883807e-13,False
exhale,50,4.9446457484078667,1.2302687708123818,0,-2.7000623958883807e-13,False
exhale,50,4.9441400752346079,1.244514611771385,0,-2.4158453015843406e-13,False
exhale,50,4.9436323244837803,1.2589254117941675,0,-2.8421709430404007e-13,False
exhale,50,4.9431225065562758,1.2735030810166617,0,-3.1263880373444408e-13,False
exhale,50,4.9426106318663043,1.2882495516931343,0,-2.5579538487363607e-13,False
exhale,50,4.9420967108413922,1.3031667784522993,0,-2.8421709430404007e-13,False
exhale,50,4.9415807539223939,1.3182567385564075,0,-2.9842794901924208e-13,False
exhale,50,4.9410627715634732,1.333521432163324,0,-2.5579538487363607e-13,False
exhale,50,4.9405427761971996,1.348962882591654,0,-2.5579538487363607e-13,False
exhale,50,4.9400207881267102,1.3645831365889245,0,-2.5579538487363607e-13,False
exhale,50,4.9394968296250772,1.3803842646028852,0,-2.2737367544323206e-13,False
exhale,50,4.9389709229693084,1.3963683610559376,0,-2.5579538487363607e-13,False
exhale,50,4.9384430904402308,1.4125375446227548,0,-2.8421709430404007e-13,False
exhale,50,4.9379133543223244,1.4288939585111029,0,-2.1316282072803006e-13,False
exhale,50,4.937381736903582,1.4454397707459272,0,-2.2737367544323206e-13,False
exhale,50,4.9368482604753723,1.4621771744567182,0,-2.5579538487363607e-13,False
exhale,50,4.9363129473322918,1.4791083881682072,0,-2.1316282072803006e-13,False
exhale,50,4.9357758197720036,1.4962356560944337,0,-2.1316282072803006e-13,False
exhale,50,4.9352369000951164,1.513561248436208,0,-2.1316282072803006e-13,False
exhale,50,4.9346962106050123,1.5310874616820302,0,-1.8474111129762605e-13,False
exhale,50,4.934153773607715,1.5488166189124812,0,-1.9895196601282805e-13,False
exhale,50,4.9336096114117387,1.5667510701081493,0,-1.9895196601282805e-13,False
exhale,50,4.9330637463279281,1.5848931924611134,0,-2.1316282072803006e-13,False
exhale,50,4.9325162006693297,1.6032453906900417,0,-1.5631940186722204e-13,False
exhale,50,4.9319669967510196,1.6218100973589298,0,-1.2789769243681803e-13,False
exhale,50,4.9314161568899628,1.6405897731995396,0,-1.5631940186722204e-13,False
exhale,50,4.9308637034048708,1.6595869074375604,0,-1.4210854715202004e-13,False
exhale,50,4.9303096586160402,1.6788040181225607,0,-1.4210854715202004e-13,False
exhale,50,4.9297540448451986,1.6982436524617444,0,-1.1368683772161603e-13,False
exhale,50,4.9291968844153589,1.7179083871575884,0,-8.5265128291212022e-14,False
exhale,50,4.9286381996506652,1.7378008287493754,0,-1.2789769243681803e-13,False
exhale,50,4.9280780128762425,1.7579236139586931,0,-8.5265128291212022e-14,False
exhale,50,4.9275163464180309,1.7782794100389228,0,-9.9475983006414026e-14,False
exhale,50,4.926953222602644,1.7988709151287883,0,-7.1054273576010019e-14,False
exhale,50,4.9263886637572165,1.8197008586099834,0,-2.8421709430404007e-14,False
exhale,50,4.925822692209227,1.8407720014689564,0,-8.5265128291212022e-14,False
exhale,50,4.9252553302863742,1.8620871366628675,0,-7.1054273576010019e-14,False
exhale,50,4.9246866003164023,1.883649089489801,0,-9.9475983006414026e-14,False
exhale,50,4.9241165246269407,1.9054607179632472,0,-9.9475983006414026e-14,False
exhale,50,4.9235451255453642,1.9275249131909356,0,-7.1054273576010019e-14,False
exhale,50,4.9229724253986165,1.9498445997580456,0,-2.8421709430404007e-14,False
exhale,50,4.9223984465130695,1.9724227361148534,0,-2.8421709430404007e-14,False
exhale,50,4.9218232112143534,1.9952623149688797,0,0,False
exhale,50,4.9212467418272077,2.0183663636815607,0,-1.4210854715202004e-14,False
exhale,50,4.9206690606753174,2.0417379446695296,0,-1.4210854715202004e-14,False
exhale,50,4.9200901902549932,2.0653801558105291,0,-2.8421709430404007e-14,False
exhale,50,4.9195101570575801,2.0892961308540396,0,-1.4210854715202004e-14,False
exhale,50,4.9189289915611285,2.1134890398366464,0,-2.8421709430404007e-14,False
exhale,50,4.9183467244021708,2.1379620895022327,0,-2.8421709430404007e-14,False
exhale,50,4.9177633862015746,2.1627185237270199,0,-2.8421709430404007e-14,False
exhale,50,4.9171790075642559,2.187761623949553,0,0,False
exhale,50,4.9165936190789363,2.2130947096056377,0,1.4210854715202004e-14,False
exhale,50,4.9160072513178816,2.2387211385683399,0,0,False
exhale,50,4.9154199348366419,2.2646443075930596,0,-5.6843418860808015e-14,False
exhale,50,4.9148317001738206,2.2908676527677736,0,-2.8421709430404007e-14,False
exhale,50,4.9142425778507945,2.3173946499684783,0,-2.8421709430404007e-14,False
exhale,50,4.9136525983714963,2.3442288153199229,0,1.4210854715202004e-14,False
exhale,50,4.9130617922221438,2.3713737056616551,0,-2.8421709430404007e-14,False
exhale,50,4.9124701898710263,2.3988329190194912,0,-2.8421709430404007e-14,False
exhale,50,4.9118778217682486,2.4266100950824154,0,0,False
exhale,50,4.9112847183454882,2.454708915685031,0,1.4210854715202004e-14,False
exhale,50,4.9106909100157825,2.4831331052955705,0,0,False
exhale,50,4.9100964271732792,2.511886431509581,0,-1.4210854715202004e-14,False
exhale,50,4.9095013001930177,2.5409727055493052,0,0,False
exhale,50,4.9089055594306927,2.5703957827688635,0,0,False
exhale,50,4.9083092352224433,2.6001595631652723,0,2.8421709430404007e-14,False
exhale,50,4.9077123578846189,2.6302679918953813,0,2.8421709430404007e-14,False
exhale,50,4.907114957713568,2.6607250597988097,0,1.4210854715202004e-14,False
exhale,50,4.9065170649854242,2.6915348039269151,0,0,False
exhale,50,4.9059187099558805,2.7227013080779128,0,-1.4210854715202004e-14,False
exhale,50,4.9053199228599969,2.7542287033381663,0,1.4210854715202004e-14,False
exhale,50,4.9047207339119696,2.7861211686297707,0,1.4210854715202004e-14,False
exhale,50,4.9041211733049437,2.8183829312644537,0,-1.4210854715202004e-14,False
exhale,50,4.9035212712108027,2.85101826750391,0,0,False
exhale,50,4.9029210577799631,2.8840315031266055,0,-1.4210854715202004e-14,False
exhale,50,4.9023205631411857,2.9174270140011673,0,1.4210854715202004e-14,False
exhale,50,4.9017198174013723,2.9512092266663856,0,1.4210854715202004e-14,False
exhale,50,4.9011188506453758,2.9853826189179604,0,0,False
exhale,50,4.9005176929358116,3.0199517204020161,0,2.8421709430404007e-14,False
exhale,50,4.8999163743128626,3.0549211132155141,0,1.4210854715202004e-14,False
exhale,50,4.8993149247941066,3.0902954325135905,0,2.8421709430404007e-14,False
exhale,50,4.8987133743743154,3.126079367123956,0,0,False
exhale,50,4.8981117530252938,3.1622776601683795,0,0,False
exhale,50,4.8975100908318465,3.1988951096913989,0,4.2632564145606011e-14,False
exhale,50,4.8969084183966443,3.2359365692962827,0,4.2632564145606011e-14,False
exhale,50,4.8963067664256323,3.273406948788383,0,4.2632564145606011e-14,False
exhale,50,4.8957051655908659,3.3113112148259112,0,2.8421709430404007e-14,False
exhale,50,4.8951036465303464,3.3496543915782775,0,4.2632564145606011e-14,False
exhale,50,4.8945022398478679,3.3884415613920256,0,4.2632564145606011e-14,False
exhale,50,4.8939009761128727,3.4276778654645046,0,5.6843418860808015e-14,False
exhale,50,4.8932998858603103,3.4673685045253166,0,9.9475983006414026e-14,False
exhale,50,4.8926989995904906,3.5075187395256795,0,9.9475983006414026e-14,False
exhale,50,4.8920983477689735,3.548133892335755,0,8.5265128291212022e-14,False
exhale,50,4.8914979608264177,3.5892193464500517,0,5.6843418860808015e-14,False
exhale,50,4.8908978691584855,3.630780547701014,0,9.9475983006414026e-14,False
exhale,50,4.8902981031256916,3.6728230049808461,0,9.9475983006414026e-14,False
exhale,50,4.8896986930533286,3.715352290971726,0,7.1054273576010019e-14,False
exhale,50,4.8890996692313475,3.7583740428844412,0,9.9475983006414026e-14,False
exhale,50,4.888501061914245,3.8018939632056128,0,9.9475983006414026e-14,False
exhale,50,4.8879029013209854,3.8459178204535354,0,8.5265128291212022e-14,False
exhale,50,4.8873052176349105,3.8904514499428067,0,1.4210854715202004e-13,False
exhale,50,4.8867080410036339,3.9355007545577743,0,1.4210854715202004e-13,False
exhale,50,4.8861114015389893,3.9810717055349731,0,1.5631940186722204e-13,False
exhale,50,4.8855153293169362,4.0271703432545909,0,1.8474111129762605e-13,False
exhale,50,4.8849198543775003,4.0738027780411281,0,1.9895196601282805e-13,False
exhale,50,4.8843250067247039,4.1209751909733017,0,1.8474111129762605e-13,False
exhale,50,4.8837308163265059,4.1686938347033546,0,2.1316282072803006e-13,False
exhale,50,4.8831373131147586,4.2169650342858223,0,2.1316282072803006e-13,False
exhale,50,4.8825445269851411,4.2657951880159279,0,2.1316282072803006e-13,False
exhale,50,4.8819524877971308,4.3151907682776525,0,2.2737367544323206e-13,False
exhale,50,4.8813612253739533,4.365158322401661,0,1.9895196601282805e-13,False
exhale,50,4.8807707695025631,4.4157044735331255,0,2.5579538487363607e-13,False
exhale,50,4.880181149933593,4.4668359215096327,0,2.7000623958883807e-13,False
exhale,50,4.8795923963813186,4.5185594437492238,0,-2.5579538487363607e-13,False
exhale,50,4.8790045385237564,4.5708818961487516,0,-2.7000623958883807e-13,False
exhale,50,4.8784176060024613,4.6238102139926029,0,-2.7000623958883807e-13,False
exhale,50,4.8778316284226486,4.6773514128719809,0,-2.5579538487363607e-13,False
exhale,50,4.8772466353531536,4.7315125896148054,0,-2.4158453015843406e-13,False
exhale,50,4.8766626563264328,4.7863009232263831,0,-2.5579538487363607e-13,False
exhale,50,4.8760797208385727,4.8417236758409938,0,-2.7000623958883807e-13,False
exhale,50,4.8754978582067752,4.8977881936844616,0,-2.5579538487363607e-13,False
exhale,50,4.8749170944337754,4.9545019080479031,0,-2.2737367544323206e-13,False
exhale,50,4.8743374522080298,5.011872336272722,0,-2.2737367544323206e-13,False
exhale,50,4.8737589540394453,5.0699070827470445,0,-2.5579538487363607e-13,False
exhale,50,4.8731816224019902,5.1286138399136485,0,-2.1316282072803006e-13,False
exhale,50,4.8726054797337683,5.1880003892896118,0,-1.9895196601282805e-13,False
exhale,50,4.87203054843709,5.2480746024977254,0,-2.5579538487363607e-13,False
exhale,50,4.8714568508785723,5.3088444423098844,0,-2.1316282072803006e-13,False
exhale,50,4.8708844093892107,5.3703179637025267,0,-2.4158453015843406e-13,False
exhale,50,4.8703132462644856,5.4325033149243334,0,-1.9895196601282805e-13,False
exhale,50,4.8697433837644457,5.4954087385762458,0,-2.1316282072803006e-13,False
exhale,50,4.8691748441138234,5.5590425727040369,0,-2.1316282072803006e-13,False
exhale,50,4.8686076495021338,5.6234132519034912,0,-1.8474111129762605e-13,False
exhale,50,4.8680418220837778,5.6885293084384161,0,-1.5631940186722204e-13,False
exhale,50,4.8674773839781666,5.7543993733715695,0,-1.7053025658242404e-13,False
exhale,50,4.8669143572698452,5.8210321777087159,0,-1.5631940186722204e-13,False
exhale,50,4.8663527640085888,5.8884365535558896,0,-1.5631940186722204e-13,False
exhale,50,4.8657926262095605,5.9566214352901063,0,-1.5631940186722204e-13,False
exhale,50,4.8652339658534203,6.0255958607435778,0,-1.5631940186722204e-13,False
exhale,50,4.8646768048864706,6.095368972401694,0,-1.5631940186722204e-13,False
exhale,50,4.8641211652207916,6.1659500186148222,0,-1.5631940186722204e-13,False
exhale,50,4.863567068734385,6.2373483548241913,0,-7.1054273576010019e-14,False
exhale,50,4.8630145372713178,6.3095734448019334,0,-8.5265128291212022e-14,False
exhale,50,4.8624635926418769,6.382634861905486,0,-8.5265128291212022e-14,False
exhale,50,4.8619142566227307,6.4565422903465564,0,-4.2632564145606011e-14,False
exhale,50,4.861366550957066,6.5313055264747231,0,-7.1054273576010019e-14,False
exhale,50,4.8608204973547853,6.6069344800759611,0,-1.1368683772161603e-13,False
exhale,50,4.8602761174926457,6.6834391756861455,0,-8.5265128291212022e-14,False
exhale,50,4.8597334330144371,6.7608297539198192,0,-7.1054273576010019e-14,False
exhale,50,4.859192465531164,6.8391164728142924,0,-2.8421709430404007e-14,False
exhale,50,4.8586532366212181,6.9183097091893657,0,-2.8421709430404007e-14,False
exhale,50,4.8581157678305642,6.9984199600227344,0,-5.6843418860808015e-14,False
exhale,50,4.8575800806729283,7.0794578438413804,0,-4.2632564145606011e-14,False
exhale,50,4.8570461966299829,7.1614341021290198,0,-7.1054273576010019e-14,False
exhale,50,4.8565141371515486,7.2443596007499025,0,-4.2632564145606011e-14,False
exhale,50,4.8559839236557893,7.3282453313890406,0,4.2632564145606011e-14,False
exhale,50,4.8554555775294084,7.4131024130091774,0,-2.8421709430404007e-14,False
exhale,50,4.8549291201278697,7.4989420933245583,0,-1.4210854715202004e-14,False
exhale,50,4.8544045709914876,7.5857757502918401,0,1.4210854715202004e-14,False
exhale,50,4.8538819424964137,7.6736148936181898,0,-1.4210854715202004e-14,False
exhale,50,4.8533612452125121,7.7624711662869199,0,-2.8421709430404007e-14,False
exhale,50,4.852842489688423,7.8523563461007182,0,-1.4210854715202004e-14,False
exhale,50,4.8523256864517279,7.9432823472428176,0,-1.4210854715202004e-14,False
exhale,50,4.8518108460091511,8.0352612218561728,0,1.4210854715202004e-14,False
exhale,50,4.8512979788467163,8.1283051616409949,0,0,False
exhale,50,4.8507870954299612,8.2224264994707124,0,2.8421709430404007e-14,False
exhale,50,4.8502782062040897,8.317637711026709,0,1.4210854715202004e-14,False
exhale,50,4.8497713215941882,8.4139514164519511,0,-1.4210854715202004e-14,False
exhale,50,4.8492664520054038,8.5113803820237628,0,4.2632564145606011e-14,False
exhale,50,4.8487636078231144,8.6099375218460068,0,1.4210854715202004e-14,False
exhale,50,4.8482627994131544,8.709635899560805,0,2.8421709430404007e-14,False
exhale,50,4.8477640371219817,8.8104887300801416,0,-1.4210854715202004e-14,False
exhale,50,4.8472673312768766,8.9125093813374541,0,-1.4210854715202004e-14,False
exhale,50,4.8467726921861418,9.0157113760595706,0,0,False
exhale,50,4.8462801301392906,9.1201083935590965,0,2.8421709430404007e-14,False
exhale,50,4.8457896554072475,9.2257142715476341,0,-1.4210854715202004e-14,False
exhale,50,4.8453012782425553,9.3325430079699103,0,1.4210854715202004e-14,False
exhale,50,4.8448150088795598,9.4406087628592363,0,-1.4210854715202004e-14,False
exhale,50,4.8443308575346204,9.5499258602143584,0,0,False
exhale,50,4.8438488344063124,9.6605087898981363,0,0,False
exhale,50,4.8433689496756278,9.7723722095581067,0,-2.8421709430404007e-14,True
exhale,50,4.842891213506177,9.885530946569391,0,-2.8421709430404007e-14,True
exhale,50,4.8424156360444055,10,0,-2.8421709430404007e-14,True
exhale,50,4.8419422274197892,10.115794542598982,0,1.4210854715202004e-14,True
exhale,50,4.8414709977450521,10.232929922807546,0,-1.4210854715202004e-14,True
exhale,50,4.8410019571163696,10.351421666793442,0,0,True
exhale,50,4.8405351156135907,10.471285480508996,0,2.8421709430404007e-14,True
exhale,50,4.840070483300428,10.592537251772887,0,1.4210854715202004e-14,True
exhale,50,4.8396080702246946,10.715193052376071,0,-1.4210854715202004e-14,True
exhale,50,4.8391478864185133,10.839269140212039,0,0,True
exhale,50,4.8386899418985223,10.964781961431852,0,1.4210854715202004e-14,True
exhale,50,4.8382342466660981,11.091748152624008,0,2.8421709430404007e-14,True
exhale,50,4.837780810707577,11.220184543019629,0,2.8421709430404007e-14,True
exhale,50,4.8373296439944733,11.350108156723154,0,1.4210854715202004e-14,True
exhale,50,4.8368807564836942,11.481536214968829,0,-2.8421709430404007e-14,True
exhale,50,4.8364341579098689,11.614486138403427,0,1.4210854715202004e-14,True
exhale,50,4.8359898532131407,11.748975549395292,0,5.6843418860808015e-14,True
exhale,50,4.8355478425459451,11.88502227437019,0,5.6843418860808015e-14,True
exhale,50,4.8351081258498878,12.022644346174131,0,-1.4210854715202004e-14,True
exhale,50,4.8346707030638267,12.161860006463678,0,2.8421709430404007e-14,True
exhale,50,4.8342355741239542,12.302687708123811,0,2.8421709430404007e-14,True
exhale,50,4.833802738963926,12.445146117713856,0,4.2632564145606011e-14,True
exhale,50,4.8333721975149624,12.589254117941675,0,-2.8421709430404007e-14,True
exhale,50,4.8329439497059612,12.735030810166617,0,2.8421709430404007e-14,True
exhale,50,4.83251799546359,12.882495516931336,0,5.6843418860808015e-14,True
exhale,50,4.8320943347123979,13.031667784523,0,1.4210854715202004e-14,True
exhale,50,4.8316729673749332,13.182567385564074,0,2.8421709430404007e-14,True
exhale,50,4.8312538933718416,13.33521432163324,0,2.8421709430404007e-14,True
exhale,50,4.830837112621964,13.489628825916533,0,4.2632564145606011e-14,True
exhale,50,4.8304226250424547,13.645831365889252,0,5.6843418860808015e-14,True
exhale,50,4.830010430548878,13.803842646028853,0,0,True
exhale,50,4.8296005290553232,13.963683610559377,0,2.8421709430404007e-14,True
exhale,50,4.8291929204745019,14.12537544622754,0,2.8421709430404007e-14,True
exhale,50,4.8287876047178493,14.288939585111036,0,4.2632564145606011e-14,True
exhale,50,4.8283845816956372,14.454397707459281,0,7.1054273576010019e-14,True
exhale,50,4.8279838513170734,14.621771744567184,0,7.1054273576010019e-14,True
exhale,50,4.8275854134904126,14.791083881682072,0,7.1054273576010019e-14,True
exhale,50,4.8271892681230462,14.962356560944343,0,5.6843418860808015e-14,True
exhale,50,4.8267954151216257,15.135612484362087,0,7.1054273576010019e-14,True
exhale,50,4.8264038543921481,15.310874616820303,0,7.1054273576010019e-14,True
exhale,50,4.8260145858400687,15.488166189124811,0,9.9475983006414026e-14,True
exhale,50,4.8256276093703994,15.667510701081484,0,7.1054273576010019e-14,True
exhale,50,4.8252429248878226,15.848931924611142,0,8.5265128291212022e-14,True
exhale,50,4.8248605322967766,16.032453906900418,0,1.4210854715202004e-13,True
exhale,50,4.8244804315015752,16.218100973589298,0,1.4210854715202004e-13,True
exhale,50,4.8241026224064951,16.405897731995388,0,9.9475983006414026e-14,True
exhale,50,4.8237271049158919,16.595869074375614,0,1.4210854715202004e-13,True
exhale,50,4.8233538789342925,16.788040181225607,0,1.1368683772161603e-13,True
exhale,50,4.8229829443665011,16.982436524617444,0,1.1368683772161603e-13,True
exhale,50,4.8226143011176976,17.179083871575877,0,9.9475983006414026e-14,True
exhale,50,4.8222479490935459,17.378008287493763,0,1.2789769243681803e-13,True
exhale,50,4.8218838882002881,17.579236139586932,0,1.2789769243681803e-13,True
exhale,50,4.8215221183448467,17.782794100389228,0,1.8474111129762605e-13,True
exhale,50,4.8211626383294872,17.988709151287875,0,1.9895196601282805e-13,True
exhale,50,4.8208054425381048,18.197008586099845,0,1.7053025658242404e-13,True
exhale,50,4.8204505242570042,18.407720014689563,0,1.8474111129762605e-13,True
exhale,50,4.8200978767809515,18.620871366628677,0,1.8474111129762605e-13,True
exhale,50,4.8197474934131872,18.836490894898002,0,1.9895196601282805e-13,True
exhale,50,4.8193993674653832,19.054607179632484,0,2.1316282072803006e-13,True
exhale,50,4.8190534922576589,19.275249131909366,0,2.1316282072803006e-13,True
exhale,50,4.8187098611185553,19.498445997580454,0,1.8474111129762605e-13,True
exhale,50,4.818368467385028,19.724227361148536,0,2.2737367544323206e-13,True
exhale,50,4.8180293044024296,19.952623149688808,0,2.5579538487363607e-13,True
exhale,50,4.8176923655244996,20.183663636815616,0,1.7053025658242404e-13,True
exhale,50,4.8173576441133701,20.417379446695296,0,2.2737367544323206e-13,True
exhale,50,4.8170251335395164,20.65380155810529,0,2.2737367544323206e-13,True
exhale,50,4.8166948271817747,20.892961308540386,0,2.5579538487363607e-13,True
exhale,50,4.8163667184273216,21.134890398366476,0,2.4158453015843406e-13,True
exhale,50,4.8160408006716597,21.379620895022324,0,2.5579538487363607e-13,True
exhale,50,4.8157170673186016,21.627185237270201,0,2.9842794901924208e-13,True
exhale,50,4.8153955117802267,21.87761623949552,0,-2.5579538487363607e-13,True
exhale,50,4.8150761274769964,22.130947096056389,0,-2.9842794901924208e-13,True
exhale,50,4.8147589078375601,22.387211385683401,0,-2.9842794901924208e-13,True
exhale,50,4.8144438462988486,22.646443075930595,0,-2.4158453015843406e-13,True
exhale,50,4.8141309363060358,22.908676527677724,0,-3.1263880373444408e-13,True
exhale,50,4.8138201713125399,23.173946499684796,0,-2.5579538487363607e-13,True
exhale,50,4.8135115447799874,23.442288153199225,0,-2.5579538487363607e-13,True
exhale,50,4.8132050501782127,23.713737056616552,0,-2.7000623958883807e-13,True
exhale,50,4.8129006809852397,23.9883291901949,0,-2.7000623958883807e-13,True
exhale,50,4.8125984306872702,24.266100950824168,0,-2.9842794901924208e-13,False
exhale,50,4.8122982927786655,24.547089156850312,0,-2.7000623958883807e-13,False
exhale,50,4.8120002607619368,24.831331052955704,0,-2.4158453015843406e-13,False
exhale,50,4.8117043281477203,25.118864315095795,0,-2.7000623958883807e-13,False
exhale,50,4.8114104884547819,25.409727055493065,0,-2.2737367544323206e-13,False
exhale,50,4.8111187352099751,25.703957827688647,0,-2.7000623958883807e-13,False
exhale,50,4.810829061948259,26.001595631652723,0,-2.1316282072803006e-13,False
exhale,50,4.8105414622126448,26.302679918953814,0,-2.5579538487363607e-13,False
exhale,50,4.8102559295542253,26.607250597988113,0,-2.1316282072803006e-13,False
exhale,50,4.8099724575321101,26.915348039269166,0,-2.5579538487363607e-13,False
exhale,50,4.8096910397134565,27.227013080779127,0,-2.4158453015843406e-13,False
exhale,50,4.8094116696072478,27.542287033381662,0,-2.7000623958883807e-13,False
exhale,50,4.8091343392090327,27.861211686297693,0,-2.2737367544323206e-13,False
exhale,50,4.8088590390030008,28.183829312644551,0,-2.8421709430404007e-13,False
exhale,50,4.8085857594185821,28.510182675039097,0,-2.4158453015843406e-13,False
exhale,50,4.8083144908965405,28.840315031266059,0,-2.7000623958883807e-13,False
exhale,50,4.8080452238889269,29.174270140011661,0,-2.2737367544323206e-13,False
exhale,50,4.807777948858968,29.512092266663871,0,-2.1316282072803006e-13,False
exhale,50,4.8075126562810109,29.853826189179603,0,-1.8474111129762605e-13,False
exhale,50,4.8072493366404441,30.199517204020161,0,-2.2737367544323206e-13,False
exhale,50,4.8069879804336129,30.549211132155122,0,-2.1316282072803006e-13,False
exhale,50,4.8067285781677525,30.902954325135919,0,-2.4158453015843406e-13,False
exhale,50,4.8064711203609027,31.260793671239558,0,-1.7053025658242404e-13,False
exhale,50,4.8062155975418337,31.622776601683793,0,-2.1316282072803006e-13,False
exhale,50,4.8059620002499823,31.988951096913972,0,-2.1316282072803006e-13,False
exhale,50,4.8057103190353612,32.359365692962847,0,-2.4158453015843406e-13,False
exhale,50,4.8054605444585006,32.734069487883829,0,-1.9895196601282805e-13,False
exhale,50,4.8052126670903501,33.113112148259113,0,-1.9895196601282805e-13,False
exhale,50,4.8049666775122333,33.496543915782759,0,-1.8474111129762605e-13,False
exhale,50,4.8047225663157489,33.884415613920275,0,-2.2737367544323206e-13,False
exhale,50,4.8044803241027179,34.276778654645049,0,-2.1316282072803006e-13,False
exhale,50,4.8042399414850951,34.673685045253166,0,-1.5631940186722204e-13,False
exhale,50,4.8040014090848997,35.075187395256798,0,-1.9895196601282805e-13,False
exhale,50,4.8037647175341496,35.481338923357569,0,-1.5631940186722204e-13,False
exhale,50,4.8035298574747785,35.892193464500536,0,-1.5631940186722204e-13,False
exhale,50,4.8032968195585708,36.307805477010142,0,-1.5631940186722204e-13,False
exhale,50,4.8030655944470935,36.72823004980846,0,-1.5631940186722204e-13,False
exhale,50,4.8028361728116158,37.153522909717239,0,-1.4210854715202004e-13,False
exhale,50,4.8026085453330349,37.583740428844429,0,-1.5631940186722204e-13,False
exhale,50,4.8023827027018235,38.018939632056124,0,-1.7053025658242404e-13,False
exhale,50,4.8021586356179427,38.459178204535355,0,-1.8474111129762605e-13,False
exhale,50,4.8019363347907724,38.904514499428046,0,-1.4210854715202004e-13,False
exhale,50,4.80171579093905,39.355007545577763,0,-1.7053025658242404e-13,False
exhale,50,4.8014969947907957,39.810717055349734,0,-1.1368683772161603e-13,False
exhale,50,4.8012799370832404,40.271703432545905,0,-1.4210854715202004e-13,False
exhale,50,4.8010646085627604,40.738027780411258,0,-1.2789769243681803e-13,False
exhale,50,4.8008509999848048,41.209751909733043,0,-1.4210854715202004e-13,False
exhale,50,4.8006391021138386,41.686938347033553,0,-1.2789769243681803e-13,False
exhale,50,4.8004289057232539,42.169650342858226,0,-1.8474111129762605e-13,False
exhale,50,4.8002204015235934,42.657951880159253,0,-1.2789769243681803e-13,False
exhale,50,4.8000135799476507,43.151907682776546,0,-7.1054273576010019e-14,False
exhale,50,4.7998084313661709,43.651583224016612,0,-1.1368683772161603e-13,False
exhale,50,4.7996049461595955,44.157044735331255,0,-1.1368683772161603e-13,False
exhale,50,4.7994031147179479,44.668359215096302,0,-1.1368683772161603e-13,False
exhale,50,4.7992029274407795,45.185594437492263,0,-1.1368683772161603e-13,False
exhale,50,4.7990043747370414,45.708818961487516,0,-1.1368683772161603e-13,False
exhale,50,4.7988074470250339,46.238102139926035,0,-9.9475983006414026e-14,False
exhale,50,4.7986121347323056,46.77351412871981,0,-8.5265128291212022e-14,False
exhale,50,4.7984184282955633,47.315125896148075,0,-7.1054273576010019e-14,False
exhale,50,4.7982263181605953,47.863009232263849,0,-7.1054273576010019e-14,False
exhale,50,4.7980357947821872,48.417236758409942,0,-1.1368683772161603e-13,False
exhale,50,4.797846848624034,48.977881936844611,0,-8.5265128291212022e-14,False
exhale,50,4.7976594701586528,49.545019080479001,0,-8.5265128291212022e-14,False
exhale,50,4.7974736498673076,50.118723362727252,0,-1.1368683772161603e-13,False
exhale,50,4.7972893782399311,50.699070827470443,0,-5.6843418860808015e-14,False
exhale,50,4.7971066457750222,51.286138399136483,0,-5.6843418860808015e-14,False
exhale,50,4.7969254429795862,51.880003892896092,0,-1.1368683772161603e-13,False
exhale,50,4.7967457603690518,52.480746024977286,0,-9.9475983006414026e-14,False
exhale,50,4.7965675884671741,53.088444423098849,0,-7.1054273576010019e-14,False
exhale,50,4.796390917805966,53.703179637025272,0,-8.5265128291212022e-14,False
exhale,50,4.7962157389256292,54.325033149243303,0,-7.1054273576010019e-14,False
exhale,50,4.7960420423744505,54.954087385762485,0,-5.6843418860808015e-14,False
exhale,50,4.7958698187087432,55.590425727040369,0,-8.5265128291212022e-14,False
exhale,50,4.7956990584927697,56.234132519034908,0,0,False
exhale,50,4.7955297522986413,56.885293084384131,0,-4.2632564145606011e-14,False
exhale,50,4.7953618907062729,57.543993733715723,0,-5.6843418860808015e-14,False
exhale,50,4.7951954643032808,58.210321777087159,0,-9.9475983006414026e-14,False
exhale,50,4.7950304636849239,58.884365535558899,0,-1.1368683772161603e-13,False
exhale,50,4.7948668794540179,59.566214352901035,0,-7.1054273576010019e-14,False
exhale,50,4.7947047022208595,60.255958607435808,0,-7.1054273576010019e-14,False
exhale,50,4.7945439226031636,60.95368972401694,0,-2.8421709430404007e-14,False
exhale,50,4.794384531225969,61.659500186148222,0,-4.2632564145606011e-14,False
exhale,50,4.7942265187215956,62.373483548241914,0,-2.8421709430404007e-14,False
exhale,50,4.7940698757295337,63.095734448019364,0,-5.6843418860808015e-14,False
exhale,50,4.7939145928964022,63.82634861905489,0,-4.2632564145606011e-14,False
exhale,50,4.7937606608758605,64.56542290346556,0,-5.6843418860808015e-14,False
exhale,50,4.793608070328542,65.313055264747234,0,-2.8421709430404007e-14,False
exhale,50,4.7934568119219776,66.06934480075958,0,-5.6843418860808015e-14,False
exhale,50,4.7933068763305391,66.834391756861493,0,-2.8421709430404007e-14,False
exhale,50,4.7931582542353439,67.60829753919819,0,-5.6843418860808015e-14,False
exhale,50,4.7930109363242117,68.391164728142925,0,-5.6843418860808015e-14,False
exhale,50,4.792864913291579,69.183097091893629,0,-5.6843418860808015e-14,False
exhale,50,4.7927201758384355,69.984199600227385,0,-4.2632564145606011e-14,False
exhale,50,4.792576714672248,70.794578438413808,0,-5.6843418860808015e-14,False
exhale,50,4.7924345205069105,71.614341021290201,0,-2.8421709430404007e-14,False
exhale,50,4.7922935840626568,72.443596007498982,0,-2.8421709430404007e-14,False
exhale,50,4.7921538960660035,73.282453313890443,0,-1.4210854715202004e-14,False
exhale,50,4.7920154472496774,74.131024130091774,0,-4.2632564145606011e-14,False
exhale,50,4.7918782283525641,74.989420933245583,0,-2.8421709430404007e-14,False
exhale,50,4.7917422301196195,75.857757502918361,0,-2.8421709430404007e-14,False
exhale,50,4.7916074433018219,76.736148936181934,0,0,False
exhale,50,4.7914738586560999,77.624711662869203,0,1.4210854715202004e-14,False
exhale,50,4.7913414669452701,78.523563461007186,0,0,False
exhale,50,4.7912102589379746,79.43282347242814,0,-2.8421709430404007e-14,False
exhale,50,4.7910802254086118,80.352612218561774,0,-5.6843418860808015e-14,False
exhale,50,4.790951357137283,81.283051616409949,0,0,False
exhale,50,4.7908236449097119,82.224264994707127,0,-4.2632564145606011e-14,False
exhale,50,4.7906970795172086,83.176377110267083,0,-2.8421709430404007e-14,False
exhale,50,4.7905716517565837,84.139514164519554,0,-1.4210854715202004e-14,False
exhale,50,4.7904473524300988,85.113803820237678,0,-2.8421709430404007e-14,False
exhale,50,4.7903241723454064,86.099375218460082,0,-1.4210854715202004e-14,False
exhale,50,4.7902021023154822,87.096358995608057,0,-1.4210854715202004e-14,False
exhale,50,4.7900811331585729,88.10488730080138,0,0,False
exhale,50,4.7899612556981292,89.12509381337459,0,-2.8421709430404007e-14,False
exhale,50,4.789842460762757,90.157113760595706,0,-2.8421709430404007e-14,False
exhale,50,4.7897247391861502,91.201083935590972,0,1.4210854715202004e-14,False
exhale,50,4.7896080818070219,92.257142715476292,0,-5.6843418860808015e-14,False
exhale,50,4.7894924794690823,93.325430079699146,0,-2.8421709430404007e-14,False
exhale,50,4.789377923020937,94.40608762859236,0,-1.4210854715202004e-14,False
exhale,50,4.7892644033160643,95.499258602143584,0,-2.8421709430404007e-14,False
exhale,50,4.7891519112127394,96.60508789898131,0,-1.4210854715202004e-14,False
exhale,50,4.7890404375739815,97.72372209558111,0,-4.2632564145606011e-14,False
exhale,50,4.788929973267515,98.855309465693907,0,-2.8421709430404007e-14,False
exhale,50,4.7888205091656806,100,0,0,False
exhale,60,6.0172775790707931,0.10000000000000001,0,-2.2737367544323206e-13,False
exhale,60,6.0171233888815632,0.10115794542598985,0,-2.8421709430404007e-13,False
exhale,60,6.0169677158210888,0.10232929922807542,0,-2.5579538487363607e-13,False
exhale,60,6.0168105413471427,0.10351421666793438,0,-2.1316282072803006e-13,False
exhale,60,6.0166518469192836,0.10471285480508996,0,-2.2737367544323206e-13,False
exhale,60,6.0164916139988929,0.10592537251772889,0,-2.9842794901924208e-13,False
exhale,60,6.0163298240492331,0.10715193052376065,0,-2.9842794901924208e-13,False
exhale,60,6.0161664585354497,0.10839269140212036,0,-2.2737367544323206e-13,False
exhale,60,6.0160014989246307,0.10964781961431851,0,-1.8474111129762605e-13,False
exhale,60,6.0158349266858409,0.11091748152624012,0,-2.4158453015843406e-13,False
exhale,60,6.0156667232901713,0.11220184543019636,0,-2.1316282072803006e-13,False
exhale,60,6.0154968702107698,0.11350108156723152,0,-2.1316282072803006e-13,False
exhale,60,6.015325348922886,0.11481536214968829,0,-2.2737367544323206e-13,False
exhale,60,6.0151521409039059,0.11614486138403426,0,-2.9842794901924208e-13,False
exhale,60,6.0149772276334286,0.11748975549395298,0,-1.8474111129762605e-13,False
exhale,60,6.0148005905932518,0.11885022274370183,0,-1.5631940186722204e-13,False
exhale,60,6.0146222112674623,0.12022644346174129,0,-2.8421709430404007e-13,False
exhale,60,6.014442071142482,0.12161860006463679,0,-1.7053025658242404e-13,False
exhale,60,6.0142601517070844,0.12302687708123815,0,-1.7053025658242404e-13,False
exhale,60,6.0140764344524582,0.1244514611771385,0,-1.8474111129762605e-13,False
exhale,60,6.0138909008722603,0.12589254117941673,0,-2.2737367544323206e-13,False
exhale,60,6.0137035324626584,0.12735030810166617,0,-1.5631940186722204e-13,False
exhale,60,6.013514310722373,0.12882495516931339,0,-1.9895196601282805e-13,False
exhale,60,6.0133232171527435,0.13031667784522993,0,-1.9895196601282805e-13,False
exhale,60,6.0131302332577636,0.1318256738556407,0,-1.2789769243681803e-13,False
exhale,60,6.0129353405441348,0.1333521432163324,0,-1.8474111129762605e-13,False
exhale,60,6.0127385205213297,0.13489628825916536,0,-1.8474111129762605e-13,False
exhale,60,6.0125397547016348,0.13645831365889247,0,-1.4210854715202004e-13,False
exhale,60,6.0123390246002026,0.13803842646028849,0,-1.4210854715202004e-13,False
exhale,60,6.0121363117351123,0.13963683610559377,0,-1.8474111129762605e-13,False
exhale,60,6.0119315976274263,0.14125375446227545,0,-1.7053025658242404e-13,False
exhale,60,6.0117248638012333,0.1428893958511103,0,-1.1368683772161603e-13,False
exhale,60,6.011516091783716,0.14454397707459277,0,-1.7053025658242404e-13,False
exhale,60,6.0113052631052142,0.14621771744567183,0,-9.9475983006414026e-14,False
exhale,60,6.0110923592992558,0.14791083881682077,0,-1.9895196601282805e-13,False
exhale,60,6.0108773619026588,0.14962356560944334,0,-1.4210854715202004e-13,False
exhale,60,6.0106602524555379,0.15135612484362079,0,-1.2789769243681803e-13,False
exhale,60,6.0104410125014143,0.15310874616820302,0,-1.5631940186722204e-13,False
exhale,60,6.0102196235872505,0.15488166189124811,0,-1.4210854715202004e-13,False
exhale,60,6.0099960672635069,0.15667510701081494,0,-9.9475983006414026e-14,False
exhale,60,6.0097703250842178,0.15848931924611134,0,-9.9475983006414026e-14,False
exhale,60,6.0095423786070565,0.16032453906900418,0,-1.2789769243681803e-13,False
exhale,60,6.0093122093933875,0.16218100973589297,0,-9.9475983006414026e-14,False
exhale,60,6.009079799008334,0.16405897731995392,0,-1.7053025658242404e-13,False
exhale,60,6.0088451290208651,0.16595869074375605,0,-1.1368683772161603e-13,False
exhale,60,6.008608181003809,0.16788040181225602,0,-1.1368683772161603e-13,False
exhale,60,6.0083689365339881,0.16982436524617442,0,-1.1368683772161603e-13,False
exhale,60,6.0081273771922259,0.17179083871575881,0,-2.8421709430404007e-14,False
exhale,60,6.0078834845634557,0.17378008287493754,0,-7.1054273576010019e-14,False
exhale,60,6.0076372402367726,0.17579236139586926,0,-9.9475983006414026e-14,False
exhale,60,6.0073886258055094,0.17782794100389229,0,-5.6843418860808015e-14,False
exhale,60,6.0071376228672984,0.17988709151287879,0,-5.6843418860808015e-14,False
exhale,60,6.0068842130241498,0.18197008586099836,0,-8.5265128291212022e-14,False
exhale,60,6.006628377882528,0.18407720014689558,0,-8.5265128291212022e-14,False
exhale,60,6.006370099053413,0.18620871366628675,0,-9.9475983006414026e-14,False
exhale,60,6.0061093581523828,0.18836490894898006,0,-7.1054273576010019e-14,False
exhale,60,6.0058461367996836,0.19054607179632474,0,-4.2632564145606011e-14,False
exhale,60,6.0055804166203037,0.19275249131909361,0,-8.5265128291212022e-14,False
exhale,60,6.0053121792440614,0.19498445997580455,0,-1.4210854715202004e-14,False
exhale,60,6.0050414063056552,0.19724227361148533,0,-7.1054273576010019e-14,False
exhale,60,6.0047680794447773,0.19952623149688797,0,-1.4210854715202004e-14,False
exhale,60,6.0044921803061575,0.20183663636815607,0,-2.8421709430404007e-14,False
exhale,60,6.0042136905396566,0.20417379446695297,0,-1.1368683772161603e-13,False
exhale,60,6.0039325918003641,0.20653801558105292,0,-4.2632564145606011e-14,False
exhale,60,6.0036488657486355,0.20892961308540398,0,-5.6843418860808015e-14,False
exhale,60,6.0033624940502142,0.21134890398366465,0,-8.5265128291212022e-14,False
exhale,60,6.0030734583762966,0.21379620895022325,0,0,False
exhale,60,6.0027817404036039,0.21627185237270202,0,-2.8421709430404007e-14,False
exhale,60,6.0024873218144865,0.21877616239495529,0,-7.1054273576010019e-14,False
exhale,60,6.0021901842970067,0.22130947096056375,0,-2.8421709430404007e-14,False
exhale,60,6.0018903095449891,0.223872113856834,0,-4.2632564145606011e-14,False
exhale,60,6.0015876792581597,0.22646443075930595,0,-8.5265128291212022e-14,False
exhale,60,6.0012822751421941,0.22908676527677729,0,-1.4210854715202004e-14,False
exhale,60,6.0009740789088069,0.23173946499684786,0,-2.8421709430404007e-14,False
exhale,60,6.0006630722758576,0.2344228815319922,0,2.8421709430404007e-14,False
exhale,60,6.0003492369674278,0.23713737056616552,0,0,False
exhale,60,6.0000325543106214,0.23988329190194904,0,-1.4210854715202004e-14,False
exhale,60,5.999713004026483,0.24266100950824154,0,0,False
exhale,60,5.9993905654412041,0.24547089156850305,0,-2.8421709430404007e-14,False
exhale,60,5.9990652178897399,0.24831331052955705,0,-2.8421709430404007e-14,False
exhale,60,5.9987369407159337,0.25118864315095801,0,2.8421709430404007e-14,False
exhale,60,5.9984057132726774,0.25409727055493053,0,0,False
exhale,60,5.9980715149220503,0.25703957827688639,0,1.4210854715202004e-14,False
exhale,60,5.9977343250354647,0.26001595631652719,0,-1.4210854715202004e-14,False
exhale,60,5.9973941229938221,0.26302679918953814,0,-4.2632564145606011e-14,False
exhale,60,5.9970508881876592,0.26607250597988097,0,2.8421709430404007e-14,False
exhale,60,5.9967046000172903,0.26915348039269155,0,2.8421709430404007e-14,False
exhale,60,5.9963552378929839,0.27227013080779128,0,0,False
exhale,60,5.9960027812350978,0.27542287033381663,0,1.4210854715202004e-14,False
exhale,60,5.995647209474237,0.2786121168629771,0,-5.6843418860808015e-14,False
exhale,60,5.9952885020514275,0.28183829312644537,0,-2.8421709430404007e-14,False
exhale,60,5.9949266384182529,0.28510182675039097,0,-7.1054273576010019e-14,False
exhale,60,5.9945615980370395,0.28840315031266056,0,0,False
exhale,60,5.9941933603809945,0.29174270140011677,0,-4.2632564145606011e-14,False
exhale,60,5.993821904934383,0.29512092266663853,0,1.4210854715202004e-14,False
exhale,60,5.9934472111926977,0.298538261891796,0,-1.4210854715202004e-14,False
exhale,60,5.9930692586628238,0.3019951720402016,0,1.4210854715202004e-14,False
exhale,60,5.992688026863191,0.3054921113215513,0,8.5265128291212022e-14,False
exhale,60,5.992303495323962,0.30902954325135906,0,4.2632564145606011e-14,False
exhale,60,5.9919156435872027,0.31260793671239551,0,1.4210854715202004e-14,False
exhale,60,5.9915244512070434,0.31622776601683794,0,2.8421709430404007e-14,False
exhale,60,5.9911298977498664,0.31988951096913981,0,-1.4210854715202004e-14,False
exhale,60,5.9907319627944711,0.32359365692962827,0,-1.4210854715202004e-14,False
exhale,60,5.9903306259322555,0.32734069487883821,0,1.4210854715202004e-14,False
exhale,60,5.9899258667673951,0.33113112148259111,0,-1.4210854715202004e-14,False
exhale,60,5.9895176649170319,0.33496543915782767,0,4.2632564145606011e-14,False
exhale,60,5.9891060000114313,0.33884415613920255,0,2.8421709430404007e-14,False
exhale,60,5.9886908516941988,0.3427677865464504,0,2.8421709430404007e-14,False
exhale,60,5.9882721996224344,0.34673685045253166,0,-1.4210854715202004e-14,False
exhale,60,5.9878500234669465,0.35075187395256802,0,0,False
exhale,60,5.9874243029124097,0.35481338923357547,0,-4.2632564145606011e-14,False
exhale,60,5.9869950176575841,0.35892193464500527,0,1.4210854715202004e-14,False
exhale,60,5.98656214741548,0.36307805477010141,0,2.8421709430404007e-14,False
exhale,60,5.9861256719700791,0.36728230049808469,0,2.8421709430404007e-14,False
exhale,60,5.9856855724201523,0.37153522909717257,0,-1.4210854715202004e-14,False
exhale,60,5.9852418311809892,0.3758374042884442,0,2.8421709430404007e-14,False
exhale,60,5.9847944307420073,0.38018939632056115,0,-1.4210854715202004e-14,False
exhale,60,5.9843433536105186,0.38459178204535355,0,-4.2632564145606011e-14,False
exhale,60,5.9838885823119536,0.38904514499428056,0,2.8421709430404007e-14,False
exhale,60,5.9834300993901293,0.39355007545577742,0,1.4210854715202004e-14,False
exhale,60,5.9829678874075087,0.3981071705534972,0,0,False
exhale,60,5.9825019289454255,0.40271703432545908,0,4.2632564145606011e-14,False
exhale,60,5.9820322066043694,0.40738027780411273,0,2.8421709430404007e-14,False
exhale,60,5.9815587030042314,0.41209751909733022,0,2.8421709430404007e-14,False
exhale,60,5.9810814007845643,0.41686938347033542,0,-1.4210854715202004e-14,False
exhale,60,5.9806002826048443,0.42169650342858223,0,2.8421709430404007e-14,False
exhale,60,5.980115331144737,0.42657951880159267,0,5.6843418860808015e-14,False
exhale,60,5.9796265291043458,0.43151907682776525,0,4.2632564145606011e-14,False
exhale,60,5.9791338592045227,0.43651583224016599,0,-1.4210854715202004e-14,False
exhale,60,5.9786373041870799,0.44157044735331252,0,-2.8421709430404007e-14,False
exhale,60,5.9781368468150964,0.44668359215096315,0,5.6843418860808015e-14,False
exhale,60,5.9776324698731829,0.45185594437492238,0,2.8421709430404007e-14,False
exhale,60,5.9771241561677515,0.45708818961487507,0,0,False
exhale,60,5.9766118885273016,0.46238102139926035,0,-1.4210854715202004e-14,False
exhale,60,5.9760956498026783,0.46773514128719823,0,1.4210854715202004e-14,False
exhale,60,5.9755754228673652,0.47315125896148053,0,2.8421709430404007e-14,False
exhale,60,5.9750511906177746,0.47863009232263842,0,4.2632564145606011e-14,False
exhale,60,5.9745229359735044,0.48417236758409943,0,4.2632564145606011e-14,False
exhale,60,5.9739906418776423,0.48977881936844625,0,2.8421709430404007e-14,False
exhale,60,5.9734542912970534,0.4954501908047903,0,1.4210854715202004e-14,False
exhale,60,5.9729138672226565,0.50118723362727235,0,4.2632564145606011e-14,False
exhale,60,5.9723693526697144,0.50699070827470427,0,7.1054273576010019e-14,False
exhale,60,5.9718207306781377,0.51286138399136483,0,2.8421709430404007e-14,False
exhale,60,5.9712679843127701,0.51880003892896109,0,2.8421709430404007e-14,False
exhale,60,5.9707110966636794,0.52480746024977254,0,4.2632564145606011e-14,False
exhale,60,5.970150050846458,0.53088444423098835,0,5.6843418860808015e-14,False
exhale,60,5.9695848300025265,0.53703179637025267,0,9.9475983006414026e-14,False
exhale,60,5.9690154172994303,0.54325033149243318,0,1.1368683772161603e-13,False
exhale,60,5.9684417959311302,0.54954087385762451,0,8.5265128291212022e-14,False
exhale,60,5.9678639491183301,0.5559042572704036,0,7.1054273576010019e-14,False
exhale,60,5.9672818601087574,0.56234132519034907,0,8.5265128291212022e-14,False
exhale,60,5.9666955136798752,0.56885293084384148,0,2.8421709430404007e-14,False
exhale,60,5.9661049006470925,0.57543993733715693,0,5.6843418860808015e-14,False
exhale,60,5.9655100133580765,0.58210321777087148,0,7.1054273576010019e-14,False
exhale,60,5.9649108441908929,0.58884365535558902,0,1.1368683772161603e-13,False
exhale,60,5.9643073855543136,0.59566214352901048,0,9.9475983006414026e-14,False
exhale,60,5.9636996298881373,0.60255958607435778,0,9.9475983006414026e-14,False
exhale,60,5.9630875696635419,0.60953689724016924,0,1.5631940186722204e-13,False
exhale,60,5.9624711973833859,0.61659500186148219,0,1.9895196601282805e-13,False
exhale,60,5.9618505055825404,0.62373483548241926,0,1.5631940186722204e-13,False
exhale,60,5.9612254868282468,0.63095734448019336,0,1.1368683772161603e-13,False
exhale,60,5.9605961337204159,0.63826348619054873,0,2.1316282072803006e-13,False
exhale,60,5.9599624388919601,0.64565422903465564,0,1.7053025658242404e-13,False
exhale,60,5.9593243950091574,0.65313055264747244,0,1.9895196601282805e-13,False
exhale,60,5.9586819947719469,0.66069344800759611,0,2.4158453015843406e-13,False
exhale,60,5.9580352309142803,0.66834391756861466,0,1.7053025658242404e-13,False
exhale,60,5.9573840962044642,0.67608297539198192,0,2.5579538487363607e-13,False
exhale,60,5.9567285834454715,0.68391164728142928,0,2.4158453015843406e-13,False
exhale,60,5.9560686854753042,0.69183097091893642,0,2.5579538487363607e-13,False
exhale,60,5.9554043951673092,0.69984199600227348,0,3.2684965844964609e-13,False
exhale,60,5.9547357054305232,0.70794578438413791,0,3.5527136788005009e-13,False
exhale,60,5.9540626092100144,0.71614341021290195,0,3.2684965844964609e-13,False
exhale,60,5.9533850994872211,0.72443596007499,0,3.1263880373444408e-13,False
exhale,60,5.9527031692802819,0.73282453313890406,0,2.9842794901924208e-13,False
exhale,60,5.9520168116443459,0.74131024130091749,0,-3.2684965844964609e-13,False
exhale,60,5.9513260196720656,0.74989420933245587,0,-3.836930773104541e-13,False
exhale,60,5.9506307864937114,0.75857757502918377,0,-3.4106051316484809e-13,False
exhale,60,5.9499311052776536,0.76736148936181892,0,-3.694822225952521e-13,False
exhale,60,5.9492269692306792,0.77624711662869172,0,-3.4106051316484809e-13,False
exhale,60,5.9485183715983334,0.78523563461007184,0,-3.2684965844964609e-13,False
exhale,60,5.9478053056652636,0.79432823472428149,0,-3.4106051316484809e-13,False
exhale,60,5.947087764755552,0.80352612218561725,0,-3.1263880373444408e-13,False
exhale,60,5.9463657422330867,0.81283051616409929,0,-3.2684965844964609e-13,False
exhale,60,5.9456392315018798,0.82224264994707119,0,-3.2684965844964609e-13,False
exhale,60,5.9449082260064197,0.83176377110267108,0,-3.1263880373444408e-13,False
exhale,60,5.9441727192320357,0.84139514164519513,0,-3.1263880373444408e-13,False
exhale,60,5.9434327047052236,0.85113803820237655,0,-3.1263880373444408e-13,False
exhale,60,5.9426881759940047,0.86099375218460072,0,-2.5579538487363607e-13,False
exhale,60,5.9419391270605599,0.87096358995608081,0,-2.8421709430404007e-13,False
exhale,60,5.9411855600114905,0.88104887300801427,0,-2.8421709430404007e-13,False
exhale,60,5.9404274850956611,0.89125093813374567,0,-2.9842794901924208e-13,False
exhale,60,5.9396649129529306,0.90157113760595708,0,-2.7000623958883807e-13,False
exhale,60,5.938897854262021,0.91201083935590965,0,-2.4158453015843406e-13,False
exhale,60,5.938126319740749,0.92257142715476315,0,-2.4158453015843406e-13,False
exhale,60,5.9373503201462228,0.93325430079699101,0,-2.4158453015843406e-13,False
exhale,60,5.9365698662750583,0.94406087628592328,0,-2.1316282072803006e-13,False
exhale,60,5.9357849689635565,0.95499258602143589,0,-1.9895196601282805e-13,False
exhale,60,5.9349956390879344,0.96605087898981334,0,-1.5631940186722204e-13,False
exhale,60,5.9342018875645035,0.97723722095581067,0,-1.7053025658242404e-13,False
exhale,60,5.9334037253498737,0.98855309465693886,0,-1.7053025658242404e-13,False
exhale,60,5.9326011634411504,1,0,-1.5631940186722204e-13,False
exhale,60,5.931794212876123,1.0115794542598988,0,-1.1368683772161603e-13,False
exhale,60,5.9309828847334458,1.0232929922807541,0,-9.9475983006414026e-14,False
exhale,60,5.9301671901328499,1.0351421666793441,0,-7.1054273576010019e-14,False
exhale,60,5.9293471402353015,1.0471285480508996,0,-1.2789769243681803e-13,False
exhale,60,5.9285227462432131,1.0592537251772887,0,-1.4210854715202004e-14,False
exhale,60,5.9276940194005974,1.0715193052376064,0,-5.6843418860808015e-14,False
exhale,60,5.9268609709932667,1.0839269140212033,0,-2.8421709430404007e-14,False
exhale,60,5.9260236123490007,1.0964781961431851,0,-5.6843418860808015e-14,False
exhale,60,5.9251819548377327,1.1091748152624008,0,-4.2632564145606011e-14,False
exhale,60,5.9243360098716957,1.1220184543019636,0,-7.1054273576010019e-14,False
exhale,60,5.9234857889056309,1.1350108156723149,0,-4.2632564145606011e-14,False
exhale,60,5.9226313034369209,1.1481536214968828,0,2.8421709430404007e-14,False
exhale,60,5.9217725650057691,1.1614486138403426,0,4.2632564145606011e-14,False
exhale,60,5.9209095851953686,1.1748975549395297,0,-4.2632564145606011e-14,False
exhale,60,5.920042375632061,1.1885022274370183,0,-7.1054273576010019e-14,False
exhale,60,5.9191709479854921,1.2022644346174132,0,-1.4210854715202004e-14,False
exhale,60,5.91829531396876,1.2161860006463678,0,2.8421709430404007e-14,False
exhale,60,5.9174154853385783,1.2302687708123818,0,-1.4210854715202004e-14,False
exhale,60,5.9165314738954455,1.244514611771385,0,5.6843418860808015e-14,False
exhale,60,5.9156432914837476,1.2589254117941675,0,1.4210854715202004e-14,False
exhale,60,5.9147509499919568,1.2735030810166617,0,5.6843418860808015e-14,False
exhale,60,5.9138544613527362,1.2882495516931343,0,-1.4210854715202004e-14,False
exhale,60,5.912953837543232,1.3031667784522993,0,1.9184653865522705e-12,False
exhale,60,5.9120490905845982,1.3182567385564075,0,-1.4210854715202004e-14,False
exhale,60,5.9111402325433167,1.333521432163324,0,0,False
exhale,60,5.9102272791813633,1.348962882591654,0,-2.8421709430404007e-14,False
exhale,60,5.9093102609041841,1.3645831365889245,0,-1.4210854715202004e-14,False
exhale,60,5.9083892117958925,1.3803842646028852,0,-5.6843418860808015e-14,False
exhale,60,5.9074641659662976,1.3963683610559376,0,1.4210854715202004e-14,False
exhale,60,5.9065351575506613,1.4125375446227548,0,2.8421709430404007e-14,False
exhale,60,5.905602220709488,1.4288939585111029,0,2.8421709430404007e-14,False
exhale,60,5.904665389628291,1.4454397707459272,0,-4.2632564145606011e-14,False
exhale,60,5.9037246985173581,1.4621771744567182,0,2.8421709430404007e-14,False
exhale,60,5.9027801816115,1.4791083881682072,0,2.8421709430404007e-14,False
exhale,60,5.9018318731698214,1.4962356560944337,0,1.4210854715202004e-14,False
exhale,60,5.9008798074754862,1.513561248436208,0,-1.4210854715202004e-14,False
exhale,60,5.8999240188354554,1.5310874616820302,0,2.8421709430404007e-14,False
exhale,60,5.8989645415802325,1.5488166189124812,0,5.6843418860808015e-14,False
exhale,60,5.8980014100636229,1.5667510701081493,0,2.8421709430404007e-14,False
exhale,60,5.8970346586624691,1.5848931924611134,0,-5.6843418860808015e-14,False
exhale,60,5.8960643217764011,1.6032453906900417,0,0,False
exhale,60,5.8950904338275452,1.6218100973589298,0,4.2632564145606011e-14,False
exhale,60,5.894113029260283,1.6405897731995396,0,1.4210854715202004e-14,False
exhale,60,5.8931321425409715,1.6595869074375604,0,2.8421709430404007e-14,False
exhale,60,5.8921478081576772,1.6788040181225607,0,5.6843418860808015e-14,False
exhale,60,5.8911600606198764,1.6982436524617444,0,7.1054273576010019e-14,False
exhale,60,5.8901689344582042,1.7179083871575884,0,7.1054273576010019e-14,False
exhale,60,5.8891744642241539,1.7378008287493754,0,8.5265128291212022e-14,False
exhale,60,5.8881766844897943,1.7579236139586931,0,1.2789769243681803e-13,False
exhale,60,5.8871756298474738,1.7782794100389228,0,9.9475983006414026e-14,False
exhale,60,5.8861713349095401,1.7988709151287883,0,1.4210854715202004e-13,False
exhale,60,5.8851638343080426,1.8197008586099834,0,1.4210854715202004e-13,False
exhale,60,5.8841531626944148,1.8407720014689564,0,1.4210854715202004e-13,False
exhale,60,5.883139354739197,1.8620871366628675,0,1.7053025658242404e-13,False
exhale,60,5.8821224451317198,1.883649089489801,0,1.7053025658242404e-13,False
exhale,60,5.8811024685797904,1.9054607179632472,0,2.2737367544323206e-13,False
exhale,60,5.8800794598093873,1.9275249131909356,0,2.5579538487363607e-13,False
exhale,60,5.8790534535643442,1.9498445997580456,0,2.2737367544323206e-13,False
exhale,60,5.8780244846060397,1.9724227361148534,0,2.4158453015843406e-13,False
exhale,60,5.876992587713068,1.9952623149688797,0,3.2684965844964609e-13,False
exhale,60,5.8759577976809068,2.0183663636815607,0,2.8421709430404007e-13,False
exhale,60,5.8749201493216203,2.0417379446695296,0,2.9842794901924208e-13,False
exhale,60,5.8738796778625542,2.0653801558105291,0,-2.8421709430404007e-13,False
exhale,60,5.8728364277213077,2.0892961308540396,0,-3.1263880373444408e-13,False
exhale,60,5.8717904524836282,2.1134890398366464,0,-3.5527136788005009e-13,False
exhale,60,5.8707418061136014,2.1379620895022327,0,-3.4106051316484809e-13,False
exhale,60,5.869690542553629,2.1627185237270199,0,-2.9842794901924208e-13,False
exhale,60,5.8686367157237171,2.187761623949553,0,-2.8421709430404007e-13,False
exhale,60,5.8675803795207697,2.2130947096056377,0,-3.2684965844964609e-13,False
exhale,60,5.8665215878178962,2.2387211385683399,0,-3.2684965844964609e-13,False
exhale,60,5.8654603944636996,2.2646443075930596,0,-2.9842794901924208e-13,False
exhale,60,5.8643968532815949,2.2908676527677736,0,-2.9842794901924208e-13,False
exhale,60,5.8633310180691005,2.3173946499684783,0,-2.5579538487363607e-13,False
exhale,60,5.8622629425971722,2.3442288153199229,0,-2.2737367544323206e-13,False
exhale,60,5.8611926806094923,2.3713737056616551,0,-2.5579538487363607e-13,False
exhale,60,5.8601202858218189,2.3988329190194912,0,-2.2737367544323206e-13,False
exhale,60,5.8590458119212778,2.4266100950824154,0,-1.2789769243681803e-13,False
exhale,60,5.8579693125656931,2.454708915685031,0,-1.7053025658242404e-13,False
exhale,60,5.8568908413829446,2.4831331052955705,0,-1.4210854715202004e-13,False
exhale,60,5.8558104519702576,2.511886431509581,0,-1.4210854715202004e-13,False
exhale,60,5.8547281978935715,2.5409727055493052,0,-1.7053025658242404e-13,False
exhale,60,5.8536441326868616,2.5703957827688635,0,-1.8474111129762605e-13,False
exhale,60,5.8525583098514895,2.6001595631652723,0,-1.7053025658242404e-13,False
exhale,60,5.8514707828555492,2.6302679918953813,0,-9.9475983006414026e-14,False
exhale,60,5.8503816051332054,2.6607250597988097,0,-9.9475983006414026e-14,False
exhale,60,5.8492908300840734,2.6915348039269151,0,-5.6843418860808015e-14,False
exhale,60,5.8481985110725443,2.7227013080779128,0,-8.5265128291212022e-14,False
exhale,60,5.8471047014271784,2.7542287033381663,0,-7.1054273576010019e-14,False
exhale,60,5.846009454440054,2.7861211686297707,0,-1.4210854715202004e-14,False
exhale,60,5.8449128233661298,2.8183829312644537,0,0,False
exhale,60,5.843814861422632,2.85101826750391,0,-2.8421709430404007e-14,False
exhale,60,5.8427156217884306,2.8840315031266055,0,-2.8421709430404007e-14,False
exhale,60,5.8416151576034112,2.9174270140011673,0,-1.4210854715202004e-14,False
exhale,60,5.8405135219678641,2.9512092266663856,0,-1.4210854715202004e-14,False
exhale,60,5.8394107679418852,2.9853826189179604,0,-2.8421709430404007e-14,False
exhale,60,5.8383069485447461,3.0199517204020161,0,-1.4210854715202004e-14,False
exhale,60,5.8372021167543133,3.0549211132155141,0,0,False
exhale,60,5.8360963255064364,3.0902954325135905,0,0,False
exhale,60,5.8349896276943376,3.126079367123956,0,-3.1263880373444408e-13,False
exhale,60,5.8338820761681225,3.1622776601683795,0,0,False
exhale,60,5.8327737249720375,3.1988951096913989,0,-2.8421709430404007e-14,False
exhale,60,5.8316646330461079,3.2359365692962827,0,2.8421709430404007e-14,False
exhale,60,5.8305548604900519,3.273406948788383,0,-5.6843418860808015e-14,False
exhale,60,5.8294444673216326,3.3113112148259112,0,-2.8421709430404007e-14,False
exhale,60,5.8283335134759682,3.3496543915782775,0,-2.8421709430404007e-14,False
exhale,60,5.8272220588049173,3.3884415613920256,0,0,False
exhale,60,5.8261101630764704,3.4276778654645046,0,-1.4210854715202004e-14,False
exhale,60,5.8249978859741436,3.4673685045253166,0,1.4210854715202004e-14,False
exhale,60,5.8238852870963935,3.5075187395256795,0,2.8421709430404007e-14,False
exhale,60,5.822772425956031,3.548133892335755,0,1.4210854715202004e-14,False
exhale,60,5.8216593619796795,3.5892193464500517,0,-4.2632564145606011e-14,False
exhale,60,5.8205461545072268,3.630780547701014,0,7.1054273576010019e-14,False
exhale,60,5.8194328627912713,3.6728230049808461,0,4.2632564145606011e-14,False
exhale,60,5.8183195459966299,3.715352290971726,0,1.4210854715202004e-14,False
exhale,60,5.8172062631998225,3.7583740428844412,0,4.2632564145606011e-14,False
exhale,60,5.8160930733885836,3.8018939632056128,0,8.5265128291212022e-14,False
exhale,60,5.8149800354613683,3.8459178204535354,0,7.1054273576010019e-14,False
exhale,60,5.8138672082269318,3.8904514499428067,0,8.5265128291212022e-14,False
exhale,60,5.8127546504038312,3.9355007545577743,0,5.6843418860808015e-14,False
exhale,60,5.811642420620025,3.9810717055349731,0,9.9475983006414026e-14,False
exhale,60,5.8105305774124263,4.0271703432545909,0,5.6843418860808015e-14,False
exhale,60,5.8094191792265217,4.0738027780411281,0,9.9475983006414026e-14,False
exhale,60,5.8083082844159488,4.1209751909733017,0,1.1368683772161603e-13,False
exhale,60,5.8071979512421379,4.1686938347033546,0,9.9475983006414026e-14,False
exhale,60,5.8060882378739302,4.2169650342858223,0,1.1368683772161603e-13,False
exhale,60,5.8049792023872335,4.2657951880159279,0,2.1316282072803006e-13,False
exhale,60,5.8038709027646753,4.3151907682776525,0,2.1316282072803006e-13,False
exhale,60,5.8027633968952861,4.365158322401661,0,2.1316282072803006e-13,False
exhale,60,5.8016567425741785,4.4157044735331255,0,2.2737367544323206e-13,False
exhale,60,5.8005509975022518,4.4668359215096327,0,2.7000623958883807e-13,False
exhale,60,5.7994462192859029,4.5185594437492238,0,2.4158453015843406e-13,False
exhale,60,5.7983424654367663,4.5708818961487516,0,3.4106051316484809e-13,False
exhale,60,5.7972397933714301,4.6238102139926029,0,2.9842794901924208e-13,False
exhale,60,5.7961382604111886,4.6773514128719809,0,-2.9842794901924208e-13,False
exhale,60,5.7950379237819272,4.7315125896148054,0,-3.836930773104541e-13,False
exhale,60,5.7939388406137118,4.7863009232263831,0,-2.7000623958883807e-13,False
exhale,60,5.7928410679406941,4.8417236758409938,0,-3.1263880373444408e-13,False
exhale,60,5.7917446625407001,4.8977881936844616,0,-2.7000623958883807e-13,False
exhale,60,5.7906496774083802,4.9545019080479031,0,-3.4106051316484809e-13,False
exhale,60,5.789556161747873,5.011872336272722,0,-3.1263880373444408e-13,False
exhale,60,5.7884641644945942,5.0699070827470445,0,-3.2684965844964609e-13,False
exhale,60,5.7873737344754215,5.1286138399136485,0,-2.9842794901924208e-13,False
exhale,60,5.7862849204087237,5.1880003892896118,0,-2.5579538487363607e-13,False
exhale,60,5.7851977709043831,5.2480746024977254,0,-2.4158453015843406e-13,False
exhale,60,5.7841123344638739,5.3088444423098844,0,-2.1316282072803006e-13,False
exhale,60,5.7830286594803146,5.3703179637025267,0,-2.1316282072803006e-13,False
exhale,60,5.7819467942385687,5.4325033149243334,0,-1.8474111129762605e-13,False
exhale,60,5.7808667869153272,5.4954087385762458,0,-1.8474111129762605e-13,False
exhale,60,5.7797886855792457,5.5590425727040369,0,-2.2737367544323206e-13,False
exhale,60,5.7787125381910673,5.6234132519034912,0,-1.2789769243681803e-13,False
exhale,60,5.7776383926037482,5.6885293084384161,0,-1.4210854715202004e-13,False
exhale,60,5.7765662965626525,5.7543993733715695,0,-7.1054273576010019e-14,False
exhale,60,5.7754962977057032,5.8210321777087159,0,-9.9475983006414026e-14,False
exhale,60,5.7744284435635773,5.8884365535558896,0,-1.2789769243681803e-13,False
exhale,60,5.7733627815599222,5.9566214352901063,0,-5.6843418860808015e-14,False
exhale,60,5.7722993590115506,6.0255958607435778,0,-7.1054273576010019e-14,False
exhale,60,5.7712382231286847,6.095368972401694,0,-9.9475983006414026e-14,False
exhale,60,5.7701794210152189,6.1659500186148222,0,-5.6843418860808015e-14,False
exhale,60,5.7691229996689559,6.2373483548241913,0,-1.4210854715202004e-14,False
exhale,60,5.7680690059818884,6.3095734448019334,0,-2.8421709430404007e-14,False
exhale,60,5.7670174867405111,6.382634861905486,0,1.4210854715202004e-14,False
exhale,60,5.765968488626088,6.4565422903465564,0,-4.2632564145606011e-14,False
exhale,60,5.7649220582149958,6.5313055264747231,0,1.4210854715202004e-14,False
exhale,60,5.7638782419790493,6.6069344800759611,0,0,False
exhale,60,5.7628370862858365,6.6834391756861455,0,-2.8421709430404007e-14,False
exhale,60,5.7617986373990933,6.7608297539198192,0,1.4210854715202004e-14,False
exhale,60,5.7607629414790607,6.8391164728142924,0,5.6843418860808015e-14,False
exhale,60,5.7597300445828719,6.9183097091893657,0,-1.4210854715202004e-14,False
exhale,60,5.7586999926649698,6.9984199600227344,0,-4.2632564145606011e-14,False
exhale,60,5.7576728315774997,7.0794578438413804,0,0,False
exhale,60,5.7566486070707361,7.1614341021290198,0,-1.4210854715202004e-14,False
exhale,60,5.7556273647935239,7.2443596007499025,0,2.8421709430404007e-14,False
exhale,60,5.7546091502937466,7.3282453313890406,0,5.6843418860808015e-14,False
exhale,60,5.7535940090187596,7.4131024130091774,0,0,False
exhale,60,5.7525819863158985,7.4989420933245583,0,1.4210854715202004e-14,False
exhale,60,5.7515731244418848,7.5857757502918401,0,2.8421709430404007e-14,False
exhale,60,5.7505674535962017,7.6736148936181898,0,-1.4210854715202004e-14,False
exhale,60,5.7495650009054806,7.7624711662869199,0,0,False
exhale,60,5.7485657934165832,7.8523563461007182,0,-1.4210854715202004e-14,False
exhale,60,5.7475698580971599,7.9432823472428176,0,1.4210854715202004e-14,False
exhale,60,5.7465772218361604,8.0352612218561728,0,1.4210854715202004e-14,False
exhale,60,5.7455879114443773,8.1283051616409949,0,0,False
exhale,60,5.7446019536550024,8.2224264994707124,0,1.4210854715202004e-14,False
exhale,60,5.74361937512416,8.317637711026709,0,1.4210854715202004e-14,False
exhale,60,5.7426402024314847,8.4139514164519511,0,1.4210854715202004e-14,False
exhale,60,5.7416644620806716,8.5113803820237628,0,4.2632564145606011e-14,False
exhale,60,5.7406921805000559,8.6099375218460068,0,4.2632564145606011e-14,False
exhale,60,5.739723384043188,8.709635899560805,0,9.9475983006414026e-14,False
exhale,60,5.7387580989894094,8.8104887300801416,0,8.5265128291212022e-14,False
exhale,60,5.7377963515444561,8.9125093813374541,0,5.6843418860808015e-14,False
exhale,60,5.7368381678410465,9.0157113760595706,0,2.8421709430404007e-14,False
exhale,60,5.7358835739394856,9.1201083935590965,0,1.2789769243681803e-13,False
exhale,60,5.7349325958282567,9.2257142715476341,0,7.1054273576010019e-14,False
exhale,60,5.733985259424669,9.3325430079699103,0,1.1368683772161603e-13,False
exhale,60,5.7330415905754384,9.4406087628592363,0,1.4210854715202004e-13,False
exhale,60,5.7321016150573376,9.5499258602143584,0,9.9475983006414026e-14,False
exhale,60,5.7311653585778242,9.6605087898981363,0,1.1368683772161603e-13,False
exhale,60,5.7302328467756647,9.7723722095581067,0,1.1368683772161603e-13,True
exhale,60,5.7293041052215905,9.885530946569391,0,1.5631940186722204e-13,True
exhale,60,5.728379159418937,10,0,1.9895196601282805e-13,True
exhale,60,5.7274580348042958,10.115794542598982,0,2.4158453015843406e-13,True
exhale,60,5.7265407567481823,10.232929922807546,0,2.1316282072803006e-13,True
exhale,60,5.7256273505556976,10.351421666793442,0,2.1316282072803006e-13,True
exhale,60,5.7247178414671893,10.471285480508996,0,2.1316282072803006e-13,True
exhale,60,5.7238122546589398,10.592537251772887,0,2.8421709430404007e-13,True
exhale,60,5.7229106152438298,10.715193052376071,0,2.2737367544323206e-13,True
exhale,60,5.7220129482720479,10.839269140212039,0,2.5579538487363607e-13,True
exhale,60,5.7211192787317611,10.964781961431852,0,3.1263880373444408e-13,True
exhale,60,5.7202296315497723,11.091748152624008,0,-3.1263880373444408e-13,True
exhale,60,5.7193440315923967,11.220184543019629,0,-3.4106051316484809e-13,True
exhale,60,5.7184625036659185,11.350108156723154,0,-2.9842794901924208e-13,True
exhale,60,5.7175850725174593,11.481536214968829,0,-3.4106051316484809e-13,True
exhale,60,5.7167117624306831,11.614486138403427,0,-3.5527136788005009e-13,True
exhale,60,5.7158425883213182,11.748975549395292,0,-3.1263880373444408e-13,True
exhale,60,5.7149775557565636,11.88502227437019,0,-3.2684965844964609e-13,True
exhale,60,5.7141166698731611,12.022644346174131,0,-2.9842794901924208e-13,True
exhale,60,5.713259935782995,12.161860006463678,0,-2.5579538487363607e-13,True
exhale,60,5.7124073585735067,12.302687708123811,0,-2.5579538487363607e-13,True
exhale,60,5.711558943308173,12.445146117713856,0,-2.7000623958883807e-13,True
exhale,60,5.7107146950269323,12.589254117941675,0,-2.4158453015843406e-13,True
exhale,60,5.7098746187466212,12.735030810166617,0,-3.1263880373444408e-13,True
exhale,60,5.7090387194614376,12.882495516931336,0,-2.4158453015843406e-13,True
exhale,60,5.7082070021433537,13.031667784523,0,-2.4158453015843406e-13,True
exhale,60,5.7073794717425912,13.182567385564074,0,-1.8474111129762605e-13,True
exhale,60,5.7065561331880259,13.33521432163324,0,-2.1316282072803006e-13,True
exhale,60,5.705736991387667,13.489628825916533,0,-1.9895196601282805e-13,True
exhale,60,5.7049220512290679,13.645831365889252,0,-2.7000623958883807e-13,True
exhale,60,5.7041113175797875,13.803842646028853,0,-1.8474111129762605e-13,True
exhale,60,5.7033047952878011,13.963683610559377,0,-2.1316282072803006e-13,True
exhale,60,5.7025024891819838,14.12537544622754,0,-1.5631940186722204e-13,True
exhale,60,5.701704404072502,14.288939585111036,0,-1.2789769243681803e-13,True
exhale,60,5.7009105447512916,14.454397707459281,0,-7.1054273576010019e-14,True
exhale,60,5.700120915992466,14.621771744567184,0,-1.1368683772161603e-13,True
exhale,60,5.6993355225527802,14.791083881682072,0,-8.5265128291212022e-14,True
exhale,60,5.6985543691720464,14.962356560944343,0,-9.9475983006414026e-14,True
exhale,60,5.6977774605735867,15.135612484362087,0,-8.5265128291212022e-14,True
exhale,60,5.6970048014646659,15.310874616820303,0,-1.1368683772161603e-13,True
exhale,60,5.696236396536924,15.488166189124811,0,-1.4210854715202004e-14,True
exhale,60,5.6954722504668025,15.667510701081484,0,-5.6843418860808015e-14,True
exhale,60,5.6947123679160168,15.848931924611142,0,-4.2632564145606011e-14,True
exhale,60,5.6939567535319551,16.032453906900418,0,-1.4210854715202004e-14,True
exhale,60,5.6932054119481235,16.218100973589298,0,2.8421709430404007e-14,True
exhale,60,5.6924583477845871,16.405897731995388,0,-4.2632564145606011e-14,True
exhale,60,5.6917155656484084,16.595869074375614,0,-5.6843418860808015e-14,True
exhale,60,5.6909770701340641,16.788040181225607,0,-1.4210854715202004e-14,True
exhale,60,5.6902428658238922,16.982436524617444,0,-5.6843418860808015e-14,True
exhale,60,5.6895129572885317,17.179083871575877,0,2.8421709430404007e-14,True
exhale,60,5.6887873490873311,17.378008287493763,0,-2.8421709430404007e-14,True
exhale,60,5.6880660457688119,17.579236139586932,0,1.4210854715202004e-14,True
exhale,60,5.6873490518710792,17.782794100389228,0,0,True
exhale,60,5.6866363695109152,17.988709151287875,0,-1.4210854715202004e-14,True
exhale,60,5.6859279911586391,18.197008586099845,0,-1.4210854715202004e-14,True
exhale,60,5.6852239068872716,18.407720014689563,0,5.6843418860808015e-14,True
exhale,60,5.6845241067860917,18.620871366628677,0,1.4210854715202004e-14,True
exhale,60,5.683828580960725,18.836490894898002,0,-1.4210854715202004e-14,True
exhale,60,5.6831373195332171,19.054607179632484,0,-1.4210854715202004e-14,True
exhale,60,5.6824503126420876,19.275249131909366,0,-1.4210854715202004e-14,True
exhale,60,5.6817675504424345,19.498445997580454,0,2.8421709430404007e-14,True
exhale,60,5.6810890231059705,19.724227361148536,0,0,True
exhale,60,5.6804147208211226,19.952623149688808,0,-2.8421709430404007e-14,True
exhale,60,5.679744633793093,20.183663636815616,0,0,True
exhale,60,5.6790787522439174,20.417379446695296,0,4.2632564145606011e-14,True
exhale,60,5.6784170664125373,20.65380155810529,0,4.2632564145606011e-14,True
exhale,60,5.6777595665548803,20.892961308540386,0,0,True
exhale,60,5.6771062429439088,21.134890398366476,0,-4.2632564145606011e-14,True
exhale,60,5.6764570858696972,21.379620895022324,0,1.4210854715202004e-14,True
exhale,60,5.6758120856394765,21.627185237270201,0,0,True
exhale,60,5.6751712325777284,21.87761623949552,0,2.8421709430404007e-14,True
exhale,60,5.6745345170262143,22.130947096056389,0,4.2632564145606011e-14,True
exhale,60,5.6739019293440602,22.387211385683401,0,-1.4210854715202004e-14,True
exhale,60,5.6732734599078114,22.646443075930595,0,1.4210854715202004e-14,True
exhale,60,5.6726490991114806,22.908676527677724,0,0,True
exhale,60,5.672028837366625,23.173946499684796,0,0,True
exhale,60,5.6714126651023902,23.442288153199225,0,2.8421709430404007e-14,True
exhale,60,5.6708005727655708,23.713737056616552,0,2.8421709430404007e-14,True
exhale,60,5.6701925508206683,23.9883291901949,0,1.4210854715202004e-14,True
exhale,60,5.6695885897499512,24.266100950824168,0,5.6843418860808015e-14,False
exhale,60,5.6689886800534923,24.547089156850312,0,-2.8421709430404007e-14,False
exhale,60,5.6683928122492526,24.831331052955704,0,1.4210854715202004e-14,False
exhale,60,5.6678009768730977,25.118864315095795,0,4.2632564145606011e-14,False
exhale,60,5.6672131644788806,25.409727055493065,0,2.8421709430404007e-14,False
exhale,60,5.6666293656384781,25.703957827688647,0,8.5265128291212022e-14,False
exhale,60,5.6660495709418353,26.001595631652723,0,2.8421709430404007e-14,False
exhale,60,5.6654737709970391,26.302679918953814,0,4.2632564145606011e-14,False
exhale,60,5.6649019564303522,26.607250597988113,0,5.6843418860808015e-14,False
exhale,60,5.6643341178862485,26.915348039269166,0,4.2632564145606011e-14,False
exhale,60,5.6637702460274886,27.227013080779127,0,5.6843418860808015e-14,False
exhale,60,5.6632103313718121,27.542287033381662,0,7.1054273576010019e-14,False
exhale,60,5.6626543607004622,27.861211686297693,0,7.1054273576010019e-14,False
exhale,60,5.6621023170662532,28.183829312644551,0,0,False
exhale,60,5.6615541833902716,28.510182675039097,0,5.6843418860808015e-14,False
exhale,60,5.6610099426250784,28.840315031266059,0,7.1054273576010019e-14,False
exhale,60,5.6604695777545562,29.174270140011661,0,9.9475983006414026e-14,False
exhale,60,5.6599330717936933,29.512092266663871,0,9.9475983006414026e-14,False
exhale,60,5.6594004077884259,29.853826189179603,0,5.6843418860808015e-14,False
exhale,60,5.6588715688154458,30.199517204020161,0,7.1054273576010019e-14,False
exhale,60,5.658346537982009,30.549211132155122,0,8.5265128291212022e-14,False
exhale,60,5.6578252984257702,30.902954325135919,0,8.5265128291212022e-14,False
exhale,60,5.6573078333145856,31.260793671239558,0,1.5631940186722204e-13,False
exhale,60,5.6567941258463419,31.622776601683793,0,1.2789769243681803e-13,False
exhale,60,5.6562841592487798,31.988951096913972,0,1.4210854715202004e-13,False
exhale,60,5.6557779167793036,32.359365692962847,0,1.7053025658242404e-13,False
exhale,60,5.6552753817248069,32.734069487883829,0,1.5631940186722204e-13,False
exhale,60,5.6547765374015029,33.113112148259113,0,2.1316282072803006e-13,False
exhale,60,5.6542813671547245,33.496543915782759,0,1.8474111129762605e-13,False
exhale,60,5.6537898543587772,33.884415613920275,0,1.8474111129762605e-13,False
exhale,60,5.6533019824167363,34.276778654645049,0,1.5631940186722204e-13,False
exhale,60,5.6528177347602924,34.673685045253166,0,2.2737367544323206e-13,False
exhale,60,5.6523370948495506,35.075187395256798,0,1.9895196601282805e-13,False
exhale,60,5.6518600461728816,35.481338923357569,0,1.9895196601282805e-13,False
exhale,60,5.6513865722467314,35.892193464500536,0,2.1316282072803006e-13,False
exhale,60,5.6509166566154549,36.307805477010142,0,2.2737367544323206e-13,False
exhale,60,5.6504502828511347,36.72823004980846,0,2.5579538487363607e-13,False
exhale,60,5.6499874345534202,37.153522909717239,0,2.2737367544323206e-13,False
exhale,60,5.6495280953493463,37.583740428844429,0,2.8421709430404007e-13,False
exhale,60,5.6490722488931633,38.018939632056124,0,2.4158453015843406e-13,False
exhale,60,5.6486198788661737,38.459178204535355,0,2.5579538487363607e-13,False
exhale,60,5.64817096897655,38.904514499428046,0,2.9842794901924208e-13,False
exhale,60,5.6477255029591786,39.355007545577763,0,3.1263880373444408e-13,False
exhale,60,5.6472834645754668,39.810717055349734,0,3.1263880373444408e-13,False
exhale,60,5.6468448376132141,40.271703432545905,0,3.2684965844964609e-13,False
exhale,60,5.6464096058863955,40.738027780411258,0,2.9842794901924208e-13,False
exhale,60,5.6459777532350373,41.209751909733043,0,2.8421709430404007e-13,False
exhale,60,5.6455492635250275,41.686938347033553,0,3.5527136788005009e-13,False
exhale,60,5.645124120647945,42.169650342858226,0,3.1263880373444408e-13,False
exhale,60,5.6447023081266918,42.657951880159253,0,-3.4106051316484809e-13,False
exhale,60,5.6442838079346282,43.151907682776546,0,-3.4106051316484809e-13,False
exhale,60,5.6438686016806594,43.651583224016612,0,-3.2684965844964609e-13,False
exhale,60,5.643456671003733,44.157044735331255,0,-2.9842794901924208e-13,False
exhale,60,5.6430479975725296,44.668359215096302,0,-2.9842794901924208e-13,False
exhale,60,5.6426425630852188,45.185594437492263,0,-2.9842794901924208e-13,False
exhale,60,5.6422403492691826,45.708818961487516,0,-2.9842794901924208e-13,False
exhale,60,5.6418413378807548,46.238102139926035,0,-3.4106051316484809e-13,False
exhale,60,5.6414455107049966,46.77351412871981,0,-2.8421709430404007e-13,False
exhale,60,5.6410528495553836,47.315125896148075,0,-3.694822225952521e-13,False
exhale,60,5.6406633362736098,47.863009232263849,0,-3.694822225952521e-13,False
exhale,60,5.6402769527292973,48.417236758409942,0,-3.1263880373444408e-13,False
exhale,60,5.6398936808197604,48.977881936844611,0,-2.9842794901924208e-13,False
exhale,60,5.6395135024697538,49.545019080479001,0,-2.9842794901924208e-13,False
exhale,60,5.6391363996312256,50.118723362727252,0,-3.1263880373444408e-13,False
exhale,60,5.6387623542830685,50.699070827470443,0,-3.5527136788005009e-13,False
exhale,60,5.6383913484308845,51.286138399136483,0,-3.2684965844964609e-13,False
exhale,60,5.6380233641067257,51.880003892896092,0,-3.1263880373444408e-13,False
exhale,60,5.6376583833688629,52.480746024977286,0,-2.7000623958883807e-13,False
exhale,60,5.6372963883015457,53.088444423098849,0,-2.7000623958883807e-13,False
exhale,60,5.6369373610147635,53.703179637025272,0,-3.4106051316484809e-13,False
exhale,60,5.6365812836440101,54.325033149243303,0,-2.9842794901924208e-13,False
exhale,60,5.6362281383500408,54.954087385762485,0,-2.7000623958883807e-13,False
exhale,60,5.6358779073186387,55.590425727040369,0,-2.8421709430404007e-13,False
exhale,60,5.6355305727603948,56.234132519034908,0,-3.1263880373444408e-13,False
exhale,60,5.6351861169104662,56.885293084384131,0,-2.8421709430404007e-13,False
exhale,60,5.6348445220283425,57.543993733715723,0,-2.8421709430404007e-13,False
exhale,60,5.6345057703976318,58.210321777087159,0,-2.5579538487363607e-13,False
exhale,60,5.6341698443258164,58.884365535558899,0,-2.7000623958883807e-13,False
exhale,60,5.633836726144045,59.566214352901035,0,-2.5579538487363607e-13,False
exhale,60,5.6335063982068974,60.255958607435808,0,-2.4158453015843406e-13,False
exhale,60,5.6331788428921623,60.95368972401694,0,-2.5579538487363607e-13,False
exhale,60,5.6328540426006155,61.659500186148222,0,-2.7000623958883807e-13,False
exhale,60,5.6325319797558215,62.373483548241914,0,-2.1316282072803006e-13,False
exhale,60,5.6322126368038701,63.095734448019364,0,-2.1316282072803006e-13,False
exhale,60,5.6318959962132027,63.82634861905489,0,-2.4158453015843406e-13,False
exhale,60,5.6315820404743864,64.56542290346556,0,-2.1316282072803006e-13,False
exhale,60,5.6312707520998755,65.313055264747234,0,-2.2737367544323206e-13,False
exhale,60,5.6309621136238341,66.06934480075958,0,-1.8474111129762605e-13,False
exhale,60,5.6306561076018973,66.834391756861493,0,-1.9895196601282805e-13,False
exhale,60,5.6303527166109797,67.60829753919819,0,-1.8474111129762605e-13,False
exhale,60,5.6300519232490478,68.391164728142925,0,-1.7053025658242404e-13,False
exhale,60,5.6297537101349349,69.183097091893629,0,-2.4158453015843406e-13,False
exhale,60,5.6294580599081216,69.984199600227385,0,-1.9895196601282805e-13,False
exhale,60,5.6291649552285277,70.794578438413808,0,-2.1316282072803006e-13,False
exhale,60,5.628874378776322,71.614341021290201,0,-1.5631940186722204e-13,False
exhale,60,5.628586313251704,72.443596007498982,0,-1.8474111129762605e-13,False
exhale,60,5.6283007413747246,73.282453313890443,0,-1.7053025658242404e-13,False
exhale,60,5.628017645885059,74.131024130091774,0,-1.8474111129762605e-13,False
exhale,60,5.6277370095418373,74.989420933245583,0,-2.2737367544323206e-13,False
exhale,60,5.6274588151234326,75.857757502918361,0,-1.8474111129762605e-13,False
exhale,60,5.6271830454272624,76.736148936181934,0,-1.2789769243681803e-13,False
exhale,60,5.6269096832695986,77.624711662869203,0,-1.4210854715202004e-13,False
exhale,60,5.6266387114853833,78.523563461007186,0,-1.5631940186722204e-13,False
exhale,60,5.6263701129280248,79.43282347242814,0,-1.4210854715202004e-13,False
exhale,60,5.626103870469211,80.352612218561774,0,-1.5631940186722204e-13,False
exhale,60,5.6258399669987273,81.283051616409949,0,-1.7053025658242404e-13,False
exhale,60,5.6255783854242596,82.224264994707127,0,-1.4210854715202004e-13,False
exhale,60,5.6253191086712064,83.176377110267083,0,-1.4210854715202004e-13,False
exhale,60,5.6250621196825108,84.139514164519554,0,-1.1368683772161603e-13,False
exhale,60,5.6248074014184484,85.113803820237678,0,-1.4210854715202004e-13,False
exhale,60,5.6245549368564802,86.099375218460082,0,-8.5265128291212022e-14,False
exhale,60,5.6243047089910281,87.096358995608057,0,-9.9475983006414026e-14,False
exhale,60,5.624056700833342,88.10488730080138,0,-7.1054273576010019e-14,False
exhale,60,5.6238108954112747,89.12509381337459,0,-1.4210854715202004e-13,False
exhale,60,5.6235672757691439,90.157113760595706,0,-8.5265128291212022e-14,False
exhale,60,5.6233258249675293,91.201083935590972,0,-7.1054273576010019e-14,False
exhale,60,5.6230865260831031,92.257142715476292,0,-8.5265128291212022e-14,False
exhale,60,5.6228493622084645,93.325430079699146,0,-1.2789769243681803e-13,False
exhale,60,5.6226143164519629,94.40608762859236,0,-9.9475983006414026e-14,False
exhale,60,5.6223813719375153,95.499258602143584,0,-7.1054273576010019e-14,False
exhale,60,5.6221505118044517,96.60508789898131,0,-8.5265128291212022e-14,False
exhale,60,5.6219217192073359,97.72372209558111,0,-8.5265128291212022e-14,False
exhale,60,5.6216949773158031,98.855309465693907,0,-4.2632564145606011e-14,False
exhale,60,5.6214702693143801,100,0,-8.5265128291212022e-14,False
exhale,70,7.1234545102274378,0.10000000000000001,0,-1.4210854715202004e-14,False
exhale,70,7.1231939790243048,0.10115794542598985,0,2.8421709430404007e-14,False
exhale,70,7.1229309355906603,0.10232929922807542,0,2.8421709430404007e-14,False
exhale,70,7.1226653459889402,0.10351421666793438,0,-4.2632564145606011e-14,False
exhale,70,7.1223971762856717,0.10471285480508996,0,2.8421709430404007e-14,False
exhale,70,7.1221263925515093,0.10592537251772889,0,0,False
exhale,70,7.1218529608613563,0.10715193052376065,0,-1.4210854715202004e-14,False
exhale,70,7.1215768472944427,0.10839269140212036,0,-2.8421709430404007e-14,False
exhale,70,7.1212980179344099,0.10964781961431851,0,1.4210854715202004e-14,False
exhale,70,7.1210164388694031,0.11091748152624012,0,-2.8421709430404007e-14,False
exhale,70,7.1207320761921791,0.11220184543019636,0,0,False
exhale,70,7.1204448960001763,0.11350108156723152,0,-1.4210854715202004e-14,False
exhale,70,7.1201548643956443,0.11481536214968829,0,1.4210854715202004e-14,False
exhale,70,7.1198619474857043,0.11614486138403426,0,0,False
exhale,70,7.1195661113824915,0.11748975549395298,0,-2.8421709430404007e-14,False
exhale,70,7.1192673222032257,0.11885022274370183,0,-4.2632564145606011e-14,False
exhale,70,7.1189655460703278,0.12022644346174129,0,-1.4210854715202004e-14,False
exhale,70,7.1186607491115366,0.12161860006463679,0,4.2632564145606011e-14,False
exhale,70,7.1183528974599906,0.12302687708123815,0,0,False
exhale,70,7.1180419572543743,0.1244514611771385,0,2.8421709430404007e-14,False
exhale,70,7.1177278946391516,0.12589254117941673,0,1.9468870959826745e-12,False
exhale,70,7.1174106757639031,0.12735030810166617,0,-2.8421709430404007e-14,False
exhale,70,7.1170902667850537,0.12882495516931339,0,1.4210854715202004e-14,False
exhale,70,7.1167666338643558,0.13031667784522993,0,-1.4210854715202004e-14,False
exhale,70,7.1164397431698374,0.1318256738556407,0,1.4210854715202004e-14,False
exhale,70,7.1161095608757465,0.1333521432163324,0,2.8421709430404007e-14,False
exhale,70,7.1157760531626773,0.13489628825916536,0,1.4210854715202004e-14,False
exhale,70,7.1154391862177144,0.13645831365889247,0,1.4210854715202004e-14,False
exhale,70,7.1150989262345279,0.13803842646028849,0,-1.4210854715202004e-14,False
exhale,70,7.1147552394135349,0.13963683610559377,0,1.4210854715202004e-14,False
exhale,70,7.1144080919619954,0.14125375446227545,0,0,False
exhale,70,7.1140574500941707,0.1428893958511103,0,-2.8421709430404007e-14,False
exhale,70,7.113703280031463,0.14454397707459277,0,1.4210854715202004e-14,False
exhale,70,7.1133455480025178,0.14621771744567183,0,1.4210854715202004e-14,False
exhale,70,7.1129842202433897,0.14791083881682077,0,-1.4210854715202004e-14,False
exhale,70,7.1126192629976881,0.14962356560944334,0,0,False
exhale,70,7.1122506425166927,0.15135612484362079,0,2.8421709430404007e-14,False
exhale,70,7.1118783250595108,0.15310874616820302,0,0,False
exhale,70,7.1115022768932343,0.15488166189124811,0,1.4210854715202004e-14,False
exhale,70,7.1111224642930626,0.15667510701081494,0,-2.8421709430404007e-14,False
exhale,70,7.1107388535424789,0.15848931924611134,0,-1.4210854715202004e-14,False
exhale,70,7.1103514109333741,0.16032453906900418,0,1.4210854715202004e-14,False
exhale,70,7.1099601027662231,0.16218100973589297,0,2.8421709430404007e-14,False
exhale,70,7.109564895350224,0.16405897731995392,0,-1.4210854715202004e-14,False
exhale,70,7.1091657550034686,0.16595869074375605,0,1.4210854715202004e-14,False
exhale,70,7.1087626480530828,0.16788040181225602,0,-1.4210854715202004e-14,False
exhale,70,7.1083555408354053,0.16982436524617442,0,-4.2632564145606011e-14,False
exhale,70,7.107944399696148,0.17179083871575881,0,2.8421709430404007e-14,False
exhale,70,7.107529190990534,0.17378008287493754,0,-1.4210854715202004e-14,False
exhale,70,7.1071098810835052,0.17579236139586926,0,1.4210854715202004e-14,False
exhale,70,7.1066864363498627,0.17782794100389229,0,4.2632564145606011e-14,False
exhale,70,7.1062588231744384,0.17988709151287879,0,0,False
exhale,70,7.1058270079522874,0.18197008586099836,0,2.8421709430404007e-14,False
exhale,70,7.105390957088825,0.18407720014689558,0,0,False
exhale,70,7.104950637000039,0.18620871366628675,0,0,False
exhale,70,7.104506014112653,0.18836490894898006,0,1.4210854715202004e-14,False
exhale,70,7.1040570548642963,0.19054607179632474,0,2.8421709430404007e-14,False
exhale,70,7.103603725703695,0.19275249131909361,0,1.4210854715202004e-14,False
exhale,70,7.1031459930908616,0.19498445997580455,0,1.4210854715202004e-14,False
exhale,70,7.1026838234972649,0.19724227361148533,0,1.4210854715202004e-14,False
exhale,70,7.1022171834060233,0.19952623149688797,0,0,False
exhale,70,7.1017460393121086,0.20183663636815607,0,-1.4210854715202004e-14,False
exhale,70,7.1012703577225018,0.20417379446695297,0,-2.8421709430404007e-14,False
exhale,70,7.1007901051564248,0.20653801558105292,0,0,False
exhale,70,7.1003052481455073,0.20892961308540398,0,0,False
exhale,70,7.0998157532340009,0.21134890398366465,0,1.4210854715202004e-14,False
exhale,70,7.0993215869789585,0.21379620895022325,0,0,False
exhale,70,7.09882271595046,0.21627185237270202,0,1.4210854715202004e-14,False
exhale,70,7.0983191067317852,0.21877616239495529,0,4.2632564145606011e-14,False
exhale,70,7.097810725919647,0.22130947096056375,0,0,False
exhale,70,7.0972975401243747,0.223872113856834,0,1.4210854715202004e-14,False
exhale,70,7.0967795159701348,0.22646443075930595,0,-1.4210854715202004e-14,False
exhale,70,7.0962566200951356,0.22908676527677729,0,2.8421709430404007e-14,False
exhale,70,7.09572881915184,0.23173946499684786,0,2.8421709430404007e-14,False
exhale,70,7.0951960798071774,0.2344228815319922,0,0,False
exhale,70,7.0946583687427678,0.23713737056616552,0,5.6843418860808015e-14,False
exhale,70,7.0941156515733992,0.23988329190194904,0,2.8421709430404007e-14,False
exhale,70,7.0935678896038823,0.24266100950824154,0,2.8421709430404007e-14,False
exhale,70,7.0930150430776227,0.24547089156850305,0,4.2632564145606011e-14,False
exhale,70,7.0924570722591351,0.24831331052955705,0,7.1054273576010019e-14,False
exhale,70,7.0918939374344108,0.25118864315095801,0,4.2632564145606011e-14,False
exhale,70,7.0913255989112951,0.25409727055493053,0,4.2632564145606011e-14,False
exhale,70,7.0907520170198302,0.25703957827688639,0,2.8421709430404007e-14,False
exhale,70,7.0901731521126496,0.26001595631652719,0,7.1054273576010019e-14,False
exhale,70,7.0895889645653369,0.26302679918953814,0,8.5265128291212022e-14,False
exhale,70,7.0889994147768229,0.26607250597988097,0,8.5265128291212022e-14,False
exhale,70,7.0884044631697698,0.26915348039269155,0,4.2632564145606011e-14,False
exhale,70,7.0878040701909528,0.27227013080779128,0,7.1054273576010019e-14,False
exhale,70,7.0871981963116522,0.27542287033381663,0,1.1368683772161603e-13,False
exhale,70,7.0865868020280507,0.2786121168629771,0,1.4210854715202004e-13,False
exhale,70,7.0859698478616524,0.28183829312644537,0,1.2789769243681803e-13,False
exhale,70,7.0853472943596678,0.28510182675039097,0,9.9475983006414026e-14,False
exhale,70,7.0847191020954376,0.28840315031266056,0,1.2789769243681803e-13,False
exhale,70,7.084085231668837,0.29174270140011677,0,9.9475983006414026e-14,False
exhale,70,7.0834456437067006,0.29512092266663853,0,1.4210854715202004e-13,False
exhale,70,7.082800298863229,0.298538261891796,0,9.9475983006414026e-14,False
exhale,70,7.0821491578204565,0.3019951720402016,0,1.5631940186722204e-13,False
exhale,70,7.081492181288624,0.3054921113215513,0,1.5631940186722204e-13,False
exhale,70,7.0808293300066625,0.30902954325135906,0,1.4210854715202004e-13,False
exhale,70,7.0801605647426076,0.31260793671239551,0,1.5631940186722204e-13,False
exhale,70,7.0794858462940446,0.31622776601683794,0,1.7053025658242404e-13,False
exhale,70,7.0788051354885608,0.31988951096913981,0,1.7053025658242404e-13,False
exhale,70,7.078118393184198,0.32359365692962827,0,1.9895196601282805e-13,False
exhale,70,7.0774255802698969,0.32734069487883821,0,1.9895196601282805e-13,False
exhale,70,7.0767266576659731,0.33113112148259111,0,1.9895196601282805e-13,False
exhale,70,7.0760215863245683,0.33496543915782767,0,2.2737367544323206e-13,False
exhale,70,7.0753103272301141,0.33884415613920255,0,2.2737367544323206e-13,False
exhale,70,7.0745928413998254,0.3427677865464504,0,2.4158453015843406e-13,False
exhale,70,7.073869089884151,0.34673685045253166,0,2.5579538487363607e-13,False
exhale,70,7.0731390337672657,0.35075187395256802,0,2.5579538487363607e-13,False
exhale,70,7.0724026341675641,0.35481338923357547,0,2.7000623958883807e-13,False
exhale,70,7.071659852238124,0.35892193464500527,0,2.7000623958883807e-13,False
exhale,70,7.0709106491672244,0.36307805477010141,0,2.9842794901924208e-13,False
exhale,70,7.0701549862202926,0.36728230049808469,0,-2.7000623958883807e-13,False
exhale,70,7.0693928256549903,0.37153522909717257,0,-2.9842794901924208e-13,False
exhale,70,7.0686241307258504,0.3758374042884442,0,-2.9842794901924208e-13,False
exhale,70,7.0678488647736222,0.38018939632056115,0,-2.7000623958883807e-13,False
exhale,70,7.0670669911844,0.38459178204535355,0,-2.7000623958883807e-13,False
exhale,70,7.0662784733903159,0.38904514499428056,0,-2.9842794901924208e-13,False
exhale,70,7.0654832748702061,0.39355007545577742,0,-2.8421709430404007e-13,False
exhale,70,7.0646813591503044,0.3981071705534972,0,-2.8421709430404007e-13,False
exhale,70,7.0638726898049145,0.40271703432545908,0,-2.9842794901924208e-13,False
exhale,70,7.0630572304571322,0.40738027780411273,0,-2.5579538487363607e-13,False
exhale,70,7.0622349447795214,0.41209751909733022,0,-2.8421709430404007e-13,False
exhale,70,7.0614057964948485,0.41686938347033542,0,-2.2737367544323206e-13,False
exhale,70,7.0605697493767536,0.42169650342858223,0,-2.7000623958883807e-13,False
exhale,70,7.0597267672505257,0.42657951880159267,0,-2.2737367544323206e-13,False
exhale,70,7.058876813993769,0.43151907682776525,0,-2.4158453015843406e-13,False
exhale,70,7.0580198535371812,0.43651583224016599,0,-2.1316282072803006e-13,False
exhale,70,7.0571558498652456,0.44157044735331252,0,-2.2737367544323206e-13,False
exhale,70,7.0562847670170132,0.44668359215096315,0,-1.9895196601282805e-13,False
exhale,70,7.0554065690868111,0.45185594437492238,0,-2.1316282072803006e-13,False
exhale,70,7.0545212202250269,0.45708818961487507,0,-1.8474111129762605e-13,False
exhale,70,7.0536286846388414,0.46238102139926035,0,-1.8474111129762605e-13,False
exhale,70,7.0527289265930051,0.46773514128719823,0,-2.2737367544323206e-13,False
exhale,70,7.0518219104106041,0.47315125896148053,0,-1.9895196601282805e-13,False
exhale,70,7.0509076004738382,0.47863009232263842,0,-1.7053025658242404e-13,False
exhale,70,7.0499859612247811,0.48417236758409943,0,-1.8474111129762605e-13,False
exhale,70,7.0490569571661954,0.48977881936844625,0,-1.2789769243681803e-13,False
exhale,70,7.0481205528622928,0.4954501908047903,0,-1.4210854715202004e-13,False
exhale,70,7.0471767129395619,0.50118723362727235,0,-7.1054273576010019e-14,False
exhale,70,7.0462254020875275,0.50699070827470427,0,-1.2789769243681803e-13,False
exhale,70,7.0452665850596157,0.51286138399136483,0,-1.1368683772161603e-13,False
exhale,70,7.0443002266739061,0.51880003892896109,0,-9.9475983006414026e-14,False
exhale,70,7.0433262918139858,0.52480746024977254,0,-4.2632564145606011e-14,False
exhale,70,7.0423447454297579,0.53088444423098835,0,-8.5265128291212022e-14,False
exhale,70,7.0413555525382883,0.53703179637025267,0,-5.6843418860808015e-14,False
exhale,70,7.0403586782246128,0.54325033149243318,0,-5.6843418860808015e-14,False
exhale,70,7.0393540876425957,0.54954087385762451,0,-4.2632564145606011e-14,False
exhale,70,7.0383417460157656,0.5559042572704036,0,-2.8421709430404007e-14,False
exhale,70,7.0373216186381731,0.56234132519034907,0,-1.4210854715202004e-14,False
exhale,70,7.0362936729575951,0.56885293084384148,0,-8.5265128291212022e-14,False
exhale,70,7.035257884826378,0.57543993733715693,0,-4.2632564145606011e-14,False
exhale,70,7.0342142322601795,0.58210321777087148,0,1.4210854715202004e-14,False
exhale,70,7.0331626933572888,0.58884365535558902,0,0,False
exhale,70,7.0321032462996564,0.59566214352901048,0,0,False
exhale,70,7.0310358693538282,0.60255958607435778,0,0,False
exhale,70,7.0299605408719801,0.60953689724016924,0,0,False
exhale,70,7.0288772392929033,0.61659500186148219,0,0,False
exhale,70,7.0277859431429999,0.62373483548241926,0,-1.4210854715202004e-14,False
exhale,70,7.0266866310373075,0.63095734448019336,0,4.2632564145606011e-14,False
exhale,70,7.0255792816804785,0.63826348619054873,0,-1.4210854715202004e-14,False
exhale,70,7.0244638738678438,0.64565422903465564,0,-2.8421709430404007e-14,False
exhale,70,7.0233403864863826,0.65313055264747244,0,2.8421709430404007e-14,False
exhale,70,7.0222087985157646,0.66069344800759611,0,0,False
exhale,70,7.0210690890293872,0.66834391756861466,0,1.4210854715202004e-14,False
exhale,70,7.0199212371953807,0.67608297539198192,0,2.8421709430404007e-14,False
exhale,70,7.0187652222776595,0.68391164728142928,0,-2.8421709430404007e-14,False
exhale,70,7.0176010236369644,0.69183097091893642,0,0,False
exhale,70,7.0164286207318769,0.69984199600227348,0,2.8421709430404007e-14,False
exhale,70,7.015247993119881,0.70794578438413791,0,0,False
exhale,70,7.0140591204584268,0.71614341021290195,0,1.4210854715202004e-14,False
exhale,70,7.0128619825059362,0.72443596007499,0,-1.4210854715202004e-14,False
exhale,70,7.0116565591229145,0.73282453313890406,0,1.4210854715202004e-14,False
exhale,70,7.0104428302729538,0.74131024130091749,0,2.8421709430404007e-14,False
exhale,70,7.0092207760238319,0.74989420933245587,0,2.8421709430404007e-14,False
exhale,70,7.0079903765485589,0.75857757502918377,0,-1.4210854715202004e-14,False
exhale,70,7.0067516121264584,0.76736148936181892,0,1.4210854715202004e-14,False
exhale,70,7.0055044631442174,0.77624711662869172,0,2.8421709430404007e-14,False
exhale,70,7.0042489100969814,0.78523563461007184,0,1.4210854715202004e-14,False
exhale,70,7.0029849335894152,0.79432823472428149,0,0,False
exhale,70,7.0017125143367984,0.80352612218561725,0,5.6843418860808015e-14,False
exhale,70,7.000431633166091,0.81283051616409929,0,4.2632564145606011e-14,False
exhale,70,6.9991422710170381,0.82224264994707119,0,1.4210854715202004e-14,False
exhale,70,6.9978444089432337,0.83176377110267108,0,2.8421709430404007e-14,False
exhale,70,6.996538028113239,0.84139514164519513,0,2.8421709430404007e-14,False
exhale,70,6.9952231098116675,0.85113803820237655,0,4.2632564145606011e-14,False
exhale,70,6.9938996354402674,0.86099375218460072,0,9.9475983006414026e-14,False
exhale,70,6.9925675870919592,0.87096358995608081,0,5.6843418860808015e-14,False
exhale,70,6.9912269601559069,0.88104887300801427,0,1.1368683772161603e-13,False
exhale,70,6.9898777633164348,0.89125093813374567,0,1.2789769243681803e-13,False
exhale,70,6.9885200059486063,0.90157113760595708,0,9.9475983006414026e-14,False
exhale,70,6.9871536975461588,0.91201083935590965,0,1.7053025658242404e-13,False
exhale,70,6.9857788477223215,0.92257142715476315,0,1.9895196601282805e-13,False
exhale,70,6.984395466210704,0.93325430079699101,0,2.1316282072803006e-13,False
exhale,70,6.9830035628661387,0.94406087628592328,0,2.1316282072803006e-13,False
exhale,70,6.9816031476655098,0.95499258602143589,0,2.4158453015843406e-13,False
exhale,70,6.9801942307086051,0.96605087898981334,0,2.4158453015843406e-13,False
exhale,70,6.9787768222189541,0.97723722095581067,0,2.8421709430404007e-13,False
exhale,70,6.9773509325445975,0.98855309465693886,0,-2.5579538487363607e-13,False
exhale,70,6.9759165721591101,1,0,-2.4158453015843406e-13,False
exhale,70,6.9744737516621376,1.0115794542598988,0,-2.7000623958883807e-13,False
exhale,70,6.9730224817803981,1.0232929922807541,0,-2.7000623958883807e-13,False
exhale,70,6.9715627733684435,1.0351421666793441,0,-2.4158453015843406e-13,False
exhale,70,6.9700946374094572,1.0471285480508996,0,-2.5579538487363607e-13,False
exhale,70,6.9686180850160691,1.0592537251772887,0,-2.5579538487363607e-13,False
exhale,70,6.9671331274311363,1.0715193052376064,0,-2.7000623958883807e-13,False
exhale,70,6.9656397760285271,1.0839269140212033,0,-2.7000623958883807e-13,False
exhale,70,6.9641380423139241,1.0964781961431851,0,-2.1316282072803006e-13,False
exhale,70,6.9626279379255713,1.1091748152624008,0,-1.9895196601282805e-13,False
exhale,70,6.9611094746350659,1.1220184543019636,0,-1.8474111129762605e-13,False
exhale,70,6.9595826643481189,1.1350108156723149,0,-1.8474111129762605e-13,False
exhale,70,6.9580475191053122,1.1481536214968828,0,-1.4210854715202004e-13,False
exhale,70,6.9565040510828444,1.1614486138403426,0,-1.5631940186722204e-13,False
exhale,70,6.9549522725932933,1.1748975549395297,0,-1.2789769243681803e-13,False
exhale,70,6.953392196086341,1.1885022274370183,0,-1.2789769243681803e-13,False
exhale,70,6.9518238341495211,1.2022644346174132,0,-9.9475983006414026e-14,False
exhale,70,6.950247199508933,1.2161860006463678,0,-8.5265128291212022e-14,False
exhale,70,6.9486623050299769,1.2302687708123818,0,-8.5265128291212022e-14,False
exhale,70,6.9470691637180613,1.244514611771385,0,-8.5265128291212022e-14,False
exhale,70,6.9454677887193155,1.2589254117941675,0,-2.8421709430404007e-14,False
exhale,70,6.9438581933212777,1.2735030810166617,0,-1.4210854715202004e-14,False
exhale,70,6.9422403909536152,1.2882495516931343,0,-4.2632564145606011e-14,False
exhale,70,6.9406143951887991,1.3031667784522993,0,-4.2632564145606011e-14,False
exhale,70,6.9389802197427795,1.3182567385564075,0,0,False
exhale,70,6.9373378784756579,1.333521432163324,0,0,False
exhale,70,6.9356873920436346,1.348962882591654,0,1.4210854715202004e-14,False
exhale,70,6.934028807839594,1.3645831365889245,0,0,False
exhale,70,6.9323621800154358,1.3803842646028852,0,-2.8421709430404007e-14,False
exhale,70,6.9306875628271447,1.3963683610559376,0,0,False
exhale,70,6.9290050106345253,1.4125375446227548,0,-1.4210854715202004e-14,False
exhale,70,6.9273145779009253,1.4288939585111029,0,1.4210854715202004e-14,False
exhale,70,6.9256163191929243,1.4454397707459272,0,4.2632564145606011e-14,False
exhale,70,6.9239102891800348,1.4621771744567182,0,0,False
exhale,70,6.9221965426343761,1.4791083881682072,0,-1.4210854715202004e-14,False
exhale,70,6.9204751344303377,1.4962356560944337,0,1.4210854715202004e-14,False
exhale,70,6.918746119544215,1.513561248436208,0,1.4210854715202004e-14,False
exhale,70,6.9170095530538669,1.5310874616820302,0,2.8421709430404007e-14,False
exhale,70,6.9152654901383217,1.5488166189124812,0,2.8421709430404007e-14,False
exhale,70,6.913513986077386,1.5667510701081493,0,2.8421709430404007e-14,False
exhale,70,6.9117550962512366,1.5848931924611134,0,0,False
exhale,70,6.909988876140023,1.6032453906900417,0,2.8421709430404007e-14,False
exhale,70,6.9082153813233962,1.6218100973589298,0,1.4210854715202004e-14,False
exhale,70,6.9064346674800996,1.6405897731995396,0,7.1054273576010019e-14,False
exhale,70,6.9046467903874751,1.6595869074375604,0,9.9475983006414026e-14,False
exhale,70,6.9028518059210171,1.6788040181225607,0,7.1054273576010019e-14,False
exhale,70,6.9010497700538718,1.6982436524617444,0,7.1054273576010019e-14,False
exhale,70,6.8992407388563404,1.7179083871575884,0,1.2789769243681803e-13,False
exhale,70,6.8974247684953509,1.7378008287493754,0,1.4210854715202004e-13,False
exhale,70,6.8956019152339483,1.7579236139586931,0,1.2789769243681803e-13,False
exhale,70,6.8937722354307462,1.7782794100389228,0,1.8474111129762605e-13,False
exhale,70,6.8919357855393573,1.7988709151287883,0,1.7053025658242404e-13,False
exhale,70,6.8900926221078551,1.8197008586099834,0,1.8474111129762605e-13,False
exhale,70,6.8882428017781594,1.8407720014689564,0,1.9895196601282805e-13,False
exhale,70,6.8863863812854582,1.8620871366628675,0,2.8421709430404007e-13,False
exhale,70,6.8845234174575438,1.883649089489801,0,-2.7000623958883807e-13,False
exhale,70,6.8826539672143836,1.9054607179632472,0,-2.5579538487363607e-13,False
exhale,70,6.8807780875672009,1.9275249131909356,0,-2.5579538487363607e-13,False
exhale,70,6.8788958356180112,1.9498445997580456,0,-2.1316282072803006e-13,False
exhale,70,6.8770072685589057,1.9724227361148534,0,-1.9895196601282805e-13,False
exhale,70,6.8751124436713829,1.9952623149688797,0,-2.4158453015843406e-13,False
exhale,70,6.8732114183256758,2.0183663636815607,0,-1.5631940186722204e-13,False
exhale,70,6.8713042499799997,2.0417379446695296,0,-1.7053025658242404e-13,False
exhale,70,6.8693909970169873,2.0653801558105291,0,-1.5631940186722204e-13,False
exhale,70,6.8674717371453617,2.0892961308540396,0,-1.5631940186722204e-13,False
exhale,70,6.8655465673405693,2.1134890398366464,0,-1.4210854715202004e-13,False
exhale,70,6.8636155854019716,2.1379620895022327,0,-9.9475983006414026e-14,False
exhale,70,6.8616788891132741,2.1627185237270199,0,-1.2789769243681803e-13,False
exhale,70,6.8597365762405511,2.187761623949553,0,-5.6843418860808015e-14,False
exhale,70,6.8577887445302075,2.2130947096056377,0,-5.6843418860808015e-14,False
exhale,70,6.8558354917070572,2.2387211385683399,0,-9.9475983006414026e-14,False
exhale,70,6.8538769154722861,2.2646443075930596,0,-2.8421709430404007e-14,False
exhale,70,6.8519131135014799,2.2908676527677736,0,-1.4210854715202004e-14,False
exhale,70,6.8499441834426458,2.3173946499684783,0,-2.8421709430404007e-14,False
exhale,70,6.847970222914225,2.3442288153199229,0,0,False
exhale,70,6.8459913295030939,2.3713737056616551,0,-2.8421709430404007e-14,False
exhale,70,6.8440076007626098,2.3988329190194912,0,-1.4210854715202004e-14,False
exhale,70,6.8420191342106094,2.4266100950824154,0,0,False
exhale,70,6.8400260273274363,2.454708915685031,0,1.4210854715202004e-14,False
exhale,70,6.8380283775539645,2.4831331052955705,0,2.8421709430404007e-14,False
exhale,70,6.8360262822896223,2.511886431509581,0,-1.4210854715202004e-14,False
exhale,70,6.8340198388904332,2.5409727055493052,0,-1.4210854715202004e-14,False
exhale,70,6.8320091446670244,2.5703957827688635,0,1.4210854715202004e-14,False
exhale,70,6.829994296882675,2.6001595631652723,0,0,False
exhale,70,6.8279753927513518,2.6302679918953813,0,-1.4210854715202004e-14,False
exhale,70,6.8259525294357415,2.6607250597988097,0,1.4210854715202004e-14,False
exhale,70,6.8239258040453015,2.6915348039269151,0,1.4210854715202004e-14,False
exhale,70,6.8218953136342924,2.7227013080779128,0,1.4210854715202004e-14,False
exhale,70,6.8198611551998436,2.7542287033381663,0,2.8421709430404007e-14,False
exhale,70,6.8178234256799986,2.7861211686297707,0,4.2632564145606011e-14,False
exhale,70,6.8157822219517694,2.8183829312644537,0,2.8421709430404007e-14,False
exhale,70,6.8137376408292054,2.85101826750391,0,8.5265128291212022e-14,False
exhale,70,6.8116897790614468,2.8840315031266055,0,8.5265128291212022e-14,False
exhale,70,6.8096387333308073,2.9174270140011673,0,8.5265128291212022e-14,False
exhale,70,6.8075846002508493,2.9512092266663856,0,1.1368683772161603e-13,False
exhale,70,6.8055274763644498,2.9853826189179604,0,1.5631940186722204e-13,False
exhale,70,6.8034674581418981,3.0199517204020161,0,1.5631940186722204e-13,False
exhale,70,6.8014046419789818,3.0549211132155141,0,1.8474111129762605e-13,False
exhale,70,6.799339124195078,3.0902954325135905,0,1.9895196601282805e-13,False
exhale,70,6.7972710010312642,3.126079367123956,0,2.8421709430404007e-13,False
exhale,70,6.7952003686483664,3.1622776601683795,0,-2.5579538487363607e-13,False
exhale,70,6.793127326891268,3.1988951096913989,0,-2.4158453015843406e-13,False
exhale,70,6.7910519905444575,3.2359365692962827,0,-2.4158453015843406e-13,False
exhale,70,6.7889744779615304,3.273406948788383,0,-2.9842794901924208e-13,False
exhale,70,6.7868949072867588,3.3113112148259112,0,-2.2737367544323206e-13,False
exhale,70,6.784813396452706,3.3496543915782775,0,-2.5579538487363607e-13,False
exhale,70,6.782730063177981,3.3884415613920256,0,-1.9895196601282805e-13,False
exhale,70,6.7806450249649686,3.4276778654645046,0,-1.8474111129762605e-13,False
exhale,70,6.778558399097621,3.4673685045253166,0,-1.2789769243681803e-13,False
exhale,70,6.7764703026392752,3.5075187395256795,0,-1.1368683772161603e-13,False
exhale,70,6.7743808524305384,3.548133892335755,0,-1.1368683772161603e-13,False
exhale,70,6.7722901650871812,3.5892193464500517,0,-9.9475983006414026e-14,False
exhale,70,6.7701983569980824,3.630780547701014,0,-1.1368683772161603e-13,False
exhale,70,6.7681055443232205,3.6728230049808461,0,-5.6843418860808015e-14,False
exhale,70,6.7660118429916887,3.715352290971726,0,-5.6843418860808015e-14,False
exhale,70,6.7639173686997713,3.7583740428844412,0,-7.1054273576010019e-14,False
exhale,70,6.7618222369090457,3.8018939632056128,0,-2.8421709430404007e-14,False
exhale,70,6.7597265628445102,3.8459178204535354,0,1.4210854715202004e-14,False
exhale,70,6.7576304614927905,3.8904514499428067,0,-1.4210854715202004e-14,False
exhale,70,6.7555340476003458,3.9355007545577743,0,-1.4210854715202004e-14,False
exhale,70,6.7534374356717475,3.9810717055349731,0,1.4210854715202004e-14,False
exhale,70,6.7513407399679641,4.0271703432545909,0,-1.4210854715202004e-14,False
exhale,70,6.7492440745047206,4.0738027780411281,0,4.2632564145606011e-14,False
exhale,70,6.747147553050862,4.1209751909733017,0,0,False
exhale,70,6.7450512891268009,4.1686938347033546,0,0,False
exhale,70,6.7429553960029631,4.2169650342858223,0,-2.8421709430404007e-14,False
exhale,70,6.7408599866982888,4.2657951880159279,0,-2.8421709430404007e-14,False
exhale,70,6.7387651739787859,4.3151907682776525,0,0,False
exhale,70,6.7366710703560972,4.365158322401661,0,2.8421709430404007e-14,False
exhale,70,6.7345777880861322,4.4157044735331255,0,-1.4210854715202004e-14,False
exhale,70,6.732485439167732,4.4668359215096327,0,1.4210854715202004e-14,False
exhale,70,6.730394135341359,4.5185594437492238,0,5.6843418860808015e-14,False
exhale,70,6.7283039880878439,4.5708818961487516,0,2.8421709430404007e-14,False
exhale,70,6.7262151086271675,4.6238102139926029,0,1.4210854715202004e-14,False
exhale,70,6.7241276079172838,4.6773514128719809,0,5.6843418860808015e-14,False
exhale,70,6.7220415966529643,4.7315125896148054,0,7.1054273576010019e-14,False
exhale,70,6.7199571852647182,4.7863009232263831,0,1.1368683772161603e-13,False
exhale,70,6.7178744839177158,4.8417236758409938,0,1.5631940186722204e-13,False
exhale,70,6.7157936023900504,4.8977881936844616,0,1.2789769243681803e-13,False
exhale,70,6.7137146474066283,4.9545019080479031,0,1.7053025658242404e-13,False
exhale,70,6.7116377225989776,5.011872336272722,0,1.8474111129762605e-13,False
exhale,70,6.709562931143882,5.0699070827470445,0,1.7053025658242404e-13,False
exhale,70,6.707490375883352,5.1286138399136485,0,2.4158453015843406e-13,False
exhale,70,6.7054201593242286,5.1880003892896118,0,-2.4158453015843406e-13,False
exhale,70,6.7033523836380704,5.2480746024977254,0,-2.5579538487363607e-13,False
exhale,70,6.7012871506606695,5.3088444423098844,0,-2.4158453015843406e-13,False
exhale,70,6.6992245618920334,5.3703179637025267,0,-2.4158453015843406e-13,False
exhale,70,6.697164718496218,5.4325033149243334,0,-2.5579538487363607e-13,False
exhale,70,6.6951077213012491,5.4954087385762458,0,-2.1316282072803006e-13,False
exhale,70,6.693053670799114,5.5590425727040369,0,-1.8474111129762605e-13,False
exhale,70,6.6910026671457823,5.6234132519034912,0,-1.5631940186722204e-13,False
exhale,70,6.6889548101612979,5.6885293084384161,0,-1.4210854715202004e-13,False
exhale,70,6.6869101993299171,5.7543993733715695,0,-1.5631940186722204e-13,False
exhale,70,6.6848689338003071,5.8210321777087159,0,-7.1054273576010019e-14,False
exhale,70,6.682831112385756,5.8884365535558896,0,-8.5265128291212022e-14,False
exhale,70,6.6807968335645107,5.9566214352901063,0,-7.1054273576010019e-14,False
exhale,70,6.6787661954800885,6.0255958607435778,0,-5.6843418860808015e-14,False
exhale,70,6.6767392959416734,6.095368972401694,0,-8.5265128291212022e-14,False
exhale,70,6.6747162324245837,6.1659500186148222,0,-4.2632564145606011e-14,False
exhale,70,6.6726971020707335,6.2373483548241913,0,-1.4210854715202004e-14,False
exhale,70,6.6706820016891992,6.3095734448019334,0,-2.8421709430404007e-14,False
exhale,70,6.66867102775681,6.382634861905486,0,-1.4210854715202004e-14,False
exhale,70,6.666664276418774,6.4565422903465564,0,1.4210854715202004e-14,False
exhale,70,6.6646618434893812,6.5313055264747231,0,0,False
exhale,70,6.6626638244527445,6.6069344800759611,0,-1.4210854715202004e-14,False
exhale,70,6.6606703144635615,6.6834391756861455,0,-1.4210854715202004e-14,False
exhale,70,6.6586814083479817,6.7608297539198192,0,1.4210854715202004e-14,False
exhale,70,6.656697200604448,6.8391164728142924,0,0,False
exhale,70,6.6547177854046531,6.9183097091893657,0,-1.4210854715202004e-14,False
exhale,70,6.6527432565944933,6.9984199600227344,0,1.4210854715202004e-14,False
exhale,70,6.6507737076950892,7.0794578438413804,0,0,False
exhale,70,6.6488092319038516,7.1614341021290198,0,1.4210854715202004e-14,False
exhale,70,6.6468499220955861,7.2443596007499025,0,-1.4210854715202004e-14,False
exhale,70,6.644895870823647,7.3282453313890406,0,0,False
exhale,70,6.6429471703211309,7.4131024130091774,0,2.8421709430404007e-14,False
exhale,70,6.6410039125021214,7.4989420933245583,0,5.6843418860808015e-14,False
exhale,70,6.6390661841116874,7.5857757502918401,0,1.4210854715202004e-14,False
exhale,70,6.6371340521838285,7.6736148936181898,0,2.8421709430404007e-14,False
exhale,70,6.6352075786150095,7.7624711662869199,0,7.1054273576010019e-14,False
exhale,70,6.6332868250196722,7.8523563461007182,0,7.1054273576010019e-14,False
exhale,70,6.6313718527319097,7.9432823472428176,0,1.1368683772161603e-13,False
exhale,70,6.6294627228071592,8.0352612218561728,0,1.2789769243681803e-13,False
exhale,70,6.627559496023923,8.1283051616409949,0,1.5631940186722204e-13,False
exhale,70,6.6256622328855084,8.2224264994707124,0,1.2789769243681803e-13,False
exhale,70,6.6237709936218252,8.317637711026709,0,1.8474111129762605e-13,False
exhale,70,6.6218858381911607,8.4139514164519511,0,1.8474111129762605e-13,False
exhale,70,6.6200068262820269,8.5113803820237628,0,2.2737367544323206e-13,False
exhale,70,6.6181340173149987,8.6099375218460068,0,2.8421709430404007e-13,False
exhale,70,6.6162674704445443,8.709635899560805,0,-2.4158453015843406e-13,False
exhale,70,6.6144072445611162,8.8104887300801416,0,-2.1316282072803006e-13,False
exhale,70,6.6125533982927989,8.9125093813374541,0,-1.9895196601282805e-13,False
exhale,70,6.6107059900074399,9.0157113760595706,0,-2.4158453015843406e-13,False
exhale,70,6.608865077814583,9.1201083935590965,0,-2.2737367544323206e-13,False
exhale,70,6.6070307195674456,9.2257142715476341,0,-1.9895196601282805e-13,False
exhale,70,6.6052029728649586,9.3325430079699103,0,-1.8474111129762605e-13,False
exhale,70,6.6033818950537828,9.4406087628592363,0,-2.1316282072803006e-13,False
exhale,70,6.6015675432304102,9.5499258602143584,0,-1.2789769243681803e-13,False
exhale,70,6.5997599742431996,9.6605087898981363,0,-1.2789769243681803e-13,False
exhale,70,6.5979592446945245,9.7723722095581067,0,-1.5631940186722204e-13,True
exhale,70,6.596165410942886,9.885530946569391,0,-1.2789769243681803e-13,True
exhale,70,6.5943785291050583,10,0,-7.1054273576010019e-14,True
exhale,70,6.5925986550582589,10.115794542598982,0,-4.2632564145606011e-14,True
exhale,70,6.5908258444423433,10.232929922807546,0,-7.1054273576010019e-14,True
exhale,70,6.5890601526620296,10.351421666793442,0,-1.4210854715202004e-14,True
exhale,70,6.5873016348890925,10.471285480508996,0,-4.2632564145606011e-14,True
exhale,70,6.5855503460646458,10.592537251772887,0,-1.4210854715202004e-14,True
exhale,70,6.5838063409014023,10.715193052376071,0,-1.4210854715202004e-14,True
exhale,70,6.5820696738859619,10.839269140212039,0,-2.8421709430404007e-14,True
exhale,70,6.5803403992811198,10.964781961431852,0,-2.8421709430404007e-14,True
exhale,70,6.578618571128187,11.091748152624008,0,0,True
exhale,70,6.5769042432493441,11.220184543019629,0,0,True
exhale,70,6.575197469249999,11.350108156723154,0,1.4210854715202004e-14,True
exhale,70,6.5734983025211742,11.481536214968829,0,0,True
exhale,70,6.5718067954815282,11.614486138403427,0,1.4210854715202004e-14,True
exhale,70,6.5701229828643593,11.748975549395292,0,2.8421709430404007e-14,True
exhale,70,6.5684468817730792,11.88502227437019,0,2.8421709430404007e-14,True
exhale,70,6.5667785084336581,12.022644346174131,0,1.4210854715202004e-14,True
exhale,70,6.5651178789571825,12.161860006463678,0,-2.8421709430404007e-14,True
exhale,70,6.5634650093415816,12.302687708123811,0,2.8421709430404007e-14,True
exhale,70,6.5618199154733379,12.445146117713856,0,0,True
exhale,70,6.5601826131292276,12.589254117941675,0,1.4210854715202004e-14,True
exhale,70,6.5585531179780263,12.735030810166617,0,1.4210854715202004e-14,True
exhale,70,6.5569314455822276,12.882495516931336,0,-2.8421709430404007e-14,True
exhale,70,6.5553176113997802,13.031667784523,0,1.4210854715202004e-14,True
exhale,70,6.553711630785771,13.182567385564074,0,-1.4210854715202004e-14,True
exhale,70,6.552113518994175,13.33521432163324,0,4.2632564145606011e-14,True
exhale,70,6.5505232911795233,13.489628825916533,0,4.2632564145606011e-14,True
exhale,70,6.5489409623986559,13.645831365889252,0,7.1054273576010019e-14,True
exhale,70,6.5473665476124054,13.803842646028853,0,4.2632564145606011e-14,True
exhale,70,6.5458000616873111,13.963683610559377,0,8.5265128291212022e-14,True
exhale,70,6.544241519397314,14.12537544622754,0,9.9475983006414026e-14,True
exhale,70,6.5426909354254734,14.288939585111036,0,1.1368683772161603e-13,True
exhale,70,6.5411483243656585,14.454397707459281,0,1.5631940186722204e-13,True
exhale,70,6.5396137007242388,14.621771744567184,0,1.2789769243681803e-13,True
exhale,70,6.5380870789217997,14.791083881682072,0,1.4210854715202004e-13,True
exhale,70,6.5365684732948202,14.962356560944343,0,1.7053025658242404e-13,True
exhale,70,6.5350578980973726,15.135612484362087,0,2.1316282072803006e-13,True
exhale,70,6.5335553675028066,15.310874616820303,0,2.1316282072803006e-13,True
exhale,70,6.5320608956054462,15.488166189124811,0,2.5579538487363607e-13,True
exhale,70,6.5305744964222656,15.667510701081484,0,2.4158453015843406e-13,True
exhale,70,6.5290961838945414,15.848931924611142,0,-2.5579538487363607e-13,True
exhale,70,6.5276259718896839,16.032453906900418,0,-2.7000623958883807e-13,True
exhale,70,6.5261638742026982,16.218100973589298,0,-2.5579538487363607e-13,True
exhale,70,6.524709904557989,16.405897731995388,0,-2.1316282072803006e-13,True
exhale,70,6.5232640766110164,16.595869074375614,0,-2.7000623958883807e-13,True
exhale,70,6.52182640394998,16.788040181225607,0,-2.2737367544323206e-13,True
exhale,70,6.5203969000974551,16.982436524617444,0,-2.2737367544323206e-13,True
exhale,70,6.5189755785120926,17.179083871575877,0,-1.9895196601282805e-13,True
exhale,70,6.517562452590278,17.378008287493763,0,-1.9895196601282805e-13,True
exhale,70,6.5161575356677908,17.579236139586932,0,-1.4210854715202004e-13,True
exhale,70,6.5147608410214586,17.782794100389228,0,-1.5631940186722204e-13,True
exhale,70,6.5133723769217218,17.988709151287875,0,-9.9475983006414026e-14,True
exhale,70,6.5119921318145959,18.197008586099845,0,-1.5631940186722204e-13,True
exhale,70,6.5106200892187243,18.407720014689563,0,-1.4210854715202004e-13,True
exhale,70,6.5092562326819889,18.620871366628677,0,-1.2789769243681803e-13,True
exhale,70,6.5079005457820189,18.836490894898002,0,-8.5265128291212022e-14,True
exhale,70,6.5065530121266963,19.054607179632484,0,-9.9475983006414026e-14,True
exhale,70,6.5052136153546556,19.275249131909366,0,-8.5265128291212022e-14,True
exhale,70,6.503882339135763,19.498445997580454,0,-8.5265128291212022e-14,True
exhale,70,6.5025591671716221,19.724227361148536,0,-7.1054273576010019e-14,True
exhale,70,6.5012440831960348,19.952623149688808,0,-7.1054273576010019e-14,True
exhale,70,6.4999370709754851,20.183663636815616,0,-1.4210854715202004e-14,True
exhale,70,6.4986381143096112,20.417379446695296,0,-4.2632564145606011e-14,True
exhale,70,6.4973471970316687,20.65380155810529,0,-5.6843418860808015e-14,True
exhale,70,6.4960643030089953,20.892961308540386,0,1.4210854715202004e-14,True
exhale,70,6.4947894161434485,21.134890398366476,0,-2.8421709430404007e-14,True
exhale,70,6.4935225203718874,21.379620895022324,0,0,True
exhale,70,6.4922635996665861,21.627185237270201,0,1.4210854715202004e-14,True
exhale,70,6.4910126380356905,21.87761623949552,0,-1.4210854715202004e-14,True
exhale,70,6.4897696195236598,22.130947096056389,0,2.8421709430404007e-14,True
exhale,70,6.4885345282116802,22.387211385683401,0,2.8421709430404007e-14,True
exhale,70,6.4873073482181249,22.646443075930595,0,1.7053025658242404e-13,True
exhale,70,6.4860880636988947,22.908676527677724,0,2.8421709430404007e-14,True
exhale,70,6.4848766588479707,23.173946499684796,0,-1.4210854715202004e-14,True
exhale,70,6.4836731178977072,23.442288153199225,0,0,True
exhale,70,6.4824774251192938,23.713737056616552,0,2.8421709430404007e-14,True
exhale,70,6.4812895648231477,23.9883291901949,0,1.4210854715202004e-14,True
exhale,70,6.4801095213593252,24.266100950824168,0,-4.2632564145606011e-14,False
exhale,70,6.4789372791179085,24.547089156850312,0,-2.8421709430404007e-14,False
exhale,70,6.4777728225293991,24.831331052955704,0,-2.8421709430404007e-14,False
exhale,70,6.4766161360651058,25.118864315095795,0,-2.8421709430404007e-14,False
exhale,70,6.4754672042375336,25.409727055493065,0,-2.8421709430404007e-14,False
exhale,70,6.4743260116007599,25.703957827688647,0,0,False
exhale,70,6.4731925427508106,26.001595631652723,0,4.2632564145606011e-14,False
exhale,70,6.4720667823260225,26.302679918953814,0,0,False
exhale,70,6.4709487150074567,26.607250597988113,0,5.6843418860808015e-14,False
exhale,70,6.4698383255191851,26.915348039269166,0,2.8421709430404007e-14,False
exhale,70,6.4687355986287294,27.227013080779127,0,0,False
exhale,70,6.4676405187843748,27.542287033381662,0,5.6843418860808015e-14,False
exhale,70,6.4665530621362164,27.861211686297693,0,1.4210854715202004e-14,False
exhale,70,6.465473196565112,28.183829312644551,0,5.6843418860808015e-14,False
exhale,70,6.4644008896806264,28.510182675039097,0,5.6843418860808015e-14,False
exhale,70,6.4633361091838397,28.840315031266059,0,2.8421709430404007e-14,False
exhale,70,6.4622788228668595,29.174270140011661,0,7.1054273576010019e-14,False
exhale,70,6.4612289986123281,29.512092266663871,0,4.2632564145606011e-14,False
exhale,70,6.4601866043929839,29.853826189179603,0,4.2632564145606011e-14,False
exhale,70,6.4591516082711626,30.199517204020161,0,7.1054273576010019e-14,False
exhale,70,6.4581239783983238,30.549211132155122,0,8.5265128291212022e-14,False
exhale,70,6.4571036830146005,30.902954325135919,0,9.9475983006414026e-14,False
exhale,70,6.4560906904483044,31.260793671239558,0,9.9475983006414026e-14,False
exhale,70,6.4550849691154806,31.622776601683793,0,1.1368683772161603e-13,False
exhale,70,6.4540864875194206,31.988951096913972,0,9.9475983006414026e-14,False
exhale,70,6.4530952142502143,32.359365692962847,0,1.1368683772161603e-13,False
exhale,70,6.4521111179842725,32.734069487883829,0,1.9895196601282805e-13,False
exhale,70,6.4511341674838611,33.113112148259113,0,1.5631940186722204e-13,False
exhale,70,6.4501643315966488,33.496543915782759,0,2.2737367544323206e-13,False
exhale,70,6.4492015792552424,33.884415613920275,0,1.9895196601282805e-13,False
exhale,70,6.4482458794767235,34.276778654645049,0,2.2737367544323206e-13,False
exhale,70,6.4472972013621934,34.673685045253166,0,2.4158453015843406e-13,False
exhale,70,6.4463555140963118,35.075187395256798,0,2.4158453015843406e-13,False
exhale,70,6.4454207869468405,35.481338923357569,0,2.4158453015843406e-13,False
exhale,70,6.4444929892641536,35.892193464500536,0,-2.4158453015843406e-13,False
exhale,70,6.443572090480937,36.307805477010142,0,-2.5579538487363607e-13,False
exhale,70,6.4426580601115031,36.72823004980846,0,-2.9842794901924208e-13,False
exhale,70,6.4417508677514954,37.153522909717239,0,-2.7000623958883807e-13,False
exhale,70,6.4408504830773898,37.583740428844429,0,-2.2737367544323206e-13,False
exhale,70,6.4399568758460584,38.018939632056124,0,-2.4158453015843406e-13,False
exhale,70,6.4390700158943224,38.459178204535355,0,-2.7000623958883807e-13,False
exhale,70,6.4381898731384908,38.904514499428046,0,-2.7000623958883807e-13,False
exhale,70,6.4373164175739443,39.355007545577763,0,-2.4158453015843406e-13,False
exhale,70,6.4364496192746454,39.810717055349734,0,-2.1316282072803006e-13,False
exhale,70,6.4355894483927436,40.271703432545905,0,-2.2737367544323206e-13,False
exhale,70,6.4347358751581085,40.738027780411258,0,-2.2737367544323206e-13,False
exhale,70,6.433888869877892,41.209751909733043,0,-2.2737367544323206e-13,False
exhale,70,6.4330484029360946,41.686938347033553,0,-2.1316282072803006e-13,False
exhale,70,6.4322144447931304,42.169650342858226,0,-1.8474111129762605e-13,False
exhale,70,6.4313869648432807,42.657951880159253,0,-1.9895196601282805e-13,False
exhale,70,6.4305659279949436,43.151907682776546,0,-1.8474111129762605e-13,False
exhale,70,6.429751298108469,43.651583224016612,0,-1.8474111129762605e-13,False
exhale,70,6.4289430391391642,44.157044735331255,0,-1.7053025658242404e-13,False
exhale,70,6.4281411151364596,44.668359215096302,0,-1.7053025658242404e-13,False
exhale,70,6.4273454902430656,45.185594437492263,0,-2.2737367544323206e-13,False
exhale,70,6.4265561286941626,45.708818961487516,0,-1.4210854715202004e-13,False
exhale,70,6.425772994816529,46.238102139926035,0,-1.5631940186722204e-13,False
exhale,70,6.4249960530278001,46.77351412871981,0,-1.2789769243681803e-13,False
exhale,70,6.4242252678355767,47.315125896148075,0,-1.5631940186722204e-13,False
exhale,70,6.4234606038366771,47.863009232263849,0,-1.1368683772161603e-13,False
exhale,70,6.422702025716295,48.417236758409942,0,-1.1368683772161603e-13,False
exhale,70,6.4219494982472378,48.977881936844611,0,-8.5265128291212022e-14,False
exhale,70,6.4212029862891029,49.545019080479001,0,-7.1054273576010019e-14,False
exhale,70,6.4204624547875175,50.118723362727252,0,-9.9475983006414026e-14,False
exhale,70,6.4197278687733563,50.699070827470443,0,-4.2632564145606011e-14,False
exhale,70,6.4189991933619561,51.286138399136483,0,-5.6843418860808015e-14,False
exhale,70,6.4182763937523521,51.880003892896092,0,-8.5265128291212022e-14,False
exhale,70,6.4175594352265222,52.480746024977286,0,-8.5265128291212022e-14,False
exhale,70,6.4168482831486173,53.088444423098849,0,-7.1054273576010019e-14,False
exhale,70,6.4161429029642107,53.703179637025272,0,-8.5265128291212022e-14,False
exhale,70,6.4154432601995639,54.325033149243303,0,-5.6843418860808015e-14,False
exhale,70,6.4147493204608628,54.954087385762485,0,-5.6843418860808015e-14,False
exhale,70,6.4140610494334922,55.590425727040369,0,-5.6843418860808015e-14,False
exhale,70,6.4133784128813049,56.234132519034908,0,-2.8421709430404007e-14,False
exhale,70,6.412701376645888,56.885293084384131,0,-4.2632564145606011e-14,False
exhale,70,6.412029906645853,57.543993733715723,0,-1.4210854715202004e-14,False
exhale,70,6.4113639688760902,58.210321777087159,0,-1.4210854715202004e-14,False
exhale,70,6.4107035294070949,58.884365535558899,0,1.4210854715202004e-14,False
exhale,70,6.4100485543842209,59.566214352901035,0,-2.8421709430404007e-14,False
exhale,70,6.4093990100270215,60.255958607435808,0,0,False
exhale,70,6.4087548626285011,60.95368972401694,0,1.4210854715202004e-14,False
exhale,70,6.4081160785544631,61.659500186148222,0,0,False
exhale,70,6.4074826242428093,62.373483548241914,0,4.2632564145606011e-14,False
exhale,70,6.4068544662028382,63.095734448019364,0,-1.4210854715202004e-14,False
exhale,70,6.4062315710145983,63.82634861905489,0,0,False
exhale,70,6.4056139053281882,64.56542290346556,0,-2.8421709430404007e-14,False
exhale,70,6.4050014358631024,65.313055264747234,0,0,False
exhale,70,6.4043941294075548,66.06934480075958,0,2.8421709430404007e-14,False
exhale,70,6.4037919528178282,66.834391756861493,0,2.8421709430404007e-14,False
exhale,70,6.4031948730176111,67.60829753919819,0,0,False
exhale,70,6.4026028569973565,68.391164728142925,0,1.4210854715202004e-14,False
exhale,70,6.4020158718136866,69.183097091893629,0,8.5265128291212022e-13,False
exhale,70,6.401433884588438,69.984199600227385,0,0,False
exhale,70,6.4008568625086681,70.794578438413808,0,1.4210854715202004e-14,False
exhale,70,6.40028477282537,71.614341021290201,0,0,False
exhale,70,6.3997175828531745,72.443596007498982,0,4.2632564145606011e-14,False
exhale,70,6.3991552599696515,73.282453313890443,0,1.4210854715202004e-14,False
exhale,70,6.3985977716147042,74.131024130091774,0,0,False
exhale,70,6.3980450852899402,74.989420933245583,0,0,False
exhale,70,6.3974971685580613,75.857757502918361,0,1.4210854715202004e-14,False
exhale,70,6.3969539890422613,76.736148936181934,0,0,False
exhale,70,6.3964155144256214,77.624711662869203,0,-1.4210854715202004e-14,False
exhale,70,6.395881712450513,78.523563461007186,0,1.4210854715202004e-14,False
exhale,70,6.3953525509179876,79.43282347242814,0,-4.2632564145606011e-14,False
exhale,70,6.3948279976872184,80.352612218561774,0,0,False
exhale,70,6.3943080206748739,81.283051616409949,0,-1.4210854715202004e-14,False
exhale,70,6.3937925878545698,82.224264994707127,0,1.4210854715202004e-14,False
exhale,70,6.3932816672562662,83.176377110267083,0,0,False
exhale,70,6.3927752269657141,84.139514164519554,0,2.8421709430404007e-14,False
exhale,70,6.392273235123862,85.113803820237678,0,-1.4210854715202004e-14,False
exhale,70,6.3917756599263118,86.099375218460082,0,-1.4210854715202004e-14,False
exhale,70,6.3912824696227375,87.096358995608057,0,-1.4210854715202004e-14,False
exhale,70,6.3907936325163464,88.10488730080138,0,-1.4210854715202004e-14,False
exhale,70,6.3903091169633042,89.12509381337459,0,1.4210854715202004e-14,False
exhale,70,6.3898288913721935,90.157113760595706,0,0,False
exhale,70,6.3893529242034779,91.201083935590972,0,0,False
exhale,70,6.388881183968933,92.257142715476292,0,-1.4210854715202004e-14,False
exhale,70,6.3884136392311408,93.325430079699146,0,-1.4210854715202004e-14,False
exhale,70,6.3879502586029195,94.40608762859236,0,1.4210854715202004e-14,False
exhale,70,6.3874910107468148,95.499258602143584,0,0,False
exhale,70,6.3870358643745746,96.60508789898131,0,0,False
exhale,70,6.3865847882466023,97.72372209558111,0,-2.8421709430404007e-14,False
exhale,70,6.3861377511714634,98.855309465693907,0,1.4210854715202004e-14,False
exhale,70,6.3856947220053444,100,0,1.4210854715202004e-14,False
exhale,80,6.5506475180634984,0.10000000000000001,0,2.8421709430404007e-14,False
exhale,80,6.5503174409633589,0.10115794542598985,0,2.8421709430404007e-14,False
exhale,80,6.5499841817650069,0.10232929922807542,0,7.1054273576010019e-14,False
exhale,80,6.5496476991108414,0.10351421666793438,0,7.1054273576010019e-14,False
exhale,80,6.5493079516505457,0.10471285480508996,0,4.2632564145606011e-14,False
exhale,80,6.5489648980412465,0.10592537251772889,0,8.5265128291212022e-14,False
exhale,80,6.5486184969476584,0.10715193052376065,0,5.6843418860808015e-14,False
exhale,80,6.5482687070422525,0.10839269140212036,0,5.6843418860808015e-14,False
exhale,80,6.547915487005409,0.10964781961431851,0,8.5265128291212022e-14,False
exhale,80,6.5475587955255801,0.11091748152624012,0,8.5265128291212022e-14,False
exhale,80,6.5471985912994697,0.11220184543019636,0,7.1054273576010019e-14,False
exhale,80,6.5468348330321868,0.11350108156723152,0,8.5265128291212022e-14,False
exhale,80,6.546467479437438,0.11481536214968829,0,8.5265128291212022e-14,False
exhale,80,6.5460964892376854,0.11614486138403426,0,8.5265128291212022e-14,False
exhale,80,6.5457218211643431,0.11748975549395298,0,7.1054273576010019e-14,False
exhale,80,6.5453434339579504,0.11885022274370183,0,5.6843418860808015e-14,False
exhale,80,6.5449612863683653,0.12022644346174129,0,7.1054273576010019e-14,False
exhale,80,6.5445753371549511,0.12161860006463679,0,1.2789769243681803e-13,False
exhale,80,6.544185545086755,0.12302687708123815,0,9.9475983006414026e-14,False
exhale,80,6.543791868942745,0.1244514611771385,0,9.9475983006414026e-14,False
exhale,80,6.5433942675119621,0.12589254117941673,0,1.2789769243681803e-13,False
exhale,80,6.5429926995937517,0.12735030810166617,0,1.2789769243681803e-13,False
exhale,80,6.5425871239979632,0.12882495516931339,0,1.2789769243681803e-13,False
exhale,80,6.5421774995451623,0.13031667784522993,0,1.2789769243681803e-13,False
exhale,80,6.5417637850668298,0.1318256738556407,0,1.5631940186722204e-13,False
exhale,80,6.5413459394055904,0.1333521432163324,0,1.2789769243681803e-13,False
exhale,80,6.5409239214154322,0.13489628825916536,0,1.2789769243681803e-13,False
exhale,80,6.5404976899619278,0.13645831365889247,0,1.5631940186722204e-13,False
exhale,80,6.5400672039224421,0.13803842646028849,0,1.2789769243681803e-13,False
exhale,80,6.5396324221863935,0.13963683610559377,0,1.5631940186722204e-13,False
exhale,80,6.5391933036554581,0.14125375446227545,0,1.5631940186722204e-13,False
exhale,80,6.5387498072438177,0.1428893958511103,0,1.7053025658242404e-13,False
exhale,80,6.5383018918783948,0.14454397707459277,0,1.4210854715202004e-13,False
exhale,80,6.5378495164990973,0.14621771744567183,0,1.5631940186722204e-13,False
exhale,80,6.5373926400590596,0.14791083881682077,0,2.1316282072803006e-13,False
exhale,80,6.5369312215248891,0.14962356560944334,0,1.7053025658242404e-13,False
exhale,80,6.5364652198769297,0.15135612484362079,0,2.4158453015843406e-13,False
exhale,80,6.5359945941094955,0.15310874616820302,0,1.9895196601282805e-13,False
exhale,80,6.5355193032311538,0.15488166189124811,0,2.1316282072803006e-13,False
exhale,80,6.5350393062649665,0.15667510701081494,0,1.8474111129762605e-13,False
exhale,80,6.5345545622487622,0.15848931924611134,0,1.7053025658242404e-13,False
exhale,80,6.534065030235408,0.16032453906900418,0,1.9895196601282805e-13,False
exhale,80,6.5335706692930673,0.16218100973589297,0,2.1316282072803006e-13,False
exhale,80,6.5330714385054973,0.16405897731995392,0,2.2737367544323206e-13,False
exhale,80,6.5325672969722977,0.16595869074375605,0,2.4158453015843406e-13,False
exhale,80,6.5320582038092141,0.16788040181225602,0,2.5579538487363607e-13,False
exhale,80,6.531544118148414,0.16982436524617442,0,2.5579538487363607e-13,False
exhale,80,6.5310249991387739,0.17179083871575881,0,2.8421709430404007e-13,False
exhale,80,6.5305008059461267,0.17378008287493754,0,-2.7000623958883807e-13,False
exhale,80,6.5299714977537322,0.17579236139586926,0,-2.4158453015843406e-13,False
exhale,80,6.5294370337623127,0.17782794100389229,0,-2.7000623958883807e-13,False
exhale,80,6.528897373190528,0.17988709151287879,0,-2.4158453015843406e-13,False
exhale,80,6.5283524752752289,0.18197008586099836,0,-2.5579538487363607e-13,False
exhale,80,6.5278022992717748,0.18407720014689558,0,-2.4158453015843406e-13,False
exhale,80,6.5272468044543368,0.18620871366628675,0,-2.7000623958883807e-13,False
exhale,80,6.5266859501162262,0.18836490894898006,0,-2.5579538487363607e-13,False
exhale,80,6.5261196955701815,0.19054607179632474,0,-2.9842794901924208e-13,False
exhale,80,6.5255480001487278,0.19275249131909361,0,-2.7000623958883807e-13,False
exhale,80,6.5249708232044661,0.19498445997580455,0,-2.5579538487363607e-13,False
exhale,80,6.5243881241104171,0.19724227361148533,0,-2.7000623958883807e-13,False
exhale,80,6.5237998622603577,0.19952623149688797,0,-2.5579538487363607e-13,False
exhale,80,6.5232059970691418,0.20183663636815607,0,-2.7000623958883807e-13,False
exhale,80,6.5226064879730412,0.20417379446695297,0,-2.4158453015843406e-13,False
exhale,80,6.5220012944300878,0.20653801558105292,0,-2.4158453015843406e-13,False
exhale,80,6.5213903759204213,0.20892961308540398,0,-2.2737367544323206e-13,False
exhale,80,6.5207736919466281,0.21134890398366465,0,-2.1316282072803006e-13,False
exhale,80,6.5201512020341008,0.21379620895022325,0,-2.2737367544323206e-13,False
exhale,80,6.5195228657313846,0.21627185237270202,0,-2.2737367544323206e-13,False
exhale,80,6.5188886426105368,0.21877616239495529,0,-2.1316282072803006e-13,False
exhale,80,6.5182484922674897,0.22130947096056375,0,-2.1316282072803006e-13,False
exhale,80,6.5176023743224087,0.223872113856834,0,-2.2737367544323206e-13,False
exhale,80,6.5169502484200752,0.22646443075930595,0,-1.8474111129762605e-13,False
exhale,80,6.5162920742302335,0.22908676527677729,0,-1.8474111129762605e-13,False
exhale,80,6.5156278114479829,0.23173946499684786,0,-1.9895196601282805e-13,False
exhale,80,6.5149574197941513,0.2344228815319922,0,-1.8474111129762605e-13,False
exhale,80,6.5142808590156731,0.23713737056616552,0,-1.9895196601282805e-13,False
exhale,80,6.5135980878071384,0.23988329190194904,0,-1.5631940186722204e-13,False
exhale,80,6.5129090605777442,0.24266100950824154,0,-1.7053025658242404e-13,False
exhale,80,6.5122137306936585,0.24547089156850305,0,-1.7053025658242404e-13,False
exhale,80,6.511512051558233,0.24831331052955705,0,-1.4210854715202004e-13,False
exhale,80,6.5108039766126131,0.25118864315095801,0,-1.2789769243681803e-13,False
exhale,80,6.5100894593364051,0.25409727055493053,0,-1.4210854715202004e-13,False
exhale,80,6.5093684532482721,0.25703957827688639,0,-1.4210854715202004e-13,False
exhale,80,6.5086409119066095,0.26001595631652719,0,-1.4210854715202004e-13,False
exhale,80,6.5079067889101836,0.26302679918953814,0,-1.1368683772161603e-13,False
exhale,80,6.5071660378987941,0.26607250597988097,0,-9.9475983006414026e-14,False
exhale,80,6.5064186125539374,0.26915348039269155,0,-9.9475983006414026e-14,False
exhale,80,6.5056644665994936,0.27227013080779128,0,-8.5265128291212022e-14,False
exhale,80,6.5049035538023805,0.27542287033381663,0,-5.6843418860808015e-14,False
exhale,80,6.504135827973264,0.2786121168629771,0,-4.2632564145606011e-14,False
exhale,80,6.5033612429672338,0.28183829312644537,0,-9.9475983006414026e-14,False
exhale,80,6.5025797526845279,0.28510182675039097,0,-4.2632564145606011e-14,False
exhale,80,6.5017913110712078,0.28840315031266056,0,-5.6843418860808015e-14,False
exhale,80,6.5009958721199004,0.29174270140011677,0,-1.4210854715202004e-14,False
exhale,80,6.5001933898704971,0.29512092266663853,0,-5.6843418860808015e-14,False
exhale,80,6.4993838184109052,0.298538261891796,0,-4.2632564145606011e-14,False
exhale,80,6.4985671118777617,0.3019951720402016,0,-2.8421709430404007e-14,False
exhale,80,6.4977432244571842,0.3054921113215513,0,0,False
exhale,80,6.4969121103855123,0.30902954325135906,0,-2.8421709430404007e-14,False
exhale,80,6.4960737239500839,0.31260793671239551,0,-4.2632564145606011e-14,False
exhale,80,6.4952280194899741,0.31622776601683794,0,0,False
exhale,80,6.4943749513967655,0.31988951096913981,0,2.8421709430404007e-14,False
exhale,80,6.4935144741153374,0.32359365692962827,0,-1.4210854715202004e-14,False
exhale,80,6.4926465421446471,0.32734069487883821,0,2.8421709430404007e-14,False
exhale,80,6.4917711100385054,0.33113112148259111,0,1.4210854715202004e-14,False
exhale,80,6.4908881324063872,0.33496543915782767,0,-1.4210854715202004e-14,False
exhale,80,6.4899975639142342,0.33884415613920255,0,0,False
exhale,80,6.4890993592852499,0.3427677865464504,0,0,False
exhale,80,6.4881934733007363,0.34673685045253166,0,-2.8421709430404007e-14,False
exhale,80,6.4872798608009106,0.35075187395256802,0,2.8421709430404007e-14,False
exhale,80,6.4863584766857185,0.35481338923357547,0,-1.4210854715202004e-14,False
exhale,80,6.4854292759157124,0.35892193464500527,0,1.4210854715202004e-14,False
exhale,80,6.4844922135128478,0.36307805477010141,0,-4.2632564145606011e-14,False
exhale,80,6.483547244657351,0.36728230049808469,0,1.4210854715202004e-14,False
exhale,80,6.4825943268017276,0.37153522909717257,0,0,False
exhale,80,6.4816334196787109,0.3758374042884442,0,-2.8421709430404007e-14,False
exhale,80,6.480664483193789,0.38018939632056115,0,-2.8421709430404007e-14,False
exhale,80,6.4796874773303976,0.38459178204535355,0,1.4210854715202004e-14,False
exhale,80,6.4787023621510222,0.38904514499428056,0,1.4210854715202004e-14,False
exhale,80,6.4777090977983578,0.39355007545577742,0,-1.4210854715202004e-14,False
exhale,80,6.4767076444964271,0.3981071705534972,0,0,False
exhale,80,6.4756979625517257,0.40271703432545908,0,0,False
exhale,80,6.4746800123543773,0.40738027780411273,0,0,False
exhale,80,6.4736537543793018,0.41209751909733022,0,1.4210854715202004e-14,False
exhale,80,6.472619149187377,0.41686938347033542,0,2.8421709430404007e-14,False
exhale,80,6.4715761574266217,0.42169650342858223,0,2.8421709430404007e-14,False
exhale,80,6.4705247398333876,0.42657951880159267,0,1.4210854715202004e-14,False
exhale,80,6.4694648572335458,0.43151907682776525,0,0,False
exhale,80,6.4683964705437074,0.43651583224016599,0,0,False
exhale,80,6.467319540772416,0.44157044735331252,0,2.8421709430404007e-14,False
exhale,80,6.4662340290213747,0.44668359215096315,0,2.8421709430404007e-14,False
exhale,80,6.4651398964866873,0.45185594437492238,0,5.6843418860808015e-14,False
exhale,80,6.4640371044600844,0.45708818961487507,0,4.2632564145606011e-14,False
exhale,80,6.4629256143301701,0.46238102139926035,0,7.1054273576010019e-14,False
exhale,80,6.4618053875836825,0.46773514128719823,0,5.6843418860808015e-14,False
exhale,80,6.4606763858067406,0.47315125896148053,0,9.9475983006414026e-14,False
exhale,80,6.4595385706861332,0.47863009232263842,0,5.6843418860808015e-14,False
exhale,80,6.4583919040105897,0.48417236758409943,0,1.1368683772161603e-13,False
exhale,80,6.4572363476720556,0.48977881936844625,0,1.1368683772161603e-13,False
exhale,80,6.4560718636670034,0.4954501908047903,0,1.5631940186722204e-13,False
exhale,80,6.4548984140977277,0.50118723362727235,0,1.2789769243681803e-13,False
exhale,80,6.4537159611736543,0.50699070827470427,0,1.4210854715202004e-13,False
exhale,80,6.45252446721266,0.51286138399136483,0,1.7053025658242404e-13,False
exhale,80,6.4513238946423979,0.51880003892896109,0,1.9895196601282805e-13,False
exhale,80,6.4501142060016265,0.52480746024977254,0,2.1316282072803006e-13,False
exhale,80,6.448895363941566,0.53088444423098835,0,2.1316282072803006e-13,False
exhale,80,6.4476673312272315,0.53703179637025267,0,1.9895196601282805e-13,False
exhale,80,6.4464300707387991,0.54325033149243318,0,2.4158453015843406e-13,False
exhale,80,6.4451835454729673,0.54954087385762451,0,2.7000623958883807e-13,False
exhale,80,6.4439277185442849,0.5559042572704036,0,-2.8421709430404007e-13,False
exhale,80,6.4426625531867154,0.56234132519034907,0,-2.2737367544323206e-13,False
exhale,80,6.4413880157856926,0.56885293084384148,0,-2.7000623958883807e-13,False
exhale,80,6.44010408497632,0.57543993733715693,0,-2.5579538487363607e-13,False
exhale,80,6.4388107425583803,0.58210321777087148,0,-2.4158453015843406e-13,False
exhale,80,6.4375079704678289,0.58884365535558902,0,-2.4158453015843406e-13,False
exhale,80,6.4361957507783174,0.59566214352901048,0,-2.5579538487363607e-13,False
exhale,80,6.4348740657026715,0.60255958607435778,0,-2.1316282072803006e-13,False
exhale,80,6.43354289759443,0.60953689724016924,0,-2.1316282072803006e-13,False
exhale,80,6.4322022289493663,0.61659500186148219,0,-1.7053025658242404e-13,False
exhale,80,6.4308520424069879,0.62373483548241926,0,-1.5631940186722204e-13,False
exhale,80,6.4294923207520904,0.63095734448019336,0,-1.2789769243681803e-13,False
exhale,80,6.4281230469162649,0.63826348619054873,0,-1.4210854715202004e-13,False
exhale,80,6.4267442039794451,0.64565422903465564,0,-1.5631940186722204e-13,False
exhale,80,6.4253557751714361,0.65313055264747244,0,-1.4210854715202004e-13,False
exhale,80,6.4239577438734496,0.66069344800759611,0,-1.2789769243681803e-13,False
exhale,80,6.4225500936196438,0.66834391756861466,0,-8.5265128291212022e-14,False
exhale,80,6.4211328080986778,0.67608297539198192,0,-1.1368683772161603e-13,False
exhale,80,6.4197058711552595,0.68391164728142928,0,-8.5265128291212022e-14,False
exhale,80,6.4182692667916719,0.69183097091893642,0,-4.2632564145606011e-14,False
exhale,80,6.4168229791693525,0.69984199600227348,0,-4.2632564145606011e-14,False
exhale,80,6.4153669926104264,0.70794578438413791,0,-5.6843418860808015e-14,False
exhale,80,6.4139012915992826,0.71614341021290195,0,-2.8421709430404007e-14,False
exhale,80,6.4124258607841131,0.72443596007499,0,-1.4210854715202004e-14,False
exhale,80,6.4109406849784802,0.73282453313890406,0,-2.8421709430404007e-14,False
exhale,80,6.409445749162888,0.74131024130091749,0,-2.8421709430404007e-14,False
exhale,80,6.4079410384863351,0.74989420933245587,0,-2.8421709430404007e-14,False
exhale,80,6.4064265382678807,0.75857757502918377,0,-1.4210854715202004e-14,False
exhale,80,6.404902233998226,0.76736148936181892,0,-4.2632564145606011e-14,False
exhale,80,6.4033681113412655,0.77624711662869172,0,2.8421709430404007e-14,False
exhale,80,6.4018241561356639,0.78523563461007184,0,4.2632564145606011e-14,False
exhale,80,6.400270354396433,0.79432823472428149,0,1.4210854715202004e-14,False
exhale,80,6.3987066923164955,0.80352612218561725,0,-1.4210854715202004e-14,False
exhale,80,6.3971331562682723,0.81283051616409929,0,0,False
exhale,80,6.3955497328052431,0.82224264994707119,0,0,False
exhale,80,6.3939564086635174,0.83176377110267108,0,0,False
exhale,80,6.3923531707634336,0.84139514164519513,0,0,False
exhale,80,6.390740006211117,0.85113803820237655,0,0,False
exhale,80,6.3891169023000565,0.86099375218460072,0,-1.4210854715202004e-14,False
exhale,80,6.3874838472606399,0.87096358995608081,0,2.8421709430404007e-14,False
exhale,80,6.3858408467146104,0.88104887300801427,0,2.8421709430404007e-14,False
exhale,80,6.3841879236682013,0.89125093813374567,0,0,False
exhale,80,6.382525102054875,0.90157113760595708,0,4.2632564145606011e-14,False
exhale,80,6.3808524059882927,0.91201083935590965,0,2.8421709430404007e-14,False
exhale,80,6.3791698597633086,0.92257142715476315,0,4.2632564145606011e-14,False
exhale,80,6.3774774878569502,0.93325430079699101,0,2.8421709430404007e-14,False
exhale,80,6.3757753149293883,0.94406087628592328,0,8.5265128291212022e-14,False
exhale,80,6.374063365824866,0.95499258602143589,0,1.1368683772161603e-13,False
exhale,80,6.3723416655726659,0.96605087898981334,0,8.5265128291212022e-14,False
exhale,80,6.3706102393880251,0.97723722095581067,0,1.2789769243681803e-13,False
exhale,80,6.3688691126730275,0.98855309465693886,0,1.5631940186722204e-13,False
exhale,80,6.3671183110175464,1,0,1.4210854715202004e-13,False
exhale,80,6.3653578602000875,1.0115794542598988,0,2.1316282072803006e-13,False
exhale,80,6.3635877861886749,1.0232929922807541,0,1.9895196601282805e-13,False
exhale,80,6.3618081151417316,1.0351421666793441,0,2.1316282072803006e-13,False
exhale,80,6.3600188734088894,1.0471285480508996,0,2.7000623958883807e-13,False
exhale,80,6.3582200875317927,1.0592537251772887,0,-2.4158453015843406e-13,False
exhale,80,6.3564117842450933,1.0715193052376064,0,-2.5579538487363607e-13,False
exhale,80,6.3545939904769861,1.0839269140212033,0,-2.5579538487363607e-13,False
exhale,80,6.3527667333501618,1.0964781961431851,0,-2.2737367544323206e-13,False
exhale,80,6.3509300401825532,1.1091748152624008,0,-1.9895196601282805e-13,False
exhale,80,6.3490839384880715,1.1220184543019636,0,-2.1316282072803006e-13,False
exhale,80,6.3472284559773771,1.1350108156723149,0,-1.5631940186722204e-13,False
exhale,80,6.3453636205585839,1.1481536214968828,0,-1.4210854715202004e-13,False
exhale,80,6.3434894603379766,1.1614486138403426,0,-1.4210854715202004e-13,False
exhale,80,6.3416060036207256,1.1748975549395297,0,-1.2789769243681803e-13,False
exhale,80,6.3397132789115425,1.1885022274370183,0,-1.5631940186722204e-13,False
exhale,80,6.3378113149153812,1.2022644346174132,0,-7.1054273576010019e-14,False
exhale,80,6.335900140538036,1.2161860006463678,0,-7.1054273576010019e-14,False
exhale,80,6.3339797848868438,1.2302687708123818,0,-5.6843418860808015e-14,False
exhale,80,6.3320502772712484,1.244514611771385,0,-2.8421709430404007e-14,False
exhale,80,6.3301116472034291,1.2589254117941675,0,-4.2632564145606011e-14,False
exhale,80,6.3281639243988863,1.2735030810166617,0,-2.8421709430404007e-14,False
exhale,80,6.3262071387770034,1.2882495516931343,0,-1.4210854715202004e-14,False
exhale,80,6.3242413204616135,1.3031667784522993,0,-1.4210854715202004e-14,False
exhale,80,6.3222664997815219,1.3182567385564075,0,-1.4210854715202004e-14,False
exhale,80,6.3202827072710361,1.333521432163324,0,0,False
exhale,80,6.3182899816766431,1.348962882591654,0,0,False
exhale,80,6.3162883939496544,1.3645831365889245,0,1.4210854715202004e-14,False
exhale,80,6.3142780231814228,1.3803842646028852,0,2.8421709430404007e-14,False
exhale,80,6.3122589485895535,1.3963683610559376,0,1.4210854715202004e-14,False
exhale,80,6.3102312495168151,1.4125375446227548,0,4.2632564145606011e-14,False
exhale,80,6.3081950054299796,1.4288939585111029,0,0,False
exhale,80,6.3061502959186937,1.4454397707459272,0,-1.4210854715202004e-14,False
exhale,80,6.3040972006942759,1.4621771744567182,0,-2.8421709430404007e-14,False
exhale,80,6.3020357995885306,1.4791083881682072,0,4.2632564145606011e-14,False
exhale,80,6.2999661725524989,1.4962356560944337,0,2.8421709430404007e-14,False
exhale,80,6.2978883996552524,1.513561248436208,0,1.4210854715202004e-14,False
exhale,80,6.2958025610825992,1.5310874616820302,0,4.2632564145606011e-14,False
exhale,80,6.2937087371358018,1.5488166189124812,0,4.2632564145606011e-14,False
exhale,80,6.2916070082302733,1.5667510701081493,0,7.1054273576010019e-14,False
exhale,80,6.2894974548942342,1.5848931924611134,0,9.9475983006414026e-14,False
exhale,80,6.2873801577673696,1.6032453906900417,0,9.9475983006414026e-14,False
exhale,80,6.2852551975994544,1.6218100973589298,0,1.4210854715202004e-13,False
exhale,80,6.2831226552489516,1.6405897731995396,0,1.2789769243681803e-13,False
exhale,80,6.280982611681603,1.6595869074375604,0,1.4210854715202004e-13,False
exhale,80,6.2788351479689961,1.6788040181225607,0,2.1316282072803006e-13,False
exhale,80,6.2766803452870823,1.6982436524617444,0,2.1316282072803006e-13,False
exhale,80,6.2745182849146897,1.7179083871575884,0,-2.8421709430404007e-13,False
exhale,80,6.2723490482321713,1.7378008287493754,0,-1.9895196601282805e-13,False
exhale,80,6.2701727167196291,1.7579236139586931,0,-2.2737367544323206e-13,False
exhale,80,6.2679893719555597,1.7782794100389228,0,-2.5579538487363607e-13,False
exhale,80,6.2657990956152414,1.7988709151287883,0,-2.1316282072803006e-13,False
exhale,80,6.2636019694691578,1.8197008586099834,0,-1.5631940186722204e-13,False
exhale,80,6.2613980753813818,1.8407720014689564,0,-1.8474111129762605e-13,False
exhale,80,6.2591874953079838,1.8620871366628675,0,-1.4210854715202004e-13,False
exhale,80,6.2569703112953663,1.883649089489801,0,-1.1368683772161603e-13,False
exhale,80,6.2547466054786218,1.9054607179632472,0,-1.2789769243681803e-13,False
exhale,80,6.2525164600798453,1.9275249131909356,0,-7.1054273576010019e-14,False
exhale,80,6.2502799574064305,1.9498445997580456,0,-7.1054273576010019e-14,False
exhale,80,6.248037179849379,1.9724227361148534,0,-4.2632564145606011e-14,False
exhale,80,6.2457882098815283,1.9952623149688797,0,-5.6843418860808015e-14,False
exhale,80,6.2435331300558339,2.0183663636815607,0,-1.4210854715202004e-14,False
exhale,80,6.2412720230035656,2.0417379446695296,0,4.2632564145606011e-14,False
exhale,80,6.2390049723383108,2.0653801558105291,0,2.8421709430404007e-14,False
exhale,80,6.2367320825590893,2.0892961308540396,0,1.4210854715202004e-14,False
exhale,80,6.2344534789534993,2.1134890398366464,0,-1.4210854715202004e-14,False
exhale,80,6.2321692876270749,2.1379620895022327,0,2.8421709430404007e-14,False
exhale,80,6.2298796345931695,2.1627185237270199,0,0,False
exhale,80,6.227584645769503,2.187761623949553,0,-4.2632564145606011e-14,False
exhale,80,6.2252844469746913,2.2130947096056377,0,-1.4210854715202004e-14,False
exhale,80,6.22297916392478,2.2387211385683399,0,2.8421709430404007e-14,False
exhale,80,6.2206689222298177,2.2646443075930596,0,-1.4210854715202004e-14,False
exhale,80,6.2183538473904401,2.2908676527677736,0,1.4210854715202004e-14,False
exhale,80,6.2160340647944503,2.3173946499684783,0,4.2632564145606011e-14,False
exhale,80,6.21370969971343,2.3442288153199229,0,4.2632564145606011e-14,False
exhale,80,6.2113808772993613,2.3713737056616551,0,1.4210854715202004e-14,False
exhale,80,6.209047722581273,2.3988329190194912,0,7.1054273576010019e-14,False
exhale,80,6.2067103604618827,2.4266100950824154,0,9.9475983006414026e-14,False
exhale,80,6.2043689157142747,2.454708915685031,0,9.9475983006414026e-14,False
exhale,80,6.2020235129785988,2.4831331052955705,0,1.1368683772161603e-13,False
exhale,80,6.1996742767587536,2.511886431509581,0,1.8474111129762605e-13,False
exhale,80,6.1973213314191309,2.5409727055493052,0,1.4210854715202004e-13,False
exhale,80,6.1949648011813574,2.5703957827688635,0,2.2737367544323206e-13,False
exhale,80,6.1926048101209945,2.6001595631652723,0,-2.4158453015843406e-13,False
exhale,80,6.1902414821645015,2.6302679918953813,0,-2.1316282072803006e-13,False
exhale,80,6.1878749410857816,2.6607250597988097,0,-2.1316282072803006e-13,False
exhale,80,6.1855053105031681,2.6915348039269151,0,-1.9895196601282805e-13,False
exhale,80,6.183132713876212,2.7227013080779128,0,-1.9895196601282805e-13,False
exhale,80,6.1807572745025547,2.7542287033381663,0,-1.7053025658242404e-13,False
exhale,80,6.1783791155147911,2.7861211686297707,0,-1.7053025658242404e-13,False
exhale,80,6.1759983598773811,2.8183829312644537,0,-1.5631940186722204e-13,False
exhale,80,6.1736151303835678,2.85101826750391,0,-8.5265128291212022e-14,False
exhale,80,6.1712295496523186,2.8840315031266055,0,-7.1054273576010019e-14,False
exhale,80,6.1688417401252931,2.9174270140011673,0,-4.2632564145606011e-14,False
exhale,80,6.1664518240638255,2.9512092266663856,0,-4.2632564145606011e-14,False
exhale,80,6.164059923545949,2.9853826189179604,0,-4.2632564145606011e-14,False
exhale,80,6.16166616046341,3.0199517204020161,0,1.4210854715202004e-14,False
exhale,80,6.1592706565187303,3.0549211132155141,0,0,False
exhale,80,6.1568735332223001,3.0902954325135905,0,1.4210854715202004e-14,False
exhale,80,6.1544749118894533,3.126079367123956,0,0,False
exhale,80,6.1520749136376311,3.1622776601683795,0,1.4210854715202004e-14,False
exhale,80,6.149673662480085,3.1988951096913989,0,-1.4210854715202004e-14,False
exhale,80,6.147271294557207,3.2359365692962827,0,0,False
exhale,80,6.1448679487466258,3.273406948788383,0,5.6843418860808015e-14,False
exhale,80,6.1424637635497783,3.3113112148259112,0,-1.4210854715202004e-14,False
exhale,80,6.1400588770890092,3.3496543915782775,0,0,False
exhale,80,6.137653427104719,3.3884415613920256,0,-4.2632564145606011e-14,False
exhale,80,6.1352475509526379,3.4276778654645046,0,-1.4210854715202004e-14,False
exhale,80,6.1328413856011217,3.4673685045253166,0,2.8421709430404007e-14,False
exhale,80,6.1304350676285626,3.5075187395256795,0,8.5265128291212022e-14,False
exhale,80,6.1280287332208472,3.548133892335755,0,4.2632564145606011e-14,False
exhale,80,6.125622518168913,3.5892193464500517,0,9.9475983006414026e-14,False
exhale,80,6.1232165578663498,3.630780547701014,0,8.5265128291212022e-14,False
exhale,80,6.1208109873070962,3.6728230049808461,0,1.4210854715202004e-13,False
exhale,80,6.1184059410832168,3.715352290971726,0,1.7053025658242404e-13,False
exhale,80,6.1160015533827208,3.7583740428844412,0,1.7053025658242404e-13,False
exhale,80,6.1135979579875031,3.8018939632056128,0,1.9895196601282805e-13,False
exhale,80,6.1111952882712606,3.8459178204535354,0,-2.2737367544323206e-13,False
exhale,80,6.1087936771977303,3.8904514499428067,0,-1.8474111129762605e-13,False
exhale,80,6.106393257318576,3.9355007545577743,0,-2.1316282072803006e-13,False
exhale,80,6.1039941607717765,3.9810717055349731,0,-1.7053025658242404e-13,False
exhale,80,6.1015965192798314,4.0271703432545909,0,-2.1316282072803006e-13,False
exhale,80,6.0992004641481428,4.0738027780411281,0,-1.7053025658242404e-13,False
exhale,80,6.0968061262634166,4.1209751909733017,0,-1.4210854715202004e-13,False
exhale,80,6.0944136360921757,4.1686938347033546,0,-1.2789769243681803e-13,False
exhale,80,6.0920231236793372,4.2169650342858223,0,-9.9475983006414026e-14,False
exhale,80,6.0896347186468329,4.2657951880159279,0,-7.1054273576010019e-14,False
exhale,80,6.0872485501923377,4.3151907682776525,0,-5.6843418860808015e-14,False
exhale,80,6.0848647470880497,4.365158322401661,0,-4.2632564145606011e-14,False
exhale,80,6.0824834376795511,4.4157044735331255,0,0,False
exhale,80,6.0801047498847272,4.4668359215096327,0,-2.8421709430404007e-14,False
exhale,80,6.0777288111927765,4.5185594437492238,0,-2.8421709430404007e-14,False
exhale,80,6.0753557486632763,4.5708818961487516,0,-1.4210854715202004e-14,False
exhale,80,6.0729856889253027,4.6238102139926029,0,-2.8421709430404007e-14,False
exhale,80,6.0706187581766731,4.6773514128719809,0,0,False
exhale,80,6.0682550821831942,4.7315125896148054,0,-2.8421709430404007e-14,False
exhale,80,6.0658947862780339,4.7863009232263831,0,0,False
exhale,80,6.0635379953611119,4.8417236758409938,0,0,False
exhale,80,6.0611848335966458,4.8977881936844616,0,2.8421709430404007e-14,False
exhale,80,6.0588354177608181,4.9545019080479031,0,-1.4210854715202004e-14,False
exhale,80,6.0564898572049852,5.011872336272722,0,1.4210854715202004e-14,False
exhale,80,6.0541482604836885,5.0699070827470445,0,4.2632564145606011e-14,False
exhale,80,6.0518107356569661,5.1286138399136485,0,2.8421709430404007e-14,False
exhale,80,6.0494773902910621,5.1880003892896118,0,1.4210854715202004e-14,False
exhale,80,6.0471483314592156,5.2480746024977254,0,7.1054273576010019e-14,False
exhale,80,6.0448236657425261,5.3088444423098844,0,8.5265128291212022e-14,False
exhale,80,6.0425034992309063,5.3703179637025267,0,9.9475983006414026e-14,False
exhale,80,6.0401879375240934,5.4325033149243334,0,1.1368683772161603e-13,False
exhale,80,6.03787708573274,5.4954087385762458,0,1.4210854715202004e-13,False
exhale,80,6.0355710484795777,5.5590425727040369,0,1.5631940186722204e-13,False
exhale,80,6.0332699299006682,5.6234132519034912,0,2.1316282072803006e-13,False
exhale,80,6.0309738336466463,5.6885293084384161,0,-2.1316282072803006e-13,False
exhale,80,6.0286828628842635,5.7543993733715695,0,-1.9895196601282805e-13,False
exhale,80,6.0263971202976272,5.8210321777087159,0,-2.4158453015843406e-13,False
exhale,80,6.0241167080898448,5.8884365535558896,0,-1.9895196601282805e-13,False
exhale,80,6.0218417279845733,5.9566214352901063,0,-1.9895196601282805e-13,False
exhale,80,6.0195722812276857,6.0255958607435778,0,-1.7053025658242404e-13,False
exhale,80,6.017308468588987,6.095368972401694,0,-8.5265128291212022e-14,False
exhale,80,6.0150503903639878,6.1659500186148222,0,-1.1368683772161603e-13,False
exhale,80,6.0127981463757774,6.2373483548241913,0,-1.2789769243681803e-13,False
exhale,80,6.0105518359769263,6.3095734448019334,0,-1.1368683772161603e-13,False
exhale,80,6.0083115580514717,6.382634861905486,0,-7.1054273576010019e-14,False
exhale,80,6.0060774110169541,6.4565422903465564,0,-1.4210854715202004e-14,False
exhale,80,6.0038494928265225,6.5313055264747231,0,-2.8421709430404007e-14,False
exhale,80,6.0016279009711253,6.6069344800759611,0,1.4210854715202004e-14,False
exhale,80,5.999412732481697,6.6834391756861455,0,-2.8421709430404007e-14,False
exhale,80,5.9972040839314893,6.7608297539198192,0,-1.4210854715202004e-14,False
exhale,80,5.9950020514383873,6.8391164728142924,0,0,False
exhale,80,5.9928067306673327,6.9183097091893657,0,0,False
exhale,80,5.9906182168327788,6.9984199600227344,0,-1.4210854715202004e-14,False
exhale,80,5.9884366047012243,7.0794578438413804,0,0,False
exhale,80,5.9862619885937747,7.1614341021290198,0,-1.4210854715202004e-14,False
exhale,80,5.9840944623887928,7.2443596007499025,0,4.2632564145606011e-14,False
exhale,80,5.9819341195245741,7.3282453313890406,0,2.8421709430404007e-14,False
exhale,80,5.9797810530021032,7.4131024130091774,0,-1.4210854715202004e-14,False
exhale,80,5.977635355387843,7.4989420933245583,0,1.4210854715202004e-14,False
exhale,80,5.9754971126449234,7.5857757502918401,0,2.8421709430404007e-14,False
exhale,80,5.9733663856456918,7.6736148936181898,0,4.2632564145606011e-14,False
exhale,80,5.9712432287326935,7.7624711662869199,0,4.2632564145606011e-14,False
exhale,80,5.9691276958995081,7.8523563461007182,0,4.2632564145606011e-14,False
exhale,80,5.9670198407937605,7.9432823472428176,0,5.6843418860808015e-14,False
exhale,80,5.9649197167201793,8.0352612218561728,0,7.1054273576010019e-14,False
exhale,80,5.9628273766436548,8.1283051616409949,0,1.1368683772161603e-13,False
exhale,80,5.9607428731923431,8.2224264994707124,0,1.2789769243681803e-13,False
exhale,80,5.9586662586607675,8.317637711026709,0,1.4210854715202004e-13,False
exhale,80,5.9565975850129576,8.4139514164519511,0,1.5631940186722204e-13,False
exhale,80,5.9545369038856046,8.5113803820237628,0,1.9895196601282805e-13,False
exhale,80,5.9524842665912168,8.6099375218460068,0,1.9895196601282805e-13,False
exhale,80,5.9504397241212983,8.709635899560805,0,-2.4158453015843406e-13,False
exhale,80,5.9484033271496717,8.8104887300801416,0,-2.4158453015843406e-13,False
exhale,80,5.9463751260355195,8.9125093813374541,0,-2.1316282072803006e-13,False
exhale,80,5.944355170826749,9.0157113760595706,0,-1.9895196601282805e-13,False
exhale,80,5.942343511263231,9.1201083935590965,0,-1.7053025658242404e-13,False
exhale,80,5.9403401967800651,9.2257142715476341,0,-1.7053025658242404e-13,False
exhale,80,5.9383452765108915,9.3325430079699103,0,-1.4210854715202004e-13,False
exhale,80,5.9363587992911846,9.4406087628592363,0,-1.2789769243681803e-13,False
exhale,80,5.9343808136615834,9.5499258602143584,0,-1.4210854715202004e-13,False
exhale,80,5.932411367871234,9.6605087898981363,0,-8.5265128291212022e-14,False
exhale,80,5.9304505098811484,9.7723722095581067,0,-5.6843418860808015e-14,True
exhale,80,5.9284982873675585,9.885530946569391,0,-4.2632564145606011e-14,True
exhale,80,5.9265547477253167,10,0,-5.6843418860808015e-14,True
exhale,80,5.9246199380712836,10.115794542598982,0,-4.2632564145606011e-14,True
exhale,80,5.9226939052477414,10.232929922807546,0,-1.4210854715202004e-14,True
exhale,80,5.9207766958258086,10.351421666793442,0,-2.8421709430404007e-14,True
exhale,80,5.918868356108888,10.471285480508996,0,-4.2632564145606011e-14,True
exhale,80,5.916968932136105,10.592537251772887,0,-1.4210854715202004e-14,True
exhale,80,5.915078469685767,10.715193052376071,0,0,True
exhale,80,5.913197014278845,10.839269140212039,0,0,True
exhale,80,5.9113246111824322,10.964781961431852,0,0,True
exhale,80,5.9094613054132639,11.091748152624008,0,-1.4210854715202004e-14,True
exhale,80,5.9076071417412086,11.220184543019629,0,-2.8421709430404007e-14,True
exhale,80,5.9057621646927743,11.350108156723154,0,-4.2632564145606011e-14,True
exhale,80,5.9039264185546534,11.481536214968829,0,-2.8421709430404007e-14,True
exhale,80,5.9020999465376498,11.614486138403427,0,0,True
exhale,80,5.900282772327814,11.748975549395292,0,0,True
exhale,80,5.8984749001680257,11.88502227437019,0,1.4210854715202004e-14,True
exhale,80,5.8966763333646481,12.022644346174131,0,0,True
exhale,80,5.8948870751299678,12.161860006463678,0,2.8421709430404007e-14,True
exhale,80,5.8931071285843837,12.302687708123811,0,2.8421709430404007e-14,True
exhale,80,5.8913364967585791,12.445146117713856,0,5.6843418860808015e-14,True
exhale,80,5.8895751825956735,12.589254117941675,0,8.5265128291212022e-14,True
exhale,80,5.8878231889533668,12.735030810166617,0,7.1054273576010019e-14,True
exhale,80,5.8860805186060894,12.882495516931336,0,1.1368683772161603e-13,True
exhale,80,5.8843471742471065,13.031667784523,0,9.9475983006414026e-14,True
exhale,80,5.8826231584906488,13.182567385564074,0,1.2789769243681803e-13,True
exhale,80,5.8809084738740154,13.33521432163324,0,1.4210854715202004e-13,True
exhale,80,5.8792031228596606,13.489628825916533,0,1.9895196601282805e-13,True
exhale,80,5.8775071078372738,13.645831365889252,0,1.7053025658242404e-13,True
exhale,80,5.8758204311258746,13.803842646028853,0,1.7053025658242404e-13,True
exhale,80,5.8741430949758495,13.963683610559377,0,2.1316282072803006e-13,True
exhale,80,5.8724751015709789,14.12537544622754,0,-2.4158453015843406e-13,True
exhale,80,5.8708164530306224,14.288939585111036,0,-2.1316282072803006e-13,True
exhale,80,5.8691671514115349,14.454397707459281,0,-2.4158453015843406e-13,True
exhale,80,5.8675271987100333,14.621771744567184,0,-2.2737367544323206e-13,True
exhale,80,5.8658965968639727,14.791083881682072,0,-1.8474111129762605e-13,True
exhale,80,5.8642753477547362,14.962356560944343,0,-1.4210854715202004e-13,True
exhale,80,5.8626634532092368,15.135612484362087,0,-1.8474111129762605e-13,True
exhale,80,5.86106091500191,15.310874616820303,0,-2.1316282072803006e-13,True
exhale,80,5.8594677348566666,15.488166189124811,0,-1.1368683772161603e-13,True
exhale,80,5.8578839144488519,15.667510701081484,0,-8.5265128291212022e-14,True
exhale,80,5.8563094554072217,15.848931924611142,0,-1.5631940186722204e-13,True
exhale,80,5.8547443593158714,16.032453906900418,0,-1.2789769243681803e-13,True
exhale,80,5.8531886277161673,16.218100973589298,0,-1.1368683772161603e-13,True
exhale,80,5.8516422621086726,16.405897731995388,0,-5.6843418860808015e-14,True
exhale,80,5.850105263955065,16.595869074375614,0,-5.6843418860808015e-14,True
exhale,80,5.8485776346800442,16.788040181225607,0,0,True
exhale,80,5.8470593756732203,16.982436524617444,0,-4.2632564145606011e-14,True
exhale,80,5.8455504882910132,17.179083871575877,0,-1.4210854715202004e-14,True
exhale,80,5.8440509738585247,17.378008287493763,0,-1.4210854715202004e-14,True
exhale,80,5.8425608336713992,17.579236139586932,0,0,True
exhale,80,5.8410800689977087,17.782794100389228,0,-1.4210854715202004e-14,True
exhale,80,5.8396086761252102,17.988709151287875,0,-2.8421709430404007e-14,True
exhale,80,5.8381466315345083,18.197008586099845,0,-1.4210854715202004e-14,True
exhale,80,5.8366939068251202,18.407720014689563,0,-1.4210854715202004e-14,True
exhale,80,5.8352504736790429,18.620871366628677,0,-7.1054273576010019e-13,True
exhale,80,5.8338163038612194,18.836490894898002,0,0,True
exhale,80,5.8323913692192138,19.054607179632484,0,0,True
exhale,80,5.8309756416839162,19.275249131909366,0,1.4210854715202004e-14,True
exhale,80,5.8295690932694813,19.498445997580454,0,1.4210854715202004e-14,True
exhale,80,5.828171696073551,19.724227361148536,0,-1.4210854715202004e-14,True
exhale,80,5.8267834222774262,19.952623149688808,0,-1.4210854715202004e-14,True
exhale,80,5.8254042441462364,20.183663636815616,0,-5.6843418860808015e-14,True
exhale,80,5.8240341340291089,20.417379446695296,0,1.4210854715202004e-14,True
exhale,80,5.8226730643592965,20.65380155810529,0,-2.8421709430404007e-14,True
exhale,80,5.8213210076543689,20.892961308540386,0,1.4210854715202004e-14,True
exhale,80,5.8199779365163247,21.134890398366476,0,1.4210854715202004e-14,True
exhale,80,5.8186438236317413,21.379620895022324,0,2.8421709430404007e-14,True
exhale,80,5.8173186417719123,21.627185237270201,0,7.1054273576010019e-14,True
exhale,80,5.8160023637929656,21.87761623949552,0,2.8421709430404007e-14,True
exhale,80,5.8146949626360023,22.130947096056389,0,2.8421709430404007e-14,True
exhale,80,5.8133964113272034,22.387211385683401,0,4.2632564145606011e-14,True
exhale,80,5.8121066829779435,22.646443075930595,0,1.1368683772161603e-13,True
exhale,80,5.8108257507848968,22.908676527677724,0,1.1368683772161603e-13,True
exhale,80,5.8095535880301563,23.173946499684796,0,8.5265128291212022e-14,True
exhale,80,5.8082901680813181,23.442288153199225,0,9.9475983006414026e-14,True
exhale,80,5.8070354643915802,23.713737056616552,0,9.9475983006414026e-14,True
exhale,80,5.8057894504998329,23.9883291901949,0,9.9475983006414026e-14,True
exhale,80,5.8045521000307465,24.266100950824168,0,1.2789769243681803e-13,False
exhale,80,5.8033233866948457,24.547089156850312,0,1.5631940186722204e-13,False
exhale,80,5.8021032842885925,24.831331052955704,0,1.2789769243681803e-13,False
exhale,80,5.8008917666944679,25.118864315095795,0,1.7053025658242404e-13,False
exhale,80,5.7996888078810187,25.409727055493065,0,2.2737367544323206e-13,False
exhale,80,5.7984943819029313,25.703957827688647,0,1.9895196601282805e-13,False
exhale,80,5.7973084629011131,26.001595631652723,0,1.9895196601282805e-13,False
exhale,80,5.7961310251026843,26.302679918953814,0,-2.2737367544323206e-13,False
exhale,80,5.7949620428211883,26.607250597988113,0,-2.4158453015843406e-13,False
exhale,80,5.7938014904564259,26.915348039269166,0,-2.2737367544323206e-13,False
exhale,80,5.7926493424946459,27.227013080779127,0,-2.1316282072803006e-13,False
exhale,80,5.7915055731767522,27.542287033381662,0,-2.2737367544323206e-13,False
exhale,80,5.7903701492066126,27.861211686297693,0,-1.8474111129762605e-13,False
exhale,80,5.7892430297834929,28.183829312644551,0,-2.2737367544323206e-13,False
exhale,80,5.7881241739145981,28.510182675039097,0,-1.9895196601282805e-13,False
exhale,80,5.7870135407461518,28.840315031266059,0,-2.1316282072803006e-13,False
exhale,80,5.785911089562453,29.174270140011661,0,-1.8474111129762605e-13,False
exhale,80,5.7848167797849044,29.512092266663871,0,-1.9895196601282805e-13,False
exhale,80,5.78373057097106,29.853826189179603,0,-1.7053025658242404e-13,False
exhale,80,5.7826524228136682,30.199517204020161,0,-1.7053025658242404e-13,False
exhale,80,5.7815822951397351,30.549211132155122,0,-1.2789769243681803e-13,False
exhale,80,5.7805201479095691,30.902954325135919,0,-1.5631940186722204e-13,False
exhale,80,5.7794659412158582,31.260793671239558,0,-1.2789769243681803e-13,False
exhale,80,5.7784196352827317,31.622776601683793,0,-9.9475983006414026e-14,False
exhale,80,5.777381190464828,31.988951096913972,0,-1.1368683772161603e-13,False
exhale,80,5.776350567246384,32.359365692962847,0,-9.9475983006414026e-14,False
exhale,80,5.7753277262403087,32.734069487883829,0,-8.5265128291212022e-14,False
exhale,80,5.7743126281872694,33.113112148259113,0,-8.5265128291212022e-14,False
exhale,80,5.7733052339547903,33.496543915782759,0,-2.8421709430404007e-14,False
exhale,80,5.7723055045363409,33.884415613920275,0,-5.6843418860808015e-14,False
exhale,80,5.7713134010504517,34.276778654645049,0,-4.2632564145606011e-14,False
exhale,80,5.7703288847398015,34.673685045253166,0,-1.4210854715202004e-14,False
exhale,80,5.7693519169703382,35.075187395256798,0,0,False
exhale,80,5.7683824592303949,35.481338923357569,0,-4.2632564145606011e-14,False
exhale,80,5.7674204731298078,35.892193464500536,0,-2.8421709430404007e-14,False
exhale,80,5.7664659203990389,36.307805477010142,0,1.4210854715202004e-14,False
exhale,80,5.7655187628883038,36.72823004980846,0,-1.4210854715202004e-14,False
exhale,80,5.7645789625667136,37.153522909717239,0,0,False
exhale,80,5.7636464815213984,37.583740428844429,0,-1.4210854715202004e-14,False
exhale,80,5.7627212819566678,38.018939632056124,0,0,False
exhale,80,5.7618033261931441,38.459178204535355,0,0,False
exhale,80,5.7608925766669126,38.904514499428046,0,-2.8421709430404007e-14,False
exhale,80,5.7599889959286941,39.355007545577763,0,-2.8421709430404007e-14,False
exhale,80,5.7590925466429859,39.810717055349734,0,1.4210854715202004e-14,False
exhale,80,5.7582031915871452,40.271703432545905,0,-1.2221335055073723e-12,False
exhale,80,5.7573208936510065,40.738027780411258,0,-1.4210854715202004e-14,False
exhale,80,5.7564456158351582,41.209751909733043,0,1.4210854715202004e-14,False
exhale,80,5.7555773212510148,41.686938347033553,0,-5.6843418860808015e-14,False
exhale,80,5.754715973119561,42.169650342858226,0,0,False
exhale,80,5.7538615339640984,42.657951880159253,0,0,False
exhale,80,5.7530139631967536,43.151907682776546,0,-1.4210854715202004e-14,False
exhale,80,5.7521732195488644,43.651583224016612,0,-1.4210854715202004e-14,False
exhale,80,5.7513392618779857,44.157044735331255,0,2.8421709430404007e-14,False
exhale,80,5.7505120491666606,44.668359215096302,0,0,False
exhale,80,5.7496915405212263,45.185594437492263,0,-1.4210854715202004e-14,False
exhale,80,5.7488776951705995,45.708818961487516,0,1.4210854715202004e-14,False
exhale,80,5.7480704724651002,46.238102139926035,0,1.4210854715202004e-14,False
exhale,80,5.7472698318752524,46.77351412871981,0,0,False
exhale,80,5.7464757329906373,47.315125896148075,0,0,False
exhale,80,5.7456881355187104,47.863009232263849,0,0,False
exhale,80,5.7449069992836588,48.417236758409942,0,4.2632564145606011e-14,False
exhale,80,5.7441322842252545,48.977881936844611,0,4.2632564145606011e-14,False
exhale,80,5.7433639503977165,49.545019080479001,0,1.4210854715202004e-14,False
exhale,80,5.7426019579685947,50.118723362727252,0,2.8421709430404007e-14,False
exhale,80,5.741846267217646,50.699070827470443,0,2.8421709430404007e-14,False
exhale,80,5.7410968385357197,51.286138399136483,0,0,False
exhale,80,5.7403536324236795,51.880003892896092,0,4.2632564145606011e-14,False
exhale,80,5.7396166094912804,52.480746024977286,0,1.4210854715202004e-14,False
exhale,80,5.7388857304561167,53.088444423098849,0,2.8421709430404007e-14,False
exhale,80,5.7381609561425337,53.703179637025272,0,5.6843418860808015e-14,False
exhale,80,5.7374422474805646,54.325033149243303,0,7.1054273576010019e-14,False
exhale,80,5.7367295655048727,54.954087385762485,0,4.2632564145606011e-14,False
exhale,80,5.7360228713537094,55.590425727040369,0,8.5265128291212022e-14,False
exhale,80,5.7353221262678575,56.234132519034908,0,7.1054273576010019e-14,False
exhale,80,5.7346272915896224,56.885293084384131,0,7.1054273576010019e-14,False
exhale,80,5.7339383287617949,57.543993733715723,0,5.6843418860808015e-14,False
exhale,80,5.733255199326627,58.210321777087159,0,9.9475983006414026e-14,False
exhale,80,5.7325778649248402,58.884365535558899,0,9.9475983006414026e-14,False
exhale,80,5.7319062872946205,59.566214352901035,0,1.2789769243681803e-13,False
exhale,80,5.7312404282706186,60.255958607435808,0,1.1368683772161603e-13,False
exhale,80,5.7305802497829799,60.95368972401694,0,1.1368683772161603e-13,False
exhale,80,5.7299257138563497,61.659500186148222,0,1.2789769243681803e-13,False
exhale,80,5.7292767826089204,62.373483548241914,0,9.9475983006414026e-14,False
exhale,80,5.7286334182514658,63.095734448019364,0,1.4210854715202004e-13,False
exhale,80,5.7279955830863774,63.82634861905489,0,1.5631940186722204e-13,False
exhale,80,5.7273632395067304,64.56542290346556,0,1.5631940186722204e-13,False
exhale,80,5.7267363499953463,65.313055264747234,0,1.5631940186722204e-13,False
exhale,80,5.7261148771238481,66.06934480075958,0,1.2789769243681803e-13,False
exhale,80,5.7254987835517488,66.834391756861493,0,1.5631940186722204e-13,False
exhale,80,5.7248880320255289,67.60829753919819,0,1.9895196601282805e-13,False
exhale,80,5.7242825853777246,68.391164728142925,0,1.5631940186722204e-13,False
exhale,80,5.7236824065260414,69.183097091893629,0,1.9895196601282805e-13,False
exhale,80,5.7230874584724294,69.984199600227385,0,2.2737367544323206e-13,False
exhale,80,5.7224977043022189,70.794578438413808,0,1.8474111129762605e-13,False
exhale,80,5.7219131071832408,71.614341021290201,0,2.1316282072803006e-13,False
exhale,80,5.7213336303649358,72.443596007498982,0,2.2737367544323206e-13,False
exhale,80,5.7207592371774938,73.282453313890443,0,2.4158453015843406e-13,False
exhale,80,5.720189891030965,74.131024130091774,0,-2.8421709430404007e-13,False
exhale,80,5.7196255554145425,74.989420933245583,0,-2.7000623958883807e-13,False
exhale,80,5.7190661938955021,75.857757502918361,0,-2.7000623958883807e-13,False
exhale,80,5.7185117701185,76.736148936181934,0,-2.7000623958883807e-13,False
exhale,80,5.7179622478047198,77.624711662869203,0,-2.5579538487363607e-13,False
exhale,80,5.7174175907510252,78.523563461007186,0,-2.5579538487363607e-13,False
exhale,80,5.7168777628291521,79.43282347242814,0,-2.4158453015843406e-13,False
exhale,80,5.7163427279848955,80.352612218561774,0,-2.4158453015843406e-13,False
exhale,80,5.7158124502372916,81.283051616409949,0,-2.2737367544323206e-13,False
exhale,80,5.7152868936778294,82.224264994707127,0,-2.5579538487363607e-13,False
exhale,80,5.7147660224696537,83.176377110267083,0,-2.2737367544323206e-13,False
exhale,80,5.7142498008467637,84.139514164519554,0,-2.4158453015843406e-13,False
exhale,80,5.7137381931132554,85.113803820237678,0,-2.1316282072803006e-13,False
exhale,80,5.7132311636425195,86.099375218460082,0,-2.4158453015843406e-13,False
exhale,80,5.7127286768764911,87.096358995608057,0,-1.9895196601282805e-13,False
exhale,80,5.7122306973248786,88.10488730080138,0,-2.2737367544323206e-13,False
exhale,80,5.7117371895644116,89.12509381337459,0,-2.1316282072803006e-13,False
exhale,80,5.7112481182380819,90.157113760595706,0,-1.9895196601282805e-13,False
exhale,80,5.7107634480544069,91.201083935590972,0,-2.1316282072803006e-13,False
exhale,80,5.710283143786679,92.257142715476292,0,-2.2737367544323206e-13,False
exhale,80,5.709807170272251,93.325430079699146,0,-2.2737367544323206e-13,False
exhale,80,5.7093354924117961,94.40608762859236,0,-1.7053025658242404e-13,False
exhale,80,5.708868075168577,95.499258602143584,0,-1.8474111129762605e-13,False
exhale,80,5.7084048835677583,96.60508789898131,0,-1.9895196601282805e-13,False
exhale,80,5.7079458826956753,97.72372209558111,0,-1.7053025658242404e-13,False
exhale,80,5.707491037699131,98.855309465693907,0,-1.8474111129762605e-13,False
exhale,80,5.7070403137847121,100,0,-1.8474111129762605e-13,False
exhale,90,7.1235391672309341,0.10000000000000001,0,1.4210854715202004e-14,False
exhale,90,7.123043781376416,0.10115794542598985,0,4.2632564145606011e-14,False
exhale,90,7.1225436123078012,0.10232929922807542,0,0,False
exhale,90,7.122038595580376,0.10351421666793438,0,2.8421709430404007e-14,False
exhale,90,7.1215286667640818,0.10471285480508996,0,0,False
exhale,90,7.1210137614438773,0.10592537251772889,0,0,False
exhale,90,7.1204938152200006,0.10715193052376065,0,0,False
exhale,90,7.1199687637083331,0.10839269140212036,0,0,False
exhale,90,7.1194385425407054,0.10964781961431851,0,0,False
exhale,90,7.1189030873652346,0.11091748152624012,0,2.8421709430404007e-14,False
exhale,90,7.1183623338466724,0.11220184543019636,0,2.8421709430404007e-14,False
exhale,90,7.1178162176666664,0.11350108156723152,0,-8.6686213762732223e-13,False
exhale,90,7.1172646745245558,0.11481536214968829,0,-2.8421709430404007e-14,False
exhale,90,7.1167076401368448,0.11614486138403426,0,1.4210854715202004e-14,False
exhale,90,7.1161450502384618,0.11748975549395298,0,1.4210854715202004e-14,False
exhale,90,7.1155768405826967,0.11885022274370183,0,-2.8421709430404007e-14,False
exhale,90,7.1150029469416669,0.12022644346174129,0,2.8421709430404007e-14,False
exhale,90,7.1144233051067047,0.12161860006463679,0,-1.4210854715202004e-14,False
exhale,90,7.1138378508887712,0.12302687708123815,0,-1.4210854715202004e-14,False
exhale,90,7.1132465201188397,0.1244514611771385,0,1.4210854715202004e-14,False
exhale,90,7.1126492486483102,0.12589254117941673,0,1.4210854715202004e-14,False
exhale,90,7.1120459723494438,0.12735030810166617,0,2.8421709430404007e-14,False
exhale,90,7.1114366271157623,0.12882495516931339,0,-1.4210854715202004e-14,False
exhale,90,7.110821148862513,0.13031667784522993,0,1.4210854715202004e-14,False
exhale,90,7.1101994735270599,0.1318256738556407,0,1.4210854715202004e-14,False
exhale,90,7.1095715370693773,0.1333521432163324,0,-2.8421709430404007e-14,False
exhale,90,7.1089372754724725,0.13489628825916536,0,-2.8421709430404007e-14,False
exhale,90,7.1082966247428594,0.13645831365889247,0,-2.8421709430404007e-14,False
exhale,90,7.1076495209110098,0.13803842646028849,0,1.4210854715202004e-14,False
exhale,90,7.1069959000318308,0.13963683610559377,0,-4.2632564145606011e-14,False
exhale,90,7.1063356981851733,0.14125375446227545,0,0,False
exhale,90,7.1056688514762696,0.1428893958511103,0,0,False
exhale,90,7.1049952960362646,0.14454397707459277,0,1.4210854715202004e-14,False
exhale,90,7.1043149680227016,0.14621771744567183,0,1.4210854715202004e-14,False
exhale,90,7.1036278036200304,0.14791083881682077,0,1.4210854715202004e-14,False
exhale,90,7.1029337390401377,0.14962356560944334,0,0,False
exhale,90,7.1022327105228413,0.15135612484362079,0,-1.4210854715202004e-14,False
exhale,90,7.1015246543364441,0.15310874616820302,0,-1.4210854715202004e-14,False
exhale,90,7.1008095067782548,0.15488166189124811,0,-1.4210854715202004e-14,False
exhale,90,7.1000872041751402,0.15667510701081494,0,0,False
exhale,90,7.0993576828840679,0.15848931924611134,0,2.8421709430404007e-14,False
exhale,90,7.0986208792926657,0.16032453906900418,0,4.2632564145606011e-14,False
exhale,90,7.0978767298197871,0.16218100973589297,0,0,False
exhale,90,7.0971251709160894,0.16405897731995392,0,-1.4210854715202004e-14,False
exhale,90,7.0963661390645933,0.16595869074375605,0,1.4210854715202004e-14,False
exhale,90,7.0955995707812836,0.16788040181225602,0,-1.4210854715202004e-14,False
exhale,90,7.0948254026157009,0.16982436524617442,0,1.4210854715202004e-14,False
exhale,90,7.0940435711515306,0.17179083871575881,0,2.8421709430404007e-14,False
exhale,90,7.093254013007221,0.17378008287493754,0,2.8421709430404007e-14,False
exhale,90,7.0924566648365861,0.17579236139586926,0,1.4210854715202004e-14,False
exhale,90,7.0916514633294403,0.17782794100389229,0,4.2632564145606011e-14,False
exhale,90,7.0908383452122106,0.17988709151287879,0,5.6843418860808015e-14,False
exhale,90,7.0900172472485874,0.18197008586099836,0,7.1054273576010019e-14,False
exhale,90,7.0891881062401492,0.18407720014689558,0,7.1054273576010019e-14,False
exhale,90,7.0883508590270239,0.18620871366628675,0,7.1054273576010019e-14,False
exhale,90,7.0875054424885509,0.18836490894898006,0,1.1368683772161603e-13,False
exhale,90,7.0866517935439219,0.19054607179632474,0,7.1054273576010019e-14,False
exhale,90,7.0857898491528806,0.19275249131909361,0,5.6843418860808015e-14,False
exhale,90,7.0849195463163799,0.19498445997580455,0,7.1054273576010019e-14,False
exhale,90,7.0840408220772737,0.19724227361148533,0,9.9475983006414026e-14,False
exhale,90,7.0831536135210111,0.19952623149688797,0,1.2789769243681803e-13,False
exhale,90,7.0822578577763338,0.20183663636815607,0,9.9475983006414026e-14,False
exhale,90,7.0813534920159746,0.20417379446695297,0,1.1368683772161603e-13,False
exhale,90,7.0804404534574017,0.20653801558105292,0,1.2789769243681803e-13,False
exhale,90,7.0795186793634999,0.20892961308540398,0,1.5631940186722204e-13,False
exhale,90,7.0785881070433279,0.21134890398366465,0,1.2789769243681803e-13,False
exhale,90,7.0776486738528472,0.21379620895022325,0,1.5631940186722204e-13,False
exhale,90,7.0767003171956517,0.21627185237270202,0,1.9895196601282805e-13,False
exhale,90,7.0757429745237372,0.21877616239495529,0,1.7053025658242404e-13,False
exhale,90,7.0747765833382594,0.22130947096056375,0,1.9895196601282805e-13,False
exhale,90,7.0738010811902789,0.223872113856834,0,2.2737367544323206e-13,False
exhale,90,7.0728164056815501,0.22646443075930595,0,2.1316282072803006e-13,False
exhale,90,7.0718224944653088,0.22908676527677729,0,2.5579538487363607e-13,False
exhale,90,7.0708192852470262,0.23173946499684786,0,2.5579538487363607e-13,False
exhale,90,7.0698067157851998,0.2344228815319922,0,-2.2737367544323206e-13,False
exhale,90,7.068784723892314,0.23713737056616552,0,-2.4158453015843406e-13,False
exhale,90,7.0677532454773537,0.23988329190194904,0,-1.9895196601282805e-13,False
exhale,90,7.0667122086792524,0.24266100950824154,0,-2.1316282072803006e-13,False
exhale,90,7.0656615397535063,0.24547089156850305,0,-2.2737367544323206e-13,False
exhale,90,7.0646011650330962,0.24831331052955705,0,-2.4158453015843406e-13,False
exhale,90,7.0635310109298377,0.25118864315095801,0,-2.1316282072803006e-13,False
exhale,90,7.0624510039357373,0.25409727055493053,0,-2.1316282072803006e-13,False
exhale,90,7.0613610706243497,0.25703957827688639,0,-1.8474111129762605e-13,False
exhale,90,7.0602611376521587,0.26001595631652719,0,-2.1316282072803006e-13,False
exhale,90,7.0591511317599851,0.26302679918953814,0,-1.9895196601282805e-13,False
exhale,90,7.0580309797743839,0.26607250597988097,0,-1.7053025658242404e-13,False
exhale,90,7.0569006086090837,0.26915348039269155,0,-1.5631940186722204e-13,False
exhale,90,7.0557599452664217,0.27227013080779128,0,-1.5631940186722204e-13,False
exhale,90,7.0546089168388022,0.27542287033381663,0,-1.7053025658242404e-13,False
exhale,90,7.0534474505101725,0.2786121168629771,0,-1.8474111129762605e-13,False
exhale,90,7.0522754735575246,0.28183829312644537,0,-1.4210854715202004e-13,False
exhale,90,7.0510929133523641,0.28510182675039097,0,-1.7053025658242404e-13,False
exhale,90,7.0498996973622754,0.28840315031266056,0,-1.2789769243681803e-13,False
exhale,90,7.0486957531524128,0.29174270140011677,0,-1.1368683772161603e-13,False
exhale,90,7.0474810083870905,0.29512092266663853,0,-1.1368683772161603e-13,False
exhale,90,7.0462553908313152,0.298538261891796,0,-9.9475983006414026e-14,False
exhale,90,7.0450188283523971,0.3019951720402016,0,-7.1054273576010019e-14,False
exhale,90,7.0437712489215221,0.3054921113215513,0,-5.6843418860808015e-14,False
exhale,90,7.0425125806153686,0.30902954325135906,0,-8.5265128291212022e-14,False
exhale,90,7.0412427516177614,0.31260793671239551,0,-5.6843418860808015e-14,False
exhale,90,7.0399616902212783,0.31622776601683794,0,-2.8421709430404007e-14,False
exhale,90,7.0386693248289216,0.31988951096913981,0,-4.2632564145606011e-14,False
exhale,90,7.0373655839558023,0.32359365692962827,0,-1.4210854715202004e-14,False
exhale,90,7.0360503962308183,0.32734069487883821,0,-4.2632564145606011e-14,False
exhale,90,7.0347236903983639,0.33113112148259111,0,-2.8421709430404007e-14,False
exhale,90,7.033385395320054,0.33496543915782767,0,1.4210854715202004e-14,False
exhale,90,7.0320354399764335,0.33884415613920255,0,-2.8421709430404007e-14,False
exhale,90,7.0306737534687773,0.3427677865464504,0,-1.4210854715202004e-14,False
exhale,90,7.0293002650208045,0.34673685045253166,0,-1.4210854715202004e-14,False
exhale,90,7.027914903980494,0.35075187395256802,0,0,False
exhale,90,7.026517599821867,0.35481338923357547,0,-1.4210854715202004e-14,False
exhale,90,7.0251082821468094,0.35892193464500527,0,-1.4210854715202004e-14,False
exhale,90,7.0236868806868928,0.36307805477010141,0,2.8421709430404007e-14,False
exhale,90,7.0222533254064494,0.36728230049808469,0,-1.4210854715202004e-14,False
exhale,90,7.020807548735557,0.37153522909717257,0,-2.8421709430404007e-14,False
exhale,90,7.0193494855877478,0.3758374042884442,0,-1.4210854715202004e-14,False
exhale,90,7.0178790711416728,0.38018939632056115,0,-2.8421709430404007e-14,False
exhale,90,7.0163962407424467,0.38459178204535355,0,2.8421709430404007e-14,False
exhale,90,7.014900929904087,0.38904514499428056,0,2.8421709430404007e-14,False
exhale,90,7.0133930743120274,0.39355007545577742,0,0,False
exhale,90,7.0118726098256303,0.3981071705534972,0,0,False
exhale,90,7.0103394724806609,0.40271703432545908,0,0,False
exhale,90,7.0087935984918941,0.40738027780411273,0,0,False
exhale,90,7.0072349242556404,0.41209751909733022,0,-2.8421709430404007e-14,False
exhale,90,7.005663386352345,0.41686938347033542,0,-1.4210854715202004e-14,False
exhale,90,7.0040789215491914,0.42169650342858223,0,1.4210854715202004e-14,False
exhale,90,7.0024814668027178,0.42657951880159267,0,1.4210854715202004e-14,False
exhale,90,7.0008709592614666,0.43151907682776525,0,2.8421709430404007e-14,False
exhale,90,6.999247336268664,0.43651583224016599,0,4.2632564145606011e-14,False
exhale,90,6.9976105353648546,0.44157044735331252,0,7.1054273576010019e-14,False
exhale,90,6.9959604942906521,0.44668359215096315,0,8.5265128291212022e-14,False
exhale,90,6.9942971509894338,0.45185594437492238,0,5.6843418860808015e-14,False
exhale,90,6.992620443610094,0.45708818961487507,0,7.1054273576010019e-14,False
exhale,90,6.9909303105097909,0.46238102139926035,0,7.1054273576010019e-14,False
exhale,90,6.9892266902567242,0.46773514128719823,0,8.5265128291212022e-14,False
exhale,90,6.9875095216329388,0.47315125896148053,0,1.5631940186722204e-13,False
exhale,90,6.9857787436371339,0.47863009232263842,0,1.4210854715202004e-13,False
exhale,90,6.9840342954875059,0.48417236758409943,0,1.7053025658242404e-13,False
exhale,90,6.9822761166245835,0.48977881936844625,0,1.9895196601282805e-13,False
exhale,90,6.9805041467141145,0.4954501908047903,0,2.2737367544323206e-13,False
exhale,90,6.978718325649945,0.50118723362727235,0,1.9895196601282805e-13,False
exhale,90,6.9769185935568867,0.50699070827470427,0,-2.4158453015843406e-13,False
exhale,90,6.9751048907938218,0.51286138399136483,0,-2.5579538487363607e-13,False
exhale,90,6.9732771579563817,0.51880003892896109,0,-1.8474111129762605e-13,False
exhale,90,6.9714353358800532,0.52480746024977254,0,-2.5579538487363607e-13,False
exhale,90,6.9695793656431784,0.53088444423098835,0,-1.9895196601282805e-13,False
exhale,90,6.9677091885698843,0.53703179637025267,0,-1.5631940186722204e-13,False
exhale,90,6.9658247462331317,0.54325033149243318,0,-2.1316282072803006e-13,False
exhale,90,6.9639259804577556,0.54954087385762451,0,-1.9895196601282805e-13,False
exhale,90,6.9620128333234881,0.5559042572704036,0,-1.7053025658242404e-13,False
exhale,90,6.960085247168033,0.56234132519034907,0,-1.2789769243681803e-13,False
exhale,90,6.9581431687912412,0.56885293084384148,0,-1.1368683772161603e-13,False
exhale,90,6.9561865620709291,0.57543993733715693,0,-8.5265128291212022e-14,False
exhale,90,6.9542153953793839,0.58210321777087148,0,-9.9475983006414026e-14,False
exhale,90,6.9522296373880694,0.58884365535558902,0,-8.5265128291212022e-14,False
exhale,90,6.9502292570710704,0.59566214352901048,0,-2.8421709430404007e-14,False
exhale,90,6.9482142237085203,0.60255958607435778,0,-2.8421709430404007e-14,False
exhale,90,6.9461845068901056,0.60953689724016924,0,-2.8421709430404007e-14,False
exhale,90,6.9441400765184991,0.61659500186148219,0,-1.4210854715202004e-14,False
exhale,90,6.9420809028128572,0.62373483548241926,0,-1.4210854715202004e-14,False
exhale,90,6.9400069563122946,0.63095734448019336,0,0,False
exhale,90,6.9379182078793997,0.63826348619054873,0,0,False
exhale,90,6.9358146287037066,0.64565422903465564,0,-1.4210854715202004e-14,False
exhale,90,6.9336961903052341,0.65313055264747244,0,-1.4210854715202004e-14,False
exhale,90,6.9315628645380327,0.66069344800759611,0,5.2580162446247414e-13,False
exhale,90,6.9294146235934475,0.66834391756861466,0,0,False
exhale,90,6.9272514400041834,0.67608297539198192,0,-1.4210854715202004e-14,False
exhale,90,6.9250732866473124,0.68391164728142928,0,0,False
exhale,90,6.9228801367480548,0.69183097091893642,0,-1.4210854715202004e-14,False
exhale,90,6.9206719638833034,0.69984199600227348,0,2.8421709430404007e-14,False
exhale,90,6.9184487419851459,0.70794578438413791,0,0,False
exhale,90,6.9162104453444462,0.71614341021290195,0,1.4210854715202004e-14,False
exhale,90,6.91395704861438,0.72443596007499,0,1.4210854715202004e-14,False
exhale,90,6.9116885268140154,0.73282453313890406,0,4.2632564145606011e-14,False
exhale,90,6.9094048553318617,0.74131024130091749,0,1.4210854715202004e-14,False
exhale,90,6.9071060099294597,0.74989420933245587,0,5.6843418860808015e-14,False
exhale,90,6.9047919667449333,0.75857757502918377,0,4.2632564145606011e-14,False
exhale,90,6.9024627022965905,0.76736148936181892,0,7.1054273576010019e-14,False
exhale,90,6.9001181934864597,0.77624711662869172,0,7.1054273576010019e-14,False
exhale,90,6.8977584176039173,0.78523563461007184,0,9.9475983006414026e-14,False
exhale,90,6.8953833523292341,0.79432823472428149,0,9.9475983006414026e-14,False
exhale,90,6.8929929757371555,0.80352612218561725,0,1.4210854715202004e-13,False
exhale,90,6.8905872663005141,0.81283051616409929,0,1.7053025658242404e-13,False
exhale,90,6.8881662028937694,0.82224264994707119,0,1.9895196601282805e-13,False
exhale,90,6.8857297647965705,0.83176377110267108,0,-2.4158453015843406e-13,False
exhale,90,6.8832779316975206,0.84139514164519513,0,-2.2737367544323206e-13,False
exhale,90,6.8808106836974678,0.85113803820237655,0,-1.5631940186722204e-13,False
exhale,90,6.8783280013132666,0.86099375218460072,0,-2.1316282072803006e-13,False
exhale,90,6.8758298665854047,0.87096358995608081,0,-2.1316282072803006e-13,False
exhale,90,6.8733162873685583,0.88104887300801427,0,-1.9895196601282805e-13,False
exhale,90,6.8707872973227264,0.89125093813374567,0,-1.8474111129762605e-13,False
exhale,90,6.8682429316208999,0.90157113760595708,0,-1.4210854715202004e-13,False
exhale,90,6.8656832258472908,0.91201083935590965,0,-1.1368683772161603e-13,False
exhale,90,6.8631082159997412,0.92257142715476315,0,-8.5265128291212022e-14,False
exhale,90,6.8605179384920998,0.93325430079699101,0,-8.5265128291212022e-14,False
exhale,90,6.8579124301565644,0.94406087628592328,0,-4.2632564145606011e-14,False
exhale,90,6.8552917282459687,0.95499258602143589,0,-2.8421709430404007e-14,False
exhale,90,6.8526558704360756,0.96605087898981334,0,-4.2632564145606011e-14,False
exhale,90,6.8500048948278085,0.97723722095581067,0,-1.4210854715202004e-14,False
exhale,90,6.847338839949427,0.98855309465693886,0,2.8421709430404007e-14,False
exhale,90,6.8446577447587318,1,0,-2.8421709430404007e-14,False
exhale,90,6.8419616486451806,1.0115794542598988,0,-4.2632564145606011e-14,False
exhale,90,6.8392505914319663,1.0232929922807541,0,1.4210854715202004e-14,False
exhale,90,6.836524613378077,1.0351421666793441,0,-1.4210854715202004e-14,False
exhale,90,6.8337837551803435,1.0471285480508996,0,1.4210854715202004e-14,False
exhale,90,6.8310280579753719,1.0592537251772887,0,0,False
exhale,90,6.8282575633415394,1.0715193052376064,0,0,False
exhale,90,6.8254723133008444,1.0839269140212033,0,-5.6843418860808015e-14,False
exhale,90,6.822672350320822,1.0964781961431851,0,0,False
exhale,90,6.8198577173163111,1.1091748152624008,0,1.4210854715202004e-14,False
exhale,90,6.8170284576512925,1.1220184543019636,0,2.8421709430404007e-14,False
exhale,90,6.8141846151405936,1.1350108156723149,0,7.1054273576010019e-14,False
exhale,90,6.8113262340516076,1.1481536214968828,0,5.6843418860808015e-14,False
exhale,90,6.8084533591059486,1.1614486138403426,0,1.2789769243681803e-13,False
exhale,90,6.8055660354810561,1.1748975549395297,0,1.2789769243681803e-13,False
exhale,90,6.8026643088117904,1.1885022274370183,0,1.1368683772161603e-13,False
exhale,90,6.7997482251919621,1.2022644346174132,0,1.8474111129762605e-13,False
exhale,90,6.7968178311757796,1.2161860006463678,0,2.2737367544323206e-13,False
exhale,90,6.7938731737792963,1.2302687708123818,0,-1.9895196601282805e-13,False
exhale,90,6.7909143004819637,1.244514611771385,0,-2.1316282072803006e-13,False
exhale,90,6.7879412592277228,1.2589254117941675,0,-1.9895196601282805e-13,False
exhale,90,6.7849540984264758,1.2735030810166617,0,-1.9895196601282805e-13,False
exhale,90,6.7819528669553186,1.2882495516931343,0,-1.4210854715202004e-13,False
exhale,90,6.7789376141597488,1.3031667784522993,0,-1.2789769243681803e-13,False
exhale,90,6.7759083898548242,1.3182567385564075,0,-1.1368683772161603e-13,False
exhale,90,6.7728652443262956,1.333521432163324,0,-8.5265128291212022e-14,False
exhale,90,6.7698082406195246,1.348962882591654,0,-4.2632564145606011e-14,False
exhale,90,6.7667374913508267,1.3645831365889245,0,-2.8421709430404007e-14,False
exhale,90,6.7636531217503508,1.3803842646028852,0,-1.4210854715202004e-14,False
exhale,90,6.7605552573586438,1.3963683610559376,0,-2.8421709430404007e-14,False
exhale,90,6.7574440240241636,1.4125375446227548,0,1.4210854715202004e-14,False
exhale,90,6.7543195479007165,1.4288939585111029,0,0,False
exhale,90,6.7511819554448458,1.4454397707459272,0,1.4210854715202004e-14,False
exhale,90,6.7480313734131316,1.4621771744567182,0,2.8421709430404007e-14,False
exhale,90,6.7448679288594429,1.4791083881682072,0,-1.4210854715202004e-14,False
exhale,90,6.7416917491321371,1.4962356560944337,0,0,False
exhale,90,6.7385029618711698,1.513561248436208,0,0,False
exhale,90,6.735301695005151,1.5310874616820302,0,4.2632564145606011e-14,False
exhale,90,6.73208807674835,1.5488166189124812,0,5.6843418860808015e-14,False
exhale,90,6.728862235597628,1.5667510701081493,0,4.2632564145606011e-14,False
exhale,90,6.7256243003293088,1.5848931924611134,0,4.2632564145606011e-14,False
exhale,90,6.7223743999959851,1.6032453906900417,0,1.4210854715202004e-14,False
exhale,90,6.7191126639232825,1.6218100973589298,0,7.1054273576010019e-14,False
exhale,90,6.7158392217065055,1.6405897731995396,0,7.1054273576010019e-14,False
exhale,90,6.712554203207314,1.6595869074375604,0,1.5631940186722204e-13,False
exhale,90,6.7092577385502432,1.6788040181225607,0,1.7053025658242404e-13,False
exhale,90,6.7059499581192341,1.6982436524617444,0,1.9895196601282805e-13,False
exhale,90,6.7026309925540213,1.7179083871575884,0,-2.1316282072803006e-13,False
exhale,90,6.6993009727466948,1.7378008287493754,0,-1.9895196601282805e-13,False
exhale,90,6.6959600298377575,1.7579236139586931,0,-1.8474111129762605e-13,False
exhale,90,6.6926082952125734,1.7782794100389228,0,-1.4210854715202004e-13,False
exhale,90,6.6892459004975162,1.7988709151287883,0,-1.1368683772161603e-13,False
exhale,90,6.6858729775561212,1.8197008586099834,0,-1.4210854715202004e-13,False
exhale,90,6.6824896584852,1.8407720014689564,0,-4.2632564145606011e-14,False
exhale,90,6.6790960756108264,1.8620871366628675,0,-2.8421709430404007e-14,False
exhale,90,6.6756923614843489,1.883649089489801,0,-2.8421709430404007e-14,False
exhale,90,6.6722786488783088,1.9054607179632472,0,-1.4210854715202004e-14,False
exhale,90,6.6688550707822847,1.9275249131909356,0,0,False
exhale,90,6.6654217603987131,1.9498445997580456,0,0,False
exhale,90,6.6619788511386444,1.9724227361148534,0,-1.4210854715202004e-14,False
exhale,90,6.6585264766174346,1.9952623149688797,0,-1.4210854715202004e-14,False
exhale,90,6.655064770650406,2.0183663636815607,0,-1.4210854715202004e-14,False
exhale,90,6.6515938672484207,2.0417379446695296,0,2.8421709430404007e-14,False
exhale,90,6.6481139020638889,2.0653801558105291,0,0,False
exhale,90,6.644625044248186,2.0892961308540396,0,2.8421709430404007e-14,False
exhale,90,6.6411274962409754,2.1134890398366464,0,2.8421709430404007e-14,False
exhale,90,6.6376214617649989,2.1379620895022327,0,2.8421709430404007e-14,False
exhale,90,6.6341071443655286,2.1627185237270199,0,7.1054273576010019e-14,False
exhale,90,6.6305847474020796,2.187761623949553,0,7.1054273576010019e-14,False
exhale,90,6.6270544740401425,2.2130947096056377,0,7.1054273576010019e-14,False
exhale,90,6.6235165272429573,2.2387211385683399,0,1.4210854715202004e-13,False
exhale,90,6.6199711097632683,2.2646443075930596,0,1.5631940186722204e-13,False
exhale,90,6.6164184241351309,2.2908676527677736,0,-1.9895196601282805e-13,False
exhale,90,6.6128586726658982,2.3173946499684783,0,-1.4210854715202004e-13,False
exhale,90,6.6092920574278482,2.3442288153199229,0,-1.8474111129762605e-13,False
exhale,90,6.6057187802502675,2.3713737056616551,0,-1.8474111129762605e-13,False
exhale,90,6.6021390427113307,2.3988329190194912,0,-9.9475983006414026e-14,False
exhale,90,6.5985530461300588,2.4266100950824154,0,-1.1368683772161603e-13,False
exhale,90,6.5949609915583682,2.454708915685031,0,-9.9475983006414026e-14,False
exhale,90,6.5913630797730711,2.4831331052955705,0,-4.2632564145606011e-14,False
exhale,90,6.5877595112679659,2.511886431509581,0,-5.6843418860808015e-14,False
exhale,90,6.5841504862459876,2.5409727055493052,0,-1.4210854715202004e-14,False
exhale,90,6.5805362046113069,2.5703957827688635,0,1.4210854715202004e-14,False
exhale,90,6.5769168659615973,2.6001595631652723,0,0,False
exhale,90,6.5732926695802378,2.6302679918953813,0,1.4210854715202004e-14,False
exhale,90,6.5696638144286172,2.6607250597988097,0,0,False
exhale,90,6.5660304991384715,2.6915348039269151,0,1.4210854715202004e-14,False
exhale,90,6.5623929220042481,2.7227013080779128,0,2.8421709430404007e-14,False
exhale,90,6.5587512809755584,2.7542287033381663,0,-1.4210854715202004e-14,False
exhale,90,6.5551057736496485,2.7861211686297707,0,1.4210854715202004e-14,False
exhale,90,6.5514565972639236,2.8183829312644537,0,2.8421709430404007e-14,False
exhale,90,6.5478039486885242,2.85101826750391,0,4.2632564145606011e-14,False
exhale,90,6.5441480244189769,2.8840315031266055,0,7.1054273576010019e-14,False
exhale,90,6.5404890205688693,2.9174270140011673,0,7.1054273576010019e-14,False
exhale,90,6.5368271328626086,2.9512092266663856,0,1.1368683772161603e-13,False
exhale,90,6.533162556628195,2.9853826189179604,0,1.7053025658242404e-13,False
exhale,90,6.5294954867900703,3.0199517204020161,0,-1.8474111129762605e-13,False
exhale,90,6.5258261178621613,3.0549211132155141,0,-1.8474111129762605e-13,False
exhale,90,6.5221546439406559,3.0902954325135905,0,-1.7053025658242404e-13,False
exhale,90,6.5184812586971681,3.126079367123956,0,-1.4210854715202004e-13,False
exhale,90,6.5148061553718035,3.1622776601683795,0,-8.5265128291212022e-14,False
exhale,90,6.5111295322916503,3.1988951096913989,0,-9.9475983006414026e-14,False
exhale,90,6.5074516093129571,3.2359365692962827,0,-7.1054273576010019e-14,False
exhale,90,6.5037726110161458,3.273406948788383,0,-2.8421709430404007e-14,False
exhale,90,6.5000927611418469,3.3113112148259112,0,-2.8421709430404007e-14,False
exhale,90,6.4964122825842061,3.3496543915782775,0,-1.4210854715202004e-14,False
exhale,90,6.4927313973842953,3.3884415613920256,0,1.4210854715202004e-14,False
exhale,90,6.4890503267238007,3.4276778654645046,0,-1.4210854715202004e-14,False
exhale,90,6.4853692909188494,3.4673685045253166,0,-1.4210854715202004e-14,False
exhale,90,6.4816885094140373,3.5075187395256795,0,-1.4210854715202004e-14,False
exhale,90,6.4780082007766424,3.548133892335755,0,0,False
exhale,90,6.4743285826910384,3.5892193464500517,0,0,False
exhale,90,6.4706498719532801,3.630780547701014,0,4.2632564145606011e-14,False
exhale,90,6.4669722844658803,3.6728230049808461,0,1.4210854715202004e-14,False
exhale,90,6.4632960352327977,3.715352290971726,0,4.2632564145606011e-14,False
exhale,90,6.4596213383545704,3.7583740428844412,0,4.2632564145606011e-14,False
exhale,90,6.4559484070236719,3.8018939632056128,0,8.5265128291212022e-14,False
exhale,90,6.4522774535200327,3.8459178204535354,0,1.2789769243681803e-13,False
exhale,90,6.4486086892067629,3.8904514499428067,0,1.4210854715202004e-13,False
exhale,90,6.4449423245260524,3.9355007545577743,0,1.8474111129762605e-13,False
exhale,90,6.4412785689952017,3.9810717055349731,0,-1.8474111129762605e-13,False
exhale,90,6.4376176312030751,4.0271703432545909,0,-1.5631940186722204e-13,False
exhale,90,6.4339597188062889,4.0738027780411281,0,-1.5631940186722204e-13,False
exhale,90,6.4303050385260372,4.1209751909733017,0,-1.2789769243681803e-13,False
exhale,90,6.426653796144838,4.1686938347033546,0,-1.1368683772161603e-13,False
exhale,90,6.4230061965035681,4.2169650342858223,0,-7.1054273576010019e-14,False
exhale,90,6.419362443498609,4.2657951880159279,0,-4.2632564145606011e-14,False
exhale,90,6.4157227400792376,4.3151907682776525,0,-2.8421709430404007e-14,False
exhale,90,6.4120872882451501,4.365158322401661,0,-7.1054273576010019e-14,False
exhale,90,6.4084562890442065,4.4157044735331255,0,-1.4210854715202004e-14,False
exhale,90,6.4048299425702844,4.4668359215096327,0,0,False
exhale,90,6.4012084479614009,4.5185594437492238,0,2.8421709430404007e-14,False
exhale,90,6.3975920033979312,4.5708818961487516,0,-1.4210854715202004e-14,False
exhale,90,6.3939808061010579,4.6238102139926029,0,2.8421709430404007e-14,False
exhale,90,6.3903750523313363,4.6773514128719809,0,0,False
exhale,90,6.3867749373875169,4.7315125896148054,0,1.4210854715202004e-14,False
exhale,90,6.3831806556054387,4.7863009232263831,0,1.4210854715202004e-14,False
exhale,90,6.3795924003571809,4.8417236758409938,0,2.8421709430404007e-14,False
exhale,90,6.3760103636790184,4.8977881936844616,0,4.2632564145606011e-14,False
exhale,90,6.3724347280798064,4.9545019080479031,0,8.5265128291212022e-14,False
exhale,90,6.3688656664464585,5.011872336272722,0,1.1368683772161603e-13,False
exhale,90,6.3653033501741838,5.0699070827470445,0,1.4210854715202004e-13,False
exhale,90,6.3617479495393106,5.1286138399136485,0,1.7053025658242404e-13,False
exhale,90,6.3581996337017532,5.1880003892896118,0,-1.5631940186722204e-13,False
exhale,90,6.354658570707862,5.2480746024977254,0,-1.5631940186722204e-13,False
exhale,90,6.351124927493129,5.3088444423098844,0,-1.5631940186722204e-13,False
exhale,90,6.3475988698853802,5.3703179637025267,0,-1.2789769243681803e-13,False
exhale,90,6.3440805626080117,5.4325033149243334,0,-1.1368683772161603e-13,False
exhale,90,6.3405701692834162,5.4954087385762458,0,-9.9475983006414026e-14,False
exhale,90,6.3370678524366078,5.5590425727040369,0,-7.1054273576010019e-14,False
exhale,90,6.3335737734990074,5.6234132519034912,0,-2.8421709430404007e-14,False
exhale,90,6.3300880928123782,5.6885293084384161,0,-2.8421709430404007e-14,False
exhale,90,6.3266109696329691,5.7543993733715695,0,-1.4210854715202004e-14,False
exhale,90,6.3231425621358115,5.8210321777087159,0,1.4210854715202004e-14,False
exhale,90,6.3196830274191358,5.8884365535558896,0,0,False
exhale,90,6.3162325215090229,5.9566214352901063,0,2.8421709430404007e-14,False
exhale,90,6.312791199364141,6.0255958607435778,0,-2.8421709430404007e-14,False
exhale,90,6.3093592148807058,6.095368972401694,0,0,False
exhale,90,6.305936720897515,6.1659500186148222,0,0,False
exhale,90,6.3025238692012095,6.2373483548241913,0,-1.4210854715202004e-14,False
exhale,90,6.2991208105316367,6.3095734448019334,0,2.8421709430404007e-14,False
exhale,90,6.2957276945873648,6.382634861905486,0,2.8421709430404007e-14,False
exhale,90,6.2923446700313486,6.4565422903465564,0,4.2632564145606011e-14,False
exhale,90,6.2889718844967373,6.5313055264747231,0,4.2632564145606011e-14,False
exhale,90,6.2856094845928139,6.6069344800759611,0,1.1368683772161603e-13,False
exhale,90,6.2822576159110461,6.6834391756861455,0,1.1368683772161603e-13,False
exhale,90,6.2789164230313359,6.7608297539198192,0,1.7053025658242404e-13,False
exhale,90,6.2755860495282834,6.8391164728142924,0,-1.9895196601282805e-13,False
exhale,90,6.2722666379778191,6.9183097091893657,0,-1.5631940186722204e-13,False
exhale,90,6.2689583299635689,6.9984199600227344,0,-1.2789769243681803e-13,False
exhale,90,6.2656612660837121,7.0794578438413804,0,-1.2789769243681803e-13,False
exhale,90,6.2623755859577894,7.1614341021290198,0,-1.2789769243681803e-13,False
exhale,90,6.2591014282336452,7.2443596007499025,0,-5.6843418860808015e-14,False
exhale,90,6.2558389305944964,7.3282453313890406,0,-7.1054273576010019e-14,False
exhale,90,6.2525882297661299,7.4131024130091774,0,-7.1054273576010019e-14,False
exhale,90,6.2493494615241847,7.4989420933245583,0,-5.6843418860808015e-14,False
exhale,90,6.2461227517720594,7.5857757502918401,0,-1.4210854715202004e-14,False
exhale,90,6.2429081898075429,7.6736148936181898,0,0,False
exhale,90,6.2397058552023008,7.7624711662869199,0,0,False
exhale,90,6.2365158267511793,7.8523563461007182,0,0,False
exhale,90,6.2333381824801561,7.9432823472428176,0,-1.4210854715202004e-14,False
exhale,90,6.2301729996543429,8.0352612218561728,0,0,False
exhale,90,6.2270203547860019,8.1283051616409949,0,1.4210854715202004e-14,False
exhale,90,6.2238803236426214,8.2224264994707124,0,1.4210854715202004e-14,False
exhale,90,6.2207529812549947,8.317637711026709,0,2.8421709430404007e-14,False
exhale,90,6.2176384019253579,8.4139514164519511,0,1.4210854715202004e-14,False
exhale,90,6.2145366592355282,8.5113803820237628,0,1.4210854715202004e-14,False
exhale,90,6.2114478260550836,8.6099375218460068,0,4.2632564145606011e-14,False
exhale,90,6.2083719745495669,8.709635899560805,0,2.8421709430404007e-14,False
exhale,90,6.2053091761887229,8.8104887300801416,0,7.1054273576010019e-14,False
exhale,90,6.2022595017547166,8.9125093813374541,0,9.9475983006414026e-14,False
exhale,90,6.1992230213504493,9.0157113760595706,0,1.2789769243681803e-13,False
exhale,90,6.1961998044077999,9.1201083935590965,0,1.5631940186722204e-13,False
exhale,90,6.1931899196959348,9.2257142715476341,0,-1.7053025658242404e-13,False
exhale,90,6.1901934353297534,9.3325430079699103,0,-1.9895196601282805e-13,False
exhale,90,6.1872104187780295,9.4406087628592363,0,-1.8474111129762605e-13,False
exhale,90,6.1842409368719045,9.5499258602143584,0,-1.7053025658242404e-13,False
exhale,90,6.1812850558132153,9.6605087898981363,0,-1.2789769243681803e-13,False
exhale,90,6.1783428411828814,9.7723722095581067,0,-1.2789769243681803e-13,True
exhale,90,6.175414357949303,9.885530946569391,0,-8.5265128291212022e-14,True
exhale,90,6.1724996704767534,10,0,-5.6843418860808015e-14,True
exhale,90,6.1695988425338042,10.115794542598982,0,-2.8421709430404007e-14,True
exhale,90,6.1667119373017254,10.232929922807546,0,-1.4210854715202004e-14,True
exhale,90,6.1638390173829416,10.351421666793442,0,1.4210854715202004e-14,True
exhale,90,6.160980144809435,10.471285480508996,0,-1.4210854715202004e-14,True
exhale,90,6.1581353810512134,10.592537251772887,0,0,True
exhale,90,6.1553047870247264,10.715193052376071,0,0,True
exhale,90,6.1524884231013308,10.839269140212039,0,-5.6843418860808015e-14,True
exhale,90,6.1496863491157372,10.964781961431852,0,1.4210854715202004e-14,True
exhale,90,6.1468986243744332,11.091748152624008,0,0,True
exhale,90,6.1441253076641882,11.220184543019629,0,-1.4210854715202004e-14,True
exhale,90,6.1413664572604505,11.350108156723154,0,0,True
exhale,90,6.1386221309358344,11.481536214968829,0,-1.4210854715202004e-14,True
exhale,90,6.1358923847264721,11.614486138403427,0,2.8421709430404007e-14,True
exhale,90,6.1331772456531546,11.748975549395292,0,0,True
exhale,90,6.1304767118930759,11.88502227437019,0,1.4210854715202004e-14,True
exhale,90,6.1277907801813818,12.022644346174131,0,5.6843418860808015e-14,True
exhale,90,6.1251194470600439,12.161860006463678,0,4.2632564145606011e-14,True
exhale,90,6.1224627088831234,12.302687708123811,0,7.1054273576010019e-14,True
exhale,90,6.1198205618220252,12.445146117713856,0,9.9475983006414026e-14,True
exhale,90,6.1171930018706888,12.589254117941675,0,1.5631940186722204e-13,True
exhale,90,6.1145800248507571,12.735030810166617,0,1.4210854715202004e-13,True
exhale,90,6.1119816264166618,12.882495516931336,0,-1.7053025658242404e-13,True
exhale,90,6.1093978020608226,13.031667784523,0,-1.8474111129762605e-13,True
exhale,90,6.1068285471185026,13.182567385564074,0,-1.4210854715202004e-13,True
exhale,90,6.1042738567729202,13.33521432163324,0,-1.1368683772161603e-13,True
exhale,90,6.1017337260601829,13.489628825916533,0,-1.2789769243681803e-13,True
exhale,90,6.0992081498742028,13.645831365889252,0,-1.5631940186722204e-13,True
exhale,90,6.096697122971575,13.803842646028853,0,-8.5265128291212022e-14,True
exhale,90,6.0942006399764015,13.963683610559377,0,-8.5265128291212022e-14,True
exhale,90,6.0917186953851097,14.12537544622754,0,-5.6843418860808015e-14,True
exhale,90,6.0892512835712056,14.288939585111036,0,-4.2632564145606011e-14,True
exhale,90,6.0867983987899894,14.454397707459281,0,-2.8421709430404007e-14,True
exhale,90,6.0843600351832432,14.621771744567184,0,-5.6843418860808015e-14,True
exhale,90,6.0819361867838859,14.791083881682072,0,-5.6843418860808015e-14,True
exhale,90,6.0795268475205715,14.962356560944343,0,0,True
exhale,90,6.0771320112222531,15.135612484362087,0,0,True
exhale,90,6.0747516716227432,15.310874616820303,0,0,True
exhale,90,6.0723858223651916,15.488166189124811,0,-1.4210854715202004e-14,True
exhale,90,6.0700344570065532,15.667510701081484,0,-1.4210854715202004e-14,True
exhale,90,6.0676975690220178,15.848931924611142,0,2.8421709430404007e-14,True
exhale,90,6.0653751518093957,16.032453906900418,0,-2.8421709430404007e-14,True
exhale,90,6.0630671986934921,16.218100973589298,0,1.4210854715202004e-14,True
exhale,90,6.0607737029303932,16.405897731995388,0,1.4210854715202004e-14,True
exhale,90,6.0584946577117966,16.595869074375614,0,1.4210854715202004e-14,True
exhale,90,6.056230056169233,16.788040181225607,0,1.4210854715202004e-14,True
exhale,90,6.0539798913783045,16.982436524617444,0,1.4210854715202004e-14,True
exhale,90,6.0517441563628624,17.179083871575877,0,2.8421709430404007e-14,True
exhale,90,6.0495228440991697,17.378008287493763,0,2.8421709430404007e-14,True
exhale,90,6.0473159475200085,17.579236139586932,0,4.2632564145606011e-14,True
exhale,90,6.0451234595187975,17.782794100389228,0,8.5265128291212022e-14,True
exhale,90,6.0429453655862968,17.988709151287875,0,7.1054273576010019e-14,True
exhale,90,6.0407816217865182,18.197008586099845,0,8.5265128291212022e-14,True
exhale,90,6.0386321769901814,18.407720014689563,0,9.9475983006414026e-14,True
exhale,90,6.0364969802609965,18.620871366628677,0,1.7053025658242404e-13,True
exhale,90,6.0343759808559563,18.836490894898002,0,1.8474111129762605e-13,True
exhale,90,6.0322691282256224,19.054607179632484,0,1.8474111129762605e-13,True
exhale,90,6.0301763720143677,19.275249131909366,0,-1.8474111129762605e-13,True
exhale,90,6.0280976620607252,19.498445997580454,0,-1.9895196601282805e-13,True
exhale,90,6.0260329483974635,19.724227361148536,0,-1.5631940186722204e-13,True
exhale,90,6.0239821812518946,19.952623149688808,0,-1.4210854715202004e-13,True
exhale,90,6.021945311046057,20.183663636815616,0,-1.7053025658242404e-13,True
exhale,90,6.0199222883969021,20.417379446695296,0,-1.5631940186722204e-13,True
exhale,90,6.0179130641164509,20.65380155810529,0,-1.4210854715202004e-13,True
exhale,90,6.0159175892119494,20.892961308540386,0,-1.2789769243681803e-13,True
exhale,90,6.0139358148860111,21.134890398366476,0,-1.2789769243681803e-13,True
exhale,90,6.0119676925367411,21.379620895022324,0,-7.1054273576010019e-14,True
exhale,90,6.0100131737578213,21.627185237270201,0,-7.1054273576010019e-14,True
exhale,90,6.0080722103386464,21.87761623949552,0,-7.1054273576010019e-14,True
exhale,90,6.0061447542643744,22.130947096056389,0,-2.8421709430404007e-14,True
exhale,90,6.0042307577160114,22.387211385683401,0,-2.8421709430404007e-14,True
exhale,90,6.0023301730704528,22.646443075930595,0,-2.8421709430404007e-14,True
exhale,90,6.0004429529005465,22.908676527677724,0,0,True
exhale,90,5.9985690499751074,23.173946499684796,0,-1.4210854715202004e-14,True
exhale,90,5.9967084172589527,23.442288153199225,0,0,True
exhale,90,5.9948610079128928,23.713737056616552,0,1.4210854715202004e-14,True
exhale,90,5.9930267752937363,23.9883291901949,0,1.4210854715202004e-14,True
exhale,90,5.9912056729542931,24.266100950824168,0,1.4210854715202004e-14,False
exhale,90,5.989397654643307,24.547089156850312,0,0,False
exhale,90,5.98760267430547,24.831331052955704,0,-2.8421709430404007e-14,False
exhale,90,5.9858206860813397,25.118864315095795,0,2.8421709430404007e-14,False
exhale,90,5.9840516443073,25.409727055493065,0,-1.4210854715202004e-14,False
exhale,90,5.9822955035154903,25.703957827688647,0,-1.4210854715202004e-14,False
exhale,90,5.9805522184337407,26.001595631652723,0,2.8421709430404007e-14,False
exhale,90,5.9788217439854714,26.302679918953814,0,4.2632564145606011e-14,False
exhale,90,5.9771040352896199,26.607250597988113,0,0,False
exhale,90,5.9753990476605194,26.915348039269166,0,1.4210854715202004e-14,False
exhale,90,5.9737067366078076,27.227013080779127,0,0,False
exhale,90,5.9720270573416663,27.542287033381662,0,-1.4210854715202004e-14,False
exhale,90,5.9703599539071091,27.861211686297693,0,4.2632564145606011e-14,False
exhale,90,5.9687053592519428,28.183829312644551,0,5.6843418860808015e-14,False
exhale,90,5.967063206135732,28.510182675039097,0,7.1054273576010019e-14,False
exhale,90,5.9654334276226839,28.840315031266059,0,9.9475983006414026e-14,False
exhale,90,5.9638159570792668,29.174270140011661,0,9.9475983006414026e-14,False
exhale,90,5.9622107281719012,29.512092266663871,0,7.1054273576010019e-14,False
exhale,90,5.9606176748646371,29.853826189179603,0,1.1368683772161603e-13,False
exhale,90,5.9590367314168251,30.199517204020161,0,1.4210854715202004e-13,False
exhale,90,5.9574678323808561,30.549211132155122,0,1.8474111129762605e-13,False
exhale,90,5.9559109125998635,30.902954325135919,0,1.8474111129762605e-13,False
exhale,90,5.9543659072054753,31.260793671239558,0,1.8474111129762605e-13,False
exhale,90,5.9528327516155723,31.622776601683793,0,2.1316282072803006e-13,False
exhale,90,5.9513113815319958,31.988951096913972,0,-1.8474111129762605e-13,False
exhale,90,5.9498017329384982,32.359365692962847,0,-2.2737367544323206e-13,False
exhale,90,5.948303742098318,32.734069487883829,0,-1.8474111129762605e-13,False
exhale,90,5.9468173455521214,33.113112148259113,0,-2.1316282072803006e-13,False
exhale,90,5.9453424801158166,33.496543915782759,0,-1.4210854715202004e-13,False
exhale,90,5.9438790828783619,33.884415613920275,0,-1.4210854715202004e-13,False
exhale,90,5.9424270911996411,34.276778654645049,0,-1.8474111129762605e-13,False
exhale,90,5.940986442708339,34.673685045253166,0,-1.4210854715202004e-13,False
exhale,90,5.9395570752997866,35.075187395256798,0,-1.7053025658242404e-13,False
exhale,90,5.9381389271338874,35.481338923357569,0,-1.5631940186722204e-13,False
exhale,90,5.9367319366330182,35.892193464500536,0,-1.4210854715202004e-13,False
exhale,90,5.9353360424799435,36.307805477010142,0,-1.1368683772161603e-13,False
exhale,90,5.933951183615763,36.72823004980846,0,-8.5265128291212022e-14,False
exhale,90,5.9325772992378427,37.153522909717239,0,-8.5265128291212022e-14,False
exhale,90,5.931214328797795,37.583740428844429,0,-7.1054273576010019e-14,False
exhale,90,5.9298622119994535,38.018939632056124,0,-7.1054273576010019e-14,False
exhale,90,5.9285208887968501,38.459178204535355,0,-7.1054273576010019e-14,False
exhale,90,5.9271902993922234,38.904514499428046,0,-1.4210854715202004e-14,False
exhale,90,5.9258703842340266,39.355007545577763,0,-4.2632564145606011e-14,False
exhale,90,5.9245610840149761,39.810717055349734,0,-1.4210854715202004e-14,False
exhale,90,5.923262339670071,40.271703432545905,0,-1.4210854715202004e-14,False
exhale,90,5.9219740923746507,40.738027780411258,0,-1.4210854715202004e-14,False
exhale,90,5.9206962835424699,41.209751909733043,0,-2.8421709430404007e-14,False
exhale,90,5.9194288548237717,41.686938347033553,0,0,False
exhale,90,5.9181717481033767,42.169650342858226,0,1.4210854715202004e-14,False
exhale,90,5.9169249042426237,42.657951880159253,0,0,False
exhale,90,5.9156882593234128,43.151907682776546,0,0,False
exhale,90,5.9144617484395923,43.651583224016612,0,0,False
exhale,90,5.9132453069539697,44.157044735331255,0,0,False
exhale,90,5.9120388704955342,44.668359215096302,0,1.4210854715202004e-14,False
exhale,90,5.9108423749566992,45.185594437492263,0,0,False
exhale,90,5.9096557564905865,45.708818961487516,0,0,False
exhale,90,5.9084789515083109,46.238102139926035,0,2.8421709430404007e-14,False
exhale,90,5.9073118966763065,46.77351412871981,0,1.4210854715202004e-14,False
exhale,90,5.9061545289136799,47.315125896148075,0,0,False
exhale,90,5.9050067853895705,47.863009232263849,0,-1.4210854715202004e-14,False
exhale,90,5.9038686035205625,48.417236758409942,0,2.8421709430404007e-14,False
exhale,90,5.90273992096808,48.977881936844611,0,-1.4210854715202004e-14,False
exhale,90,5.9016206756358542,49.545019080479001,0,-1.4210854715202004e-14,False
exhale,90,5.9005108056673761,50.118723362727252,0,2.8421709430404007e-14,False
exhale,90,5.8994102494433793,50.699070827470443,0,0,False
exhale,90,5.8983189455793745,51.286138399136483,0,0,False
exhale,90,5.8972368329231672,51.880003892896092,0,1.4210854715202004e-14,False
exhale,90,5.8961638505524139,52.480746024977286,0,0,False
exhale,90,5.8950999377722058,53.088444423098849,0,0,False
exhale,90,5.8940450341126773,53.703179637025272,0,2.8421709430404007e-14,False
exhale,90,5.8929990793266187,54.325033149243303,0,4.2632564145606011e-14,False
exhale,90,5.8919620133871202,54.954087385762485,0,1.4210854715202004e-14,False
exhale,90,5.8909337764852507,55.590425727040369,0,5.6843418860808015e-14,False
exhale,90,5.8899143090277253,56.234132519034908,0,4.2632564145606011e-14,False
exhale,90,5.8889035516346357,56.885293084384131,0,4.2632564145606011e-14,False
exhale,90,5.8879014451371612,57.543993733715723,0,8.5265128291212022e-14,False
exhale,90,5.8869079305753163,58.210321777087159,0,7.1054273576010019e-14,False
exhale,90,5.8859229491957441,58.884365535558899,0,8.5265128291212022e-14,False
exhale,90,5.8849464424494746,59.566214352901035,0,8.5265128291212022e-14,False
exhale,90,5.8839783519897608,60.255958607435808,0,1.1368683772161603e-13,False
exhale,90,5.8830186196698806,60.95368972401694,0,9.9475983006414026e-14,False
exhale,90,5.8820671875410175,61.659500186148222,0,9.9475983006414026e-14,False
exhale,90,5.8811239978501018,62.373483548241914,0,1.1368683772161603e-13,False
exhale,90,5.8801889930377076,63.095734448019364,0,1.1368683772161603e-13,False
exhale,90,5.8792621157359628,63.82634861905489,0,1.5631940186722204e-13,False
exhale,90,5.8783433087664649,64.56542290346556,0,1.4210854715202004e-13,False
exhale,90,5.8774325151382323,65.313055264747234,0,1.4210854715202004e-13,False
exhale,90,5.8765296780456655,66.06934480075958,0,2.1316282072803006e-13,False
exhale,90,5.8756347408665155,66.834391756861493,0,1.7053025658242404e-13,False
exhale,90,5.8747476471599036,67.60829753919819,0,1.7053025658242404e-13,False
exhale,90,5.8738683406642798,68.391164728142925,0,-2.1316282072803006e-13,False
exhale,90,5.8729967652956097,69.183097091893629,0,-2.2737367544323206e-13,False
exhale,90,5.8721328651452183,69.984199600227385,0,-1.9895196601282805e-13,False
exhale,90,5.871276584477978,70.794578438413808,0,-2.2737367544323206e-13,False
exhale,90,5.8704278677303936,71.614341021290201,0,-2.5579538487363607e-13,False
exhale,90,5.869586659508677,72.443596007498982,0,-2.2737367544323206e-13,False
exhale,90,5.8687529045868709,73.282453313890443,0,-2.1316282072803006e-13,False
exhale,90,5.8679265479049985,74.131024130091774,0,-1.9895196601282805e-13,False
exhale,90,5.8671075345672072,74.989420933245583,0,-2.1316282072803006e-13,False
exhale,90,5.8662958098399365,75.857757502918361,0,-1.9895196601282805e-13,False
exhale,90,5.8654913191501148,76.736148936181934,0,-1.7053025658242404e-13,False
exhale,90,5.8646940080833474,77.624711662869203,0,-1.8474111129762605e-13,False
exhale,90,5.8639038223821442,78.523563461007186,0,-1.9895196601282805e-13,False
exhale,90,5.8631207079441587,79.43282347242814,0,-1.4210854715202004e-13,False
exhale,90,5.8623446108204158,80.352612218561774,0,-1.7053025658242404e-13,False
exhale,90,5.8615754772136013,81.283051616409949,0,-1.5631940186722204e-13,False
exhale,90,5.86081325347633,82.224264994707127,0,-1.5631940186722204e-13,False
exhale,90,5.8600578861094483,83.176377110267083,0,-1.5631940186722204e-13,False
exhale,90,5.8593093217603354,84.139514164519554,0,-1.5631940186722204e-13,False
exhale,90,5.858567507221248,85.113803820237678,0,-1.1368683772161603e-13,False
exhale,90,5.8578323894276307,86.099375218460082,0,-1.4210854715202004e-13,False
exhale,90,5.8571039154565101,87.096358995608057,0,-8.5265128291212022e-14,False
exhale,90,5.8563820325248317,88.10488730080138,0,-1.1368683772161603e-13,False
exhale,90,5.855666687987866,89.12509381337459,0,-9.9475983006414026e-14,False
exhale,90,5.8549578293376028,90.157113760595706,0,-9.9475983006414026e-14,False
exhale,90,5.8542554042011616,91.201083935590972,0,-8.5265128291212022e-14,False
exhale,90,5.8535593603392142,92.257142715476292,0,-8.5265128291212022e-14,False
exhale,90,5.8528696456444491,93.325430079699146,0,-9.9475983006414026e-14,False
exhale,90,5.8521862081399938,94.40608762859236,0,-8.5265128291212022e-14,False
exhale,90,5.8515089959779178,95.499258602143584,0,-4.2632564145606011e-14,False
exhale,90,5.8508379574376885,96.60508789898131,0,-5.6843418860808015e-14,False
exhale,90,5.8501730409246893,97.72372209558111,0,-8.5265128291212022e-14,False
exhale,90,5.8495141949687186,98.855309465693907,0,-2.8421709430404007e-14,False
exhale,90,5.8488613682225044,100,0,-5.6843418860808015e-14,False
exhale,110,7.1233388969220659,0.10000000000000001,0,1.4210854715202004e-14,False
exhale,110,7.1225672337989145,0.10115794542598985,0,-7.1054273576010019e-15,False
exhale,110,7.1217881072741394,0.10232929922807542,0,-2.8421709430404007e-14,False
exhale,110,7.1210014176405902,0.10351421666793438,0,-7.1054273576010019e-15,False
exhale,110,7.120207065226813,0.10471285480508996,0,7.1054273576010019e-15,False
exhale,110,7.1194049503978167,0.10592537251772889,0,3.5527136788005009e-14,False
exhale,110,7.1185949735558438,0.10715193052376065,0,0,False
exhale,110,7.117777035141013,0.10839269140212036,0,-1.3997691894473974e-12,False
exhale,110,7.1169510356329306,0.10964781961431851,0,-1.4210854715202004e-14,False
exhale,110,7.1161168755498929,0.11091748152624012,0,1.4210854715202004e-14,False
exhale,110,7.1152744554513569,0.11220184543019636,0,-7.1054273576010019e-15,False
exhale,110,7.1144236759380002,0.11350108156723152,0,-2.1316282072803006e-14,False
exhale,110,7.1135644376527489,0.11481536214968829,0,2.1316282072803006e-14,False
exhale,110,7.1126966412816737,0.11614486138403426,0,0,False
exhale,110,7.1118201875549154,0.11748975549395298,0,0,False
exhale,110,7.1109349772475996,0.11885022274370183,0,-7.1054273576010019e-15,False
exhale,110,7.110040911180791,0.12022644346174129,0,0,False
exhale,110,7.1091378902224553,0.12161860006463679,0,-3.5527136788005009e-14,False
exhale,110,7.1082258152884545,0.12302687708123815,0,1.4210854715202004e-14,False
exhale,110,7.1073045873435152,0.1244514611771385,0,-2.1316282072803006e-14,False
exhale,110,7.1063741074022762,0.12589254117941673,0,-2.1316282072803006e-14,False
exhale,110,7.1054342765303087,0.12735030810166617,0,7.1054273576010019e-15,False
exhale,110,7.1044849958451577,0.12882495516931339,0,1.4210854715202004e-14,False
exhale,110,7.1035261665174279,0.13031667784522993,0,0,False
exhale,110,7.1025576897718556,0.1318256738556407,0,-7.1054273576010019e-15,False
exhale,110,7.1015794668884231,0.1333521432163324,0,2.1316282072803006e-14,False
exhale,110,7.1005913992034602,0.13489628825916536,0,2.1316282072803006e-14,False
exhale,110,7.0995933881108089,0.13645831365889247,0,1.4210854715202004e-14,False
exhale,110,7.0985853350629515,0.13803842646028849,0,3.5527136788005009e-14,False
exhale,110,7.0975671415721973,0.13963683610559377,0,7.1054273576010019e-15,False
exhale,110,7.0965387092118819,0.14125375446227545,0,6.3948846218409017e-14,False
exhale,110,7.0954999396175404,0.1428893958511103,0,3.5527136788005009e-14,False
exhale,110,7.0944507344881771,0.14454397707459277,0,5.6843418860808015e-14,False
exhale,110,7.0933909955874839,0.14621771744567183,0,4.9737991503207013e-14,False
exhale,110,7.0923206247450885,0.14791083881682077,0,5.6843418860808015e-14,False
exhale,110,7.091239523857868,0.14962356560944334,0,2.1316282072803006e-14,False
exhale,110,7.0901475948912198,0.15135612484362079,0,3.5527136788005009e-14,False
exhale,110,7.0890447398803778,0.15310874616820302,0,6.3948846218409017e-14,False
exhale,110,7.0879308609317437,0.15488166189124811,0,7.1054273576010019e-14,False
exhale,110,7.0868058602242465,0.15667510701081494,0,7.1054273576010019e-14,False
exhale,110,7.0856696400107015,0.15848931924611134,0,9.2370555648813024e-14,False
exhale,110,7.084522102619192,0.16032453906900418,0,9.2370555648813024e-14,False
exhale,110,7.0833631504544874,0.16218100973589297,0,1.2789769243681803e-13,False
exhale,110,7.0821926859994413,0.16405897731995392,0,1.2789769243681803e-13,False
exhale,110,7.0810106118164509,0.16595869074375605,0,1.0658141036401503e-13,False
exhale,110,7.0798168305489062,0.16788040181225602,0,1.4921397450962104e-13,False
exhale,110,7.0786112449226595,0.16982436524617442,0,1.5631940186722204e-13,False
exhale,110,7.0773937577475312,0.17179083871575881,0,1.7763568394002505e-13,False
exhale,110,7.0761642719188034,0.17378008287493754,0,1.7053025658242404e-13,False
exhale,110,7.0749226904187665,0.17579236139586926,0,1.9184653865522705e-13,False
exhale,110,7.0736689163182582,0.17782794100389229,0,1.9895196601282805e-13,False
exhale,110,7.0724028527782359,0.17988709151287879,0,2.2026824808563106e-13,False
exhale,110,7.0711244030513436,0.18197008586099836,0,2.2737367544323206e-13,False
exhale,110,7.0698334704834824,0.18407720014689558,0,-2.2026824808563106e-13,False
exhale,110,7.0685299585156258,0.18620871366628675,0,-2.0605739337042905e-13,False
exhale,110,7.0672137706851572,0.18836490894898006,0,-2.1316282072803006e-13,False
exhale,110,7.0658848106277272,0.19054607179632474,0,-2.3447910280083306e-13,False
exhale,110,7.0645429820788825,0.19275249131909361,0,-2.1316282072803006e-13,False
exhale,110,7.0631881888757508,0.19498445997580455,0,-2.2026824808563106e-13,False
exhale,110,7.0618203349587692,0.19724227361148533,0,-2.1316282072803006e-13,False
exhale,110,7.060439324373406,0.19952623149688797,0,-1.9184653865522705e-13,False
exhale,110,7.0590450612719096,0.20183663636815607,0,-1.7053025658242404e-13,False
exhale,110,7.0576374499150747,0.20417379446695297,0,-1.9895196601282805e-13,False
exhale,110,7.0562163946740517,0.20653801558105292,0,-1.4210854715202004e-13,False
exhale,110,7.0547818000321154,0.20892961308540398,0,-1.6342482922482304e-13,False
exhale,110,7.0533335705865312,0.21134890398366465,0,-1.0658141036401503e-13,False
exhale,110,7.0518716110503608,0.21379620895022325,0,-1.2079226507921703e-13,False
exhale,110,7.0503958262543529,0.21627185237270202,0,-7.815970093361102e-14,False
exhale,110,7.048906121148808,0.21877616239495529,0,-9.2370555648813024e-14,False
exhale,110,7.0474024008055034,0.22130947096056375,0,-9.9475983006414026e-14,False
exhale,110,7.0458845704195721,0.223872113856834,0,-6.3948846218409017e-14,False
exhale,110,7.0443525353114742,0.22646443075930595,0,-7.1054273576010019e-14,False
exhale,110,7.0428062009289452,0.22908676527677729,0,-5.6843418860808015e-14,False
exhale,110,7.0412454728489724,0.23173946499684786,0,-7.1054273576010019e-14,False
exhale,110,7.0396702567797904,0.2344228815319922,0,-6.3948846218409017e-14,False
exhale,110,7.0380804585628978,0.23713737056616552,0,-3.5527136788005009e-14,False
exhale,110,7.0364759813983069,0.23988329190194904,0,-7.1054273576010019e-15,False
exhale,110,7.0348567175324277,0.24266100950824154,0,0,False
exhale,110,7.0332225566192266,0.24547089156850305,0,-2.1316282072803006e-14,False
exhale,110,7.0315733885042748,0.24831331052955705,0,7.1054273576010019e-15,False
exhale,110,7.0299091032280678,0.25118864315095801,0,7.1054273576010019e-15,False
exhale,110,7.0282295910294028,0.25409727055493053,0,-7.1054273576010019e-15,False
exhale,110,7.0265347423487645,0.25703957827688639,0,-2.1316282072803006e-14,False
exhale,110,7.0248244478317794,0.26001595631652719,0,7.1054273576010019e-15,False
exhale,110,7.0230985983326821,0.26302679918953814,0,-1.4210854715202004e-14,False
exhale,110,7.0213570849178497,0.26607250597988097,0,-7.1054273576010019e-15,False
exhale,110,7.0195997988693408,0.26915348039269155,0,1.4210854715202004e-14,False
exhale,110,7.0178266316885098,0.27227013080779128,0,-7.1054273576010019e-15,False
exhale,110,7.0160374750996155,0.27542287033381663,0,-7.1054273576010019e-15,False
exhale,110,7.0142322210535184,0.2786121168629771,0,1.4210854715202004e-14,False
exhale,110,7.0124107617313634,0.28183829312644537,0,-2.8421709430404007e-14,False
exhale,110,7.0105729895483586,0.28510182675039097,0,-1.4210854715202004e-14,False
exhale,110,7.0087187971575418,0.28840315031266056,0,2.8421709430404007e-14,False
exhale,110,7.0068480774536024,0.29174270140011677,0,7.1054273576010019e-15,False
exhale,110,7.0049607235767644,0.29512092266663853,0,-7.1054273576010019e-15,False
exhale,110,7.0030566289166725,0.298538261891796,0,1.4210854715202004e-14,False
exhale,110,7.0011356871163386,0.3019951720402016,0,4.2632564145606011e-14,False
exhale,110,6.9991977920761155,0.3054921113215513,0,4.9737991503207013e-14,False
exhale,110,6.9972428379577307,0.30902954325135906,0,5.6843418860808015e-14,False
exhale,110,6.995270719188321,0.31260793671239551,0,8.5265128291212022e-14,False
exhale,110,6.9932813304645318,0.31622776601683794,0,7.1054273576010019e-14,False
exhale,110,6.9912745667566689,0.31988951096913981,0,8.5265128291212022e-14,False
exhale,110,6.9892503233128442,0.32359365692962827,0,1.2079226507921703e-13,False
exhale,110,6.9872084956631948,0.32734069487883821,0,1.1368683772161603e-13,False
exhale,110,6.9851489796241379,0.33113112148259111,0,1.3500311979441904e-13,False
exhale,110,6.9830716713026462,0.33496543915782767,0,1.6342482922482304e-13,False
exhale,110,6.980976467100577,0.33884415613920255,0,1.9184653865522705e-13,False
exhale,110,6.9788632637190267,0.3427677865464504,0,1.9895196601282805e-13,False
exhale,110,6.976731958162703,0.34673685045253166,0,-2.2026824808563106e-13,False
exhale,110,6.9745824477445311,0.35075187395256802,0,-2.0605739337042905e-13,False
exhale,110,6.9724146300898608,0.35481338923357547,0,-2.4158453015843406e-13,False
exhale,110,6.9702284031411743,0.35892193464500527,0,-2.1316282072803006e-13,False
exhale,110,6.9680236651625647,0.36307805477010141,0,-1.9184653865522705e-13,False
exhale,110,6.9658003149550778,0.36728230049808469,0,-1.6342482922482304e-13,False
exhale,110,6.9635582565058227,0.37153522909717257,0,-1.7053025658242404e-13,False
exhale,110,6.9612973990302889,0.3758374042884442,0,-1.5631940186722204e-13,False
exhale,110,6.9590176523582219,0.38018939632056115,0,-1.6342482922482304e-13,False
exhale,110,6.9567189267292227,0.38459178204535355,0,-9.9475983006414026e-14,False
exhale,110,6.9544011327987301,0.38904514499428056,0,-1.2079226507921703e-13,False
exhale,110,6.9520641816441353,0.39355007545577742,0,-5.6843418860808015e-14,False
exhale,110,6.9497079847708436,0.3981071705534972,0,-5.6843418860808015e-14,False
exhale,110,6.9473324541184489,0.40271703432545908,0,-6.3948846218409017e-14,False
exhale,110,6.9449375020669279,0.40738027780411273,0,-4.9737991503207013e-14,False
exhale,110,6.9425230414428887,0.41209751909733022,0,2.1316282072803006e-14,False
exhale,110,6.9400889855258274,0.41686938347033542,0,0,False
exhale,110,6.9376352480545034,0.42169650342858223,0,-7.1054273576010019e-15,False
exhale,110,6.9351617432332739,0.42657951880159267,0,0,False
exhale,110,6.9326683857385216,0.43151907682776525,0,1.4210854715202004e-14,False
exhale,110,6.9301550907251208,0.43651583224016599,0,2.8421709430404007e-14,False
exhale,110,6.927621773832918,0.44157044735331252,0,0,False
exhale,110,6.925068351193298,0.44668359215096315,0,-3.5527136788005009e-14,False
exhale,110,6.9224947394357512,0.45185594437492238,0,-2.1316282072803006e-14,False
exhale,110,6.9199008556945092,0.45708818961487507,0,-7.1054273576010019e-15,False
exhale,110,6.9172866176151917,0.46238102139926035,0,2.1316282072803006e-14,False
exhale,110,6.9146519433615392,0.46773514128719823,0,2.8421709430404007e-14,False
exhale,110,6.9119967516221275,0.47315125896148053,0,1.4210854715202004e-14,False
exhale,110,6.9093209616171976,0.47863009232263842,0,2.1316282072803006e-14,False
exhale,110,6.9066244931054337,0.48417236758409943,0,2.1316282072803006e-14,False
exhale,110,6.9039072663908554,0.48977881936844625,0,4.9737991503207013e-14,False
exhale,110,6.9011692023297098,0.4954501908047903,0,8.5265128291212022e-14,False
exhale,110,6.8984102223374117,0.50118723362727235,0,7.1054273576010019e-14,False
exhale,110,6.895630248395527,0.50699070827470427,0,1.1368683772161603e-13,False
exhale,110,6.8928292030587741,0.51286138399136483,0,1.2789769243681803e-13,False
exhale,110,6.8900070094620887,0.51880003892896109,0,1.4210854715202004e-13,False
exhale,110,6.8871635913277034,0.52480746024977254,0,1.9895196601282805e-13,False
exhale,110,6.8842988729722121,0.53088444423098835,0,-2.4158453015843406e-13,False
exhale,110,6.8814127793139432,0.53703179637025267,0,-1.8474111129762605e-13,False
exhale,110,6.8785052358798282,0.54325033149243318,0,-1.9895196601282805e-13,False
exhale,110,6.8755761688128603,0.54954087385762451,0,-1.6342482922482304e-13,False
exhale,110,6.8726255048792577,0.5559042572704036,0,-1.4210854715202004e-13,False
exhale,110,6.8696531714757976,0.56234132519034907,0,-1.2079226507921703e-13,False
exhale,110,6.8666591037052402,0.56885293084384148,0,-1.1368683772161603e-13,False
exhale,110,6.8636432656078163,0.57543993733715693,0,-9.2370555648813024e-14,False
exhale,110,6.8606056289987514,0.58210321777087148,0,-7.815970093361102e-14,False
exhale,110,6.8575461664128001,0.58884365535558902,0,-7.1054273576010019e-14,False
exhale,110,6.854464851112068,0.59566214352901048,0,-5.6843418860808015e-14,False
exhale,110,6.8513616570937383,0.60255958607435778,0,-4.2632564145606011e-14,False
exhale,110,6.8482365590978995,0.60953689724016924,0,-1.4210854715202004e-14,False
exhale,110,6.8450895326153036,0.61659500186148219,0,0,False
exhale,110,6.8419205538951555,0.62373483548241926,0,7.1054273576010019e-15,False
exhale,110,6.8387295999528943,0.63095734448019336,0,-2.8421709430404007e-14,False
exhale,110,6.835516648577963,0.63826348619054873,0,1.4210854715202004e-14,False
exhale,110,6.8322816783415519,0.64565422903465564,0,-1.4210854715202004e-14,False
exhale,110,6.829024668604414,0.65313055264747244,0,-3.5527136788005009e-14,False
exhale,110,6.8257455995245664,0.66069344800759611,0,1.4210854715202004e-14,False
exhale,110,6.8224444520650529,0.66834391756861466,0,7.1054273576010019e-15,False
exhale,110,6.8191212080016772,0.67608297539198192,0,2.8421709430404007e-14,False
exhale,110,6.8157758499307288,0.68391164728142928,0,5.6843418860808015e-14,False
exhale,110,6.8124083612766722,0.69183097091893642,0,5.6843418860808015e-14,False
exhale,110,6.8090187262998683,0.69984199600227348,0,8.5265128291212022e-14,False
exhale,110,6.8056069301042248,0.70794578438413791,0,1.1368683772161603e-13,False
exhale,110,6.8021729586448698,0.71614341021290195,0,1.4921397450962104e-13,False
exhale,110,6.7987167987357937,0.72443596007499,0,1.9184653865522705e-13,False
exhale,110,6.7952384380574671,0.73282453313890406,0,1.8474111129762605e-13,False
exhale,110,6.7917378651644018,0.74131024130091749,0,-1.9184653865522705e-13,False
exhale,110,6.7882150694928987,0.74989420933245587,0,-1.5631940186722204e-13,False
exhale,110,6.7846700413683365,0.75857757502918377,0,-1.7763568394002505e-13,False
exhale,110,6.7811027720128898,0.76736148936181892,0,-1.4210854715202004e-13,False
exhale,110,6.7775132535529607,0.77624711662869172,0,-1.4210854715202004e-13,False
exhale,110,6.7739014790266738,0.78523563461007184,0,-6.3948846218409017e-14,False
exhale,110,6.7702674423912947,0.79432823472428149,0,-4.9737991503207013e-14,False
exhale,110,6.7666111385306644,0.80352612218561725,0,-2.8421709430404007e-14,False
exhale,110,6.7629325632625639,0.81283051616409929,0,-7.1054273576010019e-15,False
exhale,110,6.7592317133460451,0.82224264994707119,0,-7.1054273576010019e-15,False
exhale,110,6.7555085864887561,0.83176377110267108,0,0,False
exhale,110,6.751763181354197,0.84139514164519513,0,-7.1054273576010019e-15,False
exhale,110,6.7479954975689536,0.85113803820237655,0,4.9737991503207013e-14,False
exhale,110,6.7442055357298658,0.86099375218460072,0,7.1054273576010019e-15,False
exhale,110,6.7403932991539603,0.87096358995608081,0,2.1316282072803006e-14,False
exhale,110,6.736558832215751,0.88104887300801427,0,7.1054273576010019e-15,False
exhale,110,6.7327022203085214,0.89125093813374567,0,7.1054273576010019e-15,False
exhale,110,6.7288235514886159,0.90157113760595708,0,2.8421709430404007e-14,False
exhale,110,6.7249229147358367,0.91201083935590965,0,7.1054273576010019e-14,False
exhale,110,6.7210003999568411,0.92257142715476315,0,7.1054273576010019e-14,False
exhale,110,6.7170560979884355,0.93325430079699101,0,1.1368683772161603e-13,False
exhale,110,6.7130901006007226,0.94406087628592328,0,1.2079226507921703e-13,False
exhale,110,6.7091025005001246,0.95499258602143589,0,1.4921397450962104e-13,False
exhale,110,6.7050933913322508,0.96605087898981334,0,-2.0605739337042905e-13,False
exhale,110,6.701062867684807,0.97723722095581067,0,-1.2789769243681803e-13,False
exhale,110,6.6970110250899682,0.98855309465693886,0,-1.7053025658242404e-13,False
exhale,110,6.6929379600270682,1,0,-1.6342482922482304e-13,False
exhale,110,6.6888437699248779,1.0115794542598988,0,-1.3500311979441904e-13,False
exhale,110,6.684728553163831,1.0232929922807541,0,-7.815970093361102e-14,False
exhale,110,6.6805924090780939,1.0351421666793441,0,-4.2632564145606011e-14,False
exhale,110,6.6764354379575019,1.0471285480508996,0,-2.8421709430404007e-14,False
exhale,110,6.6722577410493527,1.0592537251772887,0,-2.1316282072803006e-14,False
exhale,110,6.6680594205600467,1.0715193052376064,0,-1.4210854715202004e-14,False
exhale,110,6.6638405796565818,1.0839269140212033,0,-7.1054273576010019e-15,False
exhale,110,6.6596013224678998,1.0964781961431851,0,-3.5527136788005009e-14,False
exhale,110,6.6553417540861108,1.1091748152624008,0,-1.4210854715202004e-14,False
exhale,110,6.6510619805675129,1.1220184543019636,0,0,False
exhale,110,6.6467621089335136,1.1350108156723149,0,7.1054273576010019e-15,False
exhale,110,6.6424422471713731,1.1481536214968828,0,2.1316282072803006e-14,False
exhale,110,6.6381025042347872,1.1614486138403426,0,7.1054273576010019e-15,False
exhale,110,6.6337429900443503,1.1748975549395297,0,7.1054273576010019e-14,False
exhale,110,6.6293638154877987,1.1885022274370183,0,6.3948846218409017e-14,False
exhale,110,6.6249650924201706,1.2022644346174132,0,1.0658141036401503e-13,False
exhale,110,6.6205469336637357,1.2161860006463678,0,1.4210854715202004e-13,False
exhale,110,6.6161094530077955,1.2302687708123818,0,-1.5631940186722204e-13,False
exhale,110,6.6116527652084462,1.244514611771385,0,-1.9184653865522705e-13,False
exhale,110,6.6071769859878691,1.2589254117941675,0,-1.3500311979441904e-13,False
exhale,110,6.6026822320337448,1.2735030810166617,0,-1.4921397450962104e-13,False
exhale,110,6.5981686209984201,1.2882495516931343,0,-7.815970093361102e-14,False
exhale,110,6.5936362714978536,1.3031667784522993,0,-7.1054273576010019e-14,False
exhale,110,6.5890853031104655,1.3182567385564075,0,-4.2632564145606011e-14,False
exhale,110,6.5845158363757683,1.333521432163324,0,0,False
exhale,110,6.5799280110609777,1.348962882591654,0,-7.1054273576010019e-15,False
exhale,110,6.5753220408260908,1.3645831365889245,0,7.1054273576010019e-15,False
exhale,110,6.5706981581732702,1.3803842646028852,0,7.1054273576010019e-15,False
exhale,110,6.5660565961346062,1.3963683610559376,0,2.8421709430404007e-14,False
exhale,110,6.5613975882618671,1.4125375446227548,0,0,False
exhale,110,6.5567213686160457,1.4288939585111029,0,1.4210854715202004e-14,False
exhale,110,6.5520281717567501,1.4454397707459272,0,5.6843418860808015e-14,False
exhale,110,6.5473182327314055,1.4621771744567182,0,4.9737991503207013e-14,False
exhale,110,6.5425917870643326,1.4791083881682072,0,1.1368683772161603e-13,False
exhale,110,6.537849070745601,1.4962356560944337,0,1.0658141036401503e-13,False
exhale,110,6.5330903202198032,1.513561248436208,0,1.7053025658242404e-13,False
exhale,110,6.528315772374528,1.5310874616820302,0,-1.7763568394002505e-13,False
exhale,110,6.5235256645289619,1.5488166189124812,0,-1.7053025658242404e-13,False
exhale,110,6.5187202344218989,1.5667510701081493,0,-1.4921397450962104e-13,False
exhale,110,6.5138997201999738,1.5848931924611134,0,-1.1368683772161603e-13,False
exhale,110,6.5090643604055911,1.6032453906900417,0,-7.815970093361102e-14,False
exhale,110,6.5042143939647081,1.6218100973589298,0,-5.6843418860808015e-14,False
exhale,110,6.4993500601744891,1.6405897731995396,0,-7.1054273576010019e-15,False
exhale,110,6.4944715986908017,1.6595869074375604,0,7.1054273576010019e-15,False
exhale,110,6.4895792495155957,1.6788040181225607,0,2.1316282072803006e-14,False
exhale,110,6.4846732529841038,1.6982436524617444,0,2.1316282072803006e-14,False
exhale,110,6.4797538497519414,1.7179083871575884,0,7.1054273576010019e-15,False
exhale,110,6.4748212807820531,1.7378008287493754,0,-1.4210854715202004e-14,False
exhale,110,6.4698757873315271,1.7579236139586931,0,2.8421709430404007e-14,False
exhale,110,6.4649176109382864,1.7782794100389228,0,7.1054273576010019e-14,False
exhale,110,6.4599469934076543,1.7988709151287883,0,5.6843418860808015e-14,False
exhale,110,6.4549641767987973,1.8197008586099834,0,1.0658141036401503e-13,False
exhale,110,6.4499694034110329,1.8407720014689564,0,1.1368683772161603e-13,False
exhale,110,6.4449629157700539,1.8620871366628675,0,1.8474111129762605e-13,False
exhale,110,6.4399449566139486,1.883649089489801,0,-1.5631940186722204e-13,False
exhale,110,6.4349157688793595,1.9054607179632472,0,-1.7053025658242404e-13,False
exhale,110,6.4298755956871085,1.9275249131909356,0,-1.2079226507921703e-13,False
exhale,110,6.4248246803281184,1.9498445997580456,0,-4.2632564145606011e-14,False
exhale,110,6.4197632662490198,1.9724227361148534,0,-4.9737991503207013e-14,False
exhale,110,6.4146915970377378,1.9952623149688797,0,-2.8421709430404007e-14,False
exhale,110,6.4096099164089564,2.0183663636815607,0,-1.4210854715202004e-14,False
exhale,110,6.4045184681894813,2.0417379446695296,0,2.1316282072803006e-14,False
exhale,110,6.3994174982710961,2.0653801558105291,0,-7.1054273576010019e-15,False
exhale,110,6.3943072977716708,2.0892961308540396,0,-2.1316282072803006e-14,False
exhale,110,6.3891882025486808,2.1134890398366464,0,2.8421709430404007e-14,False
exhale,110,6.384060549692407,2.1379620895022327,0,2.1316282072803006e-14,False
exhale,110,6.3789246755330984,2.1627185237270199,0,1.4210854715202004e-14,False
exhale,110,6.3737809156198981,2.187761623949553,0,7.1054273576010019e-14,False
exhale,110,6.368629604699942,2.2130947096056377,0,7.815970093361102e-14,False
exhale,110,6.3634710766976417,2.2387211385683399,0,1.1368683772161603e-13,False
exhale,110,6.3583056646940923,2.2646443075930596,0,-1.4210854715202004e-13,False
exhale,110,6.3531337009068523,2.2908676527677736,0,-1.6342482922482304e-13,False
exhale,110,6.3479555166695505,2.3173946499684783,0,-1.5631940186722204e-13,False
exhale,110,6.3427714424120447,2.3442288153199229,0,-1.0658141036401503e-13,False
exhale,110,6.3375818076405626,2.3713737056616551,0,-3.5527136788005009e-14,False
exhale,110,6.3323869409181439,2.3988329190194912,0,-3.5527136788005009e-14,False
exhale,110,6.3271871698452289,2.4266100950824154,0,-2.1316282072803006e-14,False
exhale,110,6.3219828210404758,2.454708915685031,0,0,False
exhale,110,6.3167742201217987,2.4831331052955705,0,-7.1054273576010019e-15,False
exhale,110,6.3115616916876132,2.511886431509581,0,0,False
exhale,110,6.3063455592983058,2.5409727055493052,0,0,False
exhale,110,6.3011261454579168,2.5703957827688635,0,-7.1054273576010019e-15,False
exhale,110,6.2959037715960875,2.6001595631652723,0,3.5527136788005009e-14,False
exhale,110,6.2906787580501815,2.6302679918953813,0,4.9737991503207013e-14,False
exhale,110,6.2854514240477082,2.6607250597988097,0,6.3948846218409017e-14,False
exhale,110,6.280222087688955,2.6915348039269151,0,1.1368683772161603e-13,False
exhale,110,6.2749910659298003,2.7227013080779128,0,-1.3500311979441904e-13,False
exhale,110,6.2697586745650105,2.7542287033381663,0,-1.4210854715202004e-13,False
exhale,110,6.2645252282114008,2.7861211686297707,0,-1.3500311979441904e-13,False
exhale,110,6.2592910402915996,2.8183829312644537,0,-9.9475983006414026e-14,False
exhale,110,6.254056423017909,2.85101826750391,0,-7.1054273576010019e-14,False
exhale,110,6.248821687376453,2.8840315031266055,0,-3.5527136788005009e-14,False
exhale,110,6.2435871431115952,2.9174270140011673,0,0,False
exhale,110,6.2383530987106237,2.9512092266663856,0,7.1054273576010019e-15,False
exhale,110,6.2331198613887073,2.9853826189179604,0,7.1054273576010019e-15,False
exhale,110,6.227887737074119,3.0199517204020161,0,1.4210854715202004e-14,False
exhale,110,6.2226570303937345,3.0549211132155141,0,-1.4210854715202004e-14,False
exhale,110,6.2174280446588339,3.0902954325135905,0,1.4210854715202004e-14,False
exhale,110,6.2122010818511351,3.126079367123956,0,1.4210854715202004e-14,False
exhale,110,6.2069764426091645,3.1622776601683795,0,6.3948846218409017e-14,False
exhale,110,6.2017544318611773,3.1988951096913989,0,9.9475983006414026e-14,False
exhale,110,6.1965353755015515,3.2359365692962827,0,1.2789769243681803e-13,False
exhale,110,6.1913196030039845,3.273406948788383,0,-1.7053025658242404e-13,False
exhale,110,6.1861074417032951,3.3113112148259112,0,-1.4921397450962104e-13,False
exhale,110,6.1808992167862176,3.3496543915782775,0,-8.5265128291212022e-14,False
exhale,110,6.1756952512830718,3.3884415613920256,0,-9.2370555648813024e-14,False
exhale,110,6.1704958660598548,3.4276778654645046,0,-3.5527136788005009e-14,False
exhale,110,6.1653013798108551,3.4673685045253166,0,-4.2632564145606011e-14,False
exhale,110,6.160112109051858,3.5075187395256795,0,-7.1054273576010019e-15,False
exhale,110,6.1549283681138549,3.548133892335755,0,1.4210854715202004e-14,False
exhale,110,6.149750469137313,3.5892193464500517,0,-2.8421709430404007e-14,False
exhale,110,6.1445787220669663,3.630780547701014,0,-1.4210854715202004e-14,False
exhale,110,6.1394134346471123,3.6728230049808461,0,-7.1054273576010019e-15,False
exhale,110,6.1342549124174779,3.715352290971726,0,3.5527136788005009e-14,False
exhale,110,6.1291034587095581,3.7583740428844412,0,5.6843418860808015e-14,False
exhale,110,6.1239593746435066,3.8018939632056128,0,7.815970093361102e-14,False
exhale,110,6.1188229591255077,3.8459178204535354,0,7.815970093361102e-14,False
exhale,110,6.1136945088456773,3.8904514499428067,0,1.4921397450962104e-13,False
exhale,110,6.1085743182763999,3.9355007545577743,0,-1.4210854715202004e-13,False
exhale,110,6.1034626796713729,3.9810717055349731,0,-1.5631940186722204e-13,False
exhale,110,6.0983598830647869,4.0271703432545909,0,-1.0658141036401503e-13,False
exhale,110,6.0932662162712985,4.0738027780411281,0,-5.6843418860808015e-14,False
exhale,110,6.0881819648863678,4.1209751909733017,0,-4.9737991503207013e-14,False
exhale,110,6.0831074122870747,4.1686938347033546,0,1.4210854715202004e-14,False
exhale,110,6.0780428396334107,4.2169650342858223,0,7.1054273576010019e-15,False
exhale,110,6.0729885258700502,4.2657951880159279,0,1.4210854715202004e-14,False
exhale,110,6.0679447477285633,4.3151907682776525,0,1.4210854715202004e-14,False
exhale,110,6.0629117797300971,4.365158322401661,0,0,False
exhale,110,6.057889894188504,4.4157044735331255,0,7.1054273576010019e-15,False
exhale,110,6.052879361213904,4.4668359215096327,0,2.1316282072803006e-14,False
exhale,110,6.0478804487167066,4.5185594437492238,0,8.5265128291212022e-14,False
exhale,110,6.0428934224120381,4.5708818961487516,0,9.2370555648813024e-14,False
exhale,110,6.0379185458246241,4.6238102139926029,0,1.1368683772161603e-13,False
exhale,110,6.0329560802940723,4.6773514128719809,0,1.4210854715202004e-13,False
exhale,110,6.0280062849805551,4.7315125896148054,0,-1.4210854715202004e-13,False
exhale,110,6.0230694168710386,4.7863009232263831,0,-1.0658141036401503e-13,False
exhale,110,6.018145730785613,4.8417236758409938,0,-9.2370555648813024e-14,False
exhale,110,6.0132354786017919,4.8977881936844616,0,-5.6843418860808015e-14,False
exhale,110,6.008338892014752,4.9545019080479031,0,-4.9737991503207013e-14,False
exhale,110,6.003456182434511,5.011872336272722,0,-4.2632564145606011e-14,False
exhale,110,5.998587558171935,5.0699070827470445,0,-3.5527136788005009e-14,False
exhale,110,5.9937332252349318,5.1286138399136485,0,-2.1316282072803006e-14,False
exhale,110,5.9888933873431816,5.1880003892896118,0,-2.1316282072803006e-14,False
exhale,110,5.9840682459432193,5.2480746024977254,0,-3.5527136788005009e-14,False
exhale,110,5.9792580002238154,5.3088444423098844,0,-1.4210854715202004e-14,False
exhale,110,5.9744628471316847,5.3703179637025267,0,1.4210854715202004e-14,False
exhale,110,5.9696829813874857,5.4325033149243334,0,2.1316282072803006e-14,False
exhale,110,5.9649185955021258,5.4954087385762458,0,6.3948846218409017e-14,False
exhale,110,5.9601698797933285,5.5590425727040369,0,7.1054273576010019e-14,False
exhale,110,5.9554370224025135,5.6234132519034912,0,1.2789769243681803e-13,False
exhale,110,5.9507202093118599,5.6885293084384161,0,-1.5631940186722204e-13,False
exhale,110,5.9460196243618384,5.7543993733715695,0,-1.3500311979441904e-13,False
exhale,110,5.9413354492686512,5.8210321777087159,0,-8.5265128291212022e-14,False
exhale,110,5.9366678636422154,5.8884365535558896,0,-7.815970093361102e-14,False
exhale,110,5.93201704500426,5.9566214352901063,0,-5.6843418860808015e-14,False
exhale,110,5.927383168806645,6.0255958607435778,0,-3.5527136788005009e-14,False
exhale,110,5.9227664084499123,6.095368972401694,0,-7.1054273576010019e-15,False
exhale,110,5.9181669353020609,6.1659500186148222,0,2.1316282072803006e-14,False
exhale,110,5.9135849187174809,6.2373483548241913,0,2.8421709430404007e-14,False
exhale,110,5.909020526056131,6.3095734448019334,0,-1.4210854715202004e-14,False
exhale,110,5.9044739227028842,6.382634861905486,0,0,False
exhale,110,5.8999452720870238,6.4565422903465564,0,2.8421709430404007e-14,False
exhale,110,5.8954347357019472,6.5313055264747231,0,7.1054273576010019e-15,False
exhale,110,5.8909424731250493,6.6069344800759611,0,4.9737991503207013e-14,False
exhale,110,5.8864686420376868,6.6834391756861455,0,4.9737991503207013e-14,False
exhale,110,5.8820133982453946,6.7608297539198192,0,9.2370555648813024e-14,False
exhale,110,5.8775768956981524,6.8391164728142924,0,9.9475983006414026e-14,False
exhale,110,5.8731592865108375,6.9183097091893657,0,-1.2789769243681803e-13,False
exhale,110,5.8687607209838903,6.9984199600227344,0,-1.4210854715202004e-13,False
exhale,110,5.8643813476238584,7.0794578438413804,0,-1.4921397450962104e-13,False
exhale,110,5.8600213131643244,7.1614341021290198,0,-1.2079226507921703e-13,False
exhale,110,5.8556807625868066,7.2443596007499025,0,-5.6843418860808015e-14,False
exhale,110,5.8513598391417885,7.3282453313890406,0,-5.6843418860808015e-14,False
exhale,110,5.8470586843698689,7.4131024130091774,0,-5.6843418860808015e-14,False
exhale,110,5.8427774381229796,7.4989420933245583,0,7.1054273576010019e-15,False
exhale,110,5.8385162256069556,7.5857757502918401,0,-1.4210854715202004e-14,False
exhale,110,5.834275118593311,7.6736148936181898,0,-1.4210854715202004e-14,False
exhale,110,5.8300541745976631,7.7624711662869199,0,0,False
exhale,110,5.8258534499101469,7.8523563461007182,0,1.4210854715202004e-14,False
exhale,110,5.8216729996152896,7.9432823472428176,0,-1.4210854715202004e-14,False
exhale,110,5.8175128776118354,8.0352612218561728,0,-7.1054273576010019e-15,False
exhale,110,5.8133731366324382,8.1283051616409949,0,2.1316282072803006e-14,False
exhale,110,5.8092538282633406,8.2224264994707124,0,2.8421709430404007e-14,False
exhale,110,5.805155002963887,8.317637711026709,0,7.1054273576010019e-14,False
exhale,110,5.801076710086015,8.4139514164519511,0,1.3500311979441904e-13,False
exhale,110,5.7970189978936224,8.5113803820237628,0,1.3500311979441904e-13,False
exhale,110,5.7929819135818166,8.6099375218460068,0,-1.4210854715202004e-13,False
exhale,110,5.7889655032962191,8.709635899560805,0,-1.3500311979441904e-13,False
exhale,110,5.7849698121518864,8.8104887300801416,0,-1.1368683772161603e-13,False
exhale,110,5.7809948842523982,8.9125093813374541,0,-7.1054273576010019e-14,False
exhale,110,5.777040762708741,9.0157113760595706,0,-4.2632564145606011e-14,False
exhale,110,5.7731074896580834,9.1201083935590965,0,-2.1316282072803006e-14,False
exhale,110,5.76919510628246,9.2257142715476341,0,-2.8421709430404007e-14,False
exhale,110,5.7653036528273773,9.3325430079699103,0,0,False
exhale,110,5.7614331686202496,9.4406087628592363,0,2.8421709430404007e-14,False
exhale,110,5.7575836920887946,9.5499258602143584,0,-2.1316282072803006e-14,False
exhale,110,5.7537552607792914,9.6605087898981363,0,-1.4210854715202004e-14,False
exhale,110,5.7499479113747247,9.7723722095581067,0,-1.4210854715202004e-14,True
exhale,110,5.7461616797128201,9.885530946569391,0,-1.4210854715202004e-14,True
exhale,110,5.7423966008039882,10,0,2.8421709430404007e-14,True
exhale,110,5.738652708849127,10.115794542598982,0,0,True
exhale,110,5.7349300372573477,10.232929922807546,0,5.6843418860808015e-14,True
exhale,110,5.7312286186635353,10.351421666793442,0,7.1054273576010019e-14,True
exhale,110,5.7275484849458662,10.471285480508996,0,9.9475983006414026e-14,True
exhale,110,5.7238896672431308,10.592537251772887,0,1.1368683772161603e-13,True
exhale,110,5.7202521959719936,10.715193052376071,0,-1.6342482922482304e-13,True
exhale,110,5.7166361008442195,10.839269140212039,0,-1.4921397450962104e-13,True
exhale,110,5.713041410883525,10.964781961431852,0,-1.1368683772161603e-13,True
exhale,110,5.7094681544425985,11.091748152624008,0,-7.815970093361102e-14,True
exhale,110,5.705916359219863,11.220184543019629,0,-9.9475983006414026e-14,True
exhale,110,5.7023860522761494,11.350108156723154,0,-8.5265128291212022e-14,True
exhale,110,5.6988772600512521,11.481536214968829,0,-7.815970093361102e-14,True
exhale,110,5.6953900067952716,11.614486138403427,0,-4.2632564145606011e-14,True
exhale,110,5.6919242797866989,11.748975549395292,0,-4.2632564145606011e-14,True
exhale,110,5.6884800296618074,11.88502227437019,0,7.1054273576010019e-15,True
exhale,110,5.6850572054307662,12.022644346174131,0,-7.1054273576010019e-15,True
exhale,110,5.681655756073777,12.161860006463678,0,0,True
exhale,110,5.6782756305491926,12.302687708123811,0,-2.1316282072803006e-14,True
exhale,110,5.6749167778015357,12.445146117713856,0,0,True
exhale,110,5.6715791467693428,12.589254117941675,0,-7.1054273576010019e-15,True
exhale,110,5.6682626863929251,12.735030810166617,0,7.1054273576010019e-15,True
exhale,110,5.6649673456219753,12.882495516931336,0,7.1054273576010019e-15,True
exhale,110,5.6616930734230637,13.031667784523,0,4.2632564145606011e-14,True
exhale,110,5.658439818786988,13.182567385564074,0,4.2632564145606011e-14,True
exhale,110,5.6552075307360488,13.33521432163324,0,8.5265128291212022e-14,True
exhale,110,5.6519961583311522,13.489628825916533,0,7.815970093361102e-14,True
exhale,110,5.648805650678832,13.645831365889252,0,1.0658141036401503e-13,True
exhale,110,5.6456359569381425,13.803842646028853,0,1.5631940186722204e-13,True
exhale,110,5.6424870263274043,13.963683610559377,0,-1.5631940186722204e-13,True
exhale,110,5.6393588081310053,14.12537544622754,0,-1.4921397450962104e-13,True
exhale,110,5.6362512517057635,14.288939585111036,0,-1.4210854715202004e-13,True
exhale,110,5.6331643064875099,14.454397707459281,0,-1.2079226507921703e-13,True
exhale,110,5.6300979219973915,14.621771744567184,0,-9.9475983006414026e-14,True
exhale,110,5.6270520478481254,14.791083881682072,0,-6.3948846218409017e-14,True
exhale,110,5.624026633750109,14.962356560944343,0,-3.5527136788005009e-14,True
exhale,110,5.62102162951747,15.135612484362087,0,-2.8421709430404007e-14,True
exhale,110,5.6180369850740073,15.310874616820303,0,1.4210854715202004e-14,True
exhale,110,5.6150726504589956,15.488166189124811,0,-7.1054273576010019e-15,True
exhale,110,5.6121285758329558,15.667510701081484,0,-1.4210854715202004e-14,True
exhale,110,5.6092047114832839,15.848931924611142,0,2.1316282072803006e-14,True
exhale,110,5.6063010078297886,16.032453906900418,0,1.4210854715202004e-14,True
exhale,110,5.6034174154301759,16.218100973589298,0,-1.4210854715202004e-14,True
exhale,110,5.6005538849853949,16.405897731995388,0,-7.1054273576010019e-15,True
exhale,110,5.5977103673449173,16.595869074375614,0,3.5527136788005009e-14,True
exhale,110,5.594886813511935,16.788040181225607,0,7.1054273576010019e-15,True
exhale,110,5.5920831746484785,16.982436524617444,0,1.4210854715202004e-14,True
exhale,110,5.5892994020804094,17.179083871575877,0,1.4210854715202004e-14,True
exhale,110,5.586535447302392,17.378008287493763,0,4.9737991503207013e-14,True
exhale,110,5.5837912619827197,17.579236139586932,0,4.9737991503207013e-14,True
exhale,110,5.581066797968127,17.782794100389228,0,6.3948846218409017e-14,True
exhale,110,5.5783619988225421,17.988709151287875,0,1.0658141036401503e-13,True
exhale,110,5.5756767745551752,18.197008586099845,0,9.2370555648813024e-14,True
exhale,110,5.5730110272318862,18.407720014689563,0,1.4210854715202004e-13,True
exhale,110,5.5703646594692193,18.620871366628677,0,-1.6342482922482304e-13,True
exhale,110,5.5677375744319928,18.836490894898002,0,-1.4921397450962104e-13,True
exhale,110,5.5651296758305744,19.054607179632484,0,-1.4210854715202004e-13,True
exhale,110,5.5625408679184609,19.275249131909366,0,-1.2789769243681803e-13,True
exhale,110,5.5599710554896662,19.498445997580454,0,-1.3500311979441904e-13,True
exhale,110,5.5574201438761781,19.724227361148536,0,-9.9475983006414026e-14,True
exhale,110,5.554888038945367,19.952623149688808,0,-7.1054273576010019e-14,True
exhale,110,5.5523746470974178,20.183663636815616,0,-6.3948846218409017e-14,True
exhale,110,5.549879875262751,20.417379446695296,0,-5.6843418860808015e-14,True
exhale,110,5.5474036308994208,20.65380155810529,0,-4.9737991503207013e-14,True
exhale,110,5.5449458219905328,20.892961308540386,0,-2.8421709430404007e-14,True
exhale,110,5.5425063570416446,21.134890398366476,0,-2.8421709430404007e-14,True
exhale,110,5.5400851450781738,21.379620895022324,0,-1.4210854715202004e-14,True
exhale,110,5.5376820956427855,21.627185237270201,0,3.5527136788005009e-14,True
exhale,110,5.5352971187927951,21.87761623949552,0,-7.1054273576010019e-15,True
exhale,110,5.532930125097578,22.130947096056389,0,-2.1316282072803006e-14,True
exhale,110,5.5305810256359491,22.387211385683401,0,0,True
exhale,110,5.5282497319935642,22.646443075930595,0,-2.1316282072803006e-14,True
exhale,110,5.525936156260312,22.908676527677724,0,0,True
exhale,110,5.5236402110277192,23.173946499684796,0,-4.9737991503207013e-14,True
exhale,110,5.5213618093863497,23.442288153199225,0,7.1054273576010019e-15,True
exhale,110,5.519100864923189,23.713737056616552,0,0,True
exhale,110,5.5168572917190639,23.9883291901949,0,4.9737991503207013e-14,True
exhale,110,5.514631004346036,24.266100950824168,0,2.1316282072803006e-14,False
exhale,110,5.5124219178648106,24.547089156850312,0,4.9737991503207013e-14,False
exhale,110,5.5102299478221584,24.831331052955704,0,6.3948846218409017e-14,False
exhale,110,5.5080550102483068,25.118864315095795,0,4.9737991503207013e-14,False
exhale,110,5.505897021654385,25.409727055493065,0,6.3948846218409017e-14,False
exhale,110,5.5037558990298248,25.703957827688647,0,9.9475983006414026e-14,False
exhale,110,5.5016315598398018,26.001595631652723,0,1.1368683772161603e-13,False
exhale,110,5.4995239220226582,26.302679918953814,0,1.5631940186722204e-13,False
exhale,110,5.4974329039873169,26.607250597988113,0,-1.8474111129762605e-13,False
exhale,110,5.4953584246108482,26.915348039269166,0,-1.7053025658242404e-13,False
exhale,110,5.4933004032357289,27.227013080779127,0,-1.3500311979441904e-13,False
exhale,110,5.491258759155782,27.542287033381662,0,-1.8474111129762605e-13,False
exhale,110,5.4892334003809458,27.861211686297693,0,-1.3500311979441904e-13,False
exhale,110,5.4872242237338211,28.183829312644551,0,-1.4210854715202004e-13,False
exhale,110,5.4852311261428808,28.510182675039097,0,-1.2789769243681803e-13,False
exhale,110,5.4832540051488943,28.840315031266059,0,-7.815970093361102e-14,False
exhale,110,5.481292758898876,29.174270140011661,0,-6.3948846218409017e-14,False
exhale,110,5.4793472861401007,29.512092266663871,0,-8.5265128291212022e-14,False
exhale,110,5.4774174862141889,29.853826189179603,0,-7.1054273576010019e-14,False
exhale,110,5.4755032590512203,30.199517204020161,0,-4.9737991503207013e-14,False
exhale,110,5.4736045051639159,30.549211132155122,0,-1.4210854715202004e-14,False
exhale,110,5.4717211256418921,30.902954325135919,0,-2.1316282072803006e-14,False
exhale,110,5.4698530221459389,31.260793671239558,0,-1.4210854715202004e-14,False
exhale,110,5.4680000969023794,31.622776601683793,0,-2.8421709430404007e-14,False
exhale,110,5.4661622526974565,31.988951096913972,0,0,False
exhale,110,5.4643393928718078,32.359365692962847,0,2.1316282072803006e-14,False
exhale,110,5.4625314213149387,32.734069487883829,0,-7.1054273576010019e-15,False
exhale,110,5.4607382424598256,33.113112148259113,0,2.8421709430404007e-14,False
exhale,110,5.4589597612774732,33.496543915782759,0,0,False
exhale,110,5.4571958832716225,33.884415613920275,0,-2.8421709430404007e-14,False
exhale,110,5.4554465144734356,34.276778654645049,0,1.4210854715202004e-14,False
exhale,110,5.4537115614362532,34.673685045253166,0,-1.4210854715202004e-14,False
exhale,110,5.4519909312304229,35.075187395256798,0,2.8421709430404007e-14,False
exhale,110,5.4502845314381281,35.481338923357569,0,7.1054273576010019e-15,False
exhale,110,5.4485922701483291,35.892193464500536,0,7.1054273576010019e-15,False
exhale,110,5.4469140559516918,36.307805477010142,0,0,False
exhale,110,5.4452497979355954,36.72823004980846,0,-1.4210854715202004e-14,False
exhale,110,5.4435994056791897,37.153522909717239,0,2.1316282072803006e-14,False
exhale,110,5.4419627892484694,37.583740428844429,0,4.9737991503207013e-14,False
exhale,110,5.4403398591914351,38.018939632056124,0,5.6843418860808015e-14,False
exhale,110,5.4387305265332646,38.459178204535355,0,2.1316282072803006e-14,False
exhale,110,5.4371347027715515,38.904514499428046,0,4.2632564145606011e-14,False
exhale,110,5.4355522998715804,39.355007545577763,0,1.2789769243681803e-13,False
exhale,110,5.4339832302616236,39.810717055349734,0,9.9475983006414026e-14,False
exhale,110,5.4324274068283378,40.271703432545905,0,1.1368683772161603e-13,False
exhale,110,5.4308847429121458,40.738027780411258,0,1.4210854715202004e-13,False
exhale,110,5.4293551523026817,41.209751909733043,0,1.3500311979441904e-13,False
exhale,110,5.4278385492343002,41.686938347033553,0,1.5631940186722204e-13,False
exhale,110,5.4263348483815914,42.169650342858226,0,1.9184653865522705e-13,False
exhale,110,5.4248439639652695,42.657951880159253,0,-1.9184653865522705e-13,False
exhale,110,5.4233658070965856,43.151907682776546,0,-1.7053025658242404e-13,False
exhale,110,5.4219002884717815,43.651583224016612,0,-2.0605739337042905e-13,False
exhale,110,5.4204473192607603,44.157044735331255,0,-1.9184653865522705e-13,False
exhale,110,5.4190068111015481,44.668359215096302,0,-1.3500311979441904e-13,False
exhale,110,5.4175786760948554,45.185594437492263,0,-1.5631940186722204e-13,False
exhale,110,5.4161628267987041,45.708818961487516,0,-1.4921397450962104e-13,False
exhale,110,5.4147591762230975,46.238102139926035,0,-1.4921397450962104e-13,False
exhale,110,5.4133676378247788,46.77351412871981,0,-1.2789769243681803e-13,False
exhale,110,5.4119881255019964,47.315125896148075,0,-1.3500311979441904e-13,False
exhale,110,5.4106205535893945,47.863009232263849,0,-9.2370555648813024e-14,False
exhale,110,5.4092648368528957,48.417236758409942,0,-1.1368683772161603e-13,False
exhale,110,5.407920890484692,48.977881936844611,0,-9.2370555648813024e-14,False
exhale,110,5.4065886300982449,49.545019080479001,0,-7.815970093361102e-14,False
exhale,110,5.4052679717233767,50.118723362727252,0,-7.815970093361102e-14,False
exhale,110,5.4039588318014022,50.699070827470443,0,-4.9737991503207013e-14,False
exhale,110,5.4026611271803038,51.286138399136483,0,-5.6843418860808015e-14,False
exhale,110,5.4013747751099697,51.880003892896092,0,-2.8421709430404007e-14,False
exhale,110,5.4000996932374923,52.480746024977286,0,-7.1054273576010019e-15,False
exhale,110,5.3988357996024927,53.088444423098849,0,-2.8421709430404007e-14,False
exhale,110,5.3975830126325191,53.703179637025272,0,-2.1316282072803006e-14,False
exhale,110,5.3963412511384945,54.325033149243303,0,-2.1316282072803006e-14,False
exhale,110,5.3951104343101859,54.954087385762485,0,7.1054273576010019e-15,False
exhale,110,5.393890481711753,55.590425727040369,0,-7.1054273576010019e-15,False
exhale,110,5.3926813132773459,56.234132519034908,0,-7.1054273576010019e-15,False
exhale,110,5.3914828493067199,56.885293084384131,0,-7.1054273576010019e-15,False
exhale,110,5.3902950104609246,57.543993733715723,0,-7.1054273576010019e-15,False
exhale,110,5.3891177177580243,58.210321777087159,0,-7.1054273576010019e-15,False
exhale,110,5.3879508925688926,58.884365535558899,0,-1.4210854715202004e-14,False
exhale,110,5.3867944566129955,59.566214352901035,0,-2.1316282072803006e-14,False
exhale,110,5.3856483319542878,60.255958607435808,0,-1.4210854715202004e-14,False
exhale,110,5.3845124409970984,60.95368972401694,0,7.1054273576010019e-15,False
exhale,110,5.3833867064820886,61.659500186148222,0,-7.1054273576010019e-15,False
exhale,110,5.3822710514822454,62.373483548241914,0,-4.2632564145606011e-14,False
exhale,110,5.381165399398931,63.095734448019364,0,2.8421709430404007e-14,False
exhale,110,5.3800696739579204,63.82634861905489,0,-2.8421709430404007e-14,False
exhale,110,5.3789837992055816,64.56542290346556,0,1.4210854715202004e-14,False
exhale,110,5.3779076995049868,65.313055264747234,0,7.1054273576010019e-15,False
exhale,110,5.3768412995321384,66.06934480075958,0,-2.8421709430404007e-14,False
exhale,110,5.3757845242722144,66.834391756861493,0,-1.4210854715202004e-14,False
exhale,110,5.3747372990158313,67.60829753919819,0,7.1054273576010019e-15,False
exhale,110,5.373699549355381,68.391164728142925,0,-7.1054273576010019e-15,False
exhale,110,5.3726712011813955,69.183097091893629,0,2.1316282072803006e-14,False
exhale,110,5.3716521806789252,69.984199600227385,0,3.5527136788005009e-14,False
exhale,110,5.3706424143239975,70.794578438413808,0,3.5527136788005009e-14,False
exhale,110,5.3696418288800771,71.614341021290201,0,2.8421709430404007e-14,False
exhale,110,5.3686503513945878,72.443596007498982,0,4.9737991503207013e-14,False
exhale,110,5.3676679091954433,73.282453313890443,0,3.5527136788005009e-14,False
exhale,110,5.3666944298876551,74.131024130091774,0,6.3948846218409017e-14,False
exhale,110,5.3657298413499301,74.989420933245583,0,5.6843418860808015e-14,False
exhale,110,5.3647740717313477,75.857757502918361,0,8.5265128291212022e-14,False
exhale,110,5.3638270494480231,76.736148936181934,0,7.1054273576010019e-14,False
exhale,110,5.362888703179868,77.624711662869203,0,1.0658141036401503e-13,False
exhale,110,5.3619589618673125,78.523563461007186,0,1.0658141036401503e-13,False
exhale,110,5.3610377547081285,79.43282347242814,0,1.1368683772161603e-13,False
exhale,110,5.3601250111542411,80.352612218561774,0,1.2079226507921703e-13,False
exhale,110,5.3592206609085924,81.283051616409949,0,1.3500311979441904e-13,False
exhale,110,5.3583246339220345,82.224264994707127,0,1.4210854715202004e-13,False
exhale,110,5.3574368603902593,83.176377110267083,0,1.4210854715202004e-13,False
exhale,110,5.3565572707507476,84.139514164519554,0,1.7763568394002505e-13,False
exhale,110,5.3556857956797659,85.113803820237678,0,1.7053025658242404e-13,False
exhale,110,5.3548223660893788,86.099375218460082,0,1.9895196601282805e-13,False
exhale,110,5.3539669131245162,87.096358995608057,0,2.2026824808563106e-13,False
exhale,110,5.3531193681600007,88.10488730080138,0,-2.0605739337042905e-13,False
exhale,110,5.3522796627978142,89.12509381337459,0,-2.1316282072803006e-13,False
exhale,110,5.3514477288640334,90.157113760595706,0,-2.1316282072803006e-13,False
exhale,110,5.3506234984061329,91.201083935590972,0,-2.1316282072803006e-13,False
exhale,110,5.3498069036901512,92.257142715476292,0,-1.7053025658242404e-13,False
exhale,110,5.3489978771979336,93.325430079699146,0,-1.7053025658242404e-13,False
exhale,110,5.3481963516243862,94.40608762859236,0,-1.7763568394002505e-13,False
exhale,110,5.3474022598747677,95.499258602143584,0,-1.8474111129762605e-13,False
exhale,110,5.3466155350619999,96.60508789898131,0,-1.9184653865522705e-13,False
exhale,110,5.3458361105040213,97.72372209558111,0,-1.8474111129762605e-13,False
exhale,110,5.3450639197211558,98.855309465693907,0,-1.7763568394002505e-13,False
exhale,110,5.3442988964335107,100,0,-1.7053025658242404e-13,False
exhale,120,7.9371877445224488,0.10000000000000001,0,-8.5265128291212022e-14,False
exhale,120,7.936070991490622,0.10115794542598985,0,-7.815970093361102e-14,False
exhale,120,7.934943433489722,0.10232929922807542,0,-4.9737991503207013e-14,False
exhale,120,7.9338049200508705,0.10351421666793438,0,-3.5527136788005009e-14,False
exhale,120,7.9326553007704792,0.10471285480508996,0,-5.6843418860808015e-14,False
exhale,120,7.9314944253116497,0.10592537251772889,0,-1.4210854715202004e-14,False
exhale,120,7.9303221434055908,0.10715193052376065,0,-2.8421709430404007e-14,False
exhale,120,7.9291383048531072,0.10839269140212036,0,-3.5527136788005009e-14,False
exhale,120,7.9279427595260836,0.10964781961431851,0,-1.4210854715202004e-14,False
exhale,120,7.9267353573690178,0.11091748152624012,0,-1.4210854715202004e-14,False
exhale,120,7.9255159484005944,0.11220184543019636,0,0,False
exhale,120,7.9242843827152827,0.11350108156723152,0,-7.1054273576010019e-15,False
exhale,120,7.9230405104849755,0.11481536214968829,0,-1.4210854715202004e-14,False
exhale,120,7.9217841819606276,0.11614486138403426,0,7.1054273576010019e-15,False
exhale,120,7.9205152474739888,0.11748975549395298,0,-2.1316282072803006e-14,False
exhale,120,7.9192335574393198,0.11885022274370183,0,0,False
exhale,120,7.9179389623551515,0.12022644346174129,0,7.1054273576010019e-15,False
exhale,120,7.9166313128060892,0.12161860006463679,0,-7.1054273576010019e-15,False
exhale,120,7.9153104594646537,0.12302687708123815,0,1.4210854715202004e-14,False
exhale,120,7.9139762530931321,0.1244514611771385,0,-7.1054273576010019e-15,False
exhale,120,7.9126285445454938,0.12589254117941673,0,7.1054273576010019e-15,False
exhale,120,7.911267184769299,0.12735030810166617,0,0,False
exhale,120,7.9098920248076947,0.12882495516931339,0,7.1054273576010019e-15,False
exhale,120,7.9085029158013951,0.13031667784522993,0,0,False
exhale,120,7.9070997089907218,0.1318256738556407,0,0,False
exhale,120,7.9056822557176698,0.1333521432163324,0,-7.1054273576010019e-15,False
exhale,120,7.9042504074280187,0.13489628825916536,0,0,False
exhale,120,7.902804015673456,0.13645831365889247,0,-7.1054273576010019e-15,False
exhale,120,7.90134293211376,0.13803842646028849,0,0,False
exhale,120,7.8998670085189939,0.13963683610559377,0,7.1054273576010019e-15,False
exhale,120,7.8983760967717576,0.14125375446227545,0,1.4210854715202004e-14,False
exhale,120,7.8968700488694417,0.1428893958511103,0,0,False
exhale,120,7.895348716926561,0.14454397707459277,0,7.1054273576010019e-15,False
exhale,120,7.8938119531770727,0.14621771744567183,0,-7.1054273576010019e-15,False
exhale,120,7.8922596099767715,0.14791083881682077,0,1.4210854715202004e-14,False
exhale,120,7.8906915398056912,0.14962356560944334,0,3.5527136788005009e-14,False
exhale,120,7.8891075952705494,0.15135612484362079,0,0,False
exhale,120,7.8875076291072501,0.15310874616820302,0,3.5527136788005009e-14,False
exhale,120,7.8858914941833582,0.15488166189124811,0,2.1316282072803006e-14,False
exhale,120,7.8842590435007036,0.15667510701081494,0,3.5527136788005009e-14,False
exhale,120,7.8826101301979197,0.15848931924611134,0,2.8421709430404007e-14,False
exhale,120,7.8809446075531024,0.16032453906900418,0,5.6843418860808015e-14,False
exhale,120,7.8792623289864352,0.16218100973589297,0,6.3948846218409017e-14,False
exhale,120,7.8775631480629125,0.16405897731995392,0,7.1054273576010019e-14,False
exhale,120,7.8758469184950437,0.16595869074375605,0,9.2370555648813024e-14,False
exhale,120,7.8741134941456243,0.16788040181225602,0,1.0658141036401503e-13,False
exhale,120,7.8723627290305433,0.16982436524617442,0,1.2079226507921703e-13,False
exhale,120,7.8705944773215997,0.17179083871575881,0,1.2079226507921703e-13,False
exhale,120,7.8688085933493932,0.17378008287493754,0,1.1368683772161603e-13,False
exhale,120,7.8670049316062238,0.17579236139586926,0,1.2079226507921703e-13,False
exhale,120,7.8651833467490295,0.17782794100389229,0,1.5631940186722204e-13,False
exhale,120,7.8633436936023609,0.17988709151287879,0,1.9184653865522705e-13,False
exhale,120,7.8614858271614159,0.18197008586099836,0,1.9184653865522705e-13,False
exhale,120,7.8596096025950164,0.18407720014689558,0,-1.9895196601282805e-13,False
exhale,120,7.8577148752489236,0.18620871366628675,0,-1.9184653865522705e-13,False
exhale,120,7.8558015006486412,0.18836490894898006,0,-1.7763568394002505e-13,False
exhale,120,7.8538693345027752,0.19054607179632474,0,-1.7763568394002505e-13,False
exhale,120,7.851918232706204,0.19275249131909361,0,-1.8474111129762605e-13,False
exhale,120,7.8499480513432855,0.19498445997580455,0,-1.7763568394002505e-13,False
exhale,120,7.8479586466911497,0.19724227361148533,0,-1.5631940186722204e-13,False
exhale,120,7.8459498752229964,0.19952623149688797,0,-1.7053025658242404e-13,False
exhale,120,7.8439215936114488,0.20183663636815607,0,-1.3500311979441904e-13,False
exhale,120,7.8418736587319229,0.20417379446695297,0,-1.4210854715202004e-13,False
exhale,120,7.8398059276660748,0.20653801558105292,0,-1.0658141036401503e-13,False
exhale,120,7.8377182577052231,0.20892961308540398,0,-7.815970093361102e-14,False
exhale,120,7.8356105063538752,0.21134890398366465,0,-8.5265128291212022e-14,False
exhale,120,7.8334825313332486,0.21379620895022325,0,-7.815970093361102e-14,False
exhale,120,7.8313341905848421,0.21627185237270202,0,-7.1054273576010019e-14,False
exhale,120,7.8291653422740479,0.21877616239495529,0,-4.2632564145606011e-14,False
exhale,120,7.8269758447937914,0.22130947096056375,0,-6.3948846218409017e-14,False
exhale,120,7.8247655567682441,0.223872113856834,0,-1.4210854715202004e-14,False
exhale,120,7.8225343370565028,0.22646443075930595,0,-1.4210854715202004e-14,False
exhale,120,7.8202820447563912,0.22908676527677729,0,-2.1316282072803006e-14,False
exhale,120,7.8180085392082512,0.23173946499684786,0,-7.1054273576010019e-15,False
exhale,120,7.8157136799987734,0.2344228815319922,0,-7.1054273576010019e-15,False
exhale,120,7.8133973269648838,0.23713737056616552,0,0,False
exhale,120,7.8110593352294204,0.23988329190194904,0,-7.1054273576010019e-15,False
exhale,120,7.8086995403317321,0.24266100950824154,0,-7.1054273576010019e-15,False
exhale,120,7.8063177731924727,0.24547089156850305,0,7.1054273576010019e-15,False
exhale,120,7.8039138650959554,0.24831331052955705,0,-7.1054273576010019e-15,False
exhale,120,7.8014876476966952,0.25118864315095801,0,-2.8421709430404007e-14,False
exhale,120,7.7990389530259749,0.25409727055493053,0,-2.1316282072803006e-14,False
exhale,120,7.7965676134984907,0.25703957827688639,0,7.1054273576010019e-15,False
exhale,120,7.7940734619191057,0.26001595631652719,0,0,False
exhale,120,7.7915563314896668,0.26302679918953814,0,2.8421709430404007e-14,False
exhale,120,7.7890160558158978,0.26607250597988097,0,1.4210854715202004e-14,False
exhale,120,7.7864524689143781,0.26915348039269155,0,7.1054273576010019e-15,False
exhale,120,7.7838654052196157,0.27227013080779128,0,2.1316282072803006e-14,False
exhale,120,7.7812546995911518,0.27542287033381663,0,2.8421709430404007e-14,False
exhale,120,7.7786201873208034,0.2786121168629771,0,2.1316282072803006e-14,False
exhale,120,7.7759617041399629,0.28183829312644537,0,7.1054273576010019e-14,False
exhale,120,7.7732790862269505,0.28510182675039097,0,7.1054273576010019e-14,False
exhale,120,7.7705721702144919,0.28840315031266056,0,7.815970093361102e-14,False
exhale,120,7.7678407931972604,0.29174270140011677,0,9.9475983006414026e-14,False
exhale,120,7.7650847927394695,0.29512092266663853,0,1.3500311979441904e-13,False
exhale,120,7.7623040068825855,0.298538261891796,0,1.5631940186722204e-13,False
exhale,120,7.759498274153116,0.3019951720402016,0,1.8474111129762605e-13,False
exhale,120,7.7566674335703825,0.3054921113215513,0,-1.9184653865522705e-13,False
exhale,120,7.7538113246547011,0.30902954325135906,0,-1.7053025658242404e-13,False
exhale,120,7.7509297874350711,0.31260793671239551,0,-1.9184653865522705e-13,False
exhale,120,7.7480226624574797,0.31622776601683794,0,-1.7053025658242404e-13,False
exhale,120,7.7450897907930338,0.31988951096913981,0,-1.5631940186722204e-13,False
exhale,120,7.742131014046211,0.32359365692962827,0,-1.6342482922482304e-13,False
exhale,120,7.73914617436321,0.32734069487883821,0,-1.4210854715202004e-13,False
exhale,120,7.7361351144403603,0.33113112148259111,0,-9.2370555648813024e-14,False
exhale,120,7.7330976775326183,0.33496543915782767,0,-9.9475983006414026e-14,False
exhale,120,7.7300337074621606,0.33884415613920255,0,-7.1054273576010019e-14,False
exhale,120,7.7269430486270299,0.3427677865464504,0,-5.6843418860808015e-14,False
exhale,120,7.7238255460098744,0.34673685045253166,0,-3.5527136788005009e-14,False
exhale,120,7.720681045186776,0.35075187395256802,0,-4.2632564145606011e-14,False
exhale,120,7.7175093923361509,0.35481338923357547,0,-1.4210854715202004e-14,False
exhale,120,7.7143104342477091,0.35892193464500527,0,-1.4210854715202004e-14,False
exhale,120,7.7110840183315421,0.36307805477010141,0,7.1054273576010019e-15,False
exhale,120,7.7078299928111695,0.36728230049808469,0,0,False
exhale,120,7.704548210797312,0.37153522909717257,0,7.1054273576010019e-15,False
exhale,120,7.7012385303747504,0.3758374042884442,0,2.1316282072803006e-14,False
exhale,120,7.6979008106002329,0.38018939632056115,0,-2.8421709430404007e-14,False
exhale,120,7.6945349113313206,0.38459178204535355,0,-2.1316282072803006e-14,False
exhale,120,7.6911406932385775,0.38904514499428056,0,-1.4210854715202004e-14,False
exhale,120,7.6877180178178897,0.39355007545577742,0,1.4210854715202004e-14,False
exhale,120,7.6842667474028747,0.3981071705534972,0,7.1054273576010019e-15,False
exhale,120,7.6807867451773939,0.40271703432545908,0,4.2632564145606011e-14,False
exhale,120,7.6772778751881248,0.40738027780411273,0,4.2632564145606011e-14,False
exhale,120,7.6737400023573068,0.41209751909733022,0,6.3948846218409017e-14,False
exhale,120,7.6701729924954893,0.41686938347033542,0,8.5265128291212022e-14,False
exhale,120,7.6665767123144528,0.42169650342858223,0,1.0658141036401503e-13,False
exhale,120,7.6629510294401815,0.42657951880159267,0,1.5631940186722204e-13,False
exhale,120,7.6592958124259258,0.43151907682776525,0,1.4921397450962104e-13,False
exhale,120,7.6556109307654232,0.43651583224016599,0,1.7053025658242404e-13,False
exhale,120,7.6518962549060392,0.44157044735331252,0,-1.7053025658242404e-13,False
exhale,120,7.6481516562623693,0.44668359215096315,0,-1.7053025658242404e-13,False
exhale,120,7.6443770072293784,0.45185594437492238,0,-1.8474111129762605e-13,False
exhale,120,7.6405721811961191,0.45708818961487507,0,-1.3500311979441904e-13,False
exhale,120,7.6367370525592966,0.46238102139926035,0,-9.9475983006414026e-14,False
exhale,120,7.6328714967369891,0.46773514128719823,0,-8.5265128291212022e-14,False
exhale,120,7.6289753901824389,0.47315125896148053,0,-7.815970093361102e-14,False
exhale,120,7.6250486103979362,0.47863009232263842,0,-4.2632564145606011e-14,False
exhale,120,7.6210910359487611,0.48417236758409943,0,-4.2632564145606011e-14,False
exhale,120,7.6171025464772564,0.48977881936844625,0,-7.1054273576010019e-15,False
exhale,120,7.6130830227169284,0.4954501908047903,0,-2.8421709430404007e-14,False
exhale,120,7.6090323465066847,0.50118723362727235,0,7.1054273576010019e-15,False
exhale,120,7.6049504008051105,0.50699070827470427,0,1.5631940186722204e-13,False
exhale,120,7.6008370697047463,0.51286138399136483,0,-1.4210854715202004e-14,False
exhale,120,7.5966922384467583,0.51880003892896109,0,2.1316282072803006e-14,False
exhale,120,7.5925157934351963,0.52480746024977254,0,-7.1054273576010019e-15,False
exhale,120,7.5883076222517536,0.53088444423098835,0,7.1054273576010019e-15,False
exhale,120,7.5840676136703591,0.53703179637025267,0,7.1054273576010019e-15,False
exhale,120,7.5797956576719532,0.54325033149243318,0,4.2632564145606011e-14,False
exhale,120,7.5754916454592678,0.54954087385762451,0,4.2632564145606011e-14,False
exhale,120,7.5711554694717176,0.5559042572704036,0,5.6843418860808015e-14,False
exhale,120,7.566787023400356,0.56234132519034907,0,9.2370555648813024e-14,False
exhale,120,7.5623862114715994,0.56885293084384148,0,1.0658141036401503e-13,False
exhale,120,7.5579529763150219,0.57543993733715693,0,1.2789769243681803e-13,False
exhale,120,7.5534872712539602,0.58210321777087148,0,-1.8474111129762605e-13,False
exhale,120,7.5489890510649067,0.58884365535558902,0,-1.7763568394002505e-13,False
exhale,120,7.5444582719936983,0.59566214352901048,0,-1.6342482922482304e-13,False
exhale,120,7.5398948917720814,0.60255958607435778,0,-1.3500311979441904e-13,False
exhale,120,7.5352988696341487,0.60953689724016924,0,-1.0658141036401503e-13,False
exhale,120,7.5306701663327358,0.61659500186148219,0,-7.1054273576010019e-14,False
exhale,120,7.5260087441558552,0.62373483548241926,0,-6.3948846218409017e-14,False
exhale,120,7.5213145669431318,0.63095734448019336,0,-7.1054273576010019e-15,False
exhale,120,7.5165876001021648,0.63826348619054873,0,-2.8421709430404007e-14,False
exhale,120,7.5118278106249639,0.64565422903465564,0,7.1054273576010019e-15,False
exhale,120,7.5070351671042568,0.65313055264747244,0,-7.1054273576010019e-15,False
exhale,120,7.5022096397498874,0.66069344800759611,0,-4.2632564145606011e-14,False
exhale,120,7.4973512004050988,0.66834391756861466,0,-2.1316282072803006e-14,False
exhale,120,7.4924598225628234,0.67608297539198192,0,7.1054273576010019e-15,False
exhale,120,7.4875354813819408,0.68391164728142928,0,2.1316282072803006e-14,False
exhale,120,7.4825781537034821,0.69183097091893642,0,1.4210854715202004e-14,False
exhale,120,7.4775878180668212,0.69984199600227348,0,0,False
exhale,120,7.4725644547257914,0.70794578438413791,0,7.1054273576010019e-14,False
exhale,120,7.4675080456647436,0.71614341021290195,0,9.2370555648813024e-14,False
exhale,120,7.4624185746146026,0.72443596007499,0,1.0658141036401503e-13,False
exhale,120,7.457296027068824,0.73282453313890406,0,1.4210854715202004e-13,False
exhale,120,7.4521403902992489,0.74131024130091749,0,-1.6342482922482304e-13,False
exhale,120,7.4469516533721265,0.74989420933245587,0,-1.5631940186722204e-13,False
exhale,120,7.4417298071636333,0.75857757502918377,0,-1.4921397450962104e-13,False
exhale,120,7.4364748443757325,0.76736148936181892,0,-1.0658141036401503e-13,False
exhale,120,7.4311867595517516,0.77624711662869172,0,-7.1054273576010019e-14,False
exhale,120,7.4258655490919265,0.78523563461007184,0,-4.9737991503207013e-14,False
exhale,120,7.4205112112688623,0.79432823472428149,0,-2.1316282072803006e-14,False
exhale,120,7.4151237462428687,0.80352612218561725,0,-7.1054273576010019e-15,False
exhale,120,7.4097031560772715,0.81283051616409929,0,7.1054273576010019e-15,False
exhale,120,7.4042494447535274,0.82224264994707119,0,7.1054273576010019e-15,False
exhale,120,7.3987626181863115,0.83176377110267108,0,-2.1316282072803006e-14,False
exhale,120,7.3932426842384844,0.84139514164519513,0,-2.1316282072803006e-14,False
exhale,120,7.3876896527359186,0.85113803820237655,0,1.4210854715202004e-14,False
exhale,120,7.3821035354821962,0.86099375218460072,0,7.1054273576010019e-15,False
exhale,120,7.3764843487426592,0.87096358995608081,0,3.5527136788005009e-14,False
exhale,120,7.370832167571904,0.88104887300801427,0,6.3948846218409017e-14,False
exhale,120,7.3651471257669758,0.89125093813374567,0,1.0658141036401503e-13,False
exhale,120,7.3594293615239526,0.90157113760595708,0,1.6342482922482304e-13,False
exhale,120,7.353679014975687,0.91201083935590965,0,-1.3500311979441904e-13,False
exhale,120,7.3478962281993612,0.92257142715476315,0,-1.2079226507921703e-13,False
exhale,120,7.342081145223287,0.93325430079699101,0,-1.2079226507921703e-13,False
exhale,120,7.3362339120338325,0.94406087628592328,0,-7.815970093361102e-14,False
exhale,120,7.3303546765817664,0.95499258602143589,0,-4.2632564145606011e-14,False
exhale,120,7.3244435887883554,0.96605087898981334,0,0,False
exhale,120,7.3185008005510923,0.97723722095581067,0,-7.1054273576010019e-15,False
exhale,120,7.3125264657490989,0.98855309465693886,0,-2.8421709430404007e-14,False
exhale,120,7.3065207402481764,1,0,7.1054273576010019e-15,False
exhale,120,7.3004837819054753,1.0115794542598988,0,7.1054273576010019e-15,False
exhale,120,7.2944157505738607,1.0232929922807541,0,7.1054273576010019e-15,False
exhale,120,7.288316808105864,1.0351421666793441,0,1.4210854715202004e-14,False
exhale,120,7.2821871183572986,1.0471285480508996,0,2.8421709430404007e-14,False
exhale,120,7.2760268471904919,1.0592537251772887,0,4.9737991503207013e-14,False
exhale,120,7.2698361624771515,1.0715193052376064,0,7.815970093361102e-14,False
exhale,120,7.2636152341008255,1.0839269140212033,0,1.3500311979441904e-13,False
exhale,120,7.2573642339589695,1.0964781961431851,0,-1.4921397450962104e-13,False
exhale,120,7.251083335964811,1.1091748152624008,0,-1.0658141036401503e-13,False
exhale,120,7.2447727160484048,1.1220184543019636,0,-1.1368683772161603e-13,False
exhale,120,7.2384325521577297,1.1350108156723149,0,-7.1054273576010019e-14,False
exhale,120,7.2320630242591335,1.1481536214968828,0,-3.5527136788005009e-14,False
exhale,120,7.2256643143374468,1.1614486138403426,0,-7.1054273576010019e-15,False
exhale,120,7.2192366063956879,1.1748975549395297,0,2.1316282072803006e-14,False
exhale,120,7.2127800864543117,1.1885022274370183,0,-9.9475983006414026e-14,False
exhale,120,7.206294942550171,1.2022644346174132,0,0,False
exhale,120,7.1997813647347773,1.2161860006463678,0,-1.4210854715202004e-14,False
exhale,120,7.193239545072502,1.2302687708123818,0,-7.1054273576010019e-15,False
exhale,120,7.1866696776380738,1.244514611771385,0,7.1054273576010019e-15,False
exhale,120,7.1800719585137456,1.2589254117941675,0,7.1054273576010019e-14,False
exhale,120,7.1734465857860279,1.2735030810166617,0,7.1054273576010019e-14,False
exhale,120,7.1667937595419833,1.2882495516931343,0,1.2789769243681803e-13,False
exhale,120,7.160113681865008,1.3031667784522993,0,-1.7763568394002505e-13,False
exhale,120,7.1534065568304204,1.3182567385564075,0,-9.2370555648813024e-14,False
exhale,120,7.1466725905001356,1.333521432163324,0,-6.3948846218409017e-14,False
exhale,120,7.139912017893602,1.348962882591654,0,-4.2632564145606011e-14,False
exhale,120,7.1331251836553857,1.3645831365889245,0,-1.4210854715202004e-14,False
exhale,120,7.1263124606664512,1.3803842646028852,0,-1.4210854715202004e-14,False
exhale,120,7.1194742229817924,1.3963683610559376,0,1.4210854715202004e-14,False
exhale,120,7.1126108458068265,1.4125375446227548,0,0,False
exhale,120,7.1057227054732595,1.4288939585111029,0,7.1054273576010019e-15,False
exhale,120,7.0988101794145262,1.4454397707459272,0,2.1316282072803006e-14,False
exhale,120,7.0918736461407574,1.4621771744567182,0,1.4210854715202004e-14,False
exhale,120,7.0849134852133124,1.4791083881682072,0,6.3948846218409017e-14,False
exhale,120,7.0779300772188236,1.4962356560944337,0,5.6843418860808015e-14,False
exhale,120,7.0709238037428666,1.513561248436208,0,1.1368683772161603e-13,False
exhale,120,7.0638950473430713,1.5310874616820302,0,-1.3500311979441904e-13,False
exhale,120,7.056844191522071,1.5488166189124812,0,-1.1368683772161603e-13,False
exhale,120,7.0497716206996177,1.5667510701081493,0,-6.3948846218409017e-14,False
exhale,120,7.0426777201846349,1.5848931924611134,0,-3.5527136788005009e-14,False
exhale,120,7.0355628761467104,1.6032453906900417,0,-1.4210854715202004e-14,False
exhale,120,7.0284274755872262,1.6218100973589298,0,2.1316282072803006e-14,False
exhale,120,7.0212719063100346,1.6405897731995396,0,0,False
exhale,120,7.0140965568918414,1.6595869074375604,0,0,False
exhale,120,7.0069018166521184,1.6788040181225607,0,3.5527136788005009e-14,False
exhale,120,6.9996880756226805,1.6982436524617444,0,2.1316282072803006e-14,False
exhale,120,6.9924557245169341,1.7179083871575884,0,4.2632564145606011e-14,False
exhale,120,6.9852051546987042,1.7378008287493754,0,8.5265128291212022e-14,False
exhale,120,6.9779367581507605,1.7579236139586931,0,1.4210854715202004e-13,False
exhale,120,6.9706509274429465,1.7782794100389228,0,-1.2079226507921703e-13,False
exhale,120,6.9633480557001786,1.7988709151287883,0,-1.0658141036401503e-13,False
exhale,120,6.9560285365697627,1.8197008586099834,0,-7.815970093361102e-14,False
exhale,120,6.9486927641887277,1.8407720014689564,0,-4.2632564145606011e-14,False
exhale,120,6.9413411331507193,1.8620871366628675,0,1.4210854715202004e-14,False
exhale,120,6.9339740384726118,1.883649089489801,0,-7.1054273576010019e-15,False
exhale,120,6.9265918755608791,1.9054607179632472,0,-1.4210854715202004e-14,False
exhale,120,6.9191950401776232,1.9275249131909356,0,-2.1316282072803006e-14,False
exhale,120,6.9117839284064138,1.9498445997580456,0,1.4210854715202004e-14,False
exhale,120,6.9043589366178182,1.9724227361148534,0,7.1054273576010019e-15,False
exhale,120,6.8969204614347506,1.9952623149688797,0,7.815970093361102e-14,False
exhale,120,6.8894688996975333,2.0183663636815607,0,9.9475983006414026e-14,False
exhale,120,6.8820046484287474,2.0417379446695296,0,-1.3500311979441904e-13,False
exhale,120,6.8745281078142089,2.0653801558105291,0,-1.3500311979441904e-13,False
exhale,120,6.8670397473049327,2.0892961308540396,0,-6.3948846218409017e-14,False
exhale,120,6.8595401046489677,2.1134890398366464,0,-2.8421709430404007e-14,False
exhale,120,6.85202971909324,2.1379620895022327,0,-1.4210854715202004e-14,False
exhale,120,6.8445091283113459,2.1627185237270199,0,-7.1054273576010019e-15,False
exhale,120,6.8369788683559376,2.187761623949553,0,-4.2632564145606011e-14,False
exhale,120,6.8294394736115924,2.2130947096056377,0,7.1054273576010019e-15,False
exhale,120,6.8218914767479895,2.2387211385683399,0,0,False
exhale,120,6.8143354086736512,2.2646443075930596,0,4.9737991503207013e-14,False
exhale,120,6.8067717984900362,2.2908676527677736,0,6.3948846218409017e-14,False
exhale,120,6.7992011734461668,2.3173946499684783,0,8.5265128291212022e-14,False
exhale,120,6.7916240588936621,2.3442288153199229,0,-1.2789769243681803e-13,False
exhale,120,6.7840409782424569,2.3713737056616551,0,-1.0658141036401503e-13,False
exhale,120,6.7764524529167156,2.3988329190194912,0,-7.815970093361102e-14,False
exhale,120,6.7688590023115394,2.4266100950824154,0,-5.6843418860808015e-14,False
exhale,120,6.761261143750116,2.454708915685031,0,-3.5527136788005009e-14,False
exhale,120,6.7536593924414294,2.4831331052955705,0,7.1054273576010019e-15,False
exhale,120,6.7460542614384975,2.511886431509581,0,-7.1054273576010019e-15,False
exhale,120,6.7384462615972662,2.5409727055493052,0,-7.1054273576010019e-15,False
exhale,120,6.730835901536004,2.5703957827688635,0,1.4210854715202004e-14,False
exhale,120,6.7232236875953584,2.6001595631652723,0,1.4210854715202004e-14,False
exhale,120,6.7156101237990216,2.6302679918953813,0,4.2632564145606011e-14,False
exhale,120,6.7079957118149753,2.6607250597988097,0,9.2370555648813024e-14,False
exhale,120,6.7003809509174097,2.6915348039269151,0,-7.1054273576010019e-14,False
exhale,120,6.6927663379493829,2.7227013080779128,0,-1.1368683772161603e-13,False
exhale,120,6.6851523672858937,2.7542287033381663,0,-2.8421709430404007e-14,False
exhale,120,6.6775395307978451,2.7861211686297707,0,-7.1054273576010019e-15,False
exhale,120,6.6699283178166215,2.8183829312644537,0,-1.4210854715202004e-14,False
exhale,120,6.6623192150993349,2.85101826750391,0,1.4210854715202004e-14,False
exhale,120,6.6547127067947729,2.8840315031266055,0,-2.1316282072803006e-14,False
exhale,120,6.6471092744100782,2.9174270140011673,0,1.4210854715202004e-14,False
exhale,120,6.6395093967780969,2.9512092266663856,0,-7.1054273576010019e-15,False
exhale,120,6.6319135500255086,2.9853826189179604,0,4.9737991503207013e-14,False
exhale,120,6.6243222075416384,3.0199517204020161,0,1.0658141036401503e-13,False
exhale,120,6.6167358399479976,3.0549211132155141,0,-9.9475983006414026e-14,False
exhale,120,6.6091549150687214,3.0902954325135905,0,-1.3500311979441904e-13,False
exhale,120,6.601579897901483,3.126079367123956,0,-6.3948846218409017e-14,False
exhale,120,6.5940112505893866,3.1622776601683795,0,-4.2632564145606011e-14,False
exhale,120,6.5864494419834534,3.1988951096913989,0,-5.6843418860808015e-14,False
exhale,120,6.5788949758760218,3.2359365692962827,0,1.4210854715202004e-14,False
exhale,120,6.5713483613172095,3.273406948788383,0,2.1316282072803006e-14,False
exhale,120,6.5638101028810052,3.3113112148259112,0,-7.1054273576010019e-15,False
exhale,120,6.556280700650297,3.3496543915782775,0,2.8421709430404007e-14,False
exhale,120,6.5487606502033202,3.3884415613920256,0,3.5527136788005009e-14,False
exhale,120,6.5412504426014628,3.4276778654645046,0,4.9737991503207013e-14,False
exhale,120,6.5337505643783764,3.4673685045253166,0,8.5265128291212022e-14,False
exhale,120,6.5262614975304061,3.5075187395256795,0,-9.2370555648813024e-14,False
exhale,120,6.518783719508459,3.548133892335755,0,-9.2370555648813024e-14,False
exhale,120,6.5113177032109366,3.5892193464500517,0,-4.9737991503207013e-14,False
exhale,120,6.50386391697816,3.630780547701014,0,-2.8421709430404007e-14,False
exhale,120,6.496422824588004,3.6728230049808461,0,-3.5527136788005009e-14,False
exhale,120,6.4889948852527901,3.715352290971726,0,1.4210854715202004e-14,False
exhale,120,6.4815805536174107,3.7583740428844412,0,2.1316282072803006e-14,False
exhale,120,6.4741802797587118,3.8018939632056128,0,1.4210854715202004e-14,False
exhale,120,6.4667945091861032,3.8459178204535354,0,1.4210854715202004e-14,False
exhale,120,6.4594236828433322,3.8904514499428067,0,4.9737991503207013e-14,False
exhale,120,6.4520682371114608,3.9355007545577743,0,8.5265128291212022e-14,False
exhale,120,6.4447286038130391,3.9810717055349731,0,1.2079226507921703e-13,False
exhale,120,6.4374052102173742,4.0271703432545909,0,-8.5265128291212022e-14,False
exhale,120,6.4300984790470892,4.0738027780411281,0,-4.2632564145606011e-14,False
exhale,120,6.4228088284855263,4.1209751909733017,0,-4.9737991503207013e-14,False
exhale,120,6.4155366721855307,4.1686938347033546,0,-2.1316282072803006e-14,False
exhale,120,6.4082824192791854,4.2169650342858223,0,0,False
exhale,120,6.4010464743886315,4.2657951880159279,0,-2.1316282072803006e-14,False
exhale,120,6.3938292376379762,4.3151907682776525,0,0,False
exhale,120,6.3866311046661686,4.365158322401661,0,7.1054273576010019e-15,False
exhale,120,6.3794524666409771,4.4157044735331255,0,1.4210854715202004e-14,False
exhale,120,6.3722937102738921,4.4668359215096327,0,4.2632564145606011e-14,False
exhale,120,6.3651552178360458,4.5185594437492238,0,7.815970093361102e-14,False
exhale,120,6.358037367175057,4.5708818961487516,0,-1.2079226507921703e-13,False
exhale,120,6.3509405317329541,4.6238102139926029,0,-9.9475983006414026e-14,False
exhale,120,6.3438650805647594,4.6773514128719809,0,-7.815970093361102e-14,False
exhale,120,6.3368113783582256,4.7315125896148054,0,-3.5527136788005009e-14,False
exhale,120,6.3297797854543525,4.7863009232263831,0,-7.1054273576010019e-15,False
exhale,120,6.3227706578687739,4.8417236758409938,0,7.1054273576010019e-15,False
exhale,120,6.3157843463222312,4.8977881936844616,0,1.4210854715202004e-14,False
exhale,120,6.3088211743847937,4.9545019080479031,0,-1.4210854715202004e-14,False
exhale,120,6.3018814382492616,5.011872336272722,0,1.4210854715202004e-14,False
exhale,120,6.2949654284788741,5.0699070827470445,0,-1.4210854715202004e-14,False
exhale,120,6.2880734310367652,5.1286138399136485,0,1.4210854715202004e-14,False
exhale,120,6.2812057273265118,5.1880003892896118,0,9.9475983006414026e-14,False
exhale,120,6.2743625942332679,5.2480746024977254,0,-8.5265128291212022e-14,False
exhale,120,6.2675443041656527,5.3088444423098844,0,-5.6843418860808015e-14,False
exhale,120,6.2607511250979098,5.3703179637025267,0,-8.5265128291212022e-14,False
exhale,120,6.2539833206128952,5.4325033149243334,0,-3.5527136788005009e-14,False
exhale,120,6.2472411499454124,5.4954087385762458,0,-7.1054273576010019e-15,False
exhale,120,6.2405248680260961,5.5590425727040369,0,-2.8421709430404007e-14,False
exhale,120,6.2338347255257487,5.6234132519034912,0,-7.1054273576010019e-15,False
exhale,120,6.2271709689001034,5.6885293084384161,0,2.1316282072803006e-14,False
exhale,120,6.2205338404350208,5.7543993733715695,0,7.1054273576010019e-15,False
exhale,120,6.2139235782920679,5.8210321777087159,0,-1.4210854715202004e-14,False
exhale,120,6.2073404165544659,5.8884365535558896,0,5.6843418860808015e-14,False
exhale,120,6.2007845852733618,5.9566214352901063,0,6.3948846218409017e-14,False
exhale,120,6.1942563105144783,6.0255958607435778,0,7.815970093361102e-14,False
exhale,120,6.1877558144049774,6.095368972401694,0,-1.0658141036401503e-13,False
exhale,120,6.1812833151807682,6.1659500186148222,0,-7.815970093361102e-14,False
exhale,120,6.1748390272338067,6.2373483548241913,0,-4.9737991503207013e-14,False
exhale,120,6.1684231611598843,6.3095734448019334,0,-3.5527136788005009e-14,False
exhale,120,6.1620359238065214,6.382634861905486,0,-1.4210854715202004e-14,False
exhale,120,6.1556775183210553,6.4565422903465564,0,-2.8421709430404007e-14,False
exhale,120,6.1493481441989539,6.5313055264747231,0,1.4210854715202004e-14,False
exhale,120,6.1430479973322321,6.6069344800759611,0,2.1316282072803006e-14,False
exhale,120,6.1367772700580545,6.6834391756861455,0,7.1054273576010019e-15,False
exhale,120,6.1305361512074485,6.7608297539198192,0,2.8421709430404007e-14,False
exhale,120,6.1243248261541074,6.8391164728142924,0,1.4210854715202004e-14,False
exhale,120,6.1181434768633212,6.9183097091893657,0,9.2370555648813024e-14,False
exhale,120,6.1119922819408927,6.9984199600227344,0,-1.2079226507921703e-13,False
exhale,120,6.1058714166823185,7.0794578438413804,0,-9.2370555648813024e-14,False
exhale,120,6.0997810531216805,7.1614341021290198,0,-7.1054273576010019e-14,False
exhale,120,6.0937213600808775,7.2443596007499025,0,-3.5527136788005009e-14,False
exhale,120,6.0876925032186904,7.3282453313890406,0,-4.9737991503207013e-14,False
exhale,120,6.081694645079919,7.4131024130091774,0,7.1054273576010019e-15,False
exhale,120,6.0757279451444459,7.4989420933245583,0,7.1054273576010019e-15,False
exhale,120,6.0697925421713563,7.5857757502918401,0,0,False
exhale,120,6.0638885013603634,7.6736148936181898,0,-2.1316282072803006e-14,False
exhale,120,6.0580158679122169,7.7624711662869199,0,2.1316282072803006e-14,False
exhale,120,6.0521746848364186,7.8523563461007182,0,1.4210854715202004e-14,False
exhale,120,6.0463649929966392,7.9432823472428176,0,3.5527136788005009e-14,False
exhale,120,6.0405868311557223,8.0352612218561728,0,6.3948846218409017e-14,False
exhale,120,6.0348402360203188,8.1283051616409949,0,9.2370555648813024e-14,False
exhale,120,6.0291252422851445,8.2224264994707124,0,-1.2079226507921703e-13,False
exhale,120,6.0234418826769147,8.317637711026709,0,-9.2370555648813024e-14,False
exhale,120,6.0177901879977078,8.4139514164519511,0,-6.3948846218409017e-14,False
exhale,120,6.0121701871681132,8.5113803820237628,0,-7.1054273576010019e-14,False
exhale,120,6.0065819072699318,8.6099375218460068,0,-2.8421709430404007e-14,False
exhale,120,6.0010253735884227,8.709635899560805,0,-2.8421709430404007e-14,False
exhale,120,5.9955006096542327,8.8104887300801416,0,-7.1054273576010019e-15,False
exhale,120,5.9900076372848368,8.9125093813374541,0,1.4210854715202004e-14,False
exhale,120,5.984546476625658,9.0157113760595706,0,2.1316282072803006e-14,False
exhale,120,5.9791171461907133,9.1201083935590965,0,0,False
exhale,120,5.9737196629028917,9.2257142715476341,0,7.1054273576010019e-15,False
exhale,120,5.9683540421338126,9.3325430079699103,0,2.8421709430404007e-14,False
exhale,120,5.9630202977432685,9.4406087628592363,0,7.1054273576010019e-14,False
exhale,120,5.9577184421182805,9.5499258602143584,0,9.9475983006414026e-14,False
exhale,120,5.9524484862117175,9.6605087898981363,0,1.2079226507921703e-13,False
exhale,120,5.9472104395805143,9.7723722095581067,0,-9.2370555648813024e-14,True
exhale,120,5.9420043104235694,9.885530946569391,0,-1.1368683772161603e-13,True
exhale,120,5.9368301056190331,10,0,-4.9737991503207013e-14,True
exhale,120,5.9316878307613781,10.115794542598982,0,-4.2632564145606011e-14,True
exhale,120,5.9265774901979977,10.232929922807546,0,-2.8421709430404007e-14,True
exhale,120,5.9214990870653974,10.351421666793442,0,-1.4210854715202004e-14,True
exhale,120,5.9164526233249823,10.471285480508996,0,-7.1054273576010019e-15,True
exhale,120,5.9114380997984357,10.592537251772887,0,-1.4210854715202004e-14,True
exhale,120,5.9064555162027519,10.715193052376071,0,3.5527136788005009e-14,True
exhale,120,5.9015048711847697,10.839269140212039,0,7.1054273576010019e-15,True
exhale,120,5.8965861623554288,10.964781961431852,0,2.1316282072803006e-14,True
exhale,120,5.8916993863235323,11.091748152624008,0,3.5527136788005009e-14,True
exhale,120,5.8868445387291928,11.220184543019629,0,2.1316282072803006e-14,True
exhale,120,5.8820216142768311,11.350108156723154,0,6.3948846218409017e-14,True
exhale,120,5.8772306067678288,11.481536214968829,0,7.815970093361102e-14,True
exhale,120,5.8724715069822739,11.614486138403427,0,-1.2789769243681803e-13,True
exhale,120,5.867744255533327,11.748975549395292,0,-8.5265128291212022e-14,True
exhale,120,5.8630487434618344,11.88502227437019,0,-1.1368683772161603e-13,True
exhale,120,5.8583848598069146,12.022644346174131,0,-7.1054273576010019e-14,True
exhale,120,5.8537524937764314,12.161860006463678,0,-2.1316282072803006e-14,True
exhale,120,5.8491515347617247,12.302687708123811,0,-2.1316282072803006e-14,True
exhale,120,5.8445818723520242,12.445146117713856,0,-2.8421709430404007e-14,True
exhale,120,5.8400433963484728,12.589254117941675,0,-7.1054273576010019e-15,True
exhale,120,5.8355359967778586,12.735030810166617,0,1.4210854715202004e-14,True
exhale,120,5.8310595639060159,12.882495516931336,0,0,True
exhale,120,5.8266139882509185,13.031667784523,0,2.8421709430404007e-14,True
exhale,120,5.8221991605954377,13.182567385564074,0,-1.4210854715202004e-14,True
exhale,120,5.8178149719998462,13.33521432163324,0,7.1054273576010019e-15,True
exhale,120,5.8134613138139528,13.489628825916533,0,3.5527136788005009e-14,True
exhale,120,5.8091380776890125,13.645831365889252,0,4.9737991503207013e-14,True
exhale,120,5.8048451555893248,13.803842646028853,0,8.5265128291212022e-14,True
exhale,120,5.8005824398035299,13.963683610559377,0,9.2370555648813024e-14,True
exhale,120,5.7963498229556443,14.12537544622754,0,-9.9475983006414026e-14,True
exhale,120,5.7921471980159289,14.288939585111036,0,-1.0658141036401503e-13,True
exhale,120,5.7879744583112442,14.454397707459281,0,-7.815970093361102e-14,True
exhale,120,5.783831497535397,14.621771744567184,0,-7.815970093361102e-14,True
exhale,120,5.77971820975913,14.791083881682072,0,-7.815970093361102e-14,True
exhale,120,5.7756344894398532,14.962356560944343,0,-3.5527136788005009e-14,True
exhale,120,5.7715802314311597,15.135612484362087,0,-1.4210854715202004e-14,True
exhale,120,5.7675553309921019,15.310874616820303,0,-1.4210854715202004e-14,True
exhale,120,5.7635596837962249,15.488166189124811,0,0,True
exhale,120,5.7595931859403704,15.667510701081484,0,-7.1054273576010019e-15,True
exhale,120,5.7556557339532812,15.848931924611142,0,-7.1054273576010019e-15,True
exhale,120,5.7517472248039718,16.032453906900418,0,4.2632564145606011e-14,True
exhale,120,5.747867555909866,16.218100973589298,0,7.1054273576010019e-15,True
exhale,120,5.7440166251447788,16.405897731995388,0,-2.8421709430404007e-14,True
exhale,120,5.7401943308466556,16.595869074375614,0,1.4210854715202004e-14,True
exhale,120,5.7364005718250981,16.788040181225607,0,2.1316282072803006e-14,True
exhale,120,5.7326352473687692,16.982436524617444,0,4.9737991503207013e-14,True
exhale,120,5.7288982572525127,17.179083871575877,0,7.1054273576010019e-14,True
exhale,120,5.725189501744369,17.378008287493763,0,7.815970093361102e-14,True
exhale,120,5.7215088816123574,17.579236139586932,0,1.2789769243681803e-13,True
exhale,120,5.7178562981310774,17.782794100389228,0,-1.3500311979441904e-13,True
exhale,120,5.7142316418076637,17.988709151287875,0,-9.2370555648813024e-14,True
exhale,120,5.710634758758216,18.197008586099845,0,-1.0658141036401503e-13,True
exhale,120,5.7070654849212286,18.407720014689563,0,-5.6843418860808015e-14,True
exhale,120,5.7035236573843724,18.620871366628677,0,-8.5265128291212022e-14,True
exhale,120,5.7000091143770035,18.836490894898002,0,-7.1054273576010019e-14,True
exhale,120,5.6965216952626232,19.054607179632484,0,-2.8421709430404007e-14,True
exhale,120,5.6930612405314003,19.275249131909366,0,-2.8421709430404007e-14,True
exhale,120,5.6896275917926751,19.498445997580454,0,2.8421709430404007e-14,True
exhale,120,5.6862205917674862,19.724227361148536,0,-7.1054273576010019e-15,True
exhale,120,5.6828400842811293,19.952623149688808,0,0,True
exhale,120,5.6794859142557002,20.183663636815616,0,7.1054273576010019e-15,True
exhale,120,5.6761579277026826,20.417379446695296,0,-7.1054273576010019e-15,True
exhale,120,5.6728559717155536,20.65380155810529,0,-1.4210854715202004e-14,True
exhale,120,5.6695798944623972,20.892961308540386,0,2.8421709430404007e-14,True
exhale,120,5.6663295451785398,21.134890398366476,0,-7.1054273576010019e-15,True
exhale,120,5.6631047741592466,21.379620895022324,0,1.4210854715202004e-14,True
exhale,120,5.6599054327523701,21.627185237270201,0,4.2632564145606011e-14,True
exhale,120,5.6567313733510902,21.87761623949552,0,2.8421709430404007e-14,True
exhale,120,5.6535824493866578,22.130947096056389,0,7.1054273576010019e-14,True
exhale,120,5.6504585153211515,22.387211385683401,0,9.9475983006414026e-14,True
exhale,120,5.6473594266402793,22.646443075930595,0,1.0658141036401503e-13,True
exhale,120,5.6442850398461752,22.908676527677724,0,-1.3500311979441904e-13,True
exhale,120,5.6412352124503684,23.173946499684796,0,-1.2789769243681803e-13,True
exhale,120,5.6382098029664984,23.442288153199225,0,-1.1368683772161603e-13,True
exhale,120,5.6352086709033449,23.713737056616552,0,-1.1368683772161603e-13,True
exhale,120,5.6322316767577476,23.9883291901949,0,-6.3948846218409017e-14,True
exhale,120,5.6292786820075822,24.266100950824168,0,-7.815970093361102e-14,False
exhale,120,5.6263495491047832,24.547089156850312,0,-4.2632564145606011e-14,False
exhale,120,5.6234441414683847,24.831331052955704,0,-3.5527136788005009e-14,False
exhale,120,5.6205623234776034,25.118864315095795,0,-3.5527136788005009e-14,False
exhale,120,5.617703960464965,25.409727055493065,0,-7.1054273576010019e-15,False
exhale,120,5.6148689187094414,25.703957827688647,0,-2.1316282072803006e-14,False
exhale,120,5.6120570654296484,26.001595631652723,0,7.1054273576010019e-15,False
exhale,120,5.6092682687770665,26.302679918953814,0,-1.4210854715202004e-14,False
exhale,120,5.6065023978293169,26.607250597988113,0,-2.1316282072803006e-14,False
exhale,120,5.6037593225834357,26.915348039269166,0,0,False
exhale,120,5.6010389139492256,27.227013080779127,0,1.4210854715202004e-14,False
exhale,120,5.598341043074309,27.542287033381662,0,7.1054273576010019e-15,False
exhale,120,5.5956655666743513,27.861211686297693,0,0,False
exhale,120,5.593012327194689,28.183829312644551,0,0,False
exhale,120,5.5903811675737076,28.510182675039097,0,0,False
exhale,120,5.587771931899665,28.840315031266059,0,2.1316282072803006e-14,False
exhale,120,5.5851844653978011,29.174270140011661,0,3.5527136788005009e-14,False
exhale,120,5.5826186144176377,29.512092266663871,0,3.5527136788005009e-14,False
exhale,120,5.5800742264204146,29.853826189179603,0,4.9737991503207013e-14,False
exhale,120,5.577551149966645,30.199517204020161,0,9.9475983006414026e-14,False
exhale,120,5.5750492347038376,30.549211132155122,0,7.1054273576010019e-14,False
exhale,120,5.5725683313543701,30.902954325135919,0,9.2370555648813024e-14,False
exhale,120,5.5701082917034208,31.260793671239558,0,-1.4921397450962104e-13,False
exhale,120,5.5676689685872445,31.622776601683793,0,-1.3500311979441904e-13,False
exhale,120,5.5652502158812505,31.988951096913972,0,-1.2079226507921703e-13,False
exhale,120,5.5628518884885247,32.359365692962847,0,-1.0658141036401503e-13,False
exhale,120,5.5604738423283164,32.734069487883829,0,-1.0658141036401503e-13,False
exhale,120,5.5581159343247259,33.113112148259113,0,-1.3500311979441904e-13,False
exhale,120,5.5557780223954651,33.496543915782759,0,-4.9737991503207013e-14,False
exhale,120,5.5534599654407852,33.884415613920275,0,-9.2370555648813024e-14,False
exhale,120,5.5511616233325283,34.276778654645049,0,-7.1054273576010019e-14,False
exhale,120,5.5488828569032753,34.673685045253166,0,-3.5527136788005009e-14,False
exhale,120,5.5466235279356351,35.075187395256798,0,-4.9737991503207013e-14,False
exhale,120,5.5443834991516594,35.481338923357569,0,-1.4210854715202004e-14,False
exhale,120,5.5421626342023638,35.892193464500536,0,2.1316282072803006e-14,False
exhale,120,5.5399607976573666,36.307805477010142,0,-2.8421709430404007e-14,False
exhale,120,5.5377778549946655,36.72823004980846,0,-1.4210854715202004e-14,False
exhale,120,5.5356136725904888,37.153522909717239,0,-7.1054273576010019e-15,False
exhale,120,5.5334681177092904,37.583740428844429,0,0,False
exhale,120,5.5313410584938625,38.018939632056124,0,1.4210854715202004e-14,False
exhale,120,5.5292323639555185,38.459178204535355,0,1.4210854715202004e-14,False
exhale,120,5.5271419039644343,38.904514499428046,0,2.1316282072803006e-14,False
exhale,120,5.5250695492400617,39.355007545577763,0,1.4210854715202004e-14,False
exhale,120,5.52301517134166,39.810717055349734,0,4.9737991503207013e-14,False
exhale,120,5.5209786426589345,40.271703432545905,0,-1.4210854715202004e-14,False
exhale,120,5.5189598364027841,40.738027780411258,0,2.8421709430404007e-14,False
exhale,120,5.5169586265961224,41.209751909733043,0,3.5527136788005009e-14,False
exhale,120,5.5149748880648408,41.686938347033553,0,4.2632564145606011e-14,False
exhale,120,5.5130084964288404,42.169650342858226,0,7.1054273576010019e-15,False
exhale,120,5.5110593269539949,42.657951880159253,0,4.9737991503207013e-14,False
exhale,120,5.5091272511547542,43.151907682776546,0,5.6843418860808015e-14,False
exhale,120,5.5072121402526797,43.651583224016612,0,9.9475983006414026e-14,False
exhale,120,5.5053138663121866,44.157044735331255,0,9.2370555648813024e-14,False
exhale,120,5.5034323022299239,44.668359215096302,0,9.2370555648813024e-14,False
exhale,120,5.5015673217242815,45.185594437492263,0,1.1368683772161603e-13,False
exhale,120,5.499718799325013,45.708818961487516,0,1.4921397450962104e-13,False
exhale,120,5.4978866103630128,46.238102139926035,0,1.6342482922482304e-13,False
exhale,120,5.4960706309601974,46.77351412871981,0,-1.3500311979441904e-13,False
exhale,120,5.494270738019627,47.315125896148075,0,-1.5631940186722204e-13,False
exhale,120,5.4924868092155092,47.863009232263849,0,-1.4210854715202004e-13,False
exhale,120,5.4907187229835639,48.417236758409942,0,-1.0658141036401503e-13,False
exhale,120,5.4889663585114121,48.977881936844611,0,-1.2789769243681803e-13,False
exhale,120,5.4872295957290937,49.545019080479001,0,-1.2079226507921703e-13,False
exhale,120,5.4855083152996924,50.118723362727252,0,-1.5631940186722204e-13,False
exhale,120,5.4838023986101163,50.699070827470443,0,-1.2789769243681803e-13,False
exhale,120,5.4821117277619331,51.286138399136483,0,-9.2370555648813024e-14,False
exhale,120,5.4804361855623869,51.880003892896092,0,-9.2370555648813024e-14,False
exhale,120,5.478775655515471,52.480746024977286,0,-4.2632564145606011e-14,False
exhale,120,5.4771300218131476,53.088444423098849,0,-2.8421709430404007e-14,False
exhale,120,5.4754991693266479,53.703179637025272,0,-6.3948846218409017e-14,False
exhale,120,5.4738829835979219,54.325033149243303,0,-2.1316282072803006e-14,False
exhale,120,5.4722813508311265,54.954087385762485,0,-2.1316282072803006e-14,False
exhale,120,5.4706941578842869,55.590425727040369,0,-2.8421709430404007e-14,False
exhale,120,5.4691212922610246,56.234132519034908,0,-3.5527136788005009e-14,False
exhale,120,5.4675626421023882,56.885293084384131,0,-3.5527136788005009e-14,False
exhale,120,5.4660180961787841,57.543993733715723,0,-7.1054273576010019e-15,False
exhale,120,5.4644875438820204,58.210321777087159,0,-7.1054273576010019e-15,False
exhale,120,5.4629708752174349,58.884365535558899,0,1.4210854715202004e-14,False
exhale,120,5.4614679807961126,59.566214352901035,0,-1.4210854715202004e-14,False
exhale,120,5.4599787518272267,60.255958607435808,0,1.4210854715202004e-14,False
exhale,120,5.45850308011042,60.95368972401694,0,-7.1054273576010019e-15,False
exhale,120,5.4570408580283392,61.659500186148222,0,0,False
exhale,120,5.4555919785392186,62.373483548241914,0,2.8421709430404007e-14,False
exhale,120,5.4541563351695608,63.095734448019364,0,7.1054273576010019e-15,False
exhale,120,5.4527338220069179,63.82634861905489,0,-7.1054273576010019e-15,False
exhale,120,5.4513243336927477,64.56542290346556,0,3.5527136788005009e-14,False
exhale,120,5.449927765415346,65.313055264747234,0,-7.1054273576010019e-15,False
exhale,120,5.4485440129029072,66.06934480075958,0,1.4210854715202004e-14,False
exhale,120,5.4471729724165963,66.834391756861493,0,7.1054273576010019e-15,False
exhale,120,5.4458145407437808,67.60829753919819,0,2.8421709430404007e-14,False
exhale,120,5.4444686151912762,68.391164728142925,0,1.4210854715202004e-14,False
exhale,120,5.4431350935787224,69.183097091893629,0,2.1316282072803006e-14,False
exhale,120,5.4418138742320092,69.984199600227385,0,2.8421709430404007e-14,False
exhale,120,5.440504855976787,70.794578438413808,0,4.9737991503207013e-14,False
exhale,120,5.4392079381320624,71.614341021290201,0,4.9737991503207013e-14,False
exhale,120,5.4379230205038525,72.443596007498982,0,4.2632564145606011e-14,False
exhale,120,5.4366500033789329,73.282453313890443,0,7.815970093361102e-14,False
exhale,120,5.4353887875186482,74.131024130091774,0,3.5527136788005009e-14,False
exhale,120,5.4341392741528072,74.989420933245583,0,9.9475983006414026e-14,False
exhale,120,5.4329013649736071,75.857757502918361,0,8.5265128291212022e-14,False
exhale,120,5.4316749621297111,76.736148936181934,0,1.1368683772161603e-13,False
exhale,120,5.4304599682203074,77.624711662869203,0,1.0658141036401503e-13,False
exhale,120,5.4292562862892968,78.523563461007186,0,1.2789769243681803e-13,False
exhale,120,5.4280638198195232,79.43282347242814,0,1.3500311979441904e-13,False
exhale,120,5.426882472727069,80.352612218561774,0,1.4210854715202004e-13,False
exhale,120,5.4257121493556433,81.283051616409949,0,1.8474111129762605e-13,False
exhale,120,5.4245527544709589,82.224264994707127,0,-1.8474111129762605e-13,False
exhale,120,5.4234041932553918,83.176377110267083,0,-1.8474111129762605e-13,False
exhale,120,5.4222663713023254,84.139514164519554,0,-1.3500311979441904e-13,False
exhale,120,5.4211391946109133,85.113803820237678,0,-1.5631940186722204e-13,False
exhale,120,5.4200225695807465,86.099375218460082,0,-1.3500311979441904e-13,False
exhale,120,5.4189164030065919,87.096358995608057,0,-1.4210854715202004e-13,False
exhale,120,5.417820602073208,88.10488730080138,0,-1.7053025658242404e-13,False
exhale,120,5.4167350743502265,89.12509381337459,0,-1.5631940186722204e-13,False
exhale,120,5.4156597277870606,90.157113760595706,0,-1.2079226507921703e-13,False
exhale,120,5.4145944707079128,91.201083935590972,0,-1.3500311979441904e-13,False
exhale,120,5.4135392118068166,92.257142715476292,0,-1.2789769243681803e-13,False
exhale,120,5.4124938601427441,93.325430079699146,0,-1.2079226507921703e-13,False
exhale,120,5.411458325134757,94.40608762859236,0,-1.4210854715202004e-13,False
exhale,120,5.4104325165572398,95.499258602143584,0,-9.2370555648813024e-14,False
exhale,120,5.4094163445351517,96.60508789898131,0,-9.9475983006414026e-14,False
exhale,120,5.4084097195393674,97.72372209558111,0,-7.815970093361102e-14,False
exhale,120,5.4074125523820538,98.855309465693907,0,-4.9737991503207013e-14,False
exhale,120,5.4064247542120931,100,0,-7.815970093361102e-14,False
exhale,130,8.8349468101833946,0.10000000000000001,0,-1.2789769243681803e-13,False
exhale,130,8.8335382338607502,0.10115794542598985,0,-1.3500311979441904e-13,False
exhale,130,8.8321160194225286,0.10232929922807542,0,-9.9475983006414026e-14,False
exhale,130,8.8306799709030397,0.10351421666793438,0,-1.1368683772161603e-13,False
exhale,130,8.8292298924266852,0.10471285480508996,0,-1.0658141036401503e-13,False
exhale,130,8.8277655882098784,0.10592537251772889,0,-7.815970093361102e-14,False
exhale,130,8.8262868625630677,0.10715193052376065,0,-1.0658141036401503e-13,False
exhale,130,8.8247935198928058,0.10839269140212036,0,-4.9737991503207013e-14,False
exhale,130,8.823285364703791,0.10964781961431851,0,-7.815970093361102e-14,False
exhale,130,8.8217622016010964,0.11091748152624012,0,-6.3948846218409017e-14,False
exhale,130,8.8202238352922979,0.11220184543019636,0,-4.2632564145606011e-14,False
exhale,130,8.8186700705897536,0.11350108156723152,0,-4.9737991503207013e-14,False
exhale,130,8.8171007124128948,0.11481536214968829,0,-2.1316282072803006e-14,False
exhale,130,8.8155155657905464,0.11614486138403426,0,-2.1316282072803006e-14,False
exhale,130,8.8139144358633494,0.11748975549395298,0,-2.8421709430404007e-14,False
exhale,130,8.8122971278861719,0.11885022274370183,0,1.4210854715202004e-14,False
exhale,130,8.8106634472305991,0.12022644346174129,0,-7.1054273576010019e-15,False
exhale,130,8.8090131993874863,0.12161860006463679,0,-7.1054273576010019e-15,False
exhale,130,8.8073461899695307,0.12302687708123815,0,-7.1054273576010019e-15,False
exhale,130,8.8056622247138971,0.1244514611771385,0,-2.1316282072803006e-14,False
exhale,130,8.8039611094849324,0.12589254117941673,0,7.1054273576010019e-15,False
exhale,130,8.8022426502768383,0.12735030810166617,0,-1.4210854715202004e-14,False
exhale,130,8.8005066532165319,0.12882495516931339,0,0,False
exhale,130,8.7987529245664025,0.13031667784522993,0,-1.4210854715202004e-14,False
exhale,130,8.7969812707272421,0.1318256738556407,0,-7.1054273576010019e-15,False
exhale,130,8.7951914982411434,0.1333521432163324,0,-3.5527136788005009e-14,False
exhale,130,8.7933834137945031,0.13489628825916536,0,-2.8421709430404007e-14,False
exhale,130,8.7915568242210345,0.13645831365889247,0,-7.1054273576010019e-15,False
exhale,130,8.7897115365048588,0.13803842646028849,0,-7.1054273576010019e-15,False
exhale,130,8.7878473577836171,0.13963683610559377,0,-2.1316282072803006e-14,False
exhale,130,8.7859640953516909,0.14125375446227545,0,2.1316282072803006e-14,False
exhale,130,8.7840615566633744,0.1428893958511103,0,1.4210854715202004e-14,False
exhale,130,8.7821395493362076,0.14454397707459277,0,7.1054273576010019e-15,False
exhale,130,8.7801978811542813,0.14621771744567183,0,2.1316282072803006e-14,False
exhale,130,8.7782363600716184,0.14791083881682077,0,-1.4210854715202004e-14,False
exhale,130,8.7762547942156406,0.14962356560944334,0,1.4210854715202004e-14,False
exhale,130,8.7742529918905934,0.15135612484362079,0,2.1316282072803006e-14,False
exhale,130,8.7722307615811417,0.15310874616820302,0,2.1316282072803006e-14,False
exhale,130,8.7701879119559258,0.15488166189124811,0,3.5527136788005009e-14,False
exhale,130,8.7681242518712015,0.15667510701081494,0,1.4210854715202004e-14,False
exhale,130,8.7660395903745503,0.15848931924611134,0,0,False
exhale,130,8.7639337367086032,0.16032453906900418,0,2.8421709430404007e-14,False
exhale,130,8.7618065003148331,0.16218100973589297,0,3.5527136788005009e-14,False
exhale,130,8.7596576908374217,0.16405897731995392,0,5.6843418860808015e-14,False
exhale,130,8.7574871181271448,0.16595869074375605,0,7.1054273576010019e-14,False
exhale,130,8.7552945922453205,0.16788040181225602,0,7.1054273576010019e-14,False
exhale,130,8.753079923467828,0.16982436524617442,0,9.2370555648813024e-14,False
exhale,130,8.7508429222891504,0.17179083871575881,0,1.2789769243681803e-13,False
exhale,130,8.7485833994264937,0.17378008287493754,0,1.2079226507921703e-13,False
exhale,130,8.7463011658239544,0.17579236139586926,0,1.6342482922482304e-13,False
exhale,130,8.7439960326567068,0.17782794100389229,0,1.4921397450962104e-13,False
exhale,130,8.7416678113353292,0.17988709151287879,0,1.6342482922482304e-13,False
exhale,130,8.7393163135100203,0.18197008586099836,0,-2.0605739337042905e-13,False
exhale,130,8.7369413510752221,0.18407720014689558,0,-1.7763568394002505e-13,False
exhale,130,8.7345427361736991,0.18620871366628675,0,-1.9184653865522705e-13,False
exhale,130,8.732120281201297,0.18836490894898006,0,-1.7763568394002505e-13,False
exhale,130,8.7296737988113566,0.19054607179632474,0,-1.7763568394002505e-13,False
exhale,130,8.7272031019193665,0.19275249131909361,0,-1.7053025658242404e-13,False
exhale,130,8.7247080037075779,0.19498445997580455,0,-1.5631940186722204e-13,False
exhale,130,8.7221883176297297,0.19724227361148533,0,-1.2789769243681803e-13,False
exhale,130,8.7196438574157966,0.19952623149688797,0,-1.0658141036401503e-13,False
exhale,130,8.717074437076807,0.20183663636815607,0,-8.5265128291212022e-14,False
exhale,130,8.7144798709097078,0.20417379446695297,0,-9.9475983006414026e-14,False
exhale,130,8.7118599735023157,0.20653801558105292,0,-9.2370555648813024e-14,False
exhale,130,8.709214559738264,0.20892961308540398,0,-8.5265128291212022e-14,False
exhale,130,8.7065434448020671,0.21134890398366465,0,-2.1316282072803006e-14,False
exhale,130,8.7038464441841867,0.21379620895022325,0,-3.5527136788005009e-14,False
exhale,130,8.701123373686217,0.21627185237270202,0,-4.2632564145606011e-14,False
exhale,130,8.6983740494260768,0.21877616239495529,0,-2.8421709430404007e-14,False
exhale,130,8.6955982878432678,0.22130947096056375,0,-2.8421709430404007e-14,False
exhale,130,8.6927959057041981,0.223872113856834,0,-7.1054273576010019e-15,False
exhale,130,8.689966720107563,0.22646443075930595,0,-1.4210854715202004e-14,False
exhale,130,8.6871105484897857,0.22908676527677729,0,-2.1316282072803006e-14,False
exhale,130,8.6842272086305208,0.23173946499684786,0,1.4210854715202004e-14,False
exhale,130,8.6813165186581625,0.2344228815319922,0,0,False
exhale,130,8.678378297055513,0.23713737056616552,0,1.4210854715202004e-14,False
exhale,130,8.6754123554566487,0.23988329190194904,0,-2.1316282072803006e-14,False
exhale,130,8.6724184770723109,0.24266100950824154,0,-1.4210854715202004e-14,False
exhale,130,8.6693964384036963,0.24547089156850305,0,2.8421709430404007e-14,False
exhale,130,8.6663460164719393,0.24831331052955705,0,7.1054273576010019e-15,False
exhale,130,8.6632669888276403,0.25118864315095801,0,2.8421709430404007e-14,False
exhale,130,8.6601591335604784,0.25409727055493053,0,2.1316282072803006e-14,False
exhale,130,8.6570222293089998,0.25703957827688639,0,2.1316282072803006e-14,False
exhale,130,8.6538560552704915,0.26001595631652719,0,5.6843418860808015e-14,False
exhale,130,8.6506603912109785,0.26302679918953814,0,2.1316282072803006e-14,False
exhale,130,8.6474350174753862,0.26607250597988097,0,7.1054273576010019e-14,False
exhale,130,8.6441797149977369,0.26915348039269155,0,5.6843418860808015e-14,False
exhale,130,8.6408942653115979,0.27227013080779128,0,9.9475983006414026e-14,False
exhale,130,8.6375784505604773,0.27542287033381663,0,8.5265128291212022e-14,False
exhale,130,8.6342320535085548,0.2786121168629771,0,1.0658141036401503e-13,False
exhale,130,8.6308548575513164,0.28183829312644537,0,1.6342482922482304e-13,False
exhale,130,8.6274466467264794,0.28510182675039097,0,1.5631940186722204e-13,False
exhale,130,8.6240072057248991,0.28840315031266056,0,-1.9895196601282805e-13,False
exhale,130,8.6205363199019089,0.29174270140011677,0,-1.8474111129762605e-13,False
exhale,130,8.617033775288208,0.29512092266663853,0,-1.6342482922482304e-13,False
exhale,130,8.6134993586014179,0.298538261891796,0,-1.7053025658242404e-13,False
exhale,130,8.6099328572575544,0.3019951720402016,0,-1.3500311979441904e-13,False
exhale,130,8.6063340593825579,0.3054921113215513,0,-1.4921397450962104e-13,False
exhale,130,8.6027027538240741,0.30902954325135906,0,-1.1368683772161603e-13,False
exhale,130,8.5990387301632616,0.31260793671239551,0,-9.2370555648813024e-14,False
exhale,130,8.5953417787267661,0.31622776601683794,0,-9.2370555648813024e-14,False
exhale,130,8.5916116905988229,0.31988951096913981,0,-5.6843418860808015e-14,False
exhale,130,8.5878482576334516,0.32359365692962827,0,-3.5527136788005009e-14,False
exhale,130,8.5840512724668034,0.32734069487883821,0,-3.5527136788005009e-14,False
exhale,130,8.5802205285296331,0.33113112148259111,0,-7.1054273576010019e-15,False
exhale,130,8.5763558200598435,0.33496543915782767,0,0,False
exhale,130,8.572456942115231,0.33884415613920255,0,0,False
exhale,130,8.5685236905862929,0.3427677865464504,0,-2.8421709430404007e-14,False
exhale,130,8.5645558622091951,0.34673685045253166,0,0,False
exhale,130,8.5605532545788172,0.35075187395256802,0,1.4210854715202004e-14,False
exhale,130,8.5565156661619728,0.35481338923357547,0,2.1316282072803006e-14,False
exhale,130,8.5524428963107333,0.35892193464500527,0,2.8421709430404007e-14,False
exhale,130,8.548334745275854,0.36307805477010141,0,4.9737991503207013e-14,False
exhale,130,8.5441910143270796,0.36728230049808469,0,-7.1054273576010019e-15,False
exhale,130,8.5400115081421308,0.37153522909717257,0,2.1316282072803006e-14,False
exhale,130,8.5357960349379844,0.3758374042884442,0,4.9737991503207013e-14,False
exhale,130,8.5315444041899351,0.38018939632056115,0,4.9737991503207013e-14,False
exhale,130,8.5272564265441133,0.38459178204535355,0,9.2370555648813024e-14,False
exhale,130,8.522931913835853,0.38904514499428056,0,9.9475983006414026e-14,False
exhale,130,8.5185706791082367,0.39355007545577742,0,1.4210854715202004e-13,False
exhale,130,8.5141725366307952,0.3981071705534972,0,1.5631940186722204e-13,False
exhale,130,8.5097373019182996,0.40271703432545908,0,-1.8474111129762605e-13,False
exhale,130,8.5052647917500046,0.40738027780411273,0,-2.0605739337042905e-13,False
exhale,130,8.5007548241884869,0.41209751909733022,0,-1.7763568394002505e-13,False
exhale,130,8.4962072185991531,0.41686938347033542,0,-1.4921397450962104e-13,False
exhale,130,8.4916217956696745,0.42169650342858223,0,-1.1368683772161603e-13,False
exhale,130,8.4869983774296074,0.42657951880159267,0,-1.2079226507921703e-13,False
exhale,130,8.4823367872701514,0.43151907682776525,0,-7.815970093361102e-14,False
exhale,130,8.47763684996408,0.43651583224016599,0,-5.6843418860808015e-14,False
exhale,130,8.4728983916857761,0.44157044735331252,0,-4.2632564145606011e-14,False
exhale,130,8.4681212400314685,0.44668359215096315,0,-7.1054273576010019e-15,False
exhale,130,8.4633052240395621,0.45185594437492238,0,7.1054273576010019e-15,False
exhale,130,8.4584501742111371,0.45708818961487507,0,1.4210854715202004e-14,False
exhale,130,8.4535559225305867,0.46238102139926035,0,-2.1316282072803006e-14,False
exhale,130,8.4486223024863811,0.46773514128719823,0,7.1054273576010019e-15,False
exhale,130,8.4436491490919678,0.47315125896148053,0,1.4210854715202004e-14,False
exhale,130,8.4386362989068324,0.47863009232263842,0,0,False
exhale,130,8.433583590057669,0.48417236758409943,0,-1.4210854715202004e-14,False
exhale,130,8.428490862259677,0.48977881936844625,0,3.5527136788005009e-14,False
exhale,130,8.4233579568380144,0.4954501908047903,0,4.9737991503207013e-14,False
exhale,130,8.4181847167493533,0.50118723362727235,0,5.6843418860808015e-14,False
exhale,130,8.4129709866035824,0.50699070827470427,0,1.0658141036401503e-13,False
exhale,130,8.4077166126856007,0.51286138399136483,0,1.1368683772161603e-13,False
exhale,130,8.4024214429772819,0.51880003892896109,0,1.2789769243681803e-13,False
exhale,130,8.397085327179461,0.52480746024977254,0,-1.8474111129762605e-13,False
exhale,130,8.3917081167343177,0.53088444423098835,0,-1.7053025658242404e-13,False
exhale,130,8.386289664847359,0.53703179637025267,0,-1.2079226507921703e-13,False
exhale,130,8.3808298265100198,0.54325033149243318,0,-1.0658141036401503e-13,False
exhale,130,8.3753284585221195,0.54954087385762451,0,-9.2370555648813024e-14,False
exhale,130,8.3697854195144998,0.5559042572704036,0,-6.3948846218409017e-14,False
exhale,130,8.3642005699717235,0.56234132519034907,0,-2.8421709430404007e-14,False
exhale,130,8.3585737828405335,0.56885293084384148,0,-1.4210854715202004e-14,False
exhale,130,8.3529049753858509,0.57543993733715693,0,-1.4210854715202004e-14,False
exhale,130,8.3471940775912934,0.58210321777087148,0,0,False
exhale,130,8.3414410216180492,0.58884365535558902,0,7.1054273576010019e-15,False
exhale,130,8.3356457418305361,0.59566214352901048,0,7.1054273576010019e-15,False
exhale,130,8.3298081748219772,0.60255958607435778,0,0,False
exhale,130,8.3239282594401125,0.60953689724016924,0,7.1054273576010019e-15,False
exhale,130,8.3180059368128045,0.61659500186148219,0,-7.1054273576010019e-15,False
exhale,130,8.3120411503737355,0.62373483548241926,0,2.1316282072803006e-14,False
exhale,130,8.3060338458880203,0.63095734448019336,0,4.9737991503207013e-14,False
exhale,130,8.2999839714778911,0.63826348619054873,0,1.0658141036401503e-13,False
exhale,130,8.2938914776482644,0.64565422903465564,0,1.7053025658242404e-13,False
exhale,130,8.287756317312347,0.65313055264747244,0,-1.6342482922482304e-13,False
exhale,130,8.2815784458174022,0.66069344800759611,0,-1.7053025658242404e-13,False
exhale,130,8.2753578209699796,0.66834391756861466,0,-1.4210854715202004e-13,False
exhale,130,8.2690944030616613,0.67608297539198192,0,-9.2370555648813024e-14,False
exhale,130,8.2627881549033386,0.68391164728142928,0,-7.815970093361102e-14,False
exhale,130,8.2564390418633771,0.69183097091893642,0,-3.5527136788005009e-14,False
exhale,130,8.2500470318782373,0.69984199600227348,0,-2.8421709430404007e-14,False
exhale,130,8.2436120954755339,0.70794578438413791,0,-7.1054273576010019e-15,False
exhale,130,8.2371342057994603,0.71614341021290195,0,7.1054273576010019e-15,False
exhale,130,8.2306133386361306,0.72443596007499,0,-7.1054273576010019e-15,False
exhale,130,8.2240494724388746,0.73282453313890406,0,-1.4210854715202004e-14,False
exhale,130,8.2174425883533999,0.74131024130091749,0,-7.1054273576010019e-15,False
exhale,130,8.2107926702428617,0.74989420933245587,0,0,False
exhale,130,8.2040997047128617,0.75857757502918377,0,7.1054273576010019e-15,False
exhale,130,8.1973636811362862,0.76736148936181892,0,4.2632564145606011e-14,False
exhale,130,8.1905845916780464,0.77624711662869172,0,1.2079226507921703e-13,False
exhale,130,8.1837624313196908,0.78523563461007184,0,1.4210854715202004e-13,False
exhale,130,8.176897197883827,0.79432823472428149,0,-1.5631940186722204e-13,False
exhale,130,8.1699888920586439,0.80352612218561725,0,-1.2789769243681803e-13,False
exhale,130,8.1630375174217971,0.81283051616409929,0,-1.2789769243681803e-13,False
exhale,130,8.1560430804646149,0.82224264994707119,0,-6.3948846218409017e-14,False
exhale,130,8.1490055906158467,0.83176377110267108,0,-4.9737991503207013e-14,False
exhale,130,8.1419250602654039,0.84139514164519513,0,-2.8421709430404007e-14,False
exhale,130,8.1348015047877826,0.85113803820237655,0,-3.5527136788005009e-14,False
exhale,130,8.1276349425653613,0.86099375218460072,0,-2.1316282072803006e-14,False
exhale,130,8.1204253980384866,0.87096358995608081,0,0,False
exhale,130,8.1131729683102236,0.88104887300801427,0,7.1054273576010019e-15,False
exhale,130,8.1058778231138717,0.89125093813374567,0,0,False
exhale,130,8.0985401382114635,0.90157113760595708,0,2.8421709430404007e-14,False
exhale,130,8.0911600923798428,0.91201083935590965,0,4.9737991503207013e-14,False
exhale,130,8.0837378674237588,0.92257142715476315,0,1.0658141036401503e-13,False
exhale,130,8.0762736481883728,0.93325430079699101,0,1.2789769243681803e-13,False
exhale,130,8.068767622571233,0.94406087628592328,0,-1.4210854715202004e-13,False
exhale,130,8.0612199815339043,0.95499258602143589,0,-1.4210854715202004e-13,False
exhale,130,8.0536309191126136,0.96605087898981334,0,-1.0658141036401503e-13,False
exhale,130,8.0460006324287434,0.97723722095581067,0,-4.2632564145606011e-14,False
exhale,130,8.0383293216985656,0.98855309465693886,0,-2.1316282072803006e-14,False
exhale,130,8.030617190242447,1,0,0,False
exhale,130,8.0228644444934094,1.0115794542598988,0,-2.8421709430404007e-14,False
exhale,130,8.0150712940051481,1.0232929922807541,0,1.4210854715202004e-14,False
exhale,130,8.0072379514593806,1.0351421666793441,0,0,False
exhale,130,7.9993646326726306,1.0471285480508996,0,7.1054273576010019e-15,False
exhale,130,7.9914515566023425,1.0592537251772887,0,1.4210854715202004e-14,False
exhale,130,7.9834989453523741,1.0715193052376064,0,4.9737991503207013e-14,False
exhale,130,7.9755070241778281,1.0839269140212033,0,7.1054273576010019e-14,False
exhale,130,7.9674760214892411,1.0964781961431851,0,1.0658141036401503e-13,False
exhale,130,7.9594061688560522,1.1091748152624008,0,-1.2789769243681803e-13,False
exhale,130,7.9512977010096062,1.1220184543019636,0,-1.3500311979441904e-13,False
exhale,130,7.9431508558450874,1.1350108156723149,0,-8.5265128291212022e-14,False
exhale,130,7.9349658744230949,1.1481536214968828,0,-2.1316282072803006e-14,False
exhale,130,7.9267430009703945,1.1614486138403426,0,7.1054273576010019e-15,False
exhale,130,7.9184824828799769,1.1748975549395297,0,1.4210854715202004e-14,False
exhale,130,7.9101845707103688,1.1885022274370183,0,-1.4210854715202004e-14,False
exhale,130,7.9018495181842718,1.2022644346174132,0,-7.1054273576010019e-15,False
exhale,130,7.8934775821863923,1.2161860006463678,0,7.1054273576010019e-15,False
exhale,130,7.8850690227606046,1.2302687708123818,0,0,False
exhale,130,7.8766241031063462,1.244514611771385,0,3.5527136788005009e-14,False
exhale,130,7.8681430895742084,1.2589254117941675,0,1.2079226507921703e-13,False
exhale,130,7.8596262516607833,1.2735030810166617,0,-1.2789769243681803e-13,False
exhale,130,7.8510738620029299,1.2882495516931343,0,-1.1368683772161603e-13,False
exhale,130,7.8424861963708627,1.3031667784522993,0,-8.5265128291212022e-14,False
exhale,130,7.8338635336608027,1.3182567385564075,0,-6.3948846218409017e-14,False
exhale,130,7.8252061558867299,1.333521432163324,0,-3.5527136788005009e-14,False
exhale,130,7.8165143825271048,1.348962882591654,0,0,False
exhale,130,7.8077886732309469,1.3645831365889245,0,2.1316282072803006e-14,False
exhale,130,7.7990295241140668,1.3803842646028852,0,0,False
exhale,130,7.7902374332807085,1.3963683610559376,0,7.1054273576010019e-15,False
exhale,130,7.7814129007867106,1.4125375446227548,0,2.1316282072803006e-14,False
exhale,130,7.772556428601848,1.4288939585111029,0,4.9737991503207013e-14,False
exhale,130,7.7636685205712572,1.4454397707459272,0,9.9475983006414026e-14,False
exhale,130,7.7547496823760032,1.4621771744567182,0,-1.4921397450962104e-13,False
exhale,130,7.7458004214930192,1.4791083881682072,0,-1.1368683772161603e-13,False
exhale,130,7.7368212471537809,1.4962356560944337,0,-7.1054273576010019e-14,False
exhale,130,7.7278126703025825,1.513561248436208,0,-3.5527136788005009e-14,False
exhale,130,7.7187752035537889,1.5310874616820302,0,-1.4210854715202004e-14,False
exhale,130,7.7097093611483327,1.5488166189124812,0,0,False
exhale,130,7.7006156589094195,1.5667510701081493,0,-7.1054273576010019e-15,False
exhale,130,7.691494614197449,1.5848931924611134,0,1.4210854715202004e-14,False
exhale,130,7.682346745864165,1.6032453906900417,0,7.1054273576010019e-15,False
exhale,130,7.6731725742060721,1.6218100973589298,0,4.2632564145606011e-14,False
exhale,130,7.6639726209170744,1.6405897731995396,0,7.815970093361102e-14,False
exhale,130,7.6547474090403655,1.6595869074375604,0,-1.3500311979441904e-13,False
exhale,130,7.6454974629198196,1.6788040181225607,0,-7.815970093361102e-14,False
exhale,130,7.636223308150238,1.6982436524617444,0,-7.815970093361102e-14,False
exhale,130,7.6269254715273718,1.7179083871575884,0,-2.8421709430404007e-14,False
exhale,130,7.6176044809969907,1.7378008287493754,0,0,False
exhale,130,7.6082608656034125,1.7579236139586931,0,0,False
exhale,130,7.5988951554373569,1.7782794100389228,0,-7.1054273576010019e-15,False
exhale,130,7.5895078815831862,1.7988709151287883,0,-7.1054273576010019e-15,False
exhale,130,7.5800995760655248,1.8197008586099834,0,2.8421709430404007e-14,False
exhale,130,7.570670771795303,1.8407720014689564,0,4.2632564145606011e-14,False
exhale,130,7.561222002515243,1.8620871366628675,0,8.5265128291212022e-14,False
exhale,130,7.551753802744738,1.883649089489801,0,-9.9475983006414026e-14,False
exhale,130,7.5422667077243615,1.9054607179632472,0,-7.815970093361102e-14,False
exhale,130,7.5327612533595678,1.9275249131909356,0,-6.3948846218409017e-14,False
exhale,130,7.5232379761641779,1.9498445997580456,0,-7.1054273576010019e-15,False
exhale,130,7.5136974132032508,1.9724227361148534,0,0,False
exhale,130,7.5041401020355369,1.9952623149688797,0,-1.4210854715202004e-14,False
exhale,130,7.4945665806555057,2.0183663636815607,0,0,False
exhale,130,7.4849773874349159,2.0417379446695296,0,1.4210854715202004e-14,False
exhale,130,7.4753730650674761,2.0653801558105291,0,2.8421709430404007e-14,False
exhale,130,7.4657542482640302,2.0892961308540396,0,6.3948846218409017e-14,False
exhale,130,7.4561216623190498,2.1134890398366464,0,1.2079226507921703e-13,False
exhale,130,7.4464760343754115,2.1379620895022327,0,-9.2370555648813024e-14,False
exhale,130,7.4368180893303872,2.1627185237270199,0,-6.3948846218409017e-14,False
exhale,130,7.427148549757101,2.187761623949553,0,-4.9737991503207013e-14,False
exhale,130,7.4174681358269874,2.2130947096056377,0,-7.1054273576010019e-15,False
exhale,130,7.4077775652327285,2.2387211385683399,0,0,False
exhale,130,7.3980775531118788,2.2646443075930596,0,-1.4210854715202004e-14,False
exhale,130,7.3883688119712385,2.2908676527677736,0,0,False
exhale,130,7.3786520516119101,2.3173946499684783,0,2.1316282072803006e-14,False
exhale,130,7.3689279790551803,2.3442288153199229,0,4.9737991503207013e-14,False
exhale,130,7.3591972984691454,2.3713737056616551,0,1.0658141036401503e-13,False
exhale,130,7.3494607110961754,2.3988329190194912,0,-1.2079226507921703e-13,False
exhale,130,7.3397189151813906,2.4266100950824154,0,-7.1054273576010019e-14,False
exhale,130,7.3299726059016326,2.454708915685031,0,-2.1316282072803006e-14,False
exhale,130,7.320222475295747,2.4831331052955705,0,-2.1316282072803006e-14,False
exhale,130,7.3104692121956081,2.511886431509581,0,0,False
exhale,130,7.3007135021581258,2.5409727055493052,0,-2.1316282072803006e-14,False
exhale,130,7.2909560273982477,2.5703957827688635,0,0,False
exhale,130,7.2811974667229737,2.6001595631652723,0,2.8421709430404007e-14,False
exhale,130,7.2714384954663984,2.6302679918953813,0,4.2632564145606011e-14,False
exhale,130,7.261679785425831,2.6607250597988097,0,8.5265128291212022e-14,False
exhale,130,7.251922004798943,2.6915348039269151,0,-1.2079226507921703e-13,False
exhale,130,7.2421658181221904,2.7227013080779128,0,-7.1054273576010019e-14,False
exhale,130,7.2324118862100466,2.7542287033381663,0,-2.8421709430404007e-14,False
exhale,130,7.2226608660956764,2.7861211686297707,0,-1.4210854715202004e-14,False
exhale,130,7.2129134109726643,2.8183829312644537,0,-2.1316282072803006e-14,False
exhale,130,7.2031701701379127,2.85101826750391,0,7.1054273576010019e-15,False
exhale,130,7.1934317889357633,2.8840315031266055,0,7.1054273576010019e-15,False
exhale,130,7.1836989087033505,2.9174270140011673,0,2.8421709430404007e-14,False
exhale,130,7.1739721667171734,2.9512092266663856,0,4.2632564145606011e-14,False
exhale,130,7.164252196140926,2.9853826189179604,0,-1.1368683772161603e-13,False
exhale,130,7.1545396259746976,3.0199517204020161,0,-1.2079226507921703e-13,False
exhale,130,7.144835081005235,3.0549211132155141,0,-4.9737991503207013e-14,False
exhale,130,7.1351391817577152,3.0902954325135905,0,-2.8421709430404007e-14,False
exhale,130,7.1254525444487626,3.126079367123956,0,7.1054273576010019e-15,False
exhale,130,7.1157757809407665,3.1622776601683795,0,0,False
exhale,130,7.1061095129421759,3.1988951096913989,0,0,False
exhale,130,7.0964544139086074,3.2359365692962827,0,0,False
exhale,130,7.086811164891996,3.273406948788383,0,3.5527136788005009e-14,False
exhale,130,7.0771804400723939,3.3113112148259112,0,6.3948846218409017e-14,False
exhale,130,7.0675629067347732,3.3496543915782775,0,-9.2370555648813024e-14,False
exhale,130,7.0579592252483083,3.3884415613920256,0,-6.3948846218409017e-14,False
exhale,130,7.0483700490477244,3.4276778654645046,0,-3.5527136788005009e-14,False
exhale,130,7.0387960246171746,3.4673685045253166,0,-1.4210854715202004e-14,False
exhale,130,7.0292377914763078,3.5075187395256795,0,1.4210854715202004e-14,False
exhale,130,7.0196959821685896,3.548133892335755,0,-7.1054273576010019e-15,False
exhale,130,7.0101712222518762,3.5892193464500517,0,-1.4210854715202004e-14,False
exhale,130,7.0006641302911836,3.630780547701014,0,2.8421709430404007e-14,False
exhale,130,6.9911753178536236,3.6728230049808461,0,3.5527136788005009e-14,False
exhale,130,6.981705389505561,3.715352290971726,0,7.815970093361102e-14,False
exhale,130,6.9722549428118059,3.7583740428844412,0,-1.0658141036401503e-13,False
exhale,130,6.9628245683370942,3.8018939632056128,0,-7.815970093361102e-14,False
exhale,130,6.9534148496493389,3.8459178204535354,0,-3.5527136788005009e-14,False
exhale,130,6.9440263633252259,3.8904514499428067,0,-1.4210854715202004e-14,False
exhale,130,6.93465967895769,3.9355007545577743,0,1.4210854715202004e-14,False
exhale,130,6.9253153591653689,3.9810717055349731,0,7.1054273576010019e-15,False
exhale,130,6.9159939596040854,4.0271703432545909,0,7.1054273576010019e-15,False
exhale,130,6.906696028980174,4.0738027780411281,0,2.1316282072803006e-14,False
exhale,130,6.8974221090657553,4.1209751909733017,0,4.2632564145606011e-14,False
exhale,130,6.8881727347158419,4.1686938347033546,0,9.9475983006414026e-14,False
exhale,130,6.8789484338872615,4.2169650342858223,0,-8.5265128291212022e-14,False
exhale,130,6.8697497276595048,4.2657951880159279,0,-7.1054273576010019e-14,False
exhale,130,6.8605771302570657,4.3151907682776525,0,-2.1316282072803006e-14,False
exhale,130,6.8514311490737319,4.365158322401661,0,7.1054273576010019e-15,False
exhale,130,6.8423122846985258,4.4157044735331255,0,-2.8421709430404007e-14,False
exhale,130,6.8332210309432337,4.4668359215096327,0,1.4210854715202004e-14,False
exhale,130,6.8241578748715979,4.5185594437492238,0,7.1054273576010019e-15,False
exhale,130,6.8151232968300937,4.5708818961487516,0,2.1316282072803006e-14,False
exhale,130,6.8061177704802489,4.6238102139926029,0,4.2632564145606011e-14,False
exhale,130,6.7971417628324646,4.6773514128719809,0,9.2370555648813024e-14,False
exhale,130,6.7881957342812935,4.7315125896148054,0,-9.9475983006414026e-14,False
exhale,130,6.7792801386423251,4.7863009232263831,0,-7.1054273576010019e-14,False
exhale,130,6.7703954231901387,4.8417236758409938,0,-1.4210854715202004e-14,False
exhale,130,6.7615420276672733,4.8977881936844616,0,7.1054273576010019e-15,False
exhale,130,6.7527203615418516,4.9545019080479031,0,0,False
exhale,130,6.7439308035944849,5.011872336272722,0,1.4210854715202004e-14,False
exhale,130,6.7351737244607532,5.0699070827470445,0,0,False
exhale,130,6.7264494877274048,5.1286138399136485,0,0,False
exhale,130,6.7177584500028722,5.1880003892896118,0,3.5527136788005009e-14,False
exhale,130,6.7091009609888044,5.2480746024977254,0,8.5265128291212022e-14,False
exhale,130,6.7004773635524471,5.3088444423098844,0,-8.5265128291212022e-14,False
exhale,130,6.6918879938000373,5.3703179637025267,0,-9.2370555648813024e-14,False
exhale,130,6.6833331811507071,5.4325033149243334,0,-4.2632564145606011e-14,False
exhale,130,6.6748132484114047,5.4954087385762458,0,-1.4210854715202004e-14,False
exhale,130,6.6663285118524254,5.5590425727040369,0,7.1054273576010019e-15,False
exhale,130,6.6578792812835896,5.6234132519034912,0,1.4210854715202004e-14,False
exhale,130,6.6494658601310679,5.6885293084384161,0,-7.1054273576010019e-15,False
exhale,130,6.6410885455147639,5.7543993733715695,0,2.1316282072803006e-14,False
exhale,130,6.6327476283261992,5.8210321777087159,0,4.2632564145606011e-14,False
exhale,130,6.6244433933069322,5.8884365535558896,0,7.815970093361102e-14,False
exhale,130,6.6161761191273403,5.9566214352901063,0,-9.2370555648813024e-14,False
exhale,130,6.6079460784659529,6.0255958607435778,0,-7.815970093361102e-14,False
exhale,130,6.5997535380889074,6.095368972401694,0,-4.2632564145606011e-14,False
exhale,130,6.5915987589299316,6.1659500186148222,0,-2.8421709430404007e-14,False
exhale,130,6.5834819961705211,6.2373483548241913,0,7.1054273576010019e-15,False
exhale,130,6.5754034993203669,6.3095734448019334,0,-7.1054273576010019e-15,False
exhale,130,6.5673635122980034,6.382634861905486,0,2.1316282072803006e-14,False
exhale,130,6.5593622735116046,6.4565422903465564,0,7.1054273576010019e-15,False
exhale,130,6.5514000159399322,6.5313055264747231,0,1.4210854715202004e-14,False
exhale,130,6.5434769672134205,6.6069344800759611,0,4.9737991503207013e-14,False
exhale,130,6.535593349695235,6.6834391756861455,0,5.6843418860808015e-14,False
exhale,130,6.5277493805624704,6.7608297539198192,0,-7.815970093361102e-14,False
exhale,130,6.5199452718873792,6.8391164728142924,0,-6.3948846218409017e-14,False
exhale,130,6.5121812307183928,6.9183097091893657,0,-4.9737991503207013e-14,False
exhale,130,6.5044574591613049,6.9984199600227344,0,-2.8421709430404007e-14,False
exhale,130,6.496774154460276,7.0794578438413804,0,-7.1054273576010019e-15,False
exhale,130,6.4891315090787272,7.1614341021290198,0,-7.1054273576010019e-15,False
exhale,130,6.4815297107801451,7.2443596007499025,0,7.1054273576010019e-15,False
exhale,130,6.4739689427086953,7.3282453313890406,0,2.1316282072803006e-14,False
exhale,130,6.466449383469663,7.4131024130091774,0,-7.1054273576010019e-15,False
exhale,130,6.4589712072096974,7.4989420933245583,0,3.5527136788005009e-14,False
exhale,130,6.4515345624207132,7.5857757502918401,0,7.815970093361102e-14,False
exhale,130,6.4441395084938238,7.6736148936181898,0,-9.9475983006414026e-14,False
exhale,130,6.4367860801552315,7.7624711662869199,0,-9.2370555648813024e-14,False
exhale,130,6.4294743088939894,7.8523563461007182,0,-3.5527136788005009e-14,False
exhale,130,6.4222042230372587,7.9432823472428176,0,-2.1316282072803006e-14,False
exhale,130,6.4149758478248167,8.0352612218561728,0,7.1054273576010019e-15,False
exhale,130,6.4077892054826471,8.1283051616409949,0,0,False
exhale,130,6.4006443152958807,8.2224264994707124,0,1.4210854715202004e-14,False
exhale,130,6.3935411936808215,8.317637711026709,0,-2.1316282072803006e-14,False
exhale,130,6.386479854256268,8.4139514164519511,0,1.4210854715202004e-14,False
exhale,130,6.3794603079139502,8.5113803820237628,0,7.1054273576010019e-15,False
exhale,130,6.3724825628882371,8.6099375218460068,0,5.6843418860808015e-14,False
exhale,130,6.3655466248249617,8.709635899560805,0,9.2370555648813024e-14,False
exhale,130,6.358652496849472,8.8104887300801416,0,-7.815970093361102e-14,False
exhale,130,6.3518001796339583,8.9125093813374541,0,-9.2370555648813024e-14,False
exhale,130,6.3449896714637504,9.0157113760595706,0,-7.815970093361102e-14,False
exhale,130,6.3382209683030162,9.1201083935590965,0,-2.8421709430404007e-14,False
exhale,130,6.3314940638595392,9.2257142715476341,0,-2.1316282072803006e-14,False
exhale,130,6.3248089496487401,9.3325430079699103,0,7.1054273576010019e-15,False
exhale,130,6.3181656150568433,9.4406087628592363,0,2.8421709430404007e-14,False
exhale,130,6.3115640474032721,9.5499258602143584,0,2.1316282072803006e-14,False
exhale,130,6.3050042320022159,9.6605087898981363,0,1.4210854715202004e-14,False
exhale,130,6.2984861522234121,9.7723722095581067,0,0,True
exhale,130,6.2920097895521181,9.885530946569391,0,3.5527136788005009e-14,True
exhale,130,6.2855751236483055,10,0,2.1316282072803006e-14,True
exhale,130,6.2791821324050305,10.115794542598982,0,7.815970093361102e-14,True
exhale,130,6.2728307920060287,10.232929922807546,0,-1.2789769243681803e-13,True
exhale,130,6.2665210769826452,10.351421666793442,0,-7.815970093361102e-14,True
exhale,130,6.2602529602696935,10.471285480508996,0,-7.1054273576010019e-14,True
exhale,130,6.2540264132608661,10.592537251772887,0,-1.4210854715202004e-14,True
exhale,130,6.2478414058631868,10.715193052376071,0,0,True
exhale,130,6.2416979065507681,10.839269140212039,0,7.1054273576010019e-15,True
exhale,130,6.2355958824177877,10.964781961431852,0,-7.1054273576010019e-15,True
exhale,130,6.2295352992307338,11.091748152624008,0,-1.4210854715202004e-14,True
exhale,130,6.2235161214799035,11.220184543019629,0,2.8421709430404007e-14,True
exhale,130,6.2175383124301264,11.350108156723154,0,7.1054273576010019e-15,True
exhale,130,6.2116018341708568,11.481536214968829,0,2.1316282072803006e-14,True
exhale,130,6.2057066450206859,11.614486138403427,0,3.5527136788005009e-14,True
exhale,130,6.1998526415805975,11.748975549395292,0,5.6843418860808015e-14,True
exhale,130,6.1940396595789702,11.88502227437019,0,8.5265128291212022e-14,True
exhale,130,6.1882675324252272,12.022644346174131,0,-1.0658141036401503e-13,True
exhale,130,6.1825360938847949,12.161860006463678,0,-6.3948846218409017e-14,True
exhale,130,6.1768451781013853,12.302687708123811,0,-4.2632564145606011e-14,True
exhale,130,6.1711946196189889,12.445146117713856,0,-1.4210854715202004e-14,True
exhale,130,6.1655842534030825,12.589254117941675,0,-1.4210854715202004e-14,True
exhale,130,6.160013914861322,12.735030810166617,0,-2.1316282072803006e-14,True
exhale,130,6.1544834398636477,12.882495516931336,0,0,True
exhale,130,6.1489926647618152,13.031667784523,0,-7.1054273576010019e-15,True
exhale,130,6.1435414264084125,13.182567385564074,0,-2.8421709430404007e-14,True
exhale,130,6.1381295621753349,13.33521432163324,0,3.5527136788005009e-14,True
exhale,130,6.1327569099716959,13.489628825916533,0,2.8421709430404007e-14,True
exhale,130,6.1274233082612914,13.645831365889252,0,2.1316282072803006e-14,True
exhale,130,6.12212859607952,13.803842646028853,0,4.9737991503207013e-14,True
exhale,130,6.1168726130498339,13.963683610559377,0,9.2370555648813024e-14,True
exhale,130,6.1116551993996575,14.12537544622754,0,-9.2370555648813024e-14,True
exhale,130,6.1064761959760148,14.288939585111036,0,-1.0658141036401503e-13,True
exhale,130,6.101335444260414,14.454397707459281,0,-1.0658141036401503e-13,True
exhale,130,6.0962327863835455,14.621771744567184,0,-7.1054273576010019e-14,True
exhale,130,6.0911680651394118,14.791083881682072,0,-1.4210854715202004e-14,True
exhale,130,6.0861411239990746,14.962356560944343,0,-2.1316282072803006e-14,True
exhale,130,6.0811518071239883,15.135612484362087,0,-1.4210854715202004e-14,True
exhale,130,6.0761999593788936,15.310874616820303,0,-7.1054273576010019e-15,True
exhale,130,6.0712854263443754,15.488166189124811,0,-7.1054273576010019e-15,True
exhale,130,6.0664080543289671,15.667510701081484,0,0,True
exhale,130,6.0615676903809446,15.848931924611142,0,0,True
exhale,130,6.0567641822996947,16.032453906900418,0,-2.1316282072803006e-14,True
exhale,130,6.0519973786467833,16.218100973589298,0,0,True
exhale,130,6.0472671287566131,16.405897731995388,0,7.1054273576010019e-15,True
exhale,130,6.0425732827468011,16.595869074375614,0,4.9737991503207013e-14,True
exhale,130,6.0379156915281778,16.788040181225607,0,8.5265128291212022e-14,True
exhale,130,6.0332942068144968,16.982436524617444,0,9.9475983006414026e-14,True
exhale,130,6.0287086811317785,17.179083871575877,0,-1.2789769243681803e-13,True
exhale,130,6.0241589678275149,17.378008287493763,0,-8.5265128291212022e-14,True
exhale,130,6.0196449210792533,17.579236139586932,0,-7.1054273576010019e-14,True
exhale,130,6.0151663959032211,17.782794100389228,0,-6.3948846218409017e-14,True
exhale,130,6.0107232341687862,17.988709151287875,0,-4.2632564145606011e-14,True
exhale,130,6.006315222928496,18.197008586099845,0,-4.2632564145606011e-14,True
exhale,130,6.0019421369283128,18.407720014689563,0,0,True
exhale,130,5.9976037526652775,18.620871366628677,0,0,True
exhale,130,5.993299848374722,18.836490894898002,0,0,True
exhale,130,5.9890302040174381,19.054607179632484,0,-7.1054273576010019e-15,True
exhale,130,5.9847946012669446,19.275249131909366,0,1.4210854715202004e-14,True
exhale,130,5.9805928234967318,19.498445997580454,0,7.1054273576010019e-15,True
exhale,130,5.9764246557676124,19.724227361148536,0,7.1054273576010019e-15,True
exhale,130,5.9722898848150443,19.952623149688808,0,2.8421709430404007e-14,True
exhale,130,5.9681882990365347,20.183663636815616,0,2.8421709430404007e-14,True
exhale,130,5.9641196884790926,20.417379446695296,0,4.2632564145606011e-14,True
exhale,130,5.9600838448266948,20.65380155810529,0,7.1054273576010019e-14,True
exhale,130,5.9560805613878394,20.892961308540386,0,9.2370555648813024e-14,True
exhale,130,5.9521096330831051,21.134890398366476,0,-1.1368683772161603e-13,True
exhale,130,5.9481708564328875,21.379620895022324,0,-1.4921397450962104e-13,True
exhale,130,5.9442640295449545,21.627185237270201,0,-1.2079226507921703e-13,True
exhale,130,5.9403889521022686,21.87761623949552,0,-9.2370555648813024e-14,True
exhale,130,5.9365454253508103,22.130947096056389,0,-7.815970093361102e-14,True
exhale,130,5.9327332520874076,22.387211385683401,0,-7.1054273576010019e-14,True
exhale,130,5.9289522366476888,22.646443075930595,0,-4.9737991503207013e-14,True
exhale,130,5.9252021848940615,22.908676527677724,0,-1.4210854715202004e-14,True
exhale,130,5.9214829042037618,23.173946499684796,0,-7.1054273576010019e-15,True
exhale,130,5.9177942034569808,23.442288153199225,0,-7.1054273576010019e-15,True
exhale,130,5.9141358930250361,23.713737056616552,0,7.1054273576010019e-15,True
exhale,130,5.9105077847586269,23.9883291901949,0,1.4210854715202004e-14,True
exhale,130,5.9069096919761499,24.266100950824168,0,7.1054273576010019e-15,False
exhale,130,5.9033414294520759,24.547089156850312,0,-7.1054273576010019e-15,False
exhale,130,5.8998028134054161,24.831331052955704,0,-7.1054273576010019e-15,False
exhale,130,5.8962936614882331,25.118864315095795,0,-1.4210854715202004e-14,False
exhale,130,5.8928137927742421,25.409727055493065,0,2.1316282072803006e-14,False
exhale,130,5.8893630277474678,25.703957827688647,0,2.8421709430404007e-14,False
exhale,130,5.8859411882910093,26.001595631652723,0,7.1054273576010019e-14,False
exhale,130,5.8825480976758087,26.302679918953814,0,7.1054273576010019e-14,False
exhale,130,5.8791835805495865,26.607250597988113,0,9.9475983006414026e-14,False
exhale,130,5.8758474629257513,26.915348039269166,0,9.2370555648813024e-14,False
exhale,130,5.8725395721724549,27.227013080779127,0,-1.2079226507921703e-13,False
exhale,130,5.8692597361662067,27.542287033381662,0,-1.4210854715202004e-13,False
exhale,130,5.8660077649559215,27.861211686297693,0,-1.0658141036401503e-13,False
exhale,130,5.8627834509929331,28.183829312644551,0,-9.9475983006414026e-14,False
exhale,130,5.8595865875977884,28.510182675039097,0,-9.9475983006414026e-14,False
exhale,130,5.8564169697776025,28.840315031266059,0,-5.6843418860808015e-14,False
exhale,130,5.8532743942059744,29.174270140011661,0,-4.2632564145606011e-14,False
exhale,130,5.8501586592031654,29.512092266663871,0,-3.5527136788005009e-14,False
exhale,130,5.8470695647165245,29.853826189179603,0,-3.5527136788005009e-14,False
exhale,130,5.8440069123011398,30.199517204020161,0,7.1054273576010019e-15,False
exhale,130,5.8409705051007519,30.549211132155122,0,7.1054273576010019e-15,False
exhale,130,5.8379601478289009,30.902954325135919,0,1.4210854715202004e-14,False
exhale,130,5.834975646750439,31.260793671239558,0,1.4068746168049984e-12,False
exhale,130,5.832016809662405,31.622776601683793,0,7.1054273576010019e-15,False
exhale,130,5.8290834458773482,31.988951096913972,0,0,False
exhale,130,5.8261753662039029,32.359365692962847,0,2.8421709430404007e-14,False
exhale,130,5.8232923829297949,32.734069487883829,0,1.4210854715202004e-14,False
exhale,130,5.8204343098042255,33.113112148259113,0,0,False
exhale,130,5.8176009620205651,33.496543915782759,0,2.1316282072803006e-14,False
exhale,130,5.8147921561992924,33.884415613920275,0,3.5527136788005009e-14,False
exhale,130,5.8120077103711267,34.276778654645049,0,4.9737991503207013e-14,False
exhale,130,5.8092474439603858,34.673685045253166,0,5.6843418860808015e-14,False
exhale,130,5.8065111777685265,35.075187395256798,0,6.3948846218409017e-14,False
exhale,130,5.8037987339578967,35.481338923357569,0,7.815970093361102e-14,False
exhale,130,5.801109936035699,35.892193464500536,0,7.815970093361102e-14,False
exhale,130,5.7984446088381212,36.307805477010142,0,1.4921397450962104e-13,False
exhale,130,5.795802578514647,36.72823004980846,0,-1.4210854715202004e-13,False
exhale,130,5.7931836725127228,37.153522909717239,0,-1.2079226507921703e-13,False
exhale,130,5.7905877195622733,37.583740428844429,0,-1.2789769243681803e-13,False
exhale,130,5.7880145496607502,38.018939632056124,0,-1.0658141036401503e-13,False
exhale,130,5.785463994058162,38.459178204535355,0,-1.1368683772161603e-13,False
exhale,130,5.7829358852423587,38.904514499428046,0,-1.0658141036401503e-13,False
exhale,130,5.7804300569244731,39.355007545577763,0,-8.5265128291212022e-14,False
exhale,130,5.7779463440245378,39.810717055349734,0,-7.815970093361102e-14,False
exhale,130,5.7754845826572838,40.271703432545905,0,-4.9737991503207013e-14,False
exhale,130,5.7730446101180863,40.738027780411258,0,-3.5527136788005009e-14,False
exhale,130,5.7706262648691338,41.209751909733043,0,-1.4210854715202004e-14,False
exhale,130,5.7682293865256815,41.686938347033553,0,-7.1054273576010019e-15,False
exhale,130,5.7658538158425525,42.169650342858226,0,-1.4210854715202004e-14,False
exhale,130,5.7634993931711005,42.657951880159253,0,-7.1054273576010019e-15,False
exhale,130,5.7611659538991757,43.151907682776546,0,0,False
exhale,130,5.7588533330990952,43.651583224016612,0,-1.4210854715202004e-14,False
exhale,130,5.7565613670517557,44.157044735331255,0,0,False
exhale,130,5.7542898932306574,44.668359215096302,0,2.8421709430404007e-14,False
exhale,130,5.7520387502861352,45.185594437492263,0,7.1054273576010019e-15,False
exhale,130,5.749807778029818,45.708818961487516,0,1.4210854715202004e-14,False
exhale,130,5.7475968174192928,46.238102139926035,0,2.1316282072803006e-14,False
exhale,130,5.7454057105429834,46.77351412871981,0,0,False
exhale,130,5.7432343006052236,47.315125896148075,0,7.1054273576010019e-15,False
exhale,130,5.7410824319115523,47.863009232263849,0,0,False
exhale,130,5.7389499498541872,48.417236758409942,0,2.8421709430404007e-14,False
exhale,130,5.7368367008977152,48.977881936844611,0,4.2632564145606011e-14,False
exhale,130,5.7347425325649555,49.545019080479001,0,6.3948846218409017e-14,False
exhale,130,5.7326672934230247,50.118723362727252,0,9.9475983006414026e-14,False
exhale,130,5.7306108330695933,50.699070827470443,0,7.1054273576010019e-14,False
exhale,130,5.7285730021193206,51.286138399136483,0,9.9475983006414026e-14,False
exhale,130,5.7265536521904608,51.880003892896092,0,1.0658141036401503e-13,False
exhale,130,5.7245526358916621,52.480746024977286,0,1.0658141036401503e-13,False
exhale,130,5.7225698068089441,53.088444423098849,0,1.2789769243681803e-13,False
exhale,130,5.7206050194928251,53.703179637025272,0,1.5631940186722204e-13,False
exhale,130,5.7186581294456174,54.325033149243303,0,-1.4210854715202004e-13,False
exhale,130,5.7167289931090322,54.954087385762485,0,-1.5631940186722204e-13,False
exhale,130,5.7148174678516268,55.590425727040369,0,-1.3500311979441904e-13,False
exhale,130,5.7129234119567514,56.234132519034908,0,-1.5631940186722204e-13,False
exhale,130,5.7110466846104764,56.885293084384131,0,-1.3500311979441904e-13,False
exhale,130,5.7091871458897261,57.543993733715723,0,-9.9475983006414026e-14,False
exhale,130,5.7073446567505437,58.210321777087159,0,-1.1368683772161603e-13,False
exhale,130,5.7055190790165549,58.884365535558899,0,-7.815970093361102e-14,False
exhale,130,5.7037102753675182,59.566214352901035,0,-5.6843418860808015e-14,False
exhale,130,5.70191810932808,60.255958607435808,0,-4.9737991503207013e-14,False
exhale,130,5.7001424452566472,60.95368972401694,0,-6.3948846218409017e-14,False
exhale,130,5.6983831483344085,61.659500186148222,0,-5.6843418860808015e-14,False
exhale,130,5.6966400845545007,62.373483548241914,0,-2.1316282072803006e-14,False
exhale,130,5.6949131207112993,63.095734448019364,0,-3.5527136788005009e-14,False
exhale,130,5.6932021243898863,63.82634861905489,0,-7.1054273576010019e-15,False
exhale,130,5.6915069639556002,64.56542290346556,0,-1.4210854715202004e-14,False
exhale,130,5.6898275085437584,65.313055264747234,0,7.1054273576010019e-15,False
exhale,130,5.6881636280494909,66.06934480075958,0,-2.1316282072803006e-14,False
exhale,130,5.6865151931177307,66.834391756861493,0,-4.2632564145606011e-14,False
exhale,130,5.6848820751332871,67.60829753919819,0,2.1316282072803006e-14,False
exhale,130,5.6832641462110747,68.391164728142925,0,0,False
exhale,130,5.6816612791864793,69.183097091893629,0,-1.4210854715202004e-14,False
exhale,130,5.6800733476058101,69.984199600227385,0,0,False
exhale,130,5.6785002257168919,70.794578438413808,0,0,False
exhale,130,5.6769417884597839,71.614341021290201,0,0,False
exhale,130,5.6753979114575959,72.443596007498982,0,-2.1316282072803006e-14,False
exhale,130,5.6738684710074345,73.282453313890443,0,-1.4210854715202004e-14,False
exhale,130,5.6723533440714551,74.131024130091774,0,2.1316282072803006e-14,False
exhale,130,5.6708524082680247,74.989420933245583,0,0,False
exhale,130,5.6693655418630176,75.857757502918361,0,-7.1054273576010019e-15,False
exhale,130,5.6678926237611709,76.736148936181934,0,0,False
exhale,130,5.6664335334976128,77.624711662869203,0,4.2632564145606011e-14,False
exhale,130,5.6649881512294211,78.523563461007186,0,2.1316282072803006e-14,False
exhale,130,5.6635563577273675,79.43282347242814,0,2.1316282072803006e-14,False
exhale,130,5.662138034367695,80.352612218561774,0,4.2632564145606011e-14,False
exhale,130,5.6607330631240345,81.283051616409949,0,4.9737991503207013e-14,False
exhale,130,5.6593413265594164,82.224264994707127,0,5.6843418860808015e-14,False
exhale,130,5.6579627078183696,83.176377110267083,0,4.9737991503207013e-14,False
exhale,130,5.6565970906191296,84.139514164519554,0,6.3948846218409017e-14,False
exhale,130,5.655244359245934,85.113803820237678,0,8.5265128291212022e-14,False
exhale,130,5.6539043985414228,86.099375218460082,0,1.0658141036401503e-13,False
exhale,130,5.6525770938991107,87.096358995608057,0,1.1368683772161603e-13,False
exhale,130,5.6512623312559862,88.10488730080138,0,7.815970093361102e-14,False
exhale,130,5.6499599970851779,89.12509381337459,0,1.2079226507921703e-13,False
exhale,130,5.6486699783886891,90.157113760595706,0,1.4921397450962104e-13,False
exhale,130,5.6473921626902852,91.201083935590972,0,1.4921397450962104e-13,False
exhale,130,5.6461264380283929,92.257142715476292,0,1.7053025658242404e-13,False
exhale,130,5.6448726929491144,93.325430079699146,0,-1.4210854715202004e-13,False
exhale,130,5.6436308164994538,94.40608762859236,0,-1.7053025658242404e-13,False
exhale,130,5.6424006982203112,95.499258602143584,0,-1.7053025658242404e-13,False
exhale,130,5.6411822281398907,96.60508789898131,0,-1.7053025658242404e-13,False
exhale,130,5.6399752967670116,97.72372209558111,0,-1.5631940186722204e-13,False
exhale,130,5.6387797950845586,98.855309465693907,0,-1.5631940186722204e-13,False
exhale,130,5.6375956145429802,100,0,-1.6342482922482304e-13,False
exhale,140,8.3139363962840527,0.10000000000000001,0,4.2632564145606011e-14,False
exhale,140,8.312093378102281,0.10115794542598985,0,2.8421709430404007e-14,False
exhale,140,8.3102325194625042,0.10232929922807542,0,4.9737991503207013e-14,False
exhale,140,8.3083535749278692,0.10351421666793438,0,2.8421709430404007e-14,False
exhale,140,8.3064562992355615,0.10471285480508996,0,7.815970093361102e-14,False
exhale,140,8.3045404473005409,0.10592537251772889,0,7.1054273576010019e-14,False
exhale,140,8.3026057742194794,0.10715193052376065,0,7.815970093361102e-14,False
exhale,140,8.300652035274684,0.10839269140212036,0,8.5265128291212022e-14,False
exhale,140,8.298678985938178,0.10964781961431851,0,1.0658141036401503e-13,False
exhale,140,8.2966863818758281,0.11091748152624012,0,8.5265128291212022e-14,False
exhale,140,8.2946739789516108,0.11220184543019636,0,1.3500311979441904e-13,False
exhale,140,8.2926415332319117,0.11350108156723152,0,1.2079226507921703e-13,False
exhale,140,8.2905888009899709,0.11481536214968829,0,1.3500311979441904e-13,False
exhale,140,8.2885155387102998,0.11614486138403426,0,-1.8474111129762605e-13,False
exhale,140,8.2864215030935604,0.11748975549395298,0,-1.7053025658242404e-13,False
exhale,140,8.2843064510608606,0.11885022274370183,0,-1.4921397450962104e-13,False
exhale,140,8.2821701397587955,0.12022644346174129,0,-1.6342482922482304e-13,False
exhale,140,8.2800123265642753,0.12161860006463679,0,-1.6342482922482304e-13,False
exhale,140,8.2778327690894571,0.12302687708123815,0,-1.4921397450962104e-13,False
exhale,140,8.2756312251868316,0.1244514611771385,0,-1.2079226507921703e-13,False
exhale,140,8.2734074529543644,0.12589254117941673,0,-1.3500311979441904e-13,False
exhale,140,8.2711612107407522,0.12735030810166617,0,-9.2370555648813024e-14,False
exhale,140,8.268892257150684,0.12882495516931339,0,-1.1368683772161603e-13,False
exhale,140,8.266600351049826,0.13031667784522993,0,-1.0658141036401503e-13,False
exhale,140,8.2642852515704437,0.1318256738556407,0,-8.5265128291212022e-14,False
exhale,140,8.2619467181173665,0.1333521432163324,0,-7.1054273576010019e-14,False
exhale,140,8.2595845103737044,0.13489628825916536,0,-3.5527136788005009e-14,False
exhale,140,8.2571983883066569,0.13645831365889247,0,-2.8421709430404007e-14,False
exhale,140,8.254788112173399,0.13803842646028849,0,-4.2632564145606011e-14,False
exhale,140,8.2523534425271041,0.13963683610559377,0,-4.2632564145606011e-14,False
exhale,140,8.2498941402230148,0.14125375446227545,0,0,False
exhale,140,8.2474099664246054,0.1428893958511103,0,-2.8421709430404007e-14,False
exhale,140,8.2449006826099307,0.14454397707459277,0,-7.1054273576010019e-15,False
exhale,140,8.2423660505779246,0.14621771744567183,0,-1.4210854715202004e-14,False
exhale,140,8.2398058324549428,0.14791083881682077,0,0,False
exhale,140,8.2372197907012854,0.14962356560944334,0,-1.4210854715202004e-14,False
exhale,140,8.2346076881179027,0.15135612484362079,0,7.1054273576010019e-15,False
exhale,140,8.2319692878531345,0.15310874616820302,0,-7.1054273576010019e-15,False
exhale,140,8.2293043534095922,0.15488166189124811,0,7.1054273576010019e-15,False
exhale,140,8.2266126486511126,0.15667510701081494,0,1.4210854715202004e-14,False
exhale,140,8.2238939378098248,0.15848931924611134,0,-7.1054273576010019e-15,False
exhale,140,8.2211479854933174,0.16032453906900418,0,1.4210854715202004e-14,False
exhale,140,8.2183745566918738,0.16218100973589297,0,1.4210854715202004e-14,False
exhale,140,8.2155734167858583,0.16405897731995392,0,-2.1316282072803006e-14,False
exhale,140,8.2127443315531821,0.16595869074375605,0,1.4210854715202004e-14,False
exhale,140,8.2098870671768172,0.16788040181225602,0,2.1316282072803006e-14,False
exhale,140,8.2070013902525147,0.16982436524617442,0,1.4210854715202004e-14,False
exhale,140,8.2040870677965287,0.17179083871575881,0,1.4210854715202004e-14,False
exhale,140,8.2011438672535011,0.17378008287493754,0,2.1316282072803006e-14,False
exhale,140,8.1981715565044269,0.17579236139586926,0,4.9737991503207013e-14,False
exhale,140,8.1951699038746888,0.17782794100389229,0,7.1054273576010019e-14,False
exhale,140,8.1921386781422907,0.17988709151287879,0,9.2370555648813024e-14,False
exhale,140,8.1890776485460712,0.18197008586099836,0,9.9475983006414026e-14,False
exhale,140,8.1859865847941293,0.18407720014689558,0,1.0658141036401503e-13,False
exhale,140,8.1828652570722706,0.18620871366628675,0,1.2079226507921703e-13,False
exhale,140,8.1797134360525678,0.18836490894898006,0,-1.6342482922482304e-13,False
exhale,140,8.1765308929022513,0.19054607179632474,0,-1.2789769243681803e-13,False
exhale,140,8.1733173992921735,0.19275249131909361,0,-1.5631940186722204e-13,False
exhale,140,8.1700727274059659,0.19498445997580455,0,-1.5631940186722204e-13,False
exhale,140,8.1667966499489602,0.19724227361148533,0,-1.2789769243681803e-13,False
exhale,140,8.1634889401573023,0.19952623149688797,0,-9.2370555648813024e-14,False
exhale,140,8.1601493718071847,0.20183663636815607,0,-1.2789769243681803e-13,False
exhale,140,8.1567777192242001,0.20417379446695297,0,-9.2370555648813024e-14,False
exhale,140,8.1533737572927318,0.20653801558105292,0,-7.1054273576010019e-14,False
exhale,140,8.1499372614655297,0.20892961308540398,0,-4.9737991503207013e-14,False
exhale,140,8.1464680077733593,0.21134890398366465,0,-5.6843418860808015e-14,False
exhale,140,8.1429657728347831,0.21379620895022325,0,-2.1316282072803006e-14,False
exhale,140,8.1394303338659917,0.21627185237270202,0,-7.1054273576010019e-15,False
exhale,140,8.1358614686908322,0.21877616239495529,0,1.4210854715202004e-14,False
exhale,140,8.1322589557508831,0.22130947096056375,0,1.4210854715202004e-14,False
exhale,140,8.1286225741156599,0.223872113856834,0,0,False
exhale,140,8.1249521034929533,0.22646443075930595,0,2.8421709430404007e-14,False
exhale,140,8.1212473242392136,0.22908676527677729,0,7.1054273576010019e-15,False
exhale,140,8.1175080173701559,0.23173946499684786,0,1.4210854715202004e-14,False
exhale,140,8.1137339645713595,0.2344228815319922,0,0,False
exhale,140,8.1099249482090805,0.23713737056616552,0,0,False
exhale,140,8.1060807439350544,0.23988329190194904,0,4.2632564145606011e-14,False
exhale,140,8.1022010985615296,0.24266100950824154,0,7.1054273576010019e-15,False
exhale,140,8.0982857524372012,0.24547089156850305,0,4.2632564145606011e-14,False
exhale,140,8.0943344468909082,0.24831331052955705,0,2.8421709430404007e-14,False
exhale,140,8.0903469242493227,0.25118864315095801,0,6.3948846218409017e-14,False
exhale,140,8.0863229278547895,0.25409727055493053,0,9.2370555648813024e-14,False
exhale,140,8.0822622020834238,0.25703957827688639,0,7.815970093361102e-14,False
exhale,140,8.0781644923634399,0.26001595631652719,0,1.2789769243681803e-13,False
exhale,140,8.0740295451935893,0.26302679918953814,0,1.2789769243681803e-13,False
exhale,140,8.0698571081619423,0.26607250597988097,0,-1.4210854715202004e-13,False
exhale,140,8.0656469299649665,0.26915348039269155,0,-1.5631940186722204e-13,False
exhale,140,8.0613987604264317,0.27227013080779128,0,-1.5631940186722204e-13,False
exhale,140,8.0571123505169719,0.27542287033381663,0,-1.0658141036401503e-13,False
exhale,140,8.0527874523736305,0.2786121168629771,0,-1.0658141036401503e-13,False
exhale,140,8.0484238193197051,0.28183829312644537,0,-5.6843418860808015e-14,False
exhale,140,8.0440212058847358,0.28510182675039097,0,-4.9737991503207013e-14,False
exhale,140,8.0395793678247909,0.28840315031266056,0,-4.2632564145606011e-14,False
exhale,140,8.0350980621429233,0.29174270140011677,0,-1.4210854715202004e-14,False
exhale,140,8.0305770471098334,0.29512092266663853,0,-7.1054273576010019e-15,False
exhale,140,8.0260160822847713,0.298538261891796,0,0,False
exhale,140,8.0214149285366716,0.3019951720402016,0,0,False
exhale,140,8.0167733480654491,0.3054921113215513,0,-7.1054273576010019e-15,False
exhale,140,8.0120911044235594,0.30902954325135906,0,0,False
exhale,140,8.0073679625377583,0.31260793671239551,0,7.1054273576010019e-15,False
exhale,140,8.0026036887310568,0.31622776601683794,0,-1.4210854715202004e-14,False
exhale,140,7.9977980507449438,0.31988951096913981,0,1.4210854715202004e-14,False
exhale,140,7.9929508177617414,0.32359365692962827,0,-7.1054273576010019e-15,False
exhale,140,7.9880617604272617,0.32734069487883821,0,2.8421709430404007e-14,False
exhale,140,7.983130650873612,0.33113112148259111,0,4.9737991503207013e-14,False
exhale,140,7.978157262742247,0.33496543915782767,0,7.1054273576010019e-14,False
exhale,140,7.9731413712072223,0.33884415613920255,0,1.0658141036401503e-13,False
exhale,140,7.9680827529986598,0.3427677865464504,0,1.4921397450962104e-13,False
exhale,140,7.9629811864263615,0.34673685045253166,0,-1.4921397450962104e-13,False
exhale,140,7.9578364514039395,0.35075187395256802,0,-1.4210854715202004e-13,False
exhale,140,7.9526483294725789,0.35481338923357547,0,-1.2079226507921703e-13,False
exhale,140,7.947416603825558,0.35892193464500527,0,-6.3948846218409017e-14,False
exhale,140,7.9421410593327062,0.36307805477010141,0,-4.9737991503207013e-14,False
exhale,140,7.9368214830008954,0.36728230049808469,0,-5.6843418860808015e-14,False
exhale,140,7.9314576736299269,0.37153522909717257,0,-2.1316282072803006e-14,False
exhale,140,7.9260494420292966,0.3758374042884442,0,-1.4210854715202004e-14,False
exhale,140,7.9205966015433447,0.38018939632056115,0,-1.4210854715202004e-14,False
exhale,140,7.9150989676488015,0.38459178204535355,0,7.1054273576010019e-15,False
exhale,140,7.9095563579866335,0.38904514499428056,0,0,False
exhale,140,7.903968592394178,0.39355007545577742,0,0,False
exhale,140,7.8983354929374352,0.3981071705534972,0,2.1316282072803006e-14,False
exhale,140,7.8926568839435687,0.40271703432545908,0,7.1054273576010019e-15,False
exhale,140,7.8869325920336868,0.40738027780411273,0,1.4210854715202004e-14,False
exhale,140,7.8811624461557388,0.41209751909733022,0,4.2632564145606011e-14,False
exhale,140,7.8753462776176661,0.41686938347033542,0,5.6843418860808015e-14,False
exhale,140,7.8694839201207465,0.42169650342858223,0,9.2370555648813024e-14,False
exhale,140,7.8635752097931029,0.42657951880159267,0,1.1368683772161603e-13,False
exhale,140,7.8576199852233843,0.43151907682776525,0,-1.2789769243681803e-13,False
exhale,140,7.8516180874948649,0.43651583224016599,0,-1.4210854715202004e-13,False
exhale,140,7.8455693602192174,0.44157044735331252,0,-1.2789769243681803e-13,False
exhale,140,7.8394736495709711,0.44668359215096315,0,-6.3948846218409017e-14,False
exhale,140,7.8333308043218688,0.45185594437492238,0,-4.2632564145606011e-14,False
exhale,140,7.8271406758754756,0.45708818961487507,0,-7.1054273576010019e-15,False
exhale,140,7.8209031183019055,0.46238102139926035,0,0,False
exhale,140,7.8146179883727331,0.46773514128719823,0,-1.4210854715202004e-14,False
exhale,140,7.8082851455960407,0.47315125896148053,0,1.4210854715202004e-14,False
exhale,140,7.8019044522515975,0.47863009232263842,0,7.1054273576010019e-15,False
exhale,140,7.7954757734261895,0.48417236758409943,0,0,False
exhale,140,7.7889989770490873,0.48977881936844625,0,2.1316282072803006e-14,False
exhale,140,7.7824739339276077,0.4954501908047903,0,4.2632564145606011e-14,False
exhale,140,7.7759005177828318,0.50118723362727235,0,4.2632564145606011e-14,False
exhale,140,7.7692786052854101,0.50699070827470427,0,8.5265128291212022e-14,False
exhale,140,7.7626080760914649,0.51286138399136483,0,1.0658141036401503e-13,False
exhale,140,7.7558888128785863,0.51880003892896109,0,-1.3500311979441904e-13,False
exhale,140,7.7491207013821013,0.52480746024977254,0,-1.1368683772161603e-13,False
exhale,140,7.7423036304309969,0.53088444423098835,0,-9.9475983006414026e-14,False
exhale,140,7.7354374919843716,0.53703179637025267,0,-9.2370555648813024e-14,False
exhale,140,7.7285221811677305,0.54325033149243318,0,-4.9737991503207013e-14,False
exhale,140,7.7215575963093643,0.54954087385762451,0,-2.8421709430404007e-14,False
exhale,140,7.7145436389768278,0.5559042572704036,0,-2.1316282072803006e-14,False
exhale,140,7.7074802140134322,0.56234132519034907,0,-7.1054273576010019e-15,False
exhale,140,7.7003672458903436,0.56885293084384148,0,7.1054273576010019e-15,False
exhale,140,7.6932047277857141,0.57543993733715693,0,-7.1054273576010019e-15,False
exhale,140,7.6859926728423025,0.58210321777087148,0,1.4210854715202004e-14,False
exhale,140,7.6787310979126655,0.58884365535558902,0,2.1316282072803006e-14,False
exhale,140,7.6714200235958252,0.59566214352901048,0,7.1054273576010019e-14,False
exhale,140,7.6640594742735972,0.60255958607435778,0,8.5265128291212022e-14,False
exhale,140,7.6566494781468055,0.60953689724016924,0,1.2079226507921703e-13,False
exhale,140,7.649190067271066,0.61659500186148219,0,-1.2079226507921703e-13,False
exhale,140,7.6416812775926033,0.62373483548241926,0,-1.1368683772161603e-13,False
exhale,140,7.6341231489832682,0.63095734448019336,0,-5.6843418860808015e-14,False
exhale,140,7.626515725275711,0.63826348619054873,0,-2.1316282072803006e-14,False
exhale,140,7.6188590542980128,0.64565422903465564,0,-1.4210854715202004e-14,False
exhale,140,7.611153187908041,0.65313055264747244,0,-7.1054273576010019e-15,False
exhale,140,7.6033981820273926,0.66069344800759611,0,-2.1316282072803006e-14,False
exhale,140,7.5955940966750237,0.66834391756861466,0,-7.1054273576010019e-15,False
exhale,140,7.5877409960004467,0.67608297539198192,0,-7.1054273576010019e-15,False
exhale,140,7.5798389483165574,0.68391164728142928,0,0,False
exhale,140,7.5718880261320205,0.69183097091893642,0,3.5527136788005009e-14,False
exhale,140,7.5638883061832223,0.69984199600227348,0,8.5265128291212022e-14,False
exhale,140,7.555839869465756,0.70794578438413791,0,9.2370555648813024e-14,False
exhale,140,7.5477428012654517,0.71614341021290195,0,-1.0658141036401503e-13,False
exhale,140,7.5395971911890234,0.72443596007499,0,-9.2370555648813024e-14,False
exhale,140,7.5314031331939084,0.73282453313890406,0,-4.9737991503207013e-14,False
exhale,140,7.5231607256178874,0.74131024130091749,0,-3.5527136788005009e-14,False
exhale,140,7.5148700712080592,0.74989420933245587,0,1.4210854715202004e-14,False
exhale,140,7.506531277149219,0.75857757502918377,0,-1.4210854715202004e-14,False
exhale,140,7.4981444550917216,0.76736148936181892,0,2.1316282072803006e-14,False
exhale,140,7.4897097211786701,0.77624711662869172,0,7.1054273576010019e-15,False
exhale,140,7.4812271960726013,0.78523563461007184,0,1.4210854715202004e-14,False
exhale,140,7.4726970049814296,0.79432823472428149,0,4.9737991503207013e-14,False
exhale,140,7.4641192776838103,0.80352612218561725,0,7.815970093361102e-14,False
exhale,140,7.455494148553826,0.81283051616409929,0,1.1368683772161603e-13,False
exhale,140,7.4468217565849191,0.82224264994707119,0,-8.5265128291212022e-14,False
exhale,140,7.4381022454133356,0.83176377110267108,0,-7.815970093361102e-14,False
exhale,140,7.4293357633404824,0.84139514164519513,0,-4.9737991503207013e-14,False
exhale,140,7.420522463354863,0.85113803820237655,0,7.1054273576010019e-15,False
exhale,140,7.4116625031531074,0.86099375218460072,0,0,False
exhale,140,7.4027560491656041,0.87096358995608081,0,7.1054273576010019e-15,False
exhale,140,7.393803364633829,0.88104887300801427,0,1.4210854715202004e-14,False
exhale,140,7.3848048093701983,0.89125093813374567,0,2.1316282072803006e-14,False
exhale,140,7.3757607515331731,0.90157113760595708,0,4.2632564145606011e-14,False
exhale,140,7.3666715636156948,0.91201083935590965,0,7.1054273576010019e-14,False
exhale,140,7.3575376224398186,0.92257142715476315,0,1.2789769243681803e-13,False
exhale,140,7.3483593091499779,0.93325430079699101,0,-9.2370555648813024e-14,False
exhale,140,7.3391370092051398,0.94406087628592328,0,-7.815970093361102e-14,False
exhale,140,7.3298711123691298,0.95499258602143589,0,-2.8421709430404007e-14,False
exhale,140,7.3205620127000692,0.96605087898981334,0,7.1054273576010019e-15,False
exhale,140,7.3112101085381784,0.97723722095581067,0,0,False
exhale,140,7.3018158024922846,0.98855309465693886,0,1.4210854715202004e-14,False
exhale,140,7.2923795014248745,1,0,7.1054273576010019e-15,False
exhale,140,7.2829016164357725,1.0115794542598988,0,3.5527136788005009e-14,False
exhale,140,7.273382562844362,1.0232929922807541,0,6.3948846218409017e-14,False
exhale,140,7.2638227601704308,1.0351421666793441,0,9.2370555648813024e-14,False
exhale,140,7.2542226321134775,1.0471285480508996,0,-9.9475983006414026e-14,False
exhale,140,7.2445826065308072,1.0592537251772887,0,-8.5265128291212022e-14,False
exhale,140,7.2349031154137906,1.0715193052376064,0,-4.9737991503207013e-14,False
exhale,140,7.2251845948629887,1.0839269140212033,0,-2.1316282072803006e-14,False
exhale,140,7.2154274850616797,1.0964781961431851,0,7.1054273576010019e-15,False
exhale,140,7.2056322302479385,1.1091748152624008,0,1.4210854715202004e-14,False
exhale,140,7.1957992786852065,1.1220184543019636,0,-2.8421709430404007e-14,False
exhale,140,7.1859290826314322,1.1350108156723149,0,1.4210854715202004e-14,False
exhale,140,7.1760220983066585,1.1481536214968828,0,5.6843418860808015e-14,False
exhale,140,7.1660787858591828,1.1614486138403426,0,8.5265128291212022e-14,False
exhale,140,7.1560996093301714,1.1748975549395297,0,-8.5265128291212022e-14,False
exhale,140,7.1460850366169497,1.1885022274370183,0,-7.1054273576010019e-14,False
exhale,140,7.1360355394344763,1.2022644346174132,0,-3.5527136788005009e-14,False
exhale,140,7.1259515932756399,1.2161860006463678,0,1.4210854715202004e-14,False
exhale,140,7.1158336773699125,1.2302687708123818,0,7.1054273576010019e-15,False
exhale,140,7.105682274640599,1.244514611771385,0,-1.4210854715202004e-14,False
exhale,140,7.0954978716605073,1.2589254117941675,0,0,False
exhale,140,7.0852809586062238,1.2735030810166617,0,3.5527136788005009e-14,False
exhale,140,7.0750320292108597,1.2882495516931343,0,7.1054273576010019e-14,False
exhale,140,7.0647515807153463,1.3031667784522993,0,-9.9475983006414026e-14,False
exhale,140,7.0544401138184014,1.3182567385564075,0,-7.1054273576010019e-14,False
exhale,140,7.044098132624713,1.333521432163324,0,-2.1316282072803006e-14,False
exhale,140,7.0337261847905754,1.348962882591654,0,-7.1054273576010019e-15,False
exhale,140,7.0233249813736949,1.3645831365889245,0,1.4210854715202004e-14,False
exhale,140,7.0128952749548725,1.3803842646028852,0,-1.4210854715202004e-14,False
exhale,140,7.002437819173406,1.3963683610559376,0,2.1316282072803006e-14,False
exhale,140,6.9919533686308659,1.4125375446227548,0,2.1316282072803006e-14,False
exhale,140,6.9814426787939867,1.4288939585111029,0,7.1054273576010019e-14,False
exhale,140,6.9709065058964885,1.4454397707459272,0,-9.2370555648813024e-14,False
exhale,140,6.9603456068402521,1.4621771744567182,0,-7.1054273576010019e-14,False
exhale,140,6.9497607390952334,1.4791083881682072,0,-2.8421709430404007e-14,False
exhale,140,6.9391526605989426,1.4962356560944337,0,-7.1054273576010019e-15,False
exhale,140,6.9285221296549917,1.513561248436208,0,1.4210854715202004e-14,False
exhale,140,6.9178699048309182,1.5310874616820302,0,1.4210854715202004e-14,False
exhale,140,6.9071967448553782,1.5488166189124812,0,-1.4210854715202004e-14,False
exhale,140,6.8965034085146977,1.5667510701081493,0,4.2632564145606011e-14,False
exhale,140,6.8857906545487753,1.5848931924611134,0,-1.0658141036401503e-13,False
exhale,140,6.8750592415466683,1.6032453906900417,0,-7.815970093361102e-14,False
exhale,140,6.8643099278413722,1.6218100973589298,0,-4.9737991503207013e-14,False
exhale,140,6.8535434714044321,1.6405897731995396,0,-2.1316282072803006e-14,False
exhale,140,6.8427606297400771,1.6595869074375604,0,1.4210854715202004e-14,False
exhale,140,6.831962159779013,1.6788040181225607,0,-7.1054273576010019e-15,False
exhale,140,6.8211488177719684,1.6982436524617444,0,2.1316282072803006e-14,False
exhale,140,6.8103213591829768,1.7179083871575884,0,2.8421709430404007e-14,False
exhale,140,6.7994805385824968,1.7378008287493754,0,4.9737991503207013e-14,False
exhale,140,6.7886271095403972,1.7579236139586931,0,-7.815970093361102e-14,False
exhale,140,6.777761824518973,1.7782794100389228,0,-6.3948846218409017e-14,False
exhale,140,6.7668854347657028,1.7988709151287883,0,-3.5527136788005009e-14,False
exhale,140,6.7559986902063018,1.8197008586099834,0,-7.1054273576010019e-15,False
exhale,140,6.7451023393376985,1.8407720014689564,0,1.4210854715202004e-14,False
exhale,140,6.7341971291212248,1.8620871366628675,0,7.1054273576010019e-15,False
exhale,140,6.7232838048759742,1.883649089489801,0,2.1316282072803006e-14,False
exhale,140,6.7123631101724008,1.9054607179632472,0,6.3948846218409017e-14,False
exhale,140,6.7014357867261927,1.9275249131909356,0,-5.6843418860808015e-14,False
exhale,140,6.690502574292652,1.9498445997580456,0,-6.3948846218409017e-14,False
exhale,140,6.6795642105612147,1.9724227361148534,0,-1.4210854715202004e-14,False
exhale,140,6.6686214310506413,1.9952623149688797,0,0,False
exhale,140,6.6576749690046633,2.0183663636815607,0,-1.4210854715202004e-14,False
exhale,140,6.646725555288171,2.0417379446695296,0,1.4210854715202004e-14,False
exhale,140,6.6357739221889398,2.0653801558105291,0,2.1316282072803006e-14,False
exhale,140,6.6248208887309374,2.0892961308540396,0,8.5265128291212022e-14,False
exhale,140,6.6138673584725378,2.1134890398366464,0,-8.5265128291212022e-14,False
exhale,140,6.602914232597028,2.1379620895022327,0,-4.9737991503207013e-14,False
exhale,140,6.5919624058828488,2.1627185237270199,0,-2.1316282072803006e-14,False
exhale,140,6.5810127665998648,2.187761623949553,0,0,False
exhale,140,6.5700661964081393,2.2130947096056377,0,0,False
exhale,140,6.5591235702594313,2.2387211385683399,0,7.1054273576010019e-15,False
exhale,140,6.5481857563013595,2.2646443075930596,0,0,False
exhale,140,6.5372536157843824,2.2908676527677736,0,5.6843418860808015e-14,False
exhale,140,6.5263280029714563,2.3173946499684783,0,-7.815970093361102e-14,False
exhale,140,6.5154097650506975,2.3442288153199229,0,-4.2632564145606011e-14,False
exhale,140,6.5044997420505739,2.3713737056616551,0,-2.8421709430404007e-14,False
exhale,140,6.4935987667582467,2.3988329190194912,0,7.1054273576010019e-15,False
exhale,140,6.4827076646406336,2.4266100950824154,0,0,False
exhale,140,6.4718272537684243,2.454708915685031,0,0,False
exhale,140,6.4609583447430143,2.4831331052955705,0,2.1316282072803006e-14,False
exhale,140,6.4501017406263532,2.511886431509581,0,7.1054273576010019e-14,False
exhale,140,6.4392582368737425,2.5409727055493052,0,-5.6843418860808015e-14,False
exhale,140,6.4284286212697124,2.5703957827688635,0,-4.9737991503207013e-14,False
exhale,140,6.4176136738666276,2.6001595631652723,0,-1.4210854715202004e-14,False
exhale,140,6.4068141669265053,2.6302679918953813,0,-7.1054273576010019e-15,False
exhale,140,6.3960308648657058,2.6607250597988097,0,7.1054273576010019e-15,False
exhale,140,6.3852645242026442,2.6915348039269151,0,7.1054273576010019e-15,False
exhale,140,6.3745158935084625,2.7227013080779128,0,1.4210854715202004e-14,False
exhale,140,6.3637857133607314,2.7542287033381663,0,6.3948846218409017e-14,False
exhale,140,6.3530747163000489,2.7861211686297707,0,-5.6843418860808015e-14,False
exhale,140,6.3423836267898288,2.8183829312644537,0,-3.5527136788005009e-14,False
exhale,140,6.3317131611787341,2.85101826750391,0,-2.8421709430404007e-14,False
exhale,140,6.3210640276663774,2.8840315031266055,0,-7.1054273576010019e-15,False
exhale,140,6.3104369262718087,2.9174270140011673,0,1.4210854715202004e-14,False
exhale,140,6.299832548805,2.9512092266663856,0,7.1054273576010019e-15,False
exhale,140,6.2892515788412453,2.9853826189179604,0,2.8421709430404007e-14,False
exhale,140,6.2786946916984574,3.0199517204020161,0,4.9737991503207013e-14,False
exhale,140,6.2681625544173265,3.0549211132155141,0,-6.3948846218409017e-14,False
exhale,140,6.2576558257445045,3.0902954325135905,0,-4.2632564145606011e-14,False
exhale,140,6.2471751561183577,3.126079367123956,0,-2.1316282072803006e-14,False
exhale,140,6.236721187657805,3.1622776601683795,0,-1.4210854715202004e-14,False
exhale,140,6.226294561328892,3.1988951096913989,0,1.4210854715202004e-14,False
exhale,140,6.2158959375763665,3.2359365692962827,0,1.4210854715202004e-14,False
exhale,140,6.2055259732602881,3.273406948788383,0,7.1054273576010019e-15,False
exhale,140,6.1951853142983833,3.3113112148259112,0,6.3948846218409017e-14,False
exhale,140,6.1848745957108608,3.3496543915782775,0,-4.9737991503207013e-14,False
exhale,140,6.1745944416687299,3.3884415613920256,0,-2.8421709430404007e-14,False
exhale,140,6.1643454655451695,3.4276778654645046,0,-2.1316282072803006e-14,False
exhale,140,6.1541282699702906,3.4673685045253166,0,7.1054273576010019e-15,False
exhale,140,6.1439434468888852,3.5075187395256795,0,7.1054273576010019e-15,False
exhale,140,6.133791577621218,3.548133892335755,0,2.8421709430404007e-14,False
exhale,140,6.1236732329267278,3.5892193464500517,0,7.1054273576010019e-15,False
exhale,140,6.1135889730705806,3.630780547701014,0,6.3948846218409017e-14,False
exhale,140,6.1035393478928963,3.6728230049808461,0,-7.1054273576010019e-14,False
exhale,140,6.0935248968808207,3.715352290971726,0,-1.4210854715202004e-14,False
exhale,140,6.0835461492428564,3.7583740428844412,0,-2.1316282072803006e-14,False
exhale,140,6.0736036239859716,3.8018939632056128,0,0,False
exhale,140,6.0636978299949149,3.8459178204535354,0,0,False
exhale,140,6.053829266113941,3.8904514499428067,0,7.1054273576010019e-15,False
exhale,140,6.0439984212306488,3.9355007545577743,0,2.1316282072803006e-14,False
exhale,140,6.034205774362051,3.9810717055349731,0,4.9737991503207013e-14,False
exhale,140,6.0244517947425988,4.0271703432545909,0,-4.9737991503207013e-14,False
exhale,140,6.0147369419142862,4.0738027780411281,0,-4.2632564145606011e-14,False
exhale,140,6.0050616658184506,4.1209751909733017,0,7.1054273576010019e-15,False
exhale,140,5.9954264068895107,4.1686938347033546,0,-7.1054273576010019e-15,False
exhale,140,5.9858315961503807,4.2169650342858223,0,-2.8421709430404007e-14,False
exhale,140,5.9762776553094774,4.2657951880159279,0,7.1054273576010019e-15,False
exhale,140,5.9667649968592738,4.3151907682776525,0,2.8421709430404007e-14,False
exhale,140,5.9572940241763419,4.365158322401661,0,4.9737991503207013e-14,False
exhale,140,5.9478651316227582,4.4157044735331255,0,-7.815970093361102e-14,False
exhale,140,5.938478704648892,4.4668359215096327,0,-2.8421709430404007e-14,False
exhale,140,5.9291351198972473,4.5185594437492238,0,-1.4210854715202004e-14,False
exhale,140,5.9198347453076519,4.5708818961487516,0,7.1054273576010019e-15,False
exhale,140,5.9105779402234244,4.6238102139926029,0,7.1054273576010019e-15,False
exhale,140,5.9013650554985819,4.6773514128719809,0,7.1054273576010019e-15,False
exhale,140,5.8921964336059647,4.7315125896148054,0,7.1054273576010019e-15,False
exhale,140,5.8830724087462309,4.7863009232263831,0,2.8421709430404007e-14,False
exhale,140,5.8739933069576704,4.8417236758409938,0,7.1054273576010019e-14,False
exhale,140,5.8649594443059057,4.8977881936844616,0,-7.1054273576010019e-14,False
exhale,140,5.8559710847239037,4.9545019080479031,0,-1.4210854715202004e-14,False
exhale,140,5.8470284400693,5.011872336272722,0,-1.4210854715202004e-14,False
exhale,140,5.8381317124901004,5.0699070827470445,0,-7.1054273576010019e-15,False
exhale,140,5.8292810964836859,5.1286138399136485,0,-1.4210854715202004e-14,False
exhale,140,5.8204767790352951,5.1880003892896118,0,-7.1054273576010019e-15,False
exhale,140,5.8117189397560569,5.2480746024977254,0,2.8421709430404007e-14,False
exhale,140,5.8030077510204938,5.3088444423098844,0,4.9737991503207013e-14,False
exhale,140,5.7943433781034814,5.3703179637025267,0,-5.6843418860808015e-14,False
exhale,140,5.7857259793166422,5.4325033149243334,0,-4.2632564145606011e-14,False
exhale,140,5.777155706143918,5.4954087385762458,0,-1.4210854715202004e-14,False
exhale,140,5.7686327033765901,5.5590425727040369,0,0,False
exhale,140,5.7601571092474568,5.6234132519034912,0,1.4210854715202004e-14,False
exhale,140,5.7517290555642209,5.6885293084384161,0,-7.1054273576010019e-15,False
exhale,140,5.743348667842028,5.7543993733715695,0,1.4210854715202004e-14,False
exhale,140,5.7350160654351168,5.8210321777087159,0,1.4210854715202004e-14,False
exhale,140,5.7267313616675377,5.8884365535558896,0,5.6843418860808015e-14,False
exhale,140,5.7184946639628933,5.9566214352901063,0,-8.5265128291212022e-14,False
exhale,140,5.7103060739731983,6.0255958607435778,0,-7.815970093361102e-14,False
exhale,140,5.702165687706497,6.095368972401694,0,-2.8421709430404007e-14,False
exhale,140,5.6940735956536104,6.1659500186148222,0,-1.4210854715202004e-14,False
exhale,140,5.6860298829137426,6.2373483548241913,0,2.1316282072803006e-14,False
exhale,140,5.6780346293189377,6.3095734448019334,0,0,False
exhale,140,5.6700879095574672,6.382634861905486,0,1.4210854715202004e-14,False
exhale,140,5.6621897932959984,6.4565422903465564,0,1.4210854715202004e-14,False
exhale,140,5.6543403453006187,6.5313055264747231,0,1.4210854715202004e-14,False
exhale,140,5.6465396255566569,6.6069344800759611,0,6.3948846218409017e-14,False
exhale,140,5.6387876893872466,6.6834391756861455,0,-7.1054273576010019e-14,False
exhale,140,5.6310845875708138,6.7608297539198192,0,-2.1316282072803006e-14,False
exhale,140,5.6234303664570255,6.8391164728142924,0,-2.8421709430404007e-14,False
exhale,140,5.6158250680817883,6.9183097091893657,0,1.4210854715202004e-14,False
exhale,140,5.6082687302807619,6.9984199600227344,0,-1.4210854715202004e-14,False
exhale,140,5.6007613868017181,7.0794578438413804,0,2.8421709430404007e-14,False
exhale,140,5.5933030674155075,7.1614341021290198,0,-7.1054273576010019e-15,False
exhale,140,5.585893798025813,7.2443596007499025,0,0,False
exhale,140,5.5785336007775301,7.3282453313890406,0,2.1316282072803006e-14,False
exhale,140,5.5712224941638775,7.4131024130091774,0,8.5265128291212022e-14,False
exhale,140,5.5639604931321447,7.4989420933245583,0,-5.6843418860808015e-14,False
exhale,140,5.5567475855766766,7.5857757502918401,0,-4.2632564145606011e-14,False
exhale,140,5.5495836621222958,7.6736148936181898,0,-1.4210854715202004e-14,False
exhale,140,5.5424685879537057,7.7624711662869199,0,7.1054273576010019e-15,False
exhale,140,5.5354022266376832,7.8523563461007182,0,0,False
exhale,140,5.5283844402023634,7.9432823472428176,0,0,False
exhale,140,5.5214150892148304,8.0352612218561728,0,-7.1054273576010019e-15,False
exhale,140,5.5144940328571233,8.1283051616409949,0,7.1054273576010019e-15,False
exhale,140,5.5076211290006425,8.2224264994707124,0,2.8421709430404007e-14,False
exhale,140,5.5007962342789671,8.317637711026709,0,5.6843418860808015e-14,False
exhale,140,5.4940192041591178,8.4139514164519511,0,-7.815970093361102e-14,False
exhale,140,5.4872898930113791,8.5113803820237628,0,-4.2632564145606011e-14,False
exhale,140,5.4806081541774088,8.6099375218460068,0,-2.1316282072803006e-14,False
exhale,140,5.4739738400370772,8.709635899560805,0,-2.1316282072803006e-14,False
exhale,140,5.4673868020737286,8.8104887300801416,0,-1.4210854715202004e-14,False
exhale,140,5.4608468909380221,8.9125093813374541,0,1.4210854715202004e-14,False
exhale,140,5.4543539565103725,9.0157113760595706,0,1.4210854715202004e-14,False
exhale,140,5.4479078479619814,9.1201083935590965,0,1.4210854715202004e-14,False
exhale,140,5.4415084138144838,9.2257142715476341,0,7.1054273576010019e-15,False
exhale,140,5.4351555019982865,9.3325430079699103,0,2.8421709430404007e-14,False
exhale,140,5.4288489599095247,9.4406087628592363,0,2.8421709430404007e-14,False
exhale,140,5.422588634465753,9.5499258602143584,0,-7.815970093361102e-14,False
exhale,140,5.4163743721603863,9.6605087898981363,0,-6.3948846218409017e-14,False
exhale,140,5.4102060191157735,9.7723722095581067,0,-4.9737991503207013e-14,True
exhale,140,5.4040834211351427,9.885530946569391,0,1.4210854715202004e-14,True
exhale,140,5.398006423753281,10,0,7.1054273576010019e-15,True
exhale,140,5.3919748722860499,10.115794542598982,0,0,True
exhale,140,5.3859886118787035,10.232929922807546,0,-1.4210854715202004e-14,True
exhale,140,5.3800474875530835,10.351421666793442,0,1.4210854715202004e-14,True
exhale,140,5.3741513442536633,10.471285480508996,0,1.4210854715202004e-14,True
exhale,140,5.3683000268925172,10.592537251772887,0,2.8421709430404007e-14,True
exhale,140,5.3624933803931931,10.715193052376071,0,4.2632564145606011e-14,True
exhale,140,5.3567312497335244,10.839269140212039,0,7.815970093361102e-14,True
exhale,140,5.3510134799873832,10.964781961431852,0,-7.815970093361102e-14,True
exhale,140,5.3453399163655249,11.091748152624008,0,-6.3948846218409017e-14,True
exhale,140,5.3397104042552277,11.220184543019629,0,-4.2632564145606011e-14,True
exhale,140,5.3341247892591568,11.350108156723154,0,-7.1054273576010019e-15,True
exhale,140,5.3285829172331685,11.481536214968829,0,1.4210854715202004e-14,True
exhale,140,5.3230846318985812,11.614486138403427,0,-7.1054273576010019e-15,True
exhale,140,5.3176297217488067,11.748975549395292,0,-7.1054273576010019e-15,True
exhale,140,5.3122179209629374,11.88502227437019,0,1.4210854715202004e-14,True
exhale,140,5.3068489631101263,12.022644346174131,0,0,True
exhale,140,5.301522583628409,12.161860006463678,0,0,True
exhale,140,5.2962385198338664,12.302687708123811,0,2.1316282072803006e-14,True
exhale,140,5.290996510920233,12.445146117713856,0,2.8421709430404007e-14,True
exhale,140,5.2857962979580835,12.589254117941675,0,5.6843418860808015e-14,True
exhale,140,5.2806376238935515,12.735030810166617,0,-8.5265128291212022e-14,True
exhale,140,5.2755202335467954,12.882495516931336,0,-7.815970093361102e-14,True
exhale,140,5.2704438736098709,13.031667784523,0,-6.3948846218409017e-14,True
exhale,140,5.2654082926444241,13.182567385564074,0,-2.1316282072803006e-14,True
exhale,140,5.2604132410789619,13.33521432163324,0,-1.4210854715202004e-14,True
exhale,140,5.2554584712057961,13.489628825916533,0,-7.1054273576010019e-15,True
exhale,140,5.2505437371776598,13.645831365889252,0,-7.1054273576010019e-15,True
exhale,140,5.245668795004045,13.803842646028853,0,-7.1054273576010019e-15,True
exhale,140,5.2408334025472048,13.963683610559377,0,7.1054273576010019e-15,True
exhale,140,5.2360373195179113,14.12537544622754,0,3.5527136788005009e-14,True
exhale,140,5.2312803074709215,14.288939585111036,0,-7.1054273576010019e-15,True
exhale,140,5.2265621298002243,14.454397707459281,0,2.8421709430404007e-14,True
exhale,140,5.2218825517339766,14.621771744567184,0,4.2632564145606011e-14,True
exhale,140,5.2172413403292737,14.791083881682072,0,5.6843418860808015e-14,True
exhale,140,5.2126382644666416,14.962356560944343,0,-7.815970093361102e-14,True
exhale,140,5.2080730948444263,15.135612484362087,0,-7.815970093361102e-14,True
exhale,140,5.2035456039727794,15.310874616820303,0,-8.5265128291212022e-14,True
exhale,140,5.1990555661676652,15.488166189124811,0,-4.9737991503207013e-14,True
exhale,140,5.1946027575445495,15.667510701081484,0,-4.9737991503207013e-14,True
exhale,140,5.1901869560119973,15.848931924611142,0,-7.1054273576010019e-15,True
exhale,140,5.1858079412650397,16.032453906900418,0,7.1054273576010019e-15,True
exhale,140,5.1814654947784451,16.218100973589298,0,-7.1054273576010019e-15,True
exhale,140,5.1771593997998044,16.405897731995388,0,-7.1054273576010019e-15,True
exhale,140,5.1728894413425026,16.595869074375614,0,7.1054273576010019e-15,True
exhale,140,5.1686554061785364,16.788040181225607,0,-1.4210854715202004e-14,True
exhale,140,5.1644570828312553,16.982436524617444,0,2.8421709430404007e-14,True
exhale,140,5.1602942615679224,17.179083871575877,0,0,True
exhale,140,5.1561667343922455,17.378008287493763,0,4.2632564145606011e-14,True
exhale,140,5.1520742950367273,17.579236139586932,0,4.2632564145606011e-14,True
exhale,140,5.1480167389550093,17.782794100389228,0,1.0658141036401503e-13,True
exhale,140,5.1439938522589861,17.988709151287875,0,-9.9475983006414026e-14,True
exhale,140,5.1400053788228108,18.197008586099845,0,-8.5265128291212022e-14,True
exhale,140,5.1360510539148647,18.407720014689563,0,-7.1054273576010019e-14,True
exhale,140,5.1321306152943107,18.620871366628677,0,-6.3948846218409017e-14,True
exhale,140,5.1282438031825697,18.836490894898002,0,-4.2632564145606011e-14,True
exhale,140,5.1243903602351359,19.054607179632484,0,-3.5527136788005009e-14,True
exhale,140,5.1205700315137204,19.275249131909366,0,0,True
exhale,140,5.1167825644587124,19.498445997580454,0,0,True
exhale,140,5.113027708861968,19.724227361148536,0,-7.1054273576010019e-15,True
exhale,140,5.1093052168399158,19.952623149688808,0,0,True
exhale,140,5.1056148428069488,20.183663636815616,0,-1.4210854715202004e-14,True
exhale,140,5.1019563434491753,20.417379446695296,0,1.4210854715202004e-14,True
exhale,140,5.0983294776984156,20.65380155810529,0,-7.1054273576010019e-15,True
exhale,140,5.0947340067065685,20.892961308540386,0,2.1316282072803006e-14,True
exhale,140,5.0911696938202162,21.134890398366476,0,0,True
exhale,140,5.0876363045555824,21.379620895022324,0,4.9737991503207013e-14,True
exhale,140,5.0841336065737268,21.627185237270201,0,6.3948846218409017e-14,True
exhale,140,5.0806613696560943,21.87761623949552,0,6.3948846218409017e-14,True
exhale,140,5.0772193656802802,22.130947096056389,0,-9.9475983006414026e-14,True
exhale,140,5.0738073685962162,22.387211385683401,0,-7.1054273576010019e-14,True
exhale,140,5.0704251544024137,22.646443075930595,0,-9.2370555648813024e-14,True
exhale,140,5.0670725011227011,22.908676527677724,0,-9.9475983006414026e-14,True
exhale,140,5.0637491887831505,23.173946499684796,0,-4.2632564145606011e-14,True
exhale,140,5.0604549993892478,23.442288153199225,0,-4.2632564145606011e-14,True
exhale,140,5.0571897169034008,23.713737056616552,0,-4.2632564145606011e-14,True
exhale,140,5.0539531272226714,23.9883291901949,0,7.1054273576010019e-15,True
exhale,140,5.050745018156773,24.266100950824168,0,0,False
exhale,140,5.047565179406349,24.547089156850312,0,2.1316282072803006e-14,False
exhale,140,5.0444134025415046,24.831331052955704,0,2.1316282072803006e-14,False
exhale,140,5.0412894809805788,25.118864315095795,0,-7.1054273576010019e-15,False
exhale,140,5.0381932099691964,25.409727055493065,0,-7.1054273576010019e-15,False
exhale,140,5.0351243865595432,25.703957827688647,0,1.4210854715202004e-14,False
exhale,140,5.0320828095898964,26.001595631652723,0,0,False
exhale,140,5.0290682796644202,26.302679918953814,0,1.4210854715202004e-14,False
exhale,140,5.0260805991331701,26.607250597988113,0,7.1054273576010019e-15,False
exhale,140,5.0231195720723631,26.915348039269166,0,7.1054273576010019e-15,False
exhale,140,5.0201850042648681,27.227013080779127,0,5.6843418860808015e-14,False
exhale,140,5.0172767026220608,27.542287033381662,0,5.6843418860808015e-14,False
exhale,140,5.0143944629140984,27.861211686297693,0,8.5265128291212022e-14,False
exhale,140,5.0115380699377789,28.183829312644551,0,9.9475983006414026e-14,False
exhale,140,5.0087073098664661,28.510182675039097,0,-9.2370555648813024e-14,False
exhale,140,5.0059019707841541,28.840315031266059,0,-1.0658141036401503e-13,False
exhale,140,5.0031218426592021,29.174270140011661,0,-7.815970093361102e-14,False
exhale,140,5.0003667173186486,29.512092266663871,0,-9.2370555648813024e-14,False
exhale,140,4.9976363884228396,29.853826189179603,0,-7.1054273576010019e-14,False
exhale,140,4.9949306514404173,30.199517204020161,0,-5.6843418860808015e-14,False
exhale,140,4.9922493036236908,30.549211132155122,0,-4.9737991503207013e-14,False
exhale,140,4.9895921439843809,30.902954325135919,0,-1.4210854715202004e-14,False
exhale,140,4.9869589732696902,31.260793671239558,0,-7.1054273576010019e-15,False
exhale,140,4.9843495939387674,31.622776601683793,0,-2.1316282072803006e-14,False
exhale,140,4.9817638101394799,31.988951096913972,0,0,False
exhale,140,4.9792014276855339,32.359365692962847,0,0,False
exhale,140,4.9766622540339363,32.734069487883829,0,7.1054273576010019e-15,False
exhale,140,4.9741460982627776,33.113112148259113,0,1.4210854715202004e-14,False
exhale,140,4.9716527710493263,33.496543915782759,0,-7.1054273576010019e-15,False
exhale,140,4.969182084648474,33.884415613920275,0,7.1054273576010019e-15,False
exhale,140,4.9667338528714415,34.276778654645049,0,2.1316282072803006e-14,False
exhale,140,4.9643078910648253,34.673685045253166,0,0,False
exhale,140,4.9619040160899459,35.075187395256798,0,1.4210854715202004e-14,False
exhale,140,4.9595220463024567,35.481338923357569,0,7.1054273576010019e-15,False
exhale,140,4.9571618015323011,35.892193464500536,0,3.5527136788005009e-14,False
exhale,140,4.9548231030638874,36.307805477010142,0,3.5527136788005009e-14,False
exhale,140,4.9525057736166076,36.72823004980846,0,6.3948846218409017e-14,False
exhale,140,4.9502096373255844,37.153522909717239,0,6.3948846218409017e-14,False
exhale,140,4.9479345197227227,37.583740428844429,0,7.815970093361102e-14,False
exhale,140,4.9456802477180082,38.018939632056124,0,9.2370555648813024e-14,False
exhale,140,4.9434466495810536,38.459178204535355,0,-1.3500311979441904e-13,False
exhale,140,4.9412335549230226,38.904514499428046,0,-1.0658141036401503e-13,False
exhale,140,4.9390407946785695,39.355007545577763,0,-1.0658141036401503e-13,False
exhale,140,4.9368682010882567,39.810717055349734,0,-1.1368683772161603e-13,False
exhale,140,4.9347156076811274,40.271703432545905,0,-7.815970093361102e-14,False
exhale,140,4.9325828492574946,40.738027780411258,0,-7.815970093361102e-14,False
exhale,140,4.9304697618720299,41.209751909733043,0,-7.815970093361102e-14,False
exhale,140,4.928376182817038,41.686938347033553,0,-6.3948846218409017e-14,False
exhale,140,4.926301950605982,42.169650342858226,0,-2.1316282072803006e-14,False
exhale,140,4.9242469048508042,42.657951880159253,0,-3.5527136788005009e-14,False
exhale,140,4.9222108859496645,43.151907682776546,0,-2.8421709430404007e-14,False
exhale,140,4.9201937354296854,43.651583224016612,0,-1.4210854715202004e-14,False
exhale,140,4.9181952960416364,44.157044735331255,0,-7.1054273576010019e-15,False
exhale,140,4.9162154117426207,44.668359215096302,0,-1.4210854715202004e-14,False
exhale,140,4.914253927679022,45.185594437492263,0,7.1054273576010019e-15,False
exhale,140,4.9123106901696847,45.708818961487516,0,0,False
exhale,140,4.9103855466893593,46.238102139926035,0,-7.1054273576010019e-15,False
exhale,140,4.9084783458524024,46.77351412871981,0,-7.1054273576010019e-15,False
exhale,140,4.9065889373966742,47.315125896148075,0,1.4210854715202004e-14,False
exhale,140,4.9047171721677092,47.863009232263849,0,0,False
exhale,140,4.9028629021031147,48.417236758409942,0,-7.1054273576010019e-15,False
exhale,140,4.9010259802171836,48.977881936844611,0,-7.1054273576010019e-15,False
exhale,140,4.8992062605857329,49.545019080479001,0,0,False
exhale,140,4.8974035983311639,50.118723362727252,0,1.4210854715202004e-14,False
exhale,140,4.8956178496077474,50.699070827470443,0,2.8421709430404007e-14,False
exhale,140,4.8938488715871049,51.286138399136483,0,1.4210854715202004e-14,False
exhale,140,4.8920965224439152,51.880003892896092,0,3.5527136788005009e-14,False
exhale,140,4.8903606613418065,52.480746024977286,0,3.5527136788005009e-14,False
exhale,140,4.8886411484194721,53.088444423098849,0,5.6843418860808015e-14,False
exhale,140,4.8869378447769654,53.703179637025272,0,7.815970093361102e-14,False
exhale,140,4.8852506124622046,54.325033149243303,0,9.9475983006414026e-14,False
exhale,140,4.8835793144576556,54.954087385762485,0,7.1054273576010019e-14,False
exhale,140,4.8819238146672221,55.590425727040369,0,1.0658141036401503e-13,False
exhale,140,4.8802839779032965,56.234132519034908,0,1.1368683772161603e-13,False
exhale,140,4.878659669873981,56.885293084384131,0,-1.4210854715202004e-13,False
exhale,140,4.8770507571706379,57.543993733715723,0,-1.2789769243681803e-13,False
exhale,140,4.875457107255305,58.210321777087159,0,-1.2789769243681803e-13,False
exhale,140,4.8738785884485996,58.884365535558899,0,-1.1368683772161603e-13,False
exhale,140,4.8723150699176259,59.566214352901035,0,-1.2789769243681803e-13,False
exhale,140,4.870766421664098,60.255958607435808,0,-1.3500311979441904e-13,False
exhale,140,4.869232514512615,60.95368972401694,0,-9.2370555648813024e-14,False
exhale,140,4.8677132200991045,61.659500186148222,0,-5.6843418860808015e-14,False
exhale,140,4.8662084108594197,62.373483548241914,0,-6.3948846218409017e-14,False
exhale,140,4.8647179600181163,63.095734448019364,0,-7.1054273576010019e-14,False
exhale,140,4.8632417415773501,63.82634861905489,0,-4.9737991503207013e-14,False
exhale,140,4.8617796303059562,64.56542290346556,0,-1.4210854715202004e-14,False
exhale,140,4.8603315017286528,65.313055264747234,0,-2.1316282072803006e-14,False
exhale,140,4.8588972321154253,66.06934480075958,0,-4.9737991503207013e-14,False
exhale,140,4.8574766984710323,66.834391756861493,0,-2.1316282072803006e-14,False
exhale,140,4.8560697785246418,67.60829753919819,0,-7.1054273576010019e-15,False
exhale,140,4.854676350719652,68.391164728142925,0,0,False
exhale,140,4.8532962942036084,69.183097091893629,0,-7.1054273576010019e-15,False
exhale,140,4.8519294888182811,69.984199600227385,0,-7.1054273576010019e-15,False
exhale,140,4.8505758150898703,70.794578438413808,0,7.1054273576010019e-15,False
exhale,140,4.8492351542193433,71.614341021290201,0,0,False
exhale,140,4.8479073880728993,72.443596007498982,0,-1.4210854715202004e-14,False
exhale,140,4.846592399172569,73.282453313890443,0,7.1054273576010019e-15,False
exhale,140,4.8452900706869366,74.131024130091774,0,-1.4210854715202004e-14,False
exhale,140,4.844000286421994,74.989420933245583,0,7.1054273576010019e-15,False
exhale,140,4.8427229308120978,75.857757502918361,0,-1.4210854715202004e-14,False
exhale,140,4.8414578889110729,76.736148936181934,0,7.1054273576010019e-15,False
exhale,140,4.8402050463834208,77.624711662869203,0,0,False
exhale,140,4.8389642894956433,78.523563461007186,0,0,False
exhale,140,4.8377355051076876,79.43282347242814,0,7.1054273576010019e-15,False
exhale,140,4.8365185806645083,80.352612218561774,0,0,False
exhale,140,4.8353134041877306,81.283051616409949,0,-7.1054273576010019e-15,False
exhale,140,4.8341198642674366,82.224264994707127,0,2.1316282072803006e-14,False
exhale,140,4.8329378500540514,83.176377110267083,0,7.1054273576010019e-15,False
exhale,140,4.8317672512503416,84.139514164519554,0,1.4210854715202004e-14,False
exhale,140,4.8306079581035188,85.113803820237678,0,2.8421709430404007e-14,False
exhale,140,4.8294598613974413,86.099375218460082,0,2.1316282072803006e-14,False
exhale,140,4.828322852444936,87.096358995608057,0,3.5527136788005009e-14,False
exhale,140,4.8271968230801994,88.10488730080138,0,3.5527136788005009e-14,False
exhale,140,4.8260816656513112,89.12509381337459,0,3.5527136788005009e-14,False
exhale,140,4.8249772730128555,90.157113760595706,0,6.3948846218409017e-14,False
exhale,140,4.8238835385186061,91.201083935590972,0,6.3948846218409017e-14,False
exhale,140,4.822800356014354,92.257142715476292,0,5.6843418860808015e-14,False
exhale,140,4.8217276198307975,93.325430079699146,0,7.815970093361102e-14,False
exhale,140,4.8206652247765209,94.40608762859236,0,9.2370555648813024e-14,False
exhale,140,4.8196130661310974,95.499258602143584,0,1.0658141036401503e-13,False
exhale,140,4.8185710396382495,96.60508789898131,0,1.1368683772161603e-13,False
exhale,140,4.8175390414991242,97.72372209558111,0,1.2079226507921703e-13,False
exhale,140,4.8165169683656357,98.855309465693907,0,1.4210854715202004e-13,False
exhale,140,4.8155047173339014,100,0,1.2789769243681803e-13,False
