point_id,kind,model,rho1,rho2,L_mm,Z,dZ_dlogrho1,dZ_dlogrho2,relative_residual,reciprocity_abs,elapsed_seconds
g0_0,grid,variable_transverse,1.37741046831956,9.74127148952718,50,23.9662863221564,23.776058019558,0.10343660581541,1.48250323864954e-10,7.105427357601e-15,1.8088369
g0_0,grid,variable_transverse,1.37741046831956,9.74127148952718,60,23.4400733920752,23.5411998509564,0.160380619227041,1.70890664310415e-10,7.105427357601e-15,3.4994218
g0_0,grid,variable_transverse,1.37741046831956,9.74127148952718,70,18.3274571623908,18.1739110992336,0.193027523108984,1.58328340266525e-10,7.105427357601e-15,5.2327559
g0_0,grid,variable_transverse,1.37741046831956,9.74127148952718,80,19.0619726357893,18.8219868904638,0.249987194556267,2.7185967787476e-10,7.105427357601e-15,6.7310154
g0_0,grid,variable_transverse,1.37741046831956,9.74127148952718,90,16.4071652213404,16.0828579655282,0.296551290692721,2.60266229872799e-10,3.5527136788005e-15,8.2973185
g0_0,grid,variable_transverse,1.37741046831956,9.74127148952718,110,15.3930301871516,15.1224136721585,0.390985408527059,4.59933205300313e-10,3.5527136788005e-15,9.8280948
g0_0,grid,variable_transverse,1.37741046831956,9.74127148952718,120,14.3932450479586,13.9267990324359,0.454320285229083,2.56270209235365e-10,3.5527136788005e-15,11.2840176
g0_0,grid,variable_transverse,1.37741046831956,9.74127148952718,130,13.2989355497117,12.8374916231924,0.469787496416667,3.80173861080341e-10,3.5527136788005e-15,12.8983271
g0_0,grid,variable_transverse,1.37741046831956,9.74127148952718,140,12.9700457470276,12.4674240637678,0.52313878540889,3.39101349335067e-10,0,14.5816488
g0_1,grid,variable_transverse,1.37741046831956,11.3267323263268,50,23.9811299266594,23.8008010137714,0.0935413539683514,2.05347720156139e-10,1.4210854715202e-14,1.5806592
g0_1,grid,variable_transverse,1.37741046831956,11.3267323263268,60,23.4630946916667,23.5795292489118,0.145115172871638,2.91905725605487e-10,7.105427357601e-15,3.1562697
g0_1,grid,variable_transverse,1.37741046831956,11.3267323263268,70,18.3551649697195,18.2200580038862,0.174659422982446,3.09818261108616e-10,0,4.716052
g0_1,grid,variable_transverse,1.37741046831956,11.3267323263268,80,19.0978608617383,18.8814838632376,0.226254347220372,4.00383183183264e-10,1.06581410364015e-14,6.2615286
g0_1,grid,variable_transverse,1.37741046831956,11.3267323263268,90,16.4497421337022,16.15352041933,0.268449526611996,2.92082478030054e-10,1.06581410364015e-14,7.8724598
g0_1,grid,variable_transverse,1.37741046831956,11.3267323263268,110,15.4491685673579,15.2156131746885,0.353980909694923,5.31298322889927e-10,5.32907051820075e-15,9.3801774
g0_1,grid,variable_transverse,1.37741046831956,11.3267323263268,120,14.4584788513605,14.034906447063,0.411346306347164,5.13583462351197e-10,1.77635683940025e-15,10.9497216
g0_1,grid,variable_transverse,1.37741046831956,11.3267323263268,130,13.366374099444,12.9494638103056,0.42514660271748,6.72388592865178e-10,1.77635683940025e-15,12.4952383
g0_1,grid,variable_transverse,1.37741046831956,11.3267323263268,140,13.045122171694,12.5924825883834,0.473164983588489,5.61208838725996e-10,7.105427357601e-15,14.0835736
g0_2,grid,variable_transverse,1.37741046831956,13.1702381285837,50,23.9945297234924,23.8234547803909,0.0842912074782421,1.66965583013511e-10,3.5527136788005e-15,1.5897752
g0_2,grid,variable_transverse,1.37741046831956,13.1702381285837,60,23.4838880923923,23.6146382748982,0.130837845288346,1.87859560602668e-10,3.5527136788005e-15,3.2432564
g0_2,grid,variable_transverse,1.37741046831956,13.1702381285837,70,18.3801922949411,18.2623257341982,0.157483043585507,2.25254347867633e-10,1.4210854715202e-14,4.8431036
g0_2,grid,variable_transverse,1.37741046831956,13.1702381285837,80,19.1302855749847,18.9359917983485,0.204059070277389,1.72682952905973e-10,0,6.4086219
g0_2,grid,variable_transverse,1.37741046831956,13.1702381285837,90,16.4882179159576,16.2182635182437,0.242167589133727,2.86469289126943e-10,7.105427357601e-15,8.0211345
g0_2,grid,variable_transverse,1.37741046831956,13.1702381285837,110,15.4999079375659,15.3009953465013,0.319389104403289,2.96620545232594e-10,1.77635683940025e-15,9.5728842
g0_2,grid,variable_transverse,1.37741046831956,13.1702381285837,120,14.5174436752453,14.1339405326616,0.371185972865269,5.28126270110484e-10,5.32907051820075e-15,11.2851925
g0_2,grid,variable_transverse,1.37741046831956,13.1702381285837,130,13.4273037260608,13.0519729431065,0.383469423153735,4.10502168331846e-10,0,12.8818931
g0_2,grid,variable_transverse,1.37741046831956,13.1702381285837,140,13.1129159742941,12.7068895241409,0.426558307656057,4.45415673209528e-10,8.88178419700125e-15,14.566073
g0_3,grid,variable_transverse,1.37741046831956,15.3137875396276,50,24.0065843669969,23.8441025215485,0.0757016350740959,2.50941900432671e-10,0,1.6610446
g0_3,grid,variable_transverse,1.37741046831956,15.3137875396276,60,23.5026047093808,23.646654590131,0.117572426852848,1.47458414801609e-10,7.105427357601e-15,3.2973935
g0_3,grid,variable_transverse,1.37741046831956,15.3137875396276,70,18.402721267692,18.3008697733733,0.141525532802645,2.62886619087979e-10,3.5527136788005e-15,4.9751295
g0_3,grid,variable_transverse,1.37741046831956,15.3137875396276,80,19.1594816523746,18.9857110649464,0.183435047416749,3.29731837411155e-10,0,6.5994807
g0_3,grid,variable_transverse,1.37741046831956,15.3137875396276,90,16.5228704016767,16.2773271171208,0.217743358854367,2.47033698343898e-10,3.5527136788005e-15,8.4035547
g0_3,grid,variable_transverse,1.37741046831956,15.3137875396276,110,15.5456158431774,15.3788879973142,0.287250129556745,5.00615663581902e-10,7.105427357601e-15,10.0292509
g0_3,grid,variable_transverse,1.37741046831956,15.3137875396276,120,14.5705675780551,14.2242891026245,0.333878951783208,4.13980808407102e-10,3.5527136788005e-15,11.6836113
g0_3,grid,variable_transverse,1.37741046831956,15.3137875396276,130,13.4821744799131,13.1454374071504,0.344787057565237,5.71565623495656e-10,1.77635683940025e-15,13.2443081
g0_3,grid,variable_transverse,1.37741046831956,15.3137875396276,140,13.1739375508889,12.8111319309306,0.383342398325777,4.33616681773924e-10,5.32907051820075e-15,14.9173337
g0_4,grid,variable_transverse,1.37741046831956,17.8062147790544,50,24.0173936757136,23.8628435069128,0.0677731989213428,3.16563705706108e-10,3.5527136788005e-15,1.6116514
g0_4,grid,variable_transverse,1.37741046831956,17.8062147790544,60,23.5193974718069,23.6757302759684,0.105320093747034,2.84261995253383e-10,1.4210854715202e-14,3.2833541
g0_4,grid,variable_transverse,1.37741046831956,17.8062147790544,70,18.4229360091391,18.3358743895169,0.12678723929384,2.5368510309071e-10,1.77635683940025e-14,5.0197491
g0_4,grid,variable_transverse,1.37741046831956,17.8062147790544,80,19.1856863813034,19.030878443013,0.164381949301723,3.86844502050612e-10,3.5527136788005e-15,6.7684067
g0_4,grid,variable_transverse,1.37741046831956,17.8062147790544,90,16.5539800389199,16.3309931320287,0.195175256984791,2.48288696475224e-10,3.5527136788005e-15,8.536661
g0_4,grid,variable_transverse,1.37741046831956,17.8062147790544,110,15.5866620138338,15.4496703338149,0.257554910750673,6.26246392351641e-10,5.32907051820075e-15,10.2015142
g0_4,grid,variable_transverse,1.37741046831956,17.8062147790544,120,14.6182802595848,14.3063967284165,0.299409770637184,4.21142518884801e-10,5.32907051820075e-15,11.8874708
g0_4,grid,variable_transverse,1.37741046831956,17.8062147790544,130,13.531436721461,13.2303314849434,0.309074999106223,7.43625687339299e-10,1.77635683940025e-15,13.4179155
g0_4,grid,variable_transverse,1.37741046831956,17.8062147790544,140,13.2286960772608,12.9057562615192,0.34348023840183,5.89020505918316e-10,8.88178419700125e-15,15.1083454
g0_5,grid,variable_transverse,1.37741046831956,20.7043021811132,50,24.0270566318124,23.8797879017779,0.0604947298214021,1.84864431842635e-10,0,1.842941
g0_5,grid,variable_transverse,1.37741046831956,20.7043021811132,60,23.5344180899112,23.7020339694329,0.0940642384236992,1.32578366091154e-10,0,3.520907
g0_5,grid,variable_transverse,1.37741046831956,20.7043021811132,70,18.4410190399377,18.3675432917251,0.113247460912641,1.94260774751218e-10,7.105427357601e-15,5.2349641
g0_5,grid,variable_transverse,1.37741046831956,20.7043021811132,80,19.2091349044336,19.0717552563897,0.146872771323936,3.24123809860096e-10,3.5527136788005e-15,6.9057746
g0_5,grid,variable_transverse,1.37741046831956,20.7043021811132,90,16.58182460929,16.379571727448,0.174430790347579,2.38342671348035e-10,1.4210854715202e-14,8.3169422
g0_5,grid,variable_transverse,1.37741046831956,20.7043021811132,110,15.6234117982687,15.5137555028953,0.230256042240356,4.1708547272092e-10,7.105427357601e-15,9.7513726
g0_5,grid,variable_transverse,1.37741046831956,20.7043021811132,120,14.66100572263,14.3807450711595,0.267720169287105,4.08787238044253e-10,3.5527136788005e-15,11.2105438
g0_5,grid,variable_transverse,1.37741046831956,20.7043021811132,130,13.5755337358669,13.307165353786,0.276265778054208,4.46795154449005e-10,0,12.6397626
g0_5,grid,variable_transverse,1.37741046831956,20.7043021811132,140,13.277691476153,12.9913463290424,0.306888164863065,3.10010305577071e-10,7.105427357601e-15,14.1935725
g0_6,grid,variable_transverse,1.37741046831956,24.0740738065844,50,24.0356698266893,23.8950524361522,0.0538461033155175,2.9375438307587e-10,0,1.424625
g0_6,grid,variable_transverse,1.37741046831956,24.0740738065844,60,23.5478146989844,23.7257443020696,0.0837746735043881,2.75833704637272e-10,1.4210854715202e-14,2.8375248
g0_6,grid,variable_transverse,1.37741046831956,24.0740738065844,70,18.4571484928815,18.3960918479524,0.100869436369781,3.30273244649384e-10,3.5527136788005e-15,4.2636011
g0_6,grid,variable_transverse,1.37741046831956,24.0740738065844,80,19.2300566886521,19.1086175070549,0.130860178125081,3.5715409236805e-10,3.5527136788005e-15,5.6437737
g0_6,grid,variable_transverse,1.37741046831956,24.0740738065844,90,16.6066751385243,16.423389867012,0.15545391398553,4.03589102630281e-10,3.5527136788005e-15,7.0461087
g0_6,grid,variable_transverse,1.37741046831956,24.0740738065844,110,15.6562211039282,15.5715762694728,0.205277060330644,4.547409868372e-10,0,8.3601456
g0_6,grid,variable_transverse,1.37741046831956,24.0740738065844,120,14.6991566349588,14.4478368283947,0.238719548247446,3.97295691534088e-10,3.5527136788005e-15,9.7355909
g0_6,grid,variable_transverse,1.37741046831956,24.0740738065844,130,13.6148960834551,13.3764687846391,0.246259620455267,5.76701551119347e-10,7.105427357601e-15,11.1364937
g0_6,grid,variable_transverse,1.37741046831956,24.0740738065844,140,13.3214083014398,13.0685054357706,0.273447645740149,5.15573397546934e-10,5.32907051820075e-15,12.5894005
g1_0,grid,variable_transverse,1.91669414449528,9.74127148952718,50,33.254342176572,32.9420162765408,0.176991656123008,2.102259474147e-10,2.8421709430404e-14,1.6396693
g1_0,grid,variable_transverse,1.91669414449528,9.74127148952718,60,32.6528025966081,32.7251267392842,0.274280566922867,1.85665098251222e-10,2.1316282072803e-14,3.3539857
g1_0,grid,variable_transverse,1.91669414449528,9.74127148952718,70,25.4199498165005,25.1296263964966,0.330188776124628,1.90331756611465e-10,1.06581410364015e-14,5.0955711
g1_0,grid,variable_transverse,1.91669414449528,9.74127148952718,80,26.4002547151691,25.9766102401987,0.426622532459516,2.00281026343851e-10,0,6.7012714
g1_0,grid,variable_transverse,1.91669414449528,9.74127148952718,90,22.6661610031064,22.1188804796243,0.506398874888299,2.79765982655985e-10,7.105427357601e-15,8.3765483
g1_0,grid,variable_transverse,1.91669414449528,9.74127148952718,110,21.2759370160414,20.7798350652671,0.668029823092451,4.98081184316533e-10,0,9.9047335
g1_0,grid,variable_transverse,1.91669414449528,9.74127148952718,120,19.7909743929736,18.9995160646672,0.775621591778041,4.34503632339003e-10,1.06581410364015e-14,11.5506886
g1_0,grid,variable_transverse,1.91669414449528,9.74127148952718,130,18.2696969653422,17.4798257793554,0.802965342075543,4.64112801694933e-10,3.5527136788005e-15,13.1314745
g1_0,grid,variable_transverse,1.91669414449528,9.74127148952718,140,17.7903553236751,16.9259764587246,0.895898154048672,3.97805847230593e-10,3.5527136788005e-15,14.7899383
g1_1,grid,variable_transverse,1.91669414449528,11.3267323263268,50,33.2798516963413,32.9830717407311,0.161461183515014,1.24228935636952e-10,0,1.5904405
g1_1,grid,variable_transverse,1.91669414449528,11.3267323263268,60,32.6923428596297,32.7887020804994,0.250326244285448,8.40222947594911e-11,0,3.2998082
g1_1,grid,variable_transverse,1.91669414449528,11.3267323263268,70,25.4675489291066,25.2061919289113,0.301342144227752,1.26004033666853e-10,7.105427357601e-15,4.9417673
g1_1,grid,variable_transverse,1.91669414449528,11.3267323263268,80,26.4617605126605,26.075132406142,0.389418680523472,1.3073995914771e-10,0,6.5077059
g1_1,grid,variable_transverse,1.91669414449528,11.3267323263268,90,22.7391719761977,22.2359592149382,0.462291356870184,1.79593847693552e-10,0,8.1582014
g1_1,grid,variable_transverse,1.91669414449528,11.3267323263268,110,21.372247108462,20.93449720028,0.609799738885112,3.96190052831807e-10,7.105427357601e-15,9.8154907
g1_1,grid,variable_transverse,1.91669414449528,11.3267323263268,120,19.9027920852144,19.1788319952434,0.70797006399517,2.16808977909506e-10,7.105427357601e-15,11.4876944
g1_1,grid,variable_transverse,1.91669414449528,11.3267323263268,130,18.3854231762745,17.6658338553357,0.732504363514596,2.85054603223403e-10,7.105427357601e-15,13.1200348
g1_1,grid,variable_transverse,1.91669414449528,11.3267323263268,140,17.9194338777,17.1342388643606,0.816755260748292,2.24029540982247e-10,0,14.8014879
g1_2,grid,variable_transverse,1.91669414449528,13.1702381285837,50,33.3030748833411,33.0210856243197,0.146684692735238,2.25015172772855e-10,7.105427357601e-15,1.616438
g1_2,grid,variable_transverse,1.91669414449528,13.1702381285837,60,32.7283562004074,32.8475862936771,0.227528433228906,1.03277442101179e-10,7.105427357601e-15,3.3416324
g1_2,grid,variable_transverse,1.91669414449528,13.1702381285837,70,25.5109015770765,25.2770977388493,0.273897886235855,1.21109820013364e-10,0,5.1269187
g1_2,grid,variable_transverse,1.91669414449528,13.1702381285837,80,26.5177899502825,26.1663824859849,0.354027481246746,1.56036034531706e-10,7.105427357601e-15,6.8957165
g1_2,grid,variable_transverse,1.91669414449528,13.1702381285837,90,22.8056911518861,22.3443914927034,0.420342019088081,1.63361792420785e-10,1.06581410364015e-14,8.5660256
g1_2,grid,variable_transverse,1.91669414449528,13.1702381285837,110,21.4599917810085,21.0776722216639,0.554480270668812,3.72162396413204e-10,7.105427357601e-15,10.2521688
g1_2,grid,variable_transverse,1.91669414449528,13.1702381285837,120,20.0046620756936,19.3447873098605,0.643744425987403,1.22136403141674e-10,7.105427357601e-15,11.893394
g1_2,grid,variable_transverse,1.91669414449528,13.1702381285837,130,18.4907954467674,17.8378472113436,0.665698988348127,4.78174764808685e-10,3.5527136788005e-15,13.530143
g1_2,grid,variable_transverse,1.91669414449528,13.1702381285837,140,18.0368905671667,17.3266676668097,0.741818629550259,3.38047401798706e-10,0,15.1654666
g1_3,grid,variable_transverse,1.91669414449528,15.3137875396276,50,33.3241322213731,33.056094162849,0.132746497406222,2.36331994552883e-10,0,1.6466017
g1_3,grid,variable_transverse,1.91669414449528,15.3137875396276,60,32.7610273730499,32.9018359503359,0.206015804118818,1.5549843654531e-10,7.105427357601e-15,3.3341327
g1_3,grid,variable_transverse,1.91669414449528,15.3137875396276,70,25.5502314240809,25.3424167708156,0.248007349149615,1.44112734898039e-10,7.105427357601e-15,5.1609981
g1_3,grid,variable_transverse,1.91669414449528,15.3137875396276,80,26.5686317805428,26.2504570866626,0.320640158849723,2.3673631293578e-10,0,6.7846597
g1_3,grid,variable_transverse,1.91669414449528,15.3137875396276,90,22.8660617864061,22.4442995814868,0.380771694231198,2.79360419353389e-10,7.105427357601e-15,8.4113709
g1_3,grid,variable_transverse,1.91669414449528,15.3137875396276,110,21.5396316337547,21.2095532162373,0.502339534236426,4.09326808714409e-10,3.5527136788005e-15,10.0990601
g1_3,grid,variable_transverse,1.91669414449528,15.3137875396276,120,20.0971248565004,19.4976273559435,0.583239208230814,3.34746648391442e-10,3.5527136788005e-15,11.9192757
g1_3,grid,variable_transverse,1.91669414449528,15.3137875396276,130,18.586388307463,17.9961535208441,0.602835383709447,2.65705793545573e-10,1.06581410364015e-14,13.472606
g1_3,grid,variable_transverse,1.91669414449528,15.3137875396276,140,18.1433841550839,17.5036225764207,0.671387925769954,5.59598287272984e-10,3.5527136788005e-15,15.0684044
g1_4,grid,variable_transverse,1.91669414449528,17.8062147790544,50,33.3431544520095,33.0881755575655,0.119699205050992,1.75660712027277e-10,1.4210854715202e-14,1.5405566
g1_4,grid,variable_transverse,1.91669414449528,17.8062147790544,60,32.7905567893068,32.9515716046775,0.185868716955386,1.07595897667377e-10,7.105427357601e-15,3.1365027
g1_4,grid,variable_transverse,1.91669414449528,17.8062147790544,70,25.585780500394,25.4022978212971,0.223764422116906,2.52196327937456e-10,3.5527136788005e-15,4.7603771
g1_4,grid,variable_transverse,1.91669414449528,17.8062147790544,80,26.6145979174077,26.3275490610013,0.289374781730645,2.59456383036346e-10,7.105427357601e-15,6.3481707
g1_4,grid,variable_transverse,1.91669414449528,17.8062147790544,90,22.9206538162609,22.5359176829094,0.343715929054368,2.74147672577271e-10,7.105427357601e-15,8.0079317
g1_4,grid,variable_transverse,1.91669414449528,17.8062147790544,110,21.6116592997877,21.3304734197761,0.453537571788344,4.60437311551245e-10,0,9.6476604
g1_4,grid,variable_transverse,1.91669414449528,17.8062147790544,120,20.1807558238383,19.6377545412826,0.526626724108706,2.31027784637939e-10,1.06581410364015e-14,11.3698841
g1_4,grid,variable_transverse,1.91669414449528,17.8062147790544,130,18.6728097698122,18.1411981524829,0.544075442077845,4.59733273055773e-10,3.5527136788005e-15,13.0979248
g1_4,grid,variable_transverse,1.91669414449528,17.8062147790544,140,18.2396079330393,17.6656345607857,0.605626023344157,2.73930414914893e-10,3.5527136788005e-15,14.8810148
g1_5,grid,variable_transverse,1.91669414449528,20.7043021811132,50,33.3602781837608,33.1174404567647,0.107568844598553,2.31997109560075e-10,7.105427357601e-15,1.7099504
g1_5,grid,variable_transverse,1.91669414449528,20.7043021811132,60,32.8171538378155,32.9969632129634,0.167127115786995,8.87798012845576e-11,2.1316282072803e-14,3.4599063
g1_5,grid,variable_transverse,1.91669414449528,20.7043021811132,70,25.6178012643759,25.4569481199693,0.201215010081026,1.78071286192027e-10,3.5527136788005e-15,5.1259504
g1_5,grid,variable_transverse,1.91669414449528,20.7043021811132,80,26.6560133381967,26.3979252372132,0.260288475878956,2.37157713042809e-10,1.06581410364015e-14,6.7978667
g1_5,grid,variable_transverse,1.91669414449528,20.7043021811132,90,22.9698521044928,22.6195658138352,0.309239375811301,1.81279518886303e-10,3.5527136788005e-15,8.5534184
g1_5,grid,variable_transverse,1.91669414449528,20.7043021811132,110,21.676584600537,21.4408724776062,0.408145250050125,4.57902200507043e-10,1.4210854715202e-14,10.3096265
g1_5,grid,variable_transverse,1.91669414449528,20.7043021811132,120,20.2561485433169,19.7656897567567,0.4739789408575,2.68914822848595e-10,3.5527136788005e-15,11.9474547
g1_5,grid,variable_transverse,1.91669414449528,20.7043021811132,130,18.7506843316841,18.273544590073,0.489479392125412,1.75582670380122e-10,1.06581410364015e-14,13.6390553
g1_5,grid,variable_transverse,1.91669414449528,20.7043021811132,140,18.3262710656461,17.813361920676,0.544584318042676,1.21631667164448e-10,7.105427357601e-15,15.2811916
g1_6,grid,variable_transverse,1.91669414449528,24.0740738065844,50,33.3756422574307,33.1440233830099,0.096359801896003,2.08100396734284e-10,7.105427357601e-15,1.6985912
g1_6,grid,variable_transverse,1.91669414449528,24.0740738065844,60,32.841031358657,33.0382170332011,0.149798084844575,1.56217746171521e-10,0,3.3300157
g1_6,grid,variable_transverse,1.91669414449528,24.0740738065844,70,25.6465500465974,25.5066177229515,0.180366060818051,6.88869605225203e-11,3.5527136788005e-15,5.03408
g1_6,grid,variable_transverse,1.91669414449528,24.0740738065844,80,26.6932077698065,26.4619065502478,0.233388994927296,3.23549355234982e-10,7.105427357601e-15,6.6544668
g1_6,grid,variable_transverse,1.91669414449528,24.0740738065844,90,23.014046770655,22.6956265718318,0.27734934648735,1.25382528155858e-10,1.4210854715202e-14,8.397277
g1_6,grid,variable_transverse,1.91669414449528,24.0740738065844,110,21.7349224274509,21.5412667457851,0.366161789567775,5.13873820395966e-10,0,10.0970045
g1_6,grid,variable_transverse,1.91669414449528,24.0740738065844,120,20.3239011311468,19.8820386862687,0.425287560754171,1.03568195336548e-10,3.5527136788005e-15,11.8349286
g1_6,grid,variable_transverse,1.91669414449528,24.0740738065844,130,18.8206392130849,18.393840037376,0.439026453480706,2.86660357314852e-10,7.105427357601e-15,13.5061556
g1_6,grid,variable_transverse,1.91669414449528,24.0740738065844,140,18.4040835087688,17.9475521716991,0.488225728226333,2.4780156940986e-10,3.5527136788005e-15,15.1434889
g2_0,grid,variable_transverse,2.66711813801184,9.74127148952718,50,46.1189288833308,45.6138028512101,0.296478355798174,1.20888285498773e-10,2.1316282072803e-14,1.6636415
g2_0,grid,variable_transverse,2.66711813801184,9.74127148952718,60,45.4529198314802,45.4471069540865,0.459269720721896,3.27276141222286e-10,2.1316282072803e-14,3.4161107
g2_0,grid,variable_transverse,2.66711813801184,9.74127148952718,70,35.2202368811237,34.7026110109493,0.55304950138623,4.28116657934508e-10,7.105427357601e-15,5.0989537
g2_0,grid,variable_transverse,2.66711813801184,9.74127148952718,80,36.519437526979,35.7939067304109,0.7131481773368,3.45351846375376e-10,0,6.7132167
g2_0,grid,variable_transverse,2.66711813801184,9.74127148952718,90,31.2654456347183,30.3615364075,0.847069132858911,5.05050837501059e-10,7.105427357601e-15,8.4030582
g2_0,grid,variable_transverse,2.66711813801184,9.74127148952718,110,29.3479598956343,28.4748743730513,1.11881888135183,2.66339549322769e-10,7.105427357601e-15,10.0699468
g2_0,grid,variable_transverse,2.66711813801184,9.74127148952718,120,27.1401015283792,25.8209515017413,1.29835277914531,7.30986643187423e-10,2.48689957516035e-14,11.8973017
g2_0,grid,variable_transverse,2.66711813801184,9.74127148952718,130,25.0222664436152,23.6946633809651,1.34599001772172,3.1242311079968e-10,1.77635683940025e-14,13.5575407
g2_0,grid,variable_transverse,2.66711813801184,9.74127148952718,140,24.3164348678939,22.8568483440739,1.50510196770173,8.15864659684582e-10,0,15.2957532
g2_1,grid,variable_transverse,2.66711813801184,11.3267323263268,50,46.1618773404693,45.6800421186172,0.273230614460044,2.33814082175708e-10,1.4210854715202e-14,1.730482
g2_1,grid,variable_transverse,2.66711813801184,11.3267323263268,60,45.5194616120717,45.5496609091894,0.423402923358107,2.08956881794086e-10,2.1316282072803e-14,3.5137396
g2_1,grid,variable_transverse,2.66711813801184,11.3267323263268,70,35.3003614557267,34.8261696559375,0.509803258455686,2.67126695846848e-10,2.8421709430404e-14,5.2842067
g2_1,grid,variable_transverse,2.66711813801184,11.3267323263268,80,36.6227606118034,35.9526601364099,0.657436750999122,4.04922747887477e-10,1.4210854715202e-14,6.9813577
g2_1,grid,variable_transverse,2.66711813801184,11.3267323263268,90,31.3881715495133,30.5503511941083,0.780902199264839,1.93726639524555e-10,3.5527136788005e-15,8.8187754
g2_1,grid,variable_transverse,2.66711813801184,11.3267323263268,110,29.5100291839883,28.7249418517642,1.03107942865943,3.45538421495099e-10,7.105427357601e-15,10.4296304
g2_1,grid,variable_transverse,2.66711813801184,11.3267323263268,120,27.3281557783023,26.1108662390763,1.19626820789622,5.02686734736752e-10,3.5527136788005e-15,12.0946527
g2_1,grid,variable_transverse,2.66711813801184,11.3267323263268,130,25.2171517326804,23.9959621178908,1.23928629949251,5.02154538772441e-10,1.4210854715202e-14,13.7269221
g2_1,grid,variable_transverse,2.66711813801184,11.3267323263268,140,24.5342761279018,23.1951523584386,1.38474250370642,3.27467192958341e-10,7.105427357601e-15,15.4021779
g2_2,grid,variable_transverse,2.66711813801184,13.1702381285837,50,46.2013624969268,45.742208927837,0.250588681016833,2.03712831830439e-10,0,1.4176069
g2_2,grid,variable_transverse,2.66711813801184,13.1702381285837,60,45.5806601061101,45.6459259006625,0.388469131547028,2.3373894952748e-10,2.8421709430404e-14,2.9295477
g2_2,grid,variable_transverse,2.66711813801184,13.1702381285837,70,35.3740454442606,34.9421212107034,0.467708009054361,3.48020077938526e-10,0,4.3957557
g2_2,grid,variable_transverse,2.66711813801184,13.1702381285837,80,36.7177883018628,36.1016385517502,0.603228004005116,2.77689202241044e-10,1.4210854715202e-14,5.9496652
g2_2,grid,variable_transverse,2.66711813801184,13.1702381285837,90,31.5010481223102,30.7275022467871,0.716555782477697,5.72604406340583e-10,2.1316282072803e-14,7.5444219
g2_2,grid,variable_transverse,2.66711813801184,13.1702381285837,110,29.6590511157055,28.9593602071205,0.945920669874363,4.37310244529243e-10,3.5527136788005e-15,8.9765763
g2_2,grid,variable_transverse,2.66711813801184,13.1702381285837,120,27.5010390487692,26.3825031406427,1.0973073542786,6.75910255646937e-10,0,10.4588263
g2_2,grid,variable_transverse,2.66711813801184,13.1702381285837,130,25.3961942013779,24.2779880589493,1.13603436728327,4.52458511502272e-10,1.06581410364015e-14,11.8900075
g2_2,grid,variable_transverse,2.66711813801184,13.1702381285837,140,24.7342630348312,23.5114918703753,1.26848168598408,7.27846530173469e-10,3.5527136788005e-15,13.441043
g2_3,grid,variable_transverse,2.66711813801184,15.3137875396276,50,46.2374943154837,45.8001765831543,0.228789335415987,2.86680392281272e-10,2.1316282072803e-14,1.6148383
g2_3,grid,variable_transverse,2.66711813801184,15.3137875396276,60,45.6366844564176,45.7357097428261,0.35483025507189,3.58375383826335e-10,7.105427357601e-15,3.1738175
g2_3,grid,variable_transverse,2.66711813801184,15.3137875396276,70,35.4414961475598,35.0502446134628,0.427192728772273,2.94768437603577e-10,0,4.8255207
g2_3,grid,variable_transverse,2.66711813801184,15.3137875396276,80,36.8047900400436,36.240565990524,0.551066543207487,2.49668007659085e-10,0,6.3571394
g2_3,grid,variable_transverse,2.66711813801184,15.3137875396276,90,31.6043997734926,30.8926799430939,0.65466379196461,4.54998335196256e-10,1.06581410364015e-14,7.8425185
g2_3,grid,variable_transverse,2.66711813801184,15.3137875396276,110,29.7954774051234,29.177788333204,0.864136136750781,3.62378581402914e-10,7.105427357601e-15,9.3584162
g2_3,grid,variable_transverse,2.66711813801184,15.3137875396276,120,27.6592925328851,26.6355141390237,1.0023590628954,5.04291482102964e-10,7.105427357601e-15,10.8441328
g2_3,grid,variable_transverse,2.66711813801184,15.3137875396276,130,25.5599845672299,24.5404429118816,1.03712263382398,3.27627449315021e-10,2.1316282072803e-14,12.3589267
g2_3,grid,variable_transverse,2.66711813801184,15.3137875396276,140,24.9170896622591,23.8056013726322,1.15728009527802,7.41760923343946e-10,0,14.0363707
g2_4,grid,variable_transverse,2.66711813801184,17.8062147790544,50,46.2704140320117,45.8539076262609,0.20801141356364,2.47895265513249e-10,2.1316282072803e-14,1.5698439
g2_4,grid,variable_transverse,2.66711813801184,17.8062147790544,60,45.6877515839665,45.8189569095527,0.322759399564233,1.89556114114408e-10,2.8421709430404e-14,3.1173301
g2_4,grid,variable_transverse,2.66711813801184,17.8062147790544,70,35.5029774229514,35.1504816577648,0.388580201559087,2.68328934899678e-10,0,4.7030167
g2_4,grid,variable_transverse,2.66711813801184,17.8062147790544,80,36.8841069839262,36.3693738730417,0.501361100862639,4.34672556675247e-10,1.4210854715202e-14,6.2126554
g2_4,grid,variable_transverse,2.66711813801184,17.8062147790544,90,31.6986342840986,31.0458174885915,0.595700599042272,3.05073550741656e-10,1.06581410364015e-14,7.7216507
g2_4,grid,variable_transverse,2.66711813801184,17.8062147790544,110,29.9198635863691,29.3801954210234,0.786313072031887,5.03940450714856e-10,7.105427357601e-15,9.2155584
g2_4,grid,variable_transverse,2.66711813801184,17.8062147790544,120,27.8035733103087,26.8699029123931,0.912076140557618,4.02756565674526e-10,3.5527136788005e-15,10.705998
g2_4,grid,variable_transverse,2.66711813801184,17.8062147790544,130,25.709228885429,24.7833856523803,0.943197369630234,3.83024156281645e-10,7.105427357601e-15,12.1421001
g2_4,grid,variable_transverse,2.66711813801184,17.8062147790544,140,25.0835742125262,24.0776085249618,1.05182922686578,4.71971451058267e-10,3.5527136788005e-15,13.6778424
g2_5,grid,variable_transverse,2.66711813801184,20.7043021811132,50,46.3002858303649,45.9034398263232,0.188381489060618,1.23847386615115e-10,7.105427357601e-15,1.5331376
g2_5,grid,variable_transverse,2.66711813801184,20.7043021811132,60,45.7341134450324,45.8957268500666,0.292449781846146,3.97185473026947e-10,7.105427357601e-15,3.0691534
g2_5,grid,variable_transverse,2.66711813801184,20.7043021811132,70,35.5587944677194,35.2429108225489,0.352097939600141,4.08945498386995e-10,2.1316282072803e-14,4.6100306
g2_5,grid,variable_transverse,2.66711813801184,20.7043021811132,80,36.956132568617,36.4881672698126,0.45439889892484,2.58223904762637e-10,0,6.0806468
g2_5,grid,variable_transverse,2.66711813801184,20.7043021811132,90,31.7842200098983,31.1870508137301,0.539998366704649,4.81122859462359e-10,1.06581410364015e-14,7.5271153
g2_5,grid,variable_transverse,2.66711813801184,20.7043021811132,110,30.0328396942863,29.5668074408872,0.71285657530583,2.67459474659977e-10,1.4210854715202e-14,9.0440352
g2_5,grid,variable_transverse,2.66711813801184,20.7043021811132,120,27.9346209027343,27.0859626050716,0.826904266838205,6.1250529733826e-10,1.4210854715202e-14,10.5749036
g2_5,grid,variable_transverse,2.66711813801184,20.7043021811132,130,25.844714318501,25.0071678164491,0.854693283660862,3.52646327827253e-10,2.1316282072803e-14,12.039629
g2_5,grid,variable_transverse,2.66711813801184,20.7043021811132,140,25.2346210593132,24.3279611978265,0.952586497734561,7.58302849967949e-10,1.4210854715202e-14,13.5057323
g2_6,grid,variable_transverse,2.66711813801184,24.0740738065844,50,46.3272894616796,45.9488720116094,0.16998065234457,1.77725876480413e-10,0,1.3598317
g2_6,grid,variable_transverse,2.66711813801184,24.0740738065844,60,45.7760457631037,45.9661721711023,0.264025256540354,3.47980561444176e-10,4.2632564145606e-14,2.7776273
g2_6,grid,variable_transverse,2.66711813801184,24.0740738065844,70,35.609280396326,35.327721087931,0.31789092069282,4.43781389522482e-10,7.105427357601e-15,4.1842794
g2_6,grid,variable_transverse,2.66711813801184,24.0740738065844,80,37.0212954094333,36.5971913047266,0.410362196042201,2.72489807780657e-10,1.4210854715202e-14,5.5383221
g2_6,grid,variable_transverse,2.66711813801184,24.0740738065844,90,31.8616659007984,31.316678915984,0.487766749417778,5.29327488100841e-10,7.105427357601e-15,6.9161903
g2_6,grid,variable_transverse,2.66711813801184,24.0740738065844,110,30.1350847751936,29.7380550588966,0.644016145720251,3.53869052648554e-10,7.105427357601e-15,8.2789971
g2_6,grid,variable_transverse,2.66711813801184,24.0740738065844,120,28.0532283708956,27.2842157708339,0.747113156989888,6.87633516813935e-10,3.5527136788005e-15,9.7006208
g2_6,grid,variable_transverse,2.66711813801184,24.0740738065844,130,25.967279664791,25.2123715189506,0.771866040442315,5.01414316918822e-10,7.105427357601e-15,11.0410245
g2_6,grid,variable_transverse,2.66711813801184,24.0740738065844,140,25.3711882067233,24.5573581545748,0.859812002760741,9.52170834593821e-10,7.105427357601e-15,12.4710118
g3_0,grid,variable_transverse,3.71134809512603,9.74127148952718,50,63.926518529907,63.1226290951415,0.484425064917512,1.57904041226976e-10,1.4210854715202e-14,1.3780593
g3_0,grid,variable_transverse,3.71134809512603,9.74127148952718,60,63.220460855668,63.0577710355863,0.750238393022608,1.80427654078091e-10,0,2.8099975
g3_0,grid,variable_transverse,3.71134809512603,9.74127148952718,70,48.7452344463722,47.8654707493291,0.903776285443358,2.14211693197378e-10,0,4.2723544
g3_0,grid,variable_transverse,3.71134809512603,9.74127148952718,80,50.4520697835596,49.2501859041025,1.16353550262602,1.74465965992116e-10,1.4210854715202e-14,5.6867358
g3_0,grid,variable_transverse,3.71134809512603,9.74127148952718,90,43.0576660276282,41.5992018590416,1.38317419915346,2.92827777966314e-10,0,7.1249619
g3_0,grid,variable_transverse,3.71134809512603,9.74127148952718,110,40.3932995518585,38.9145077506058,1.83060668364161,1.75683104495294e-10,7.105427357601e-15,8.5177638
g3_0,grid,variable_transverse,3.71134809512603,9.74127148952718,120,37.1074240507248,34.9560770811732,2.12400597229434,3.05159219180354e-10,2.8421709430404e-14,9.9400901
g3_0,grid,variable_transverse,3.71134809512603,9.74127148952718,130,34.1535320502029,31.9717216001273,2.20561530253747,2.97126497639365e-10,2.1316282072803e-14,11.3690765
g3_0,grid,variable_transverse,3.71134809512603,9.74127148952718,140,33.1034651537029,30.6937119347256,2.47253569875524,4.8835896841809e-10,1.4210854715202e-14,12.795005
g3_1,grid,variable_transverse,3.71134809512603,11.3267323263268,50,63.9971119119141,63.2259642649187,0.451786646337444,2.09534486424273e-10,4.2632564145606e-14,1.3804504
g3_1,grid,variable_transverse,3.71134809512603,11.3267323263268,60,63.3298018868529,63.2177494268958,0.699848414711969,1.74339920398887e-10,0,2.8682088
g3_1,grid,variable_transverse,3.71134809512603,11.3267323263268,70,48.8769387503617,48.0583212833377,0.842904254679028,2.05143598968863e-10,1.4210854715202e-14,4.2934968
g3_1,grid,variable_transverse,3.71134809512603,11.3267323263268,80,50.6216255663536,49.4977135186444,1.08514624922861,3.17658225208911e-10,1.4210854715202e-14,5.6520343
g3_1,grid,variable_transverse,3.71134809512603,11.3267323263268,90,43.2592154556353,41.8939611762034,1.28983097388452,2.73429986836732e-10,1.4210854715202e-14,7.0489933
g3_1,grid,variable_transverse,3.71134809512603,11.3267323263268,110,40.6599593180542,39.306323831614,1.70597905879305,5.45283050269176e-10,0,8.3974476
g3_1,grid,variable_transverse,3.71134809512603,11.3267323263268,120,37.4167570347511,35.4105150806273,1.97858592482549,3.11164078655896e-10,1.4210854715202e-14,9.8145344
g3_1,grid,variable_transverse,3.71134809512603,11.3267323263268,130,34.4746120123895,32.4451156580471,2.05284399195619,4.18547331809713e-10,2.1316282072803e-14,11.2470772
g3_1,grid,variable_transverse,3.71134809512603,11.3267323263268,140,33.4632432824249,31.2269834590045,2.29924983672141,4.13607708091059e-10,1.4210854715202e-14,12.7919233
g3_2,grid,variable_transverse,3.71134809512603,13.1702381285837,50,64.0627630531202,63.324529424994,0.418968818543442,2.26857390647445e-10,0,1.4837824
g3_2,grid,variable_transverse,3.71134809512603,13.1702381285837,60,63.4315134946062,63.3703461115126,0.649191535441324,2.57443278017619e-10,7.105427357601e-15,3.0289989
g3_2,grid,variable_transverse,3.71134809512603,13.1702381285837,70,48.999431308913,48.2422017004407,0.78177054025694,2.08999475283186e-10,7.105427357601e-15,4.4906352
g3_2,grid,variable_transverse,3.71134809512603,13.1702381285837,80,50.7793228378157,49.7336972839921,1.00647247158732,4.44287580441103e-10,3.5527136788005e-14,5.9695974
g3_2,grid,variable_transverse,3.71134809512603,13.1702381285837,90,43.446651652426,42.1748597704752,1.19624421664866,3.32241863572151e-10,1.4210854715202e-14,7.4513496
g3_2,grid,variable_transverse,3.71134809512603,13.1702381285837,110,40.9078058860433,39.6792278868413,1.58141281023252,3.82218713093948e-10,7.105427357601e-15,8.9185421
g3_2,grid,variable_transverse,3.71134809512603,13.1702381285837,120,37.7041601319947,35.8426893529524,1.83351986957357,4.1842638577775e-10,7.105427357601e-15,10.4357783
g3_2,grid,variable_transverse,3.71134809512603,13.1702381285837,130,34.7726842981145,32.8947643969778,1.90084047701145,5.96734867183166e-10,7.105427357601e-15,11.8390007
g3_2,grid,variable_transverse,3.71134809512603,13.1702381285837,140,33.7969568208748,31.7328792493191,2.12725492131037,6.21410553157655e-10,7.105427357601e-15,13.3090674
g3_3,grid,variable_transverse,3.71134809512603,15.3137875396276,50,64.1234850301845,63.4178195444959,0.386489751375564,1.74869574162969e-10,1.4210854715202e-14,1.4086607
g3_3,grid,variable_transverse,3.71134809512603,15.3137875396276,60,63.5256169653906,63.5147884431941,0.599062120432871,1.21294051145248e-10,7.105427357601e-15,2.8160092
g3_3,grid,variable_transverse,3.71134809512603,15.3137875396276,70,49.1127460238434,48.4161995185083,0.721321837558079,2.54249255678791e-10,2.8421709430404e-14,4.234755
g3_3,grid,variable_transverse,3.71134809512603,15.3137875396276,80,50.9252122161856,49.956981176984,0.928720539897645,4.6395467464406e-10,1.4210854715202e-14,5.6930336
g3_3,grid,variable_transverse,3.71134809512603,15.3137875396276,90,43.620047499137,42.4405573775222,1.10382715414565,2.73425667697815e-10,1.4210854715202e-14,7.1665362
g3_3,grid,variable_transverse,3.71134809512603,15.3137875396276,110,41.1369887679491,40.0315637091233,1.45871386853748,6.05011645146604e-10,7.105427357601e-15,8.5704601
g3_3,grid,variable_transverse,3.71134809512603,15.3137875396276,120,37.9698458670161,36.2507652469019,1.6908551529402,3.51075714384544e-10,0,10.047534
g3_3,grid,variable_transverse,3.71134809512603,15.3137875396276,130,35.0480261632845,33.3188696808815,1.75168015484002,3.96770259369605e-10,1.4210854715202e-14,11.4869907
g3_3,grid,variable_transverse,3.71134809512603,15.3137875396276,140,34.104977916681,32.2094937299688,1.95882999676897,2.21094101627052e-10,7.105427357601e-15,13.0499342
g3_4,grid,variable_transverse,3.71134809512603,17.8062147790544,50,64.1793625910563,63.5054875317049,0.354781435628728,1.77645509237731e-10,1.4210854715202e-14,1.4755921
g3_4,grid,variable_transverse,3.71134809512603,17.8062147790544,60,63.612243388999,63.6505467824619,0.550121533402055,1.33213716274285e-10,7.105427357601e-15,2.9807355
g3_4,grid,variable_transverse,3.71134809512603,17.8062147790544,70,49.2170475039689,48.5796935904425,0.662344442310712,2.5849576725222e-10,1.4210854715202e-14,4.4447002
g3_4,grid,variable_transverse,3.71134809512603,17.8062147790544,80,51.059510687564,50.1667818654092,0.852890101142255,3.62391184803194e-10,1.4210854715202e-14,5.9176013
g3_4,grid,variable_transverse,3.71134809512603,17.8062147790544,90,43.7796705244435,42.6901535083739,1.01374772957302,2.25018251371049e-10,3.5527136788005e-14,7.370226
g3_4,grid,variable_transverse,3.71134809512603,17.8062147790544,110,41.3479051809624,40.3622495162639,1.33936197992999,4.40359559560739e-10,2.8421709430404e-14,8.8223372
g3_4,grid,variable_transverse,3.71134809512603,17.8062147790544,120,38.2143068285441,36.6335671013119,1.55225985245379,3.601381023053e-10,2.8421709430404e-14,10.3054694
g3_4,grid,variable_transverse,3.71134809512603,17.8062147790544,130,35.3011979685019,33.7163103538014,1.60704409705031,3.34268264387933e-10,1.4210854715202e-14,11.7610336
g3_4,grid,variable_transverse,3.71134809512603,17.8062147790544,140,34.387988719064,32.6556755683067,1.79580988007764,3.85196325281058e-10,0,13.1669031
g3_5,grid,variable_transverse,3.71134809512603,20.7043021811132,50,64.2305390891397,63.5873312769147,0.32418956389648,1.93179500222457e-10,2.8421709430404e-14,1.3560629
g3_5,grid,variable_transverse,3.71134809512603,20.7043021811132,60,63.6916135255352,63.7773140796989,0.502898386244071,1.89895552432522e-10,1.4210854715202e-14,2.8131828
g3_5,grid,variable_transverse,3.71134809512603,20.7043021811132,70,49.3126068413692,48.7323288340857,0.605465262021314,2.18284591192635e-10,2.8421709430404e-14,4.2390246
g3_5,grid,variable_transverse,3.71134809512603,20.7043021811132,80,51.1825704605834,50.3626554398867,0.779776280986675,2.67620166377881e-10,7.105427357601e-15,5.6966178
g3_5,grid,variable_transverse,3.71134809512603,20.7043021811132,90,43.925946043701,42.9231467768489,0.926932446837645,2.8272389982028e-10,2.1316282072803e-14,7.2583917
g3_5,grid,variable_transverse,3.71134809512603,20.7043021811132,110,41.5411513850267,40.6707196729014,1.22452022535445,4.77663773967096e-10,2.1316282072803e-14,8.6727452
g3_5,grid,variable_transverse,3.71134809512603,20.7043021811132,120,38.4382593326908,36.9905077755327,1.41903701052149,4.52178611178999e-10,0,10.0937019
g3_5,grid,variable_transverse,3.71134809512603,20.7043021811132,130,35.5329848319151,34.0865665064511,1.46823653653342,5.03370067850758e-10,0,11.4611974
g3_5,grid,variable_transverse,3.71134809512603,20.7043021811132,140,34.6469158715118,33.0709396129068,1.63960772282224,3.97602594937639e-10,7.105427357601e-15,12.8552791
g3_6,grid,variable_transverse,3.71134809512603,24.0740738065844,50,64.2772037564993,63.663276502665,0.294977933486837,2.154685608849e-10,1.4210854715202e-14,1.3660002
g3_6,grid,variable_transverse,3.71134809512603,24.0740738065844,60,63.7640182532602,63.8949791330281,0.457795675303093,1.6605545660916e-10,0,2.7892922
g3_6,grid,variable_transverse,3.71134809512603,24.0740738065844,70,49.3997781779895,48.8739836515113,0.55116090800118,1.89615958047976e-10,0,4.1787588
g3_6,grid,variable_transverse,3.71134809512603,24.0740738065844,80,51.2948489597503,50.5444551056045,0.709982066487648,3.06901784906521e-10,7.105427357601e-15,5.5344644
g3_6,grid,variable_transverse,3.71134809512603,24.0740738065844,90,44.059421801811,43.13938402811,0.844081912306411,2.96944843354554e-10,1.4210854715202e-14,6.9453823
g3_6,grid,variable_transverse,3.71134809512603,24.0740738065844,110,41.7174765882637,40.9568547571768,1.11505875202521,2.61703255741189e-10,7.105427357601e-15,8.2884366
g3_6,grid,variable_transverse,3.71134809512603,24.0740738065844,120,38.6425904691919,37.3215059484317,1.29215442219592,4.76405879665499e-10,7.105427357601e-15,9.6761182
g3_6,grid,variable_transverse,3.71134809512603,24.0740738065844,130,35.74434213125,34.4296324525008,1.33621751428438,6.55871153793444e-10,1.4210854715202e-14,11.0451472
g3_6,grid,variable_transverse,3.71134809512603,24.0740738065844,140,34.8828696804822,33.4553674353348,1.49125360484349,5.73525037345395e-10,7.105427357601e-15,12.4378994
g4_0,grid,variable_transverse,5.16441491169314,9.74127148952718,50,88.5624005272074,87.3053146417909,0.768961188140646,1.33816493577338e-10,2.8421709430404e-14,1.3597857
g4_0,grid,variable_transverse,5.16441491169314,9.74127148952718,60,87.8629652821941,87.4288934364418,1.19076242593954,2.15741134616396e-10,1.4210854715202e-14,2.8210175
g4_0,grid,variable_transverse,5.16441491169314,9.74127148952718,70,67.3904621930347,65.9579640559618,1.43514999477779,2.15088570367086e-10,0,4.2380099
g4_0,grid,variable_transverse,5.16441491169314,9.74127148952718,80,69.6104633994415,67.688725370062,1.84539722931168,2.59399050167805e-10,5.6843418860808e-14,5.6114672
g4_0,grid,variable_transverse,5.16441491169314,9.74127148952718,90,59.2008585585349,56.9084961216095,2.19605835172398,2.43147595944574e-10,2.1316282072803e-14,7.0082277
g4_0,grid,variable_transverse,5.16441491169314,9.74127148952718,110,55.4690593955192,53.0584540195976,2.91472521354813,4.24929461717435e-10,0,8.4962853
g4_0,grid,variable_transverse,5.16441491169314,9.74127148952718,120,50.5755124723533,47.1570395546007,3.38254409066683,3.36110355887163e-10,7.105427357601e-15,9.9626125
g4_0,grid,variable_transverse,5.16441491169314,9.74127148952718,130,46.4462534415529,42.9555278599585,3.51960340635513,4.20076662074074e-10,1.4210854715202e-14,11.486707
g4_0,grid,variable_transverse,5.16441491169314,9.74127148952718,140,44.8695668259178,40.9967372781033,3.95669777784961,4.40531025957175e-10,3.5527136788005e-14,13.0388448
g4_1,grid,variable_transverse,5.16441491169314,11.3267323263268,50,88.6752332093589,87.4602258936927,0.72710548212374,1.01068799581087e-10,2.8421709430404e-14,1.6746054
g4_1,grid,variable_transverse,5.16441491169314,11.3267323263268,60,88.0376990066238,87.6687191472506,1.12606735497456,9.61191936547477e-11,0,3.2319107
g4_1,grid,variable_transverse,5.16441491169314,11.3267323263268,70,67.6010255433057,66.2472807629922,1.3567706986618,1.69479429105776e-10,2.8421709430404e-14,4.854783
g4_1,grid,variable_transverse,5.16441491169314,11.3267323263268,80,69.8812006498747,68.0598465614483,1.74440428730403,1.87567465386919e-10,2.8421709430404e-14,6.3330614
g4_1,grid,variable_transverse,5.16441491169314,11.3267323263268,90,59.5229975640086,57.3511578816527,2.07533045607293,1.51048869382918e-10,1.4210854715202e-14,8.1116169
g4_1,grid,variable_transverse,5.16441491169314,11.3267323263268,110,55.8964119046958,53.6497011486481,2.75185700560951,2.07771180812772e-10,1.4210854715202e-14,9.8418118
g4_1,grid,variable_transverse,5.16441491169314,11.3267323263268,120,51.071300597601,47.8433784204126,3.19156559783044,2.79042016637851e-10,7.105427357601e-15,11.6049721
g4_1,grid,variable_transverse,5.16441491169314,11.3267323263268,130,46.9618614915173,43.6726034998917,3.31743608741046,2.93817510241698e-10,1.4210854715202e-14,13.2248203
g4_1,grid,variable_transverse,5.16441491169314,11.3267323263268,140,45.4489091386618,41.8075547835891,3.7255902942243,2.65423113220925e-10,1.4210854715202e-14,14.8621012
g4_2,grid,variable_transverse,5.16441491169314,13.1702381285837,50,88.7815765659217,87.6108294245362,0.683055250869051,1.29677969126555e-10,0,1.7778812
g4_2,grid,variable_transverse,5.16441491169314,13.1702381285837,60,88.2024049168385,87.9018501269326,1.05801286891018,1.16675393312291e-10,1.4210854715202e-14,3.4902786
g4_2,grid,variable_transverse,5.16441491169314,13.1702381285837,70,67.7994500353203,66.5283751951915,1.27445147715721,1.26798388445871e-10,0,5.1469923
g4_2,grid,variable_transverse,5.16441491169314,13.1702381285837,80,70.1363054138091,68.4203366879357,1.63844668453663,1.83027925827015e-10,2.8421709430404e-14,6.8684645
g4_2,grid,variable_transverse,5.16441491169314,13.1702381285837,90,59.8264661187592,57.7808782851243,1.94888468324775,1.67205518513604e-10,2.1316282072803e-14,8.5319175
g4_2,grid,variable_transverse,5.16441491169314,13.1702381285837,110,56.2986403491793,54.2226558788986,2.58209696203929,2.98361868018225e-10,0,10.1728221
g4_2,grid,variable_transverse,5.16441491169314,13.1702381285837,120,51.5376748632558,48.5078033372278,2.99310865166617,2.70516816349658e-10,4.2632564145606e-14,11.7455565
g4_2,grid,variable_transverse,5.16441491169314,13.1702381285837,130,47.4463967442645,44.3657285186353,3.10818492157271,3.78894864602839e-10,7.105427357601e-15,13.4559774
g4_2,grid,variable_transverse,5.16441491169314,13.1702381285837,140,45.9927968273047,42.5901255954816,3.48724356225137,3.14985845038498e-10,7.105427357601e-15,15.2422394
g4_3,grid,variable_transverse,5.16441491169314,15.3137875396276,50,88.8811715981577,87.7559244556529,0.637751833005195,1.13921755357205e-10,1.4210854715202e-14,1.6611542
g4_3,grid,variable_transverse,5.16441491169314,15.3137875396276,60,88.3566870887755,88.1264422693718,0.988046897940481,1.25880951270182e-10,5.6843418860808e-14,3.3004556
g4_3,grid,variable_transverse,5.16441491169314,15.3137875396276,70,67.9852742027283,66.7990505053525,1.18992729911083,1.72641063720559e-10,2.8421709430404e-14,4.9566899
g4_3,grid,variable_transverse,5.16441491169314,15.3137875396276,80,70.3751987992631,68.7673986467103,1.52974370446374,4.74495941036169e-10,2.8421709430404e-14,6.6143054
g4_3,grid,variable_transverse,5.16441491169314,15.3137875396276,90,60.1106023075546,58.1943785288603,1.81933852152048,2.4638163525824e-10,0,8.3211144
g4_3,grid,variable_transverse,5.16441491169314,15.3137875396276,110,56.6749669020966,54.7731271153967,2.40885621042229,3.13559288675918e-10,0,10.0926979
g4_3,grid,variable_transverse,5.16441491169314,15.3137875396276,120,51.973807468625,49.1455781744571,2.79108295807042,3.4139436317443e-10,2.1316282072803e-14,11.7332206
g4_3,grid,variable_transverse,5.16441491169314,15.3137875396276,130,47.8990989349913,45.030133648295,2.89586052669477,2.14149284342852e-10,1.4210854715202e-14,13.4079434
g4_3,grid,variable_transverse,5.16441491169314,15.3137875396276,140,46.5004810123994,43.3392419991389,3.24611770538203,5.45019747226698e-10,7.105427357601e-15,14.9669025
g4_4,grid,variable_transverse,5.16441491169314,17.8062147790544,50,88.9738948791989,87.8945347884108,0.592047819959228,1.69422700537571e-10,2.8421709430404e-14,1.56928
g4_4,grid,variable_transverse,5.16441491169314,17.8062147790544,60,88.5003579745207,88.3409987651819,0.917478872919309,1.03709801713928e-10,0,2.9894193
g4_4,grid,variable_transverse,5.16441491169314,17.8062147790544,70,68.1582859424207,67.0575296220327,1.10476312004137,1.21534003621618e-10,0,4.4288889
g4_4,grid,variable_transverse,5.16441491169314,17.8062147790544,80,70.5976205114932,69.0987754070861,1.42029243663613,1.40106239651508e-10,5.6843418860808e-14,5.7948574
g4_4,grid,variable_transverse,5.16441491169314,17.8062147790544,90,60.3751194293446,58.5890237697667,1.68904044572493,2.093908039796e-10,2.1316282072803e-14,7.1786355
g4_4,grid,variable_transverse,5.16441491169314,17.8062147790544,110,57.0251006411258,55.2977886863008,2.23516912170947,2.59762517985066e-10,2.8421709430404e-14,8.5526365
g4_4,grid,variable_transverse,5.16441491169314,17.8062147790544,120,52.3794271643256,49.7529739121926,2.58894712482024,1.80167010526839e-10,7.105427357601e-15,9.9565013
g4_4,grid,variable_transverse,5.16441491169314,17.8062147790544,130,48.3197771527833,45.6621003998749,2.68399125000912,3.38321456231494e-10,1.4210854715202e-14,11.3787457
g4_4,grid,variable_transverse,5.16441491169314,17.8062147790544,140,46.9718442941632,44.0508856593897,3.00611517213623,2.84524339066011e-10,0,12.7881153
g4_5,grid,variable_transverse,5.16441491169314,20.7043021811132,50,89.0597435289944,88.0259139206459,0.546686893487574,1.59645270606679e-10,1.4210854715202e-14,1.3922235
g4_5,grid,variable_transverse,5.16441491169314,20.7043021811132,60,88.6334150297125,88.544377108074,0.847449293671866,1.87248768822993e-10,2.8421709430404e-14,2.810926
g4_5,grid,variable_transverse,5.16441491169314,20.7043021811132,70,68.3184939904032,67.3024618937006,1.02031866369983,2.12948862121765e-10,0,4.2794564
g4_5,grid,variable_transverse,5.16441491169314,20.7043021811132,80,70.8035917622032,69.412756758698,1.31182406269315,2.06518324636355e-10,1.4210854715202e-14,5.659465
g4_5,grid,variable_transverse,5.16441491169314,20.7043021811132,90,60.6200613624101,58.9628278859418,1.56002057662317,2.10340144156922e-10,2.1316282072803e-14,7.044547
g4_5,grid,variable_transverse,5.16441491169314,20.7043021811132,110,57.3491760352475,55.7941742164676,2.06363680241372,2.80432853046688e-10,2.8421709430404e-14,8.3944627
g4_5,grid,variable_transverse,5.16441491169314,20.7043021811132,120,52.7547462656219,50.327254685802,2.3896497029792,3.71708483694548e-10,3.5527136788005e-14,9.7947062
g4_5,grid,variable_transverse,5.16441491169314,20.7043021811132,130,48.7087325161272,46.2589382861315,2.47556879322073,3.91831797294137e-10,7.105427357601e-15,11.1663125
g4_5,grid,variable_transverse,5.16441491169314,20.7043021811132,140,47.4073120126907,44.7221929152339,2.77052664238126,3.60845933066604e-10,0,12.5427894
g4_6,grid,variable_transverse,5.16441491169314,24.0740738065844,50,89.1388179010288,88.1495378553632,0.502293653543765,1.67899228094252e-10,0,1.385309
g4_6,grid,variable_transverse,5.16441491169314,24.0740738065844,60,88.7560139256259,88.7357772446386,0.778914725430412,2.17218681774376e-10,2.8421709430404e-14,2.8314443
g4_6,grid,variable_transverse,5.16441491169314,24.0740738065844,70,68.4660954917501,67.53290739302,0.937731638026826,1.89963115544954e-10,1.4210854715202e-14,4.2629568
g4_6,grid,variable_transverse,5.16441491169314,24.0740738065844,80,70.9933733669729,69.7081575677549,1.20578376878931,3.77213180587053e-10,2.8421709430404e-14,5.6768266
g4_6,grid,variable_transverse,5.16441491169314,24.0740738065844,90,60.84575260673,59.3144251102721,1.43396911110702,3.16088154881561e-10,3.5527136788005e-14,7.1054091
g4_6,grid,variable_transverse,5.16441491169314,24.0740738065844,110,57.647685617883,56.2606301945766,1.89640647737521,5.05572333185623e-10,1.4210854715202e-14,8.4672871
g4_6,grid,variable_transverse,5.16441491169314,24.0740738065844,120,53.1003819085959,50.8666171828805,2.1956111129618,3.94315716111015e-10,1.4210854715202e-14,9.9159566
g4_6,grid,variable_transverse,5.16441491169314,24.0740738065844,130,49.0666757491735,46.8189157144212,2.27303495844818,5.16876088720899e-10,1.4210854715202e-14,11.2936045
g4_6,grid,variable_transverse,5.16441491169314,24.0740738065844,140,47.8077588034147,45.351370357359,2.54202195622933,4.02593017430706e-10,2.8421709430404e-14,12.7068359
g5_0,grid,variable_transverse,7.18638637403607,9.74127148952718,50,122.628401048268,120.701173103297,1.18101556188037,2.70212231050637e-10,2.8421709430404e-14,1.4248276
g5_0,grid,variable_transverse,7.18638637403607,9.74127148952718,60,122.020480356289,121.164488770992,1.82874250485678,1.83505661935235e-10,1.4210854715202e-14,2.853338
g5_0,grid,variable_transverse,7.18638637403607,9.74127148952718,70,93.0744939492475,90.8361402067481,2.20538929242573,2.03074086512525e-10,5.6843418860808e-14,4.2903925
g5_0,grid,variable_transverse,7.18638637403607,9.74127148952718,80,95.9313688569059,92.9709190653882,2.83341242056174,3.89877478842425e-10,7.105427357601e-14,5.6934496
g5_0,grid,variable_transverse,7.18638637403607,9.74127148952718,90,81.2723559824947,77.7753173642831,3.37622561787586,1.76134839803517e-10,4.2632564145606e-14,7.1257296
g5_0,grid,variable_transverse,7.18638637403607,9.74127148952718,110,76.0057543203195,72.2300306873754,4.49745661046478,4.73112422760006e-10,4.2632564145606e-14,8.4790116
g5_0,grid,variable_transverse,7.18638637403607,9.74127148952718,120,68.7174612460001,63.448037969622,5.22213050324692,2.61380557231708e-10,1.4210854715202e-14,9.8987696
g5_0,grid,variable_transverse,7.18638637403607,9.74127148952718,130,62.9310490580961,57.5170793338077,5.44687136948952,6.79773856601618e-10,1.4210854715202e-14,11.3051954
g5_0,grid,variable_transverse,7.18638637403607,9.74127148952718,140,60.5467628882413,54.5138663693906,6.14266446622972,3.92414915745724e-10,2.1316282072803e-14,12.7109761
g5_1,grid,variable_transverse,7.18638637403607,11.3267323263268,50,122.803056014565,120.922963656827,1.13431828022044,3.06892097645588e-10,1.4210854715202e-14,1.40868
g5_1,grid,variable_transverse,7.18638637403607,11.3267323263268,60,122.29092340392,121.507845107409,1.75643005647879,8.09956476608313e-11,4.2632564145606e-14,2.8464759
g5_1,grid,variable_transverse,7.18638637403607,11.3267323263268,70,93.4005724247473,91.2507374451399,2.11735017229792,1.53143441122526e-10,2.8421709430404e-14,4.3284499
g5_1,grid,variable_transverse,7.18638637403607,11.3267323263268,80,96.3502600286211,93.5026124144677,2.7197460903727,5.41326135147147e-10,2.8421709430404e-14,5.7367093
g5_1,grid,variable_transverse,7.18638637403607,11.3267323263268,90,81.7713947583877,78.4108068119092,3.23948499358158,2.5804593943768e-10,2.8421709430404e-14,7.1963751
g5_1,grid,variable_transverse,7.18638637403607,11.3267323263268,110,76.6701007882748,73.0838187953348,4.30989384842584,7.13714463138042e-10,1.4210854715202e-14,8.652285
g5_1,grid,variable_transverse,7.18638637403607,11.3267323263268,120,69.4885369609864,64.4404039349318,5.00027769270637,2.13157795555881e-10,2.8421709430404e-14,10.0544466
g5_1,grid,variable_transverse,7.18638637403607,11.3267323263268,130,63.7348093259864,58.5576468784947,5.20902488894958,8.3807637006318e-10,7.105427357601e-15,11.4199696
g5_1,grid,variable_transverse,7.18638637403607,11.3267323263268,140,61.4526586404173,55.6955509651533,5.86747637892744,3.61053468193106e-10,2.1316282072803e-14,12.8610354
g5_2,grid,variable_transverse,7.18638637403607,13.1702381285837,50,122.970189507346,121.143344357589,1.08149016937633,3.44057605782968e-10,1.4210854715202e-14,1.3822427
g5_2,grid,variable_transverse,7.18638637403607,13.1702381285837,60,122.549724945924,121.848945912228,1.67469950162885,2.70318799484211e-10,2.8421709430404e-14,2.9060016
g5_2,grid,variable_transverse,7.18638637403607,13.1702381285837,70,93.7124985208593,91.6623501040483,2.01811911943316,2.34720328625676e-10,5.6843418860808e-14,4.3566334
g5_2,grid,variable_transverse,7.18638637403607,13.1702381285837,80,96.7508962559618,94.0303168291494,2.59185398553874,5.72616591619551e-10,5.6843418860808e-14,5.7702314
g5_2,grid,variable_transverse,7.18638637403607,13.1702381285837,90,82.2485089609182,79.0410243682755,3.08610341822425,1.43810658965049e-10,2.8421709430404e-14,7.1874308
g5_2,grid,variable_transverse,7.18638637403607,13.1702381285837,110,77.3045053717345,73.9286863325357,4.10122617268541,8.04646934935496e-10,1.4210854715202e-14,8.6087368
g5_2,grid,variable_transverse,7.18638637403607,13.1702381285837,120,70.2242933212918,65.4211698159894,4.75472442660136,3.63468711433907e-10,2.8421709430404e-14,10.0313671
g5_2,grid,variable_transverse,7.18638637403607,13.1702381285837,130,64.5008405098105,59.5841563515948,4.94755047781774,8.21509238411292e-10,1.4210854715202e-14,11.5593489
g5_2,grid,variable_transverse,7.18638637403607,13.1702381285837,140,62.3150389780962,56.8592237783086,5.56674111565609,3.92191528676146e-10,1.4210854715202e-14,13.215624
g5_3,grid,variable_transverse,7.18638637403607,15.3137875396276,50,123.128983283655,121.360082147969,1.02394403511338,2.76473131383784e-10,2.8421709430404e-14,1.517071
g5_3,grid,variable_transverse,7.18638637403607,15.3137875396276,60,122.795628849156,122.18435235234,1.58573172347882,7.69576116904648e-11,1.4210854715202e-14,2.9392884
g5_3,grid,variable_transverse,7.18638637403607,15.3137875396276,70,94.0087825246244,92.0668568483105,1.91032616057751,1.16294956708279e-10,2.8421709430404e-14,4.3699184
g5_3,grid,variable_transverse,7.18638637403607,15.3137875396276,80,97.1313868206442,94.5487663242129,2.45311492261258,5.1332106419475e-10,0,5.7567637
g5_3,grid,variable_transverse,7.18638637403607,15.3137875396276,90,82.70149196863,79.6597474427252,2.92009832368796,1.95187958291939e-10,2.8421709430404e-14,7.1693425
g5_3,grid,variable_transverse,7.18638637403607,15.3137875396276,110,77.9061896481772,74.7564936757098,3.87680621090978,4.80693951076327e-10,0,8.5671771
g5_3,grid,variable_transverse,7.18638637403607,15.3137875396276,120,70.921625761741,66.3810243721244,4.49168070414184,2.49027250957523e-10,0,9.9957506
g5_3,grid,variable_transverse,7.18638637403607,15.3137875396276,130,65.2260683493004,60.587079904552,4.66890650703985,8.61632948892897e-10,1.4210854715202e-14,11.4295352
g5_3,grid,variable_transverse,7.18638637403607,15.3137875396276,140,63.1306031673695,57.9943024172513,5.24774069669457,1.96229866731783e-10,7.105427357601e-15,12.8822631
g5_4,grid,variable_transverse,7.18638637403607,17.8062147790544,50,123.278832078189,121.571169278004,0.963080921433309,2.72874380214813e-10,5.6843418860808e-14,1.3987805
g5_4,grid,variable_transverse,7.18638637403607,17.8062147790544,60,123.02770745637,122.510976676148,1.49168572074234,1.6938803594593e-10,8.5265128291212e-14,2.8440878
g5_4,grid,variable_transverse,7.18638637403607,17.8062147790544,70,94.288330194815,92.4605671682218,1.79656654315331,2.56172940186549e-10,4.2632564145606e-14,4.3427522
g5_4,grid,variable_transverse,7.18638637403607,17.8062147790544,80,97.4903483977661,95.053254689477,2.30685429979512,3.80883245053877e-10,1.4210854715202e-14,5.7498551
g5_4,grid,variable_transverse,7.18638637403607,17.8062147790544,90,83.1287393104633,80.2614334192447,2.74540897661562,2.59476245377584e-10,2.8421709430404e-14,7.1743447
g5_4,grid,variable_transverse,7.18638637403607,17.8062147790544,110,78.4731733758459,75.560058715688,3.64182974133817,6.58606851371807e-10,4.2632564145606e-14,8.5447953
g5_4,grid,variable_transverse,7.18638637403607,17.8062147790544,120,71.5783527452523,67.3117992074017,4.21713600886804,5.29764419662829e-10,2.8421709430404e-14,9.9574787
g5_4,grid,variable_transverse,7.18638637403607,17.8062147790544,130,65.9083752199674,61.5581165871159,4.37927981139133,7.56872774793777e-10,1.4210854715202e-14,11.3198679
g5_4,grid,variable_transverse,7.18638637403607,17.8062147790544,140,63.8971256474509,59.0916306364509,4.91740678844266,5.44141869778754e-10,2.1316282072803e-14,12.7771771
g5_5,grid,variable_transverse,7.18638637403607,20.7043021811132,50,123.419337205713,121.774876090813,0.900230903308139,2.37444649001038e-10,2.8421709430404e-14,1.3631061
g5_5,grid,variable_transverse,7.18638637403607,20.7043021811132,60,123.245351191587,122.826162550448,1.39460782170951,2.35947777066915e-10,5.6843418860808e-14,2.7485501
g5_5,grid,variable_transverse,7.18638637403607,20.7043021811132,70,94.5504290931592,92.8403153267238,1.67929306753685,2.10341430903408e-10,0,4.1842141
g5_5,grid,variable_transverse,7.18638637403607,20.7043021811132,80,97.8268862845729,95.5397535640007,2.15620730459173,3.68497930337327e-10,5.6843418860808e-14,5.5421684
g5_5,grid,variable_transverse,7.18638637403607,20.7043021811132,90,83.5292243787073,80.841354737777,2.56573711702811,3.3089825503067e-10,1.4210854715202e-14,7.0399197
g5_5,grid,variable_transverse,7.18638637403607,20.7043021811132,110,79.0042349988678,76.3333183102608,3.40113460081177,6.12035125374835e-10,1.4210854715202e-14,8.4025586
g5_5,grid,variable_transverse,7.18638637403607,20.7043021811132,120,72.193164746735,68.20664263022,3.93663445233834,3.05261891200571e-10,0,9.7791846
g5_5,grid,variable_transverse,7.18638637403607,20.7043021811132,130,66.5465415287356,62.490356677637,4.08436284019244,6.55696299396272e-10,1.4210854715202e-14,11.1203761
g5_5,grid,variable_transverse,7.18638637403607,20.7043021811132,140,64.6133841011738,60.1436466488928,4.58208037569987,3.83682899866392e-10,1.4210854715202e-14,12.5093415
g5_6,grid,variable_transverse,7.18638637403607,24.0740738065844,50,123.550292241641,121.969782237847,0.836607487902559,3.32581325783738e-10,5.6843418860808e-14,1.3687379
g5_6,grid,variable_transverse,7.18638637403607,24.0740738065844,60,123.44824605256,123.127732021719,1.29636213499598,1.58308469356169e-10,0,2.8219351
g5_6,grid,variable_transverse,7.18638637403607,24.0740738065844,70,94.7947206063831,93.203514137171,1.56073429298127,2.80661938848071e-10,1.4210854715202e-14,4.2105591
g5_6,grid,variable_transverse,7.18638637403607,24.0740738065844,80,98.1405575052907,96.0049787169439,2.00401580966374,4.54422698283655e-10,2.8421709430404e-14,5.5669852
g5_6,grid,variable_transverse,7.18638637403607,24.0740738065844,90,83.9024531356954,81.3956725022032,2.38442808244024,3.2028794632438e-10,0,6.9709796
g5_6,grid,variable_transverse,7.18638637403607,24.0740738065844,110,79.4988459921971,77.0714079457168,3.15905514819073,7.90742805949322e-10,5.6843418860808e-14,8.3989791
g5_6,grid,variable_transverse,7.18638637403607,24.0740738065844,120,72.7655442803876,69.0600989871539,3.65511546053859,2.83106345800543e-10,7.105427357601e-14,9.806499
g5_6,grid,variable_transverse,7.18638637403607,24.0740738065844,130,67.140158654787,63.3783493193232,3.78919902184057,9.37077931195169e-10,0,11.164945
g5_6,grid,variable_transverse,7.18638637403607,24.0740738065844,140,65.2790571678803,61.1444437372776,4.24734866729105,4.73399262241588e-10,4.2632564145606e-14,12.55847
g6_0,grid,variable_transverse,10,9.74127148952718,50,169.718225325117,166.829576835273,1.74863120129939,9.6429163010763e-11,5.6843418860808e-14,1.3632779
g6_0,grid,variable_transverse,10,9.74127148952718,60,169.354134556841,167.900379032808,2.70755480770735,1.40010395895778e-10,2.8421709430404e-14,2.7264418
g6_0,grid,variable_transverse,10,9.74127148952718,70,128.442776824106,125.086177625108,3.26752296816254,1.329384232551e-10,5.6843418860808e-14,4.1227704
g6_0,grid,variable_transverse,10,9.74127148952718,80,132.080999138384,127.69414240918,4.19574007169676,1.6029860951443e-10,2.8421709430404e-14,5.4769621
g6_0,grid,variable_transverse,10,9.74127148952718,90,111.43167003527,106.273534153823,5.00729575461603,1.84506408058118e-10,5.6843418860808e-14,6.8733757
g6_0,grid,variable_transverse,10,9.74127148952718,110,103.953405598937,98.2846478078982,6.69921186732157,1.21641864277997e-10,4.2632564145606e-14,8.3066968
g6_0,grid,variable_transverse,10,9.74127148952718,120,93.1073471746175,85.2596024012443,7.78514423265404,2.2656375203512e-10,2.8421709430404e-14,9.754206
g6_0,grid,variable_transverse,10,9.74127148952718,130,84.9789952585018,76.8703389422164,8.14320245630624,2.34790573013071e-10,2.8421709430404e-14,11.1388445
g6_0,grid,variable_transverse,10,9.74127148952718,140,81.3588700350102,72.2854441124556,9.21544943430653,3.05969461262595e-10,1.4210854715202e-14,12.5596182
g6_1,grid,variable_transverse,10,11.3267323263268,50,169.979057859472,167.13120218519,1.7086312254056,1.55358713110484e-10,2.8421709430404e-14,1.3938039
g6_1,grid,variable_transverse,10,11.3267323263268,60,169.757983464749,168.367276387967,2.64536711253656,1.54897815538759e-10,5.6843418860808e-14,2.8590672
g6_1,grid,variable_transverse,10,11.3267323263268,70,128.930032442803,125.650573974216,3.19096530295396,1.65837627686902e-10,0,4.3064842
g6_1,grid,variable_transverse,10,11.3267323263268,80,132.706586627721,128.417949074546,4.09633955607014,4.15216613641968e-10,2.8421709430404e-14,5.7010838
g6_1,grid,variable_transverse,10,11.3267323263268,90,112.178063119981,107.140733307838,4.8861080492005,2.28241078595943e-10,5.6843418860808e-14,7.0776997
g6_1,grid,variable_transverse,10,11.3267323263268,110,104.951241389724,99.4576773575589,6.52724686390906,3.22143524337971e-10,1.4210854715202e-14,8.4438244
g6_1,grid,variable_transverse,10,11.3267323263268,120,94.2663564334832,86.625193891091,7.57784532932917,3.99677297829434e-10,2.8421709430404e-14,9.8499201
g6_1,grid,variable_transverse,10,11.3267323263268,130,86.1904366153889,78.3084741184297,7.91501270674267,4.55062686514911e-10,1.4210854715202e-14,11.2980785
g6_1,grid,variable_transverse,10,11.3267323263268,140,82.7289071654906,73.9266175555682,8.94524127071061,3.00957050698869e-10,1.4210854715202e-14,12.7738502
g6_2,grid,variable_transverse,10,13.1702381285837,50,170.232902989555,167.438240548263,1.65620914088653,8.42367451680111e-11,2.8421709430404e-14,1.4237198
g6_2,grid,variable_transverse,10,13.1702381285837,60,170.150983296728,168.842415729963,2.56405476652113,2.11045021569409e-10,5.6843418860808e-14,2.9116063
g6_2,grid,variable_transverse,10,13.1702381285837,70,129.40398272415,126.224518931391,3.09153212627,1.28290369374985e-10,2.8421709430404e-14,4.4127969
g6_2,grid,variable_transverse,10,13.1702381285837,80,133.314937185343,129.153748716303,3.96774564713107,2.86560323245531e-10,5.6843418860808e-14,5.8251845
g6_2,grid,variable_transverse,10,13.1702381285837,90,112.903529314634,108.021445560176,4.73048983144364,2.45188426684379e-10,2.8421709430404e-14,7.2126292
g6_2,grid,variable_transverse,10,13.1702381285837,110,105.919693650384,100.645979512409,6.31053405988593,2.57142804625862e-10,4.2632564145606e-14,8.5634594
g6_2,grid,variable_transverse,10,13.1702381285837,120,95.3901699057583,88.0065740786135,7.31957169150297,3.12667417333389e-10,1.4210854715202e-14,9.9576317
g6_2,grid,variable_transverse,10,13.1702381285837,130,87.363459766126,79.760078335654,7.63497473325102,2.52139950026353e-10,2.8421709430404e-14,11.2875355
g6_2,grid,variable_transverse,10,13.1702381285837,140,84.0537679019345,75.5798017236419,8.61779197886712,3.07205294828975e-10,2.8421709430404e-14,12.6686295
g6_3,grid,variable_transverse,10,15.3137875396276,50,170.478008943407,167.747281246319,1.59301842691389,1.35707424800663e-10,2.8421709430404e-14,1.346158
g6_3,grid,variable_transverse,10,15.3137875396276,60,170.530438544758,169.320532810827,2.46618201535787,1.2596522150001e-10,2.8421709430404e-14,2.7621692
g6_3,grid,variable_transverse,10,15.3137875396276,70,129.861407731875,126.801667815244,2.97234505153716,1.80839650519042e-10,2.8421709430404e-14,4.1383427
g6_3,grid,variable_transverse,10,15.3137875396276,80,133.901945534262,129.893408619456,3.81399307673116,2.01971915950453e-10,0,5.509186
g6_3,grid,variable_transverse,10,15.3137875396276,90,113.603234296839,108.905985514269,4.54529476326107,2.16904302327422e-10,4.2632564145606e-14,6.9519766
g6_3,grid,variable_transverse,10,15.3137875396276,110,106.852507209728,101.836611631504,6.05573912336741,2.59781423285647e-10,4.2632564145606e-14,8.3243006
g6_3,grid,variable_transverse,10,15.3137875396276,120,96.4716830453077,89.3887800333759,7.0181876091643,3.90172001089453e-10,0,9.7073459
g6_3,grid,variable_transverse,10,15.3137875396276,130,88.4908653879478,81.2096162141844,7.31143449213648,4.05706888721511e-10,7.105427357601e-14,11.0616776
g6_3,grid,variable_transverse,10,15.3137875396276,140,85.3255332214918,77.2274859808558,8.24269102882952,3.38752788132003e-10,5.6843418860808e-14,12.4936542
g6_4,grid,variable_transverse,10,17.8062147790544,50,170.712890175336,168.054974428004,1.52091886687094,1.61104300588942e-10,8.5265128291212e-14,1.5071351
g6_4,grid,variable_transverse,10,17.8062147790544,60,170.894066019667,169.796463989562,2.35462582092177,7.98025090008801e-11,2.8421709430404e-14,2.9102304
g6_4,grid,variable_transverse,10,17.8062147790544,70,130.299588107401,127.375814296699,2.83688859790461,1.75837747007399e-10,2.8421709430404e-14,4.3114048
g6_4,grid,variable_transverse,10,17.8062147790544,80,134.464152152572,130.628987905738,3.63956925675496,1.79340219514885e-10,0,5.7032802
g6_4,grid,variable_transverse,10,17.8062147790544,90,114.273118151632,109.784928781975,4.33588956645382,1.45077275898477e-10,1.4210854715202e-14,7.1141903
g6_4,grid,variable_transverse,10,17.8062147790544,110,107.744482018836,103.017094736279,5.77012293257815,2.21029435976468e-10,2.8421709430404e-14,8.5428171
g6_4,grid,variable_transverse,10,17.8062147790544,120,97.5050301021265,90.757463673471,6.68218065283117,1.44469226291761e-10,5.6843418860808e-14,9.9881381
g6_4,grid,variable_transverse,10,17.8062147790544,130,89.5667614447237,82.6422919995598,6.95330405355506,5.66407623281705e-10,4.2632564145606e-14,11.3760993
g6_4,grid,variable_transverse,10,17.8062147790544,140,86.5377788269717,78.8531003275816,7.83008320167947,3.12562175169817e-10,1.4210854715202e-14,12.7890511
g6_5,grid,variable_transverse,10,20.7043021811132,50,170.93635047244,168.358159993648,1.44187077094651,1.77561515153658e-10,0,1.3523181
g6_5,grid,variable_transverse,10,20.7043021811132,60,171.240029638919,170.265344353776,2.23241252365951,2.34097674430165e-10,2.8421709430404e-14,2.742303
g6_5,grid,variable_transverse,10,20.7043021811132,70,130.71634490512,127.941126642169,2.68881377378236,3.26476705020788e-10,2.8421709430404e-14,4.1192199
g6_5,grid,variable_transverse,10,20.7043021811132,80,134.998792404317,131.35303885832,3.44916200701343,3.40044760761904e-10,5.6843418860808e-14,5.5566238
g6_5,grid,variable_transverse,10,20.7043021811132,90,114.909950031031,110.649465502086,4.10785508633149,3.2620434892129e-10,0,6.984502
g6_5,grid,variable_transverse,10,20.7043021811132,110,108.591532778908,104.175868853574,5.46114604596714,4.0224329791922e-10,4.2632564145606e-14,8.3748473
g6_5,grid,variable_transverse,10,20.7043021811132,120,98.4856433358616,92.0994062485386,6.32020628246148,2.98683706971895e-10,0,9.7993464
g6_5,grid,variable_transverse,10,20.7043021811132,130,90.5866129477161,84.04456470559,6.5695960994395,4.55346529781705e-10,8.5265128291212e-14,11.1968691
g6_5,grid,variable_transverse,10,20.7043021811132,140,87.685619136723,80.4415774300168,7.39015034948852,6.10510623930801e-10,1.4210854715202e-14,12.6139413
g6_6,grid,variable_transverse,10,24.0740738065844,50,171.147490490272,168.653974493635,1.35783563051824,1.53739739674117e-10,8.5265128291212e-14,1.3749054
g6_6,grid,variable_transverse,10,24.0740738065844,60,171.566951218976,170.722771401793,2.10256490669009,1.34503887184885e-10,2.8421709430404e-14,2.7799541
g6_6,grid,variable_transverse,10,24.0740738065844,70,131.110050661613,128.492341550625,2.5317552940927,2.51909304967638e-10,2.8421709430404e-14,4.218201
g6_6,grid,variable_transverse,10,24.0740738065844,80,135.503808789268,132.058852798566,3.24742593003353,3.55054467503723e-10,8.5265128291212e-14,5.6097797
g6_6,grid,variable_transverse,10,24.0740738065844,90,115.511339295746,111.491686370164,3.86671144065213,3.04417448029121e-10,1.4210854715202e-14,6.9891369
g6_6,grid,variable_transverse,10,24.0740738065844,110,109.390691493002,105.302652249018,5.13611203719984,3.73075471907134e-10,1.4210854715202e-14,8.3771685
g6_6,grid,variable_transverse,10,24.0740738065844,120,99.4102469716298,93.4029176420024,5.94068244015201,3.24971539933412e-10,0,9.749867
g6_6,grid,variable_transverse,10,24.0740738065844,130,91.547225384561,85.4045404503846,6.16901494005814,4.01480211903234e-10,4.2632564145606e-14,11.0742649
g6_6,grid,variable_transverse,10,24.0740738065844,140,88.7656779632869,81.9797726102747,6.93266199975145,5.98122514335704e-10,2.8421709430404e-14,12.4383552
v0_0,validation,variable_transverse,1.76473889176047,10.9076800339979,50,30.6581643697882,30.3923933969988,0.1445260683323,2.1031587826778e-10,7.105427357601e-15,1.3744298
v0_0,validation,variable_transverse,1.76473889176047,10.9076800339979,60,30.0841572193003,30.1836058347032,0.224075389690597,1.80977016809229e-10,0,2.7685469
v0_0,validation,variable_transverse,1.76473889176047,10.9076800339979,70,23.4575872863718,23.2280896873113,0.269729083848268,1.85012558918403e-10,1.4210854715202e-14,4.147957
v0_0,validation,variable_transverse,1.76473889176047,10.9076800339979,80,24.3794293123831,24.0359653582656,0.348748160710358,3.00397530974512e-10,7.105427357601e-15,5.5451579
v0_0,validation,variable_transverse,1.76473889176047,10.9076800339979,90,20.9583609746369,20.5070768764557,0.413939787762687,2.3299870108354e-10,0,6.9635102
v0_0,validation,variable_transverse,1.76473889176047,10.9076800339979,110,19.6896781186944,19.3010873027325,0.545939925614775,3.97199115216764e-10,0,8.3013431
v0_0,validation,variable_transverse,1.76473889176047,10.9076800339979,120,18.3549908068434,17.7061189823188,0.633963189403285,3.9025621000849e-10,7.105427357601e-15,9.6673392
v0_0,validation,variable_transverse,1.76473889176047,10.9076800339979,130,16.9567173901509,16.3126029970996,0.655834754491583,5.76794743250875e-10,3.5527136788005e-15,10.9691329
v0_0,validation,variable_transverse,1.76473889176047,10.9076800339979,140,16.5296980413612,15.8271957424989,0.731021451678986,3.90617738107294e-10,3.5527136788005e-15,12.3433785
v0_0,validation,reference,1.76473889176047,10.9076800339979,50,30.6542269705732,30.3907615804826,0.142220987458844,1.59724205213753e-10,7.105427357601e-15,1.3687182
v0_0,validation,reference,1.76473889176047,10.9076800339979,60,30.0776839178628,30.1807206116684,0.220465596370726,2.40030018575085e-10,0,2.7393758
v0_0,validation,reference,1.76473889176047,10.9076800339979,70,23.4492192539488,23.2239896906841,0.265416603224575,2.54364959329251e-10,0,4.1204044
v0_0,validation,reference,1.76473889176047,10.9076800339979,80,24.3677741664667,24.0300342077234,0.343054568295593,1.85280624058041e-10,1.06581410364015e-14,5.4702007
v0_0,validation,reference,1.76473889176047,10.9076800339979,90,20.9435681844824,20.4988843437631,0.407331000282137,3.4514619046715e-10,7.105427357601e-15,6.8514668
v0_0,validation,reference,1.76473889176047,10.9076800339979,110,19.666713207838,19.2865726630622,0.537505192675394,2.58247443043867e-10,3.5527136788005e-15,8.2222156
v0_0,validation,reference,1.76473889176047,10.9076800339979,120,18.3263142793161,17.6871752807417,0.624264235249199,4.84632295615033e-10,1.4210854715202e-14,9.6483167
v0_0,validation,reference,1.76473889176047,10.9076800339979,130,16.9255729125655,16.2908041905994,0.646517302860643,4.0518641663562e-10,7.105427357601e-15,11.0590231
v0_0,validation,reference,1.76473889176047,10.9076800339979,140,16.493012698817,15.8009961151046,0.72045764676206,7.05101192398015e-10,0,12.470784
v0_1,validation,variable_transverse,1.76473889176047,13.6762135936779,50,30.6885850264997,30.442609225652,0.124746831459405,2.33772413559099e-10,1.4210854715202e-14,1.3854134
v0_1,validation,variable_transverse,1.76473889176047,13.6762135936779,60,30.1313391566413,30.2613996977863,0.193557152341311,1.81345063389258e-10,0,2.8063411
v0_1,validation,variable_transverse,1.76473889176047,13.6762135936779,70,23.5143824504541,23.3217604984271,0.232997504425443,2.14522678592828e-10,0,4.1873293
v0_1,validation,variable_transverse,1.76473889176047,13.6762135936779,80,24.4528748191238,24.1565698784848,0.301358589270873,4.27874005375593e-10,2.1316282072803e-14,5.5439707
v0_1,validation,variable_transverse,1.76473889176047,13.6762135936779,90,21.0455461521355,20.6503731765536,0.357784180129577,2.95570078515349e-10,3.5527136788005e-15,6.9066068
v0_1,validation,variable_transverse,1.76473889176047,13.6762135936779,110,19.8046700758589,19.490225490958,0.471930741292684,5.91739593875095e-10,1.06581410364015e-14,8.2429024
v0_1,validation,variable_transverse,1.76473889176047,13.6762135936779,120,18.4885247036668,17.925381692878,0.548044622063765,3.34715978853808e-10,3.5527136788005e-15,9.5906338
v0_1,validation,variable_transverse,1.76473889176047,13.6762135936779,130,17.0948057776879,16.539788523467,0.566520552407073,5.09716707878347e-10,7.105427357601e-15,10.9831799
v0_1,validation,variable_transverse,1.76473889176047,13.6762135936779,140,16.6835506962927,16.0811913913045,0.6309176392146,2.92004416749621e-10,3.5527136788005e-15,12.3833792
v0_1,validation,reference,1.76473889176047,13.6762135936779,50,30.6841422331076,30.4403259342269,0.122587526799557,2.89327334683649e-10,3.5527136788005e-15,1.346979
v0_1,validation,reference,1.76473889176047,13.6762135936779,60,30.1240763601256,30.2574802621565,0.19019129529652,2.21444320332034e-10,1.4210854715202e-14,2.7169677
v0_1,validation,reference,1.76473889176047,13.6762135936779,70,23.5050758209244,23.3163893325051,0.229014414133236,2.59047136454866e-10,7.105427357601e-15,4.0991202
v0_1,validation,reference,1.76473889176047,13.6762135936779,80,24.4399846835704,24.1489360911652,0.296134434806763,5.59365828955388e-10,1.06581410364015e-14,5.4453568
v0_1,validation,reference,1.76473889176047,13.6762135936779,90,21.0293280602914,20.6401436740244,0.351787344231434,3.55428701577e-10,7.105427357601e-15,6.7820342
v0_1,validation,reference,1.76473889176047,13.6762135936779,110,19.7799122460105,19.4729188168206,0.464491320013532,7.70870238972226e-10,1.06581410364015e-14,8.1089634
v0_1,validation,reference,1.76473889176047,13.6762135936779,120,18.4578006523317,17.90313482287,0.539605400414515,5.06641958609648e-10,1.06581410364015e-14,9.5573162
v0_1,validation,reference,1.76473889176047,13.6762135936779,130,17.0617171984989,16.5146496908127,0.558600315203824,8.91910148635443e-10,1.06581410364015e-14,10.9400784
v0_1,validation,reference,1.76473889176047,13.6762135936779,140,16.6446713893682,16.0511228658252,0.622023120909025,4.26722764562829e-10,7.105427357601e-15,12.3186969
v0_2,validation,variable_transverse,1.76473889176047,17.147442689639,50,30.7147353018313,30.4867303575671,0.106789924066249,2.99863896777252e-10,3.5527136788005e-15,1.3417318
v0_2,validation,variable_transverse,1.76473889176047,17.147442689639,60,30.1719300397409,30.329795804489,0.165831781554013,3.15959861555913e-10,7.105427357601e-15,2.7200939
v0_2,validation,variable_transverse,1.76473889176047,17.147442689639,70,23.5632458917178,23.4041081864507,0.199636941423642,2.95411586398072e-10,1.4210854715202e-14,4.1003859
v0_2,validation,variable_transverse,1.76473889176047,17.147442689639,80,24.5160868207876,24.2626284990522,0.258313890369113,4.06644554187349e-10,3.5527136788005e-15,5.4319787
v0_2,validation,variable_transverse,1.76473889176047,17.147442689639,90,21.1206051884157,20.7764000714404,0.306778091667951,4.85646390715116e-10,7.105427357601e-15,6.8117004
v0_2,validation,variable_transverse,1.76473889176047,17.147442689639,110,19.9036882305933,19.656525365745,0.404766550739529,6.06318814730312e-10,3.5527136788005e-15,8.149398
v0_2,validation,variable_transverse,1.76473889176047,17.147442689639,120,18.6035198146574,18.1181423809957,0.470114552324157,6.21814953128133e-10,3.5527136788005e-15,9.5377556
v0_2,validation,variable_transverse,1.76473889176047,17.147442689639,130,17.2136378697704,16.7393160273482,0.485636202638617,8.36459471414726e-10,3.5527136788005e-15,10.8716858
v0_2,validation,variable_transverse,1.76473889176047,17.147442689639,140,16.8158388147021,16.3040158246405,0.540412129226501,6.60461163072215e-10,7.105427357601e-15,12.221439
v0_2,validation,reference,1.76473889176047,17.147442689639,50,30.709822439012,30.4838126334654,0.104794650639365,1.26255766301024e-10,1.4210854715202e-14,1.3312335
v0_2,validation,reference,1.76473889176047,17.147442689639,60,30.1639355251558,30.3248808528551,0.162729184401922,2.3513749908011e-10,0,2.7321952
v0_2,validation,reference,1.76473889176047,17.147442689639,70,23.5530766318466,23.3975333672588,0.195992160219533,2.25604489523464e-10,1.77635683940025e-14,4.1679632
v0_2,validation,reference,1.76473889176047,17.147442689639,80,24.5020681337388,24.2534008468957,0.253556562626967,2.62137485449402e-10,1.77635683940025e-14,5.5249093
v0_2,validation,reference,1.76473889176047,17.147442689639,90,21.1030970212408,20.7643017709631,0.301360347138992,3.12239940650608e-10,3.5527136788005e-15,6.9514728
v0_2,validation,reference,1.76473889176047,17.147442689639,110,19.8773475872612,19.636772051517,0.398186993182241,4.18011390721725e-10,0,8.3267085
v0_2,validation,reference,1.76473889176047,17.147442689639,120,18.5710098344087,18.0930609182827,0.462727792269299,3.38189911508612e-10,1.06581410364015e-14,9.7556506
v0_2,validation,reference,1.76473889176047,17.147442689639,130,17.1788890944873,16.7114027359365,0.47883139484828,3.86812299906367e-10,3.5527136788005e-15,11.1234579
v0_2,validation,reference,1.76473889176047,17.147442689639,140,16.7751036317615,16.2707626440185,0.532841634469493,4.72127801229066e-10,0,12.5445335
v0_3,validation,variable_transverse,1.76473889176047,21.4997220378584,50,30.7370385032445,30.525100550055,0.090735068917123,1.45835347925361e-10,0,1.3880802
v0_3,validation,variable_transverse,1.76473889176047,21.4997220378584,60,30.2065786169562,30.3893220638435,0.141021665356606,1.46656381935897e-10,7.105427357601e-15,2.813479
v0_3,validation,variable_transverse,1.76473889176047,21.4997220378584,70,23.6049597845474,23.4757764355514,0.169787999032498,2.10425732415402e-10,0,4.2781074
v0_3,validation,variable_transverse,1.76473889176047,21.4997220378584,80,24.5700726798745,24.3549702858272,0.219789097718314,3.33500466965722e-10,1.06581410364015e-14,5.6825003
v0_3,validation,variable_transverse,1.76473889176047,21.4997220378584,90,21.1847308304869,20.8861516854376,0.261119568411206,2.63881182856302e-10,1.4210854715202e-14,7.1328164
v0_3,validation,variable_transverse,1.76473889176047,21.4997220378584,110,19.9883123671396,19.8013518789014,0.344664189692682,3.33009689539615e-10,3.5527136788005e-15,8.5308612
v0_3,validation,variable_transverse,1.76473889176047,21.4997220378584,120,18.7018158048338,18.2860183277222,0.400393085862246,2.90680158285638e-10,0,9.9669525
v0_3,validation,variable_transverse,1.76473889176047,21.4997220378584,130,17.3151491371502,16.9129347943084,0.413365461439232,3.69647560816197e-10,0,11.2758262
v0_3,validation,variable_transverse,1.76473889176047,21.4997220378584,140,16.9287597936314,16.4977117889342,0.459661125511731,3.63215152406757e-10,3.5527136788005e-15,12.6383304
v0_3,validation,reference,1.76473889176047,21.4997220378584,50,30.7316934726497,30.521580966628,0.0889091356011698,1.67862143174604e-10,1.06581410364015e-14,1.2925807
v0_3,validation,reference,1.76473889176047,21.4997220378584,60,30.1979123249899,30.3834706131646,0.138183438294202,1.58653253851922e-10,0,2.6471693
v0_3,validation,reference,1.76473889176047,21.4997220378584,70,23.5940035184489,23.4680843153988,0.16647119965532,2.5030681588106e-10,0,4.0256094
v0_3,validation,reference,1.76473889176047,21.4997220378584,80,24.5550284980149,24.3442765981623,0.215473596367702,2.79962170099274e-10,1.4210854715202e-14,5.391507
v0_3,validation,reference,1.76473889176047,21.4997220378584,90,21.1660578529324,20.8723623574186,0.256228443822869,2.04232491464457e-10,7.105427357601e-15,6.7606092
v0_3,validation,reference,1.76473889176047,21.4997220378584,110,19.9605675472328,19.7794694403763,0.338805668198002,4.31290631344422e-10,7.105427357601e-15,8.1190177
v0_3,validation,reference,1.76473889176047,21.4997220378584,120,18.6677351156848,18.2585153562929,0.39386061100407,3.26055303487009e-10,3.5527136788005e-15,9.5237926
v0_3,validation,reference,1.76473889176047,21.4997220378584,130,17.2789630852377,16.8827225633116,0.40742345865887,6.52749838908197e-10,3.5527136788005e-15,10.8411085
v0_3,validation,reference,1.76473889176047,21.4997220378584,140,16.8864326384962,16.461844207259,0.453109166158797,4.39526162096013e-10,3.5527136788005e-15,12.2311581
v1_0,validation,variable_transverse,2.89677398830643,10.9076800339979,50,50.080857414328,49.5318102407983,0.316889878971117,1.61145384927884e-10,0,1.5153055
v1_0,validation,variable_transverse,2.89677398830643,10.9076800339979,60,49.422140278949,49.4154710899695,0.490967385740761,2.3114251311966e-10,1.4210854715202e-14,3.1384135
v1_0,validation,variable_transverse,2.89677398830643,10.9076800339979,70,38.2740681993294,37.7163385471389,0.591210307690232,1.48532732908323e-10,7.105427357601e-15,4.7352614
v1_0,validation,variable_transverse,2.89677398830643,10.9076800339979,80,39.686122379359,38.906027756263,0.762050831279266,2.39863142416561e-10,7.105427357601e-15,6.2563164
v1_0,validation,variable_transverse,2.89677398830643,10.9076800339979,90,33.9803497928399,33.0137488623142,0.905305436026159,3.25544671528315e-10,0,7.7633143
v1_0,validation,variable_transverse,2.89677398830643,10.9076800339979,110,31.9339009388678,31.0070245251666,1.19587003879277,2.30663190504139e-10,1.06581410364015e-14,9.2370452
v1_0,validation,variable_transverse,2.89677398830643,10.9076800339979,120,29.5178335797106,28.108003935319,1.38737444952618,4.3963096226789e-10,1.77635683940025e-14,10.7429535
v1_0,validation,variable_transverse,2.89677398830643,10.9076800339979,130,27.2226917315019,25.8041630256918,1.43802849987006,1.24237551765169e-10,3.5527136788005e-15,12.0885015
v1_0,validation,variable_transverse,2.89677398830643,10.9076800339979,140,26.4637712180984,24.9053457962304,1.60803074384061,3.64465651310953e-10,3.5527136788005e-15,13.4230317
v1_0,validation,reference,2.89677398830643,10.9076800339979,50,50.0763575724528,49.5313775129716,0.31282200251892,1.46674467408247e-10,0,1.329767
v1_0,validation,reference,2.89677398830643,10.9076800339979,60,49.4145973953219,49.4143832654977,0.484476514278308,1.55969945600271e-10,1.4210854715202e-14,2.7122328
v1_0,validation,reference,2.89677398830643,10.9076800339979,70,38.2640585031908,37.7142677880263,0.583215823141448,2.49556706473191e-10,7.105427357601e-15,4.0951538
v1_0,validation,reference,2.89677398830643,10.9076800339979,80,39.6720152539591,38.9026991976053,0.751304785369339,2.23122334536973e-10,2.8421709430404e-14,5.4319493
v1_0,validation,reference,2.89677398830643,10.9076800339979,90,33.9619723886183,33.0082954121033,0.892374958358076,2.94479259301722e-10,1.4210854715202e-14,6.7628338
v1_0,validation,reference,2.89677398830643,10.9076800339979,110,31.9040776442454,30.9951693629209,1.17792755501893,2.02640689802951e-10,1.06581410364015e-14,8.0843906
v1_0,validation,reference,2.89677398830643,10.9076800339979,120,29.4799866950008,28.0915827335904,1.36597802013219,5.6313695957358e-10,7.105427357601e-15,9.4720032
v1_0,validation,reference,2.89677398830643,10.9076800339979,130,27.180713042405,25.7840528945875,1.41620243382868,1.65839540454886e-10,7.105427357601e-15,10.7894524
v1_0,validation,reference,2.89677398830643,10.9076800339979,140,26.4139566406105,24.8807111360257,1.58274052853077,5.34465694893504e-10,3.5527136788005e-15,12.1542746
v1_1,validation,variable_transverse,2.89677398830643,13.6762135936779,50,50.148270829033,49.6367611200772,0.279427583850298,1.11171931235899e-10,0,1.3500908
v1_1,validation,variable_transverse,2.89677398830643,13.6762135936779,60,49.5266130410299,49.5779774545422,0.433162986027228,2.64170236193488e-10,2.1316282072803e-14,2.6900212
v1_1,validation,variable_transverse,2.89677398830643,13.6762135936779,70,38.3998623364037,37.9120967254285,0.521533006117429,2.05697565190611e-10,1.4210854715202e-14,4.0620885
v1_1,validation,variable_transverse,2.89677398830643,13.6762135936779,80,39.8482778806964,39.1574616580273,0.672343566440006,2.09510535022841e-10,1.4210854715202e-14,5.3700122
v1_1,validation,variable_transverse,2.89677398830643,13.6762135936779,90,34.1729907564506,33.3127982105991,0.798771925270317,4.38820949383639e-10,7.105427357601e-15,6.6822765
v1_1,validation,variable_transverse,2.89677398830643,13.6762135936779,110,32.1883136321106,31.4030314638974,1.05470503665428,3.26129813778059e-10,7.105427357601e-15,7.9961299
v1_1,validation,variable_transverse,2.89677398830643,13.6762135936779,120,29.8129425933844,28.5668866215861,1.22326015042381,3.82321619210202e-10,1.77635683940025e-14,9.3540482
v1_1,validation,variable_transverse,2.89677398830643,13.6762135936779,130,27.5284198603468,26.2808313919665,1.26663485489087,4.09400626819581e-10,3.5527136788005e-15,10.6827221
v1_1,validation,variable_transverse,2.89677398830643,13.6762135936779,140,26.8054559336283,25.4404023057075,1.41482627027074,3.85738489879446e-10,1.4210854715202e-14,12.0490648
v1_1,validation,reference,2.89677398830643,13.6762135936779,50,50.1428573541634,49.6353388670952,0.275434740527474,2.07868199004692e-10,2.8421709430404e-14,1.3459212
v1_1,validation,reference,2.89677398830643,13.6762135936779,60,49.5176197478656,49.5752541763654,0.426854267594106,2.12995302218149e-10,0,2.7618961
v1_1,validation,reference,2.89677398830643,13.6762135936779,70,38.3880800137571,37.90790608623,0.513878963497192,2.54343497647623e-10,0,4.121056
v1_1,validation,reference,2.89677398830643,13.6762135936779,80,39.8318006141922,39.1512022867579,0.662161148929418,2.97130743540838e-10,1.4210854715202e-14,5.4964752
v1_1,validation,reference,2.89677398830643,13.6762135936779,90,34.15178750532,33.3036217667535,0.786738699798496,3.55419867617638e-10,1.4210854715202e-14,6.8827305
v1_1,validation,reference,2.89677398830643,13.6762135936779,110,32.1546489127429,31.3854159736639,1.03867650303201,2.51241010598847e-10,7.105427357601e-15,8.2032733
v1_1,validation,reference,2.89677398830643,13.6762135936779,120,29.7705565500582,28.5432994672185,1.20449574186221,2.92040247065654e-10,0,9.5858892
v1_1,validation,reference,2.89677398830643,13.6762135936779,130,27.4818739098518,26.2529449491769,1.24802205520687,2.62057043236143e-10,0,10.9510354
v1_1,validation,reference,2.89677398830643,13.6762135936779,140,26.7503719240889,25.4065694794879,1.39345095408628,4.34551969507405e-10,2.1316282072803e-14,12.3275949
v1_2,validation,variable_transverse,2.89677398830643,17.147442689639,50,50.207408506647,49.7315402112801,0.243852434711301,2.01425306847817e-10,2.8421709430404e-14,1.3490222
v1_2,validation,variable_transverse,2.89677398830643,17.147442689639,60,49.618315458048,49.7247810565638,0.378260792252558,2.62070330900365e-10,2.8421709430404e-14,2.6982438
v1_2,validation,variable_transverse,2.89677398830643,17.147442689639,70,38.5102694755345,38.0888819099305,0.455405817190001,2.50076277688693e-10,7.105427357601e-15,4.0396908
v1_2,validation,variable_transverse,2.89677398830643,17.147442689639,80,39.9906276688126,39.3845372961003,0.587242427790575,1.37087833330341e-10,2.8421709430404e-14,5.3556492
v1_2,validation,variable_transverse,2.89677398830643,17.147442689639,90,34.3421195192429,33.5828132755468,0.697775545584806,3.53690831069275e-10,0,6.7019105
v1_2,validation,variable_transverse,2.89677398830643,17.147442689639,110,32.4116116806068,31.7602004099408,0.921210272026461,8.00548513521035e-11,2.1316282072803e-14,8.0271853
v1_2,validation,variable_transverse,2.89677398830643,17.147442689639,120,30.0719083118354,28.9805056419982,1.06830521429983,4.53489612471324e-10,0,9.4052339
v1_2,validation,variable_transverse,2.89677398830643,17.147442689639,130,27.7964488642358,26.7098924459435,1.10520135612729,2.06402135713113e-10,3.5527136788005e-15,10.96133
v1_2,validation,variable_transverse,2.89677398830643,17.147442689639,140,27.1046965573696,25.9213204627973,1.23328889894376,4.73254868946327e-10,0,12.4205198
v1_2,validation,reference,2.89677398830643,17.147442689639,50,50.2011093525255,49.7290638853333,0.240027024973999,1.65802142642053e-10,1.4210854715202e-14,1.4447826
v1_2,validation,reference,2.89677398830643,17.147442689639,60,49.6079282673754,49.7203518149151,0.372261962057109,2.34057682493814e-10,7.105427357601e-15,2.9762505
v1_2,validation,reference,2.89677398830643,17.147442689639,70,38.4968066082046,38.0825400859489,0.448216488499987,1.78655078025146e-10,7.105427357601e-15,4.3686785
v1_2,validation,reference,2.89677398830643,17.147442689639,80,39.9719244263026,39.3753551824441,0.577759169467467,1.95196837990307e-10,7.105427357601e-15,5.8071003
v1_2,validation,reference,2.89677398830643,17.147442689639,90,34.3183056580849,33.5700342911674,0.686734566411518,5.74921322126926e-10,2.8421709430404e-14,7.2759745
v1_2,validation,reference,2.89677398830643,17.147442689639,110,32.3745313658031,31.7373280009939,0.907016751946249,2.65193481836789e-10,7.105427357601e-15,8.5931263
v1_2,validation,reference,2.89677398830643,17.147442689639,120,30.0255570482202,28.9505333324825,1.05196570175171,3.47754124181704e-10,7.105427357601e-15,9.9876918
v1_2,validation,reference,2.89677398830643,17.147442689639,130,27.7460212942089,26.6752947355838,1.08942164978812,2.61326762919003e-10,3.5527136788005e-15,11.3353306
v1_2,validation,reference,2.89677398830643,17.147442689639,140,27.0451748028387,25.8796162741795,1.21533489685051,3.86687632395072e-10,7.105427357601e-15,12.70199
v1_3,validation,variable_transverse,2.89677398830643,21.4997220378584,50,50.2587786564123,49.8159877678192,0.210832961607023,1.12875300817991e-10,1.4210854715202e-14,1.3108082
v1_3,validation,variable_transverse,2.89677398830643,21.4997220378584,60,49.6980282720012,49.8556438726272,0.327281977373953,1.13213757502679e-10,0,2.6484786
v1_3,validation,variable_transverse,2.89677398830643,21.4997220378584,70,38.6062396763897,38.2464393443235,0.394036097798928,8.77474581291335e-11,0,4.006098
v1_3,validation,variable_transverse,2.89677398830643,21.4997220378584,80,40.1143999267663,39.5869505127399,0.508276208657753,1.21765600638962e-10,7.105427357601e-15,5.3202655
v1_3,validation,variable_transverse,2.89677398830643,21.4997220378584,90,34.4892050377458,33.8234870570021,0.604091496919149,1.66023735564467e-10,7.105427357601e-15,6.6842188
v1_3,validation,variable_transverse,2.89677398830643,21.4997220378584,110,32.6057992056009,32.078337976546,0.797586684161091,2.23564464125804e-10,0,8.002853
v1_3,validation,variable_transverse,2.89677398830643,21.4997220378584,120,30.29710250986,29.3487825720324,0.924957848951386,2.34472585109012e-10,1.4210854715202e-14,9.3706041
v1_3,validation,variable_transverse,2.89677398830643,21.4997220378584,130,28.0293296892987,27.0914682114454,0.956154087478751,3.48093482775717e-10,1.4210854715202e-14,10.7229515
v1_3,validation,variable_transverse,2.89677398830643,21.4997220378584,140,27.3644522886657,26.3484639774657,1.06601763830312,1.4784457445869e-10,1.4210854715202e-14,12.1241601
v1_3,validation,reference,2.89677398830643,21.4997220378584,50,50.2516393842977,49.812439837177,0.20723802118129,1.90307976442308e-10,0,1.3445935
v1_3,validation,reference,2.89677398830643,21.4997220378584,60,49.6863273256312,49.8495082275548,0.321674217804212,3.30837991470048e-10,0,2.6992517
v1_3,validation,reference,2.89677398830643,21.4997220378584,70,38.5912103003651,38.237991080698,0.387381603341398,3.85841625077053e-10,0,4.0798721
v1_3,validation,reference,2.89677398830643,21.4997220378584,80,40.0936374968497,39.5749467173126,0.499557357631132,1.77317974305685e-10,1.4210854715202e-14,5.4403464
v1_3,validation,reference,2.89677398830643,21.4997220378584,90,34.4630082872314,33.8073163564912,0.594059795159262,3.42905544000247e-10,7.105427357601e-15,6.8344958
v1_3,validation,reference,2.89677398830643,21.4997220378584,110,32.5657011514903,32.0507695991336,0.785064298098632,3.57330887197375e-10,1.4210854715202e-14,8.1543967
v1_3,validation,reference,2.89677398830643,21.4997220378584,120,30.2473023893163,29.3132363421756,0.91074805038854,6.04937514360166e-10,7.105427357601e-15,9.5539833
v1_3,validation,reference,2.89677398830643,21.4997220378584,130,27.9756111436274,27.0512001819809,0.94275659252416,3.87690711440122e-10,0,10.8928127
v1_3,validation,reference,2.89677398830643,21.4997220378584,140,27.3012032966544,26.3001673254384,1.05091810312407,7.65664124448627e-10,1.4210854715202e-14,12.2331124
v2_0,validation,variable_transverse,4.7549807954636,10.9076800339979,50,81.7115400204968,80.6151928299294,0.657451114230586,8.06583385419772e-11,1.4210854715202e-14,1.2987027
v2_0,validation,variable_transverse,4.7549807954636,10.9076800339979,60,81.0460742444062,80.7386955729435,1.0182061334847,1.86311950801187e-10,1.4210854715202e-14,2.6988098
v2_0,validation,variable_transverse,4.7549807954636,10.9076800339979,70,62.2967113965963,61.0793479667599,1.22675883161252,1.53135918239716e-10,4.2632564145606e-14,4.0891503
v2_0,validation,variable_transverse,4.7549807954636,10.9076800339979,80,64.418167074637,62.7743397332546,1.57773736668609,1.81988947528075e-10,0,5.4245938
v2_0,validation,variable_transverse,4.7549807954636,10.9076800339979,90,54.8964790413558,52.9288919504081,1.87666975934486,2.32054594729565e-10,2.8421709430404e-14,6.7792716
v2_0,validation,variable_transverse,4.7549807954636,10.9076800339979,110,51.5394090980331,49.5136547986096,2.4871824513372,2.30748885789379e-10,0,8.122844
v2_0,validation,variable_transverse,4.7549807954636,10.9076800339979,120,47.1558955202263,44.2371474119835,2.88489163879652,3.12367552668214e-10,1.4210854715202e-14,9.5007857
v2_0,validation,variable_transverse,4.7549807954636,10.9076800339979,130,43.3724153533936,40.4017030232476,2.99790918836969,3.13770017551042e-10,0,10.8168791
v2_0,validation,variable_transverse,4.7549807954636,10.9076800339979,140,41.9918444364493,38.7050700292426,3.36521156752284,3.07163983573821e-10,0,12.1495453
v2_0,validation,reference,4.7549807954636,10.9076800339979,50,81.7073976115349,80.617290690235,0.651209261644343,1.01196242928428e-10,1.4210854715202e-14,1.3073719
v2_0,validation,reference,4.7549807954636,10.9076800339979,60,81.038921299732,80.7417904754878,1.00791204628328,1.15525187728701e-10,4.2632564145606e-14,2.6853358
v2_0,validation,reference,4.7549807954636,10.9076800339979,70,62.286859356342,61.0827336252126,1.21346660271085,1.0105611658754e-10,7.105427357601e-15,4.0681263
v2_0,validation,reference,4.7549807954636,10.9076800339979,80,64.4040379847072,62.778606029313,1.55937453878115,2.73802874887406e-10,1.4210854715202e-14,5.4422695
v2_0,validation,reference,4.7549807954636,10.9076800339979,90,54.8774217477121,52.933122030637,1.85337872571497,8.65832159712327e-11,2.1316282072803e-14,6.8465881
v2_0,validation,reference,4.7549807954636,10.9076800339979,110,51.506724164544,49.5169290501664,2.4512510550646,2.76688875645474e-10,1.4210854715202e-14,8.2235552
v2_0,validation,reference,4.7549807954636,10.9076800339979,120,47.1135989681197,44.2396106319787,2.84015009577622,2.25302393824668e-10,2.8421709430404e-14,9.6950132
v2_0,validation,reference,4.7549807954636,10.9076800339979,130,43.3244049884964,40.4022290788612,2.94942308720948,2.91880111679341e-10,7.105427357601e-15,11.1716906
v2_0,validation,reference,4.7549807954636,10.9076800339979,140,41.9344313095344,38.7048159453493,3.30793357276006,2.53790486731337e-10,7.105427357601e-15,12.5800191
v2_1,validation,variable_transverse,4.7549807954636,13.6762135936779,50,81.8533000697423,80.8190788062246,0.595586538189047,9.30507441192698e-11,2.8421709430404e-14,1.3823096
v2_1,validation,variable_transverse,4.7549807954636,13.6762135936779,60,81.2656486778889,81.0543170773362,0.922654134626619,1.94414485197288e-10,2.8421709430404e-14,2.777074
v2_1,validation,variable_transverse,4.7549807954636,13.6762135936779,70,62.56121304585,61.4598414574443,1.11125525155996,2.46087653414856e-10,2.8421709430404e-14,4.2024414
v2_1,validation,variable_transverse,4.7549807954636,13.6762135936779,80,64.7583281792317,63.262372674158,1.42908546120121,1.53227244407306e-10,0,5.571343
v2_1,validation,variable_transverse,4.7549807954636,13.6762135936779,90,55.301036591524,53.5104206596344,1.69943612098148,2.73605550998486e-10,1.4210854715202e-14,6.9787246
v2_1,validation,variable_transverse,4.7549807954636,13.6762135936779,110,52.0752723612631,50.2881084200146,2.24982212926637,1.98468006600208e-10,7.105427357601e-15,8.3767373
v2_1,validation,variable_transverse,4.7549807954636,13.6762135936779,120,47.7772173350775,45.1350745335679,2.60772230987172,4.36433663056584e-10,7.105427357601e-15,9.7604475
v2_1,validation,variable_transverse,4.7549807954636,13.6762135936779,130,44.0176352017186,41.3377545805362,2.7061859554476,3.06842652475806e-10,7.105427357601e-15,11.1435498
v2_1,validation,variable_transverse,4.7549807954636,13.6762135936779,140,42.7156144198884,39.7609518084343,3.03353967298232,3.92072378314839e-10,1.4210854715202e-14,12.5497447
v2_1,validation,reference,4.7549807954636,13.6762135936779,50,81.8477041040937,80.8200527657663,0.589013364114008,1.14871001242559e-10,4.2632564145606e-14,1.3470176
v2_1,validation,reference,4.7549807954636,13.6762135936779,60,81.2561195639716,81.0553927347511,0.911994688791743,9.87502631820087e-11,4.2632564145606e-14,2.678509
v2_1,validation,reference,4.7549807954636,13.6762135936779,70,62.5483310503371,61.4603288827716,1.09781871298383,1.23704147705979e-10,1.4210854715202e-14,4.0706003
v2_1,validation,reference,4.7549807954636,13.6762135936779,80,64.7400457261347,63.2624128639718,1.41080115743091,2.68475229423504e-10,1.4210854715202e-14,5.4095812
v2_1,validation,reference,4.7549807954636,13.6762135936779,90,55.2767811456681,53.5087555600563,1.67684192509762,1.57166327914765e-10,0,6.796846
v2_1,validation,reference,4.7549807954636,13.6762135936779,110,52.0347701003276,50.2807618096308,2.21669075403821,3.01390448134393e-10,7.105427357601e-15,8.1421804
v2_1,validation,reference,4.7549807954636,13.6762135936779,120,47.7252849044126,45.1235823859737,2.56730598969046,2.66048062568057e-10,1.4210854715202e-14,9.5206626
v2_1,validation,reference,4.7549807954636,13.6762135936779,130,43.9593198013024,41.322124913581,2.66356154157561,4.09127720992371e-10,2.1316282072803e-14,11.193472
v2_1,validation,reference,4.7549807954636,13.6762135936779,140,42.6460725275241,39.7412324748413,2.98357051278769,2.10577488170936e-10,1.4210854715202e-14,12.5909978
v2_2,validation,variable_transverse,4.7549807954636,17.147442689639,50,81.9808839152612,81.0099552284171,0.532529224239256,2.4421886529542e-10,0,1.3229159
v2_2,validation,variable_transverse,4.7549807954636,17.147442689639,60,81.463332124797,81.3497975548796,0.825297059702135,7.80610227470779e-11,1.4210854715202e-14,2.6851357
v2_2,validation,variable_transverse,4.7549807954636,17.147442689639,70,62.79927530695,61.8158365485273,0.993759269689403,1.13649711619717e-10,1.4210854715202e-14,4.0468018
v2_2,validation,variable_transverse,4.7549807954636,17.147442689639,80,65.064481514342,63.7188796568882,1.27803252704852,2.88834829635531e-10,1.4210854715202e-14,5.3877367
v2_2,validation,variable_transverse,4.7549807954636,17.147442689639,90,55.6650839625472,54.0540230694752,1.51964393391779,1.43241395704451e-10,2.1316282072803e-14,6.7381024
v2_2,validation,variable_transverse,4.7549807954636,17.147442689639,110,52.5570257342618,51.0105452461055,2.01024409427168,4.57878000230152e-10,2.8421709430404e-14,8.0693181
v2_2,validation,variable_transverse,4.7549807954636,17.147442689639,120,48.3354593522815,45.9716767390615,2.3288488274074,2.42184037857266e-10,7.105427357601e-15,9.456254
v2_2,validation,variable_transverse,4.7549807954636,17.147442689639,130,44.5966086861541,42.2082078111609,2.41389929788471,4.62295649858406e-10,2.8421709430404e-14,10.9367454
v2_2,validation,variable_transverse,4.7549807954636,17.147442689639,140,43.364219751488,40.7409497143929,2.70252710331401,2.27277923265916e-10,1.4210854715202e-14,12.3864028
v2_2,validation,reference,4.7549807954636,17.147442689639,50,81.9737846231734,81.0095343841554,0.52584547690765,1.15061980104544e-10,1.4210854715202e-14,1.4062288
v2_2,validation,reference,4.7549807954636,17.147442689639,60,81.4513820133845,81.3484807161484,0.814602343889081,1.46087444603151e-10,2.8421709430404e-14,2.8704298
v2_2,validation,reference,4.7549807954636,17.147442689639,70,62.7833717925181,61.8130788762956,0.980535001025821,1.36080950552921e-10,7.105427357601e-15,4.3798008
v2_2,validation,reference,4.7549807954636,17.147442689639,80,65.0421138412372,63.7143256929342,1.26026177204949,3.3386847706198e-10,0,5.8358665
v2_2,validation,reference,4.7549807954636,17.147442689639,90,55.6358372226615,54.0462499164702,1.49816658922712,2.01928929076453e-10,1.4210854715202e-14,7.2601284
v2_2,validation,reference,4.7549807954636,17.147442689639,110,52.5093725440562,50.9929783596781,1.98017481528259,4.59434288591257e-10,1.4210854715202e-14,8.6573825
v2_2,validation,reference,4.7549807954636,17.147442689639,120,48.2748894682324,45.9470907273859,2.29289461619743,2.76065223782857e-10,7.105427357601e-15,10.0950488
v2_2,validation,reference,4.7549807954636,17.147442689639,130,44.5293074283539,42.1778494500197,2.37702724795445,4.8997328316327e-10,2.8421709430404e-14,11.4695538
v2_2,validation,reference,4.7549807954636,17.147442689639,140,43.2841854824537,40.7036133578916,2.65965725668262,2.84602991439816e-10,1.4210854715202e-14,13.1291225
v2_3,validation,variable_transverse,4.7549807954636,21.4997220378584,50,82.0942907100092,81.1855327287889,0.470567879692577,9.02886178428728e-11,4.2632564145606e-14,1.5910763
v2_3,validation,variable_transverse,4.7549807954636,21.4997220378584,60,81.6391288723022,81.6216330274946,0.729644863701742,1.63176219125498e-10,1.4210854715202e-14,3.1702264
v2_3,validation,variable_transverse,4.7549807954636,21.4997220378584,70,63.010939703947,62.143191042186,0.878455688569597,2.40978651678358e-10,4.2632564145606e-14,4.7555811
v2_3,validation,variable_transverse,4.7549807954636,21.4997220378584,80,65.33671118823,64.1386142269238,1.12990830477372,1.35678711236159e-10,4.2632564145606e-14,6.5496395
v2_3,validation,variable_transverse,4.7549807954636,21.4997220378584,90,55.9887783313602,54.5536072606316,1.34354265321931,2.32951737891843e-10,0,8.3131623
v2_3,validation,variable_transverse,4.7549807954636,21.4997220378584,110,52.9851121374041,51.6734037351714,1.77645355084078,2.13658094401848e-10,1.4210854715202e-14,9.8631453
v2_3,validation,variable_transverse,4.7549807954636,21.4997220378584,120,48.8313085488621,46.7385647211568,2.05734855133552,4.67844913072079e-10,7.105427357601e-15,11.4075123
v2_3,validation,variable_transverse,4.7549807954636,21.4997220378584,130,45.1102979984711,43.0048145695681,2.13025979409289,3.50662406261458e-10,7.105427357601e-15,12.9475907
v2_3,validation,variable_transverse,4.7549807954636,21.4997220378584,140,43.9390095101122,41.6362885813447,2.38230339946642,6.39376894756814e-10,7.105427357601e-15,14.4879252
v2_3,validation,reference,4.7549807954636,21.4997220378584,50,82.0856862031225,81.1835156816111,0.46397279010776,9.40181744418228e-11,1.4210854715202e-14,1.5049415
v2_3,validation,reference,4.7549807954636,21.4997220378584,60,81.6247835038079,81.6176620421041,0.719203760483188,1.65372269017718e-10,2.8421709430404e-14,3.0452242
v2_3,validation,reference,4.7549807954636,21.4997220378584,70,62.9920980264478,62.1369721859524,0.86574446458429,1.68230434018691e-10,7.105427357601e-15,4.6013225
v2_3,validation,reference,4.7549807954636,21.4997220378584,80,65.3104163120772,64.129269321648,1.11300488869818,1.34588575157427e-10,1.4210854715202e-14,6.1516359
v2_3,validation,reference,4.7549807954636,21.4997220378584,90,55.9548304669252,54.5397049226217,1.32349370756085,1.74369282641715e-10,0,7.7110943
v2_3,validation,reference,4.7549807954636,21.4997220378584,110,52.9310130542752,51.6462392552232,1.74952582827606,2.24121644272407e-10,2.8421709430404e-14,9.2148403
v2_3,validation,reference,4.7549807954636,21.4997220378584,120,48.7631035581368,46.701985814076,2.02575764658013,1.5624095215072e-10,7.105427357601e-15,10.7520839
v2_3,validation,reference,4.7549807954636,21.4997220378584,130,45.0352733961451,42.9613705029069,2.09875817677538,2.5090973754637e-10,1.4210854715202e-14,12.3424119
v2_3,validation,reference,4.7549807954636,21.4997220378584,140,43.8500334907347,41.5834235167152,2.34599754182052,2.47047004515746e-10,1.4210854715202e-14,13.873562
v3_0,validation,variable_transverse,7.8051799886695,10.9076800339979,50,133.15874032749,131.056028000475,1.27333217987681,1.91006120182034e-10,5.6843418860808e-14,1.4711521
v3_0,validation,variable_transverse,7.8051799886695,10.9076800339979,60,132.674009688899,131.738933257287,1.97162311668416,9.8975702893778e-11,0,3.0116684
v3_0,validation,variable_transverse,7.8051799886695,10.9076800339979,70,101.158261416,98.7365195168617,2.37734752709861,1.91690460191795e-10,4.2632564145606e-14,4.5801463
v3_0,validation,variable_transverse,7.8051799886695,10.9076800339979,80,104.273567209281,101.077773899659,3.05332673675132,3.97338114481559e-10,4.2632564145606e-14,6.1467483
v3_0,validation,variable_transverse,7.8051799886695,10.9076800339979,90,88.3711161110272,84.6047831509905,3.63839920155332,2.07714584069161e-10,2.8421709430404e-14,7.794082
v3_0,validation,variable_transverse,7.8051799886695,10.9076800339979,110,82.7637583946598,78.7077783541048,4.84679992992742,5.17166589139657e-10,0,9.391361
v3_0,validation,variable_transverse,7.8051799886695,10.9076800339979,120,74.802499045362,69.1262255577788,5.62512981141049,2.20563500295311e-10,4.2632564145606e-14,11.0643787
v3_0,validation,variable_transverse,7.8051799886695,10.9076800339979,130,68.5322881914205,62.6996095851116,5.86542706610527,6.16381763179167e-10,4.2632564145606e-14,12.6520785
v3_0,validation,variable_transverse,7.8051799886695,10.9076800339979,140,65.9725948060341,59.4761369422061,6.61413016907361,4.85887207650688e-10,4.2632564145606e-14,14.2489769
v3_0,validation,reference,7.8051799886695,10.9076800339979,50,133.156486841046,131.061624810612,1.26548090185129,2.37712819366937e-10,5.6843418860808e-14,1.5432085
v3_0,validation,reference,7.8051799886695,10.9076800339979,60,132.66993428966,131.748579144241,1.95786654369357,1.00736732942009e-10,0,3.1733486
v3_0,validation,reference,7.8051799886695,10.9076800339979,70,101.152344227878,98.7497809258444,2.35813647782834,1.10922709140413e-10,2.8421709430404e-14,4.7919005
v3_0,validation,reference,7.8051799886695,10.9076800339979,80,104.264872329908,101.096766506946,3.02566127727024,3.75704427433578e-10,0,6.3509966
v3_0,validation,reference,7.8051799886695,10.9076800339979,90,88.3588518301982,84.6303397055858,3.6005775665432,1.82139522815513e-10,2.8421709430404e-14,8.0046759
v3_0,validation,reference,7.8051799886695,10.9076800339979,110,82.7413244891277,78.7514585733698,4.78069965806267,5.10701192972869e-10,0,9.6373887
v3_0,validation,reference,7.8051799886695,10.9076800339979,120,74.7728394951597,69.182675438162,5.53902460740223,2.59542916071019e-10,0,11.2375434
v3_0,validation,reference,7.8051799886695,10.9076800339979,130,68.4978414782055,62.7636441868364,5.76698084472704,5.18851468274329e-10,1.4210854715202e-14,12.8101417
v3_0,validation,reference,7.8051799886695,10.9076800339979,140,65.9311015313811,59.5527046171784,6.49599330507677,3.36005328748348e-10,1.4210854715202e-14,14.4347208
v3_1,validation,variable_transverse,7.8051799886695,13.6762135936779,50,133.437906853542,131.416707081614,1.192557015113,2.6337160183169e-10,0,1.5901676
v3_1,validation,variable_transverse,7.8051799886695,13.6762135936779,60,133.106271612341,132.297164644514,1.84659486683595,7.77973716481025e-11,0,3.2146237
v3_1,validation,variable_transverse,7.8051799886695,13.6762135936779,70,101.679326679319,99.4103092995392,2.22534605446447,5.66820576935158e-11,5.6843418860808e-14,4.8143245
v3_1,validation,variable_transverse,7.8051799886695,13.6762135936779,80,104.942695977512,101.941574875618,2.85730811134747,2.40720483855268e-10,1.4210854715202e-14,6.4089112
v3_1,validation,variable_transverse,7.8051799886695,13.6762135936779,90,89.1682316906771,85.6369371604013,3.40290932947096,1.16153577188636e-10,2.8421709430404e-14,8.0097965
v3_1,validation,variable_transverse,7.8051799886695,13.6762135936779,110,83.8246485353637,80.0936027987271,4.52497916125066,4.01667652116417e-10,1.4210854715202e-14,9.6641676
v3_1,validation,variable_transverse,7.8051799886695,13.6762135936779,120,76.0330260115201,70.7354873744789,5.24552189253134,2.08047594044683e-10,0,11.2858536
v3_1,validation,variable_transverse,7.8051799886695,13.6762135936779,130,69.8142234381665,64.3855183077786,5.45980624992756,5.10921146478541e-10,4.2632564145606e-14,12.8295927
v3_1,validation,variable_transverse,7.8051799886695,13.6762135936779,140,67.4169101787545,61.389438710121,6.14608324863753,2.19149062008835e-10,2.8421709430404e-14,14.4450428
v3_1,validation,reference,7.8051799886695,13.6762135936779,50,133.433727212239,131.42165837602,1.18342305007199,1.70666699212633e-10,2.8421709430404e-14,1.5026443
v3_1,validation,reference,7.8051799886695,13.6762135936779,60,133.098878534409,132.305219137584,1.83109158551905,5.96335335540413e-11,2.8421709430404e-14,3.103306
v3_1,validation,reference,7.8051799886695,13.6762135936779,70,101.668876791499,99.4205806894623,2.20457161953486,1.03830219509779e-10,0,4.7044373
v3_1,validation,reference,7.8051799886695,13.6762135936779,80,104.927550401953,101.955711362436,2.82806039987421,2.73173411819909e-10,1.4210854715202e-14,6.276177
v3_1,validation,reference,7.8051799886695,13.6762135936779,90,89.1473154683308,85.6545510702505,3.36437811247694,2.00367173033203e-10,4.2632564145606e-14,7.8787888
v3_1,validation,reference,7.8051799886695,13.6762135936779,110,83.7875365529267,80.1199876990058,4.46149698719979,4.93437320725182e-10,5.6843418860808e-14,9.4304217
v3_1,validation,reference,7.8051799886695,13.6762135936779,120,75.9844396120135,70.7679176342324,5.16451343718181,1.4622057707535e-10,2.8421709430404e-14,11.0776322
v3_1,validation,reference,7.8051799886695,13.6762135936779,130,69.7583820102737,64.4202099156831,5.36933069206514,5.76458526151402e-10,2.8421709430404e-14,12.5877612
v3_1,validation,reference,7.8051799886695,13.6762135936779,140,67.349816357993,61.4301473897157,6.03815618172761,9.08894206925752e-11,5.6843418860808e-14,14.1234111
v3_2,validation,variable_transverse,7.8051799886695,17.147442689639,50,133.697284267006,131.770106596116,1.09921922163672,1.59202317093288e-10,5.6843418860808e-14,1.4986679
v3_2,validation,variable_transverse,7.8051799886695,17.147442689639,60,133.50792215173,132.84398277293,1.70228793893141,8.07328868560215e-11,0,3.025349
v3_2,validation,variable_transverse,7.8051799886695,17.147442689639,70,102.163245422388,100.069736887538,2.05050150750735,1.09764421969885e-10,4.2632564145606e-14,4.5332971
v3_2,validation,variable_transverse,7.8051799886695,17.147442689639,80,105.563977831064,102.786597817397,2.63232261895807,3.33455932257141e-10,4.2632564145606e-14,6.0597492
v3_2,validation,variable_transverse,7.8051799886695,17.147442689639,90,89.9079844579005,86.6455353300478,3.13364291913455,9.04605251993877e-11,0,7.5894172
v3_2,validation,variable_transverse,7.8051799886695,17.147442689639,110,84.8075809018396,81.4436504275234,4.16074981040433,3.32921687904747e-10,1.4210854715202e-14,9.0693724
v3_2,validation,variable_transverse,7.8051799886695,17.147442689639,120,77.1719165820256,72.30042820079,4.81864800798528,1.41714489458976e-10,1.4210854715202e-14,10.6235545
v3_2,validation,variable_transverse,7.8051799886695,17.147442689639,130,70.9986904413366,66.0207323211271,5.00752473914016,4.82331759937896e-10,4.2632564145606e-14,12.1177835
v3_2,validation,variable_transverse,7.8051799886695,17.147442689639,140,68.7492098376519,63.240563940474,5.62809276201284,1.86220236831546e-10,2.8421709430404e-14,13.6675967
v3_2,validation,reference,7.8051799886695,17.147442689639,50,133.69092220284,131.773844932689,1.08911268071726,2.6915214933124e-10,0,1.4963498
v3_2,validation,reference,7.8051799886695,17.147442689639,60,133.496870862239,132.849612449013,1.68553387989103,1.04725712283331e-10,2.8421709430404e-14,3.1116547
v3_2,validation,reference,7.8051799886695,17.147442689639,70,102.147974896076,100.076141271716,2.02875416812654,1.25778560110842e-10,0,4.6787532
v3_2,validation,reference,7.8051799886695,17.147442689639,80,105.542110250144,102.794831572807,2.6022657758442,3.20729506673701e-10,2.8421709430404e-14,6.1685617
v3_2,validation,reference,7.8051799886695,17.147442689639,90,89.8783557819599,86.6542666990612,3.09528171960797,1.0350897150697e-10,1.4210854715202e-14,7.6886457
v3_2,validation,reference,7.8051799886695,17.147442689639,110,84.7565093312342,81.4523835464092,4.10095402739966,6.68076374986627e-10,2.8421709430404e-14,9.1736333
v3_2,validation,reference,7.8051799886695,17.147442689639,120,77.1056997441262,72.3089475514572,4.74392471445082,1.26130419824336e-10,1.4210854715202e-14,10.7317288
v3_2,validation,reference,7.8051799886695,17.147442689639,130,70.9234002252371,66.0268808729004,4.92616418862567,6.52917937424719e-10,4.2632564145606e-14,12.2648019
v3_2,validation,reference,7.8051799886695,17.147442689639,140,68.6589912840963,63.246574516717,5.53169332454509,1.19382862568834e-10,0,13.81801
v3_3,validation,variable_transverse,7.8051799886695,21.4997220378584,50,133.934612974489,132.10885139176,0.998428670713815,3.65735264852344e-10,5.6843418860808e-14,1.5023972
v3_3,validation,variable_transverse,7.8051799886695,21.4997220378584,60,133.875497871217,133.368045355639,1.54657711927622,2.40996383231439e-10,5.6843418860808e-14,3.0119084
v3_3,validation,variable_transverse,7.8051799886695,21.4997220378584,70,102.605930262905,100.70124373425,1.86228147670113,1.6557977392945e-10,1.4210854715202e-14,4.5347106
v3_3,validation,variable_transverse,7.8051799886695,21.4997220378584,80,106.132244664133,103.595553880121,2.39050019207093,5.14442721652138e-10,0,6.01567
v3_3,validation,variable_transverse,7.8051799886695,21.4997220378584,90,90.5843759467341,87.6102084655309,2.84497474722302,2.71933382110846e-10,2.8421709430404e-14,7.540113
v3_3,validation,variable_transverse,7.8051799886695,21.4997220378584,110,85.7051355099708,82.7314981538257,3.77309149137671,6.99190814239593e-10,5.6843418860808e-14,9.0382132
v3_3,validation,variable_transverse,7.8051799886695,21.4997220378584,120,78.2109881150924,73.7909927470252,4.36639041009404,3.20171514146142e-10,0,10.5572504
v3_3,validation,variable_transverse,7.8051799886695,21.4997220378584,130,72.0777314762822,67.574692325956,4.53119703117486,8.99588546517142e-10,1.4210854715202e-14,12.0705088
v3_3,validation,variable_transverse,7.8051799886695,21.4997220378584,140,69.9611123460886,64.9957808824467,5.08551236803126,5.45358883832691e-10,1.4210854715202e-14,13.6499646
v3_3,validation,reference,7.8051799886695,21.4997220378584,50,133.925888306808,132.110838959554,0.987706255554724,2.29117168686271e-10,5.6843418860808e-14,1.5133338
v3_3,validation,reference,7.8051799886695,21.4997220378584,60,133.860567222734,133.370481438007,1.52912293153962,1.47426167617169e-10,5.6843418860808e-14,3.0463994
v3_3,validation,reference,7.8051799886695,21.4997220378584,70,102.585689343478,100.703010670664,1.84018361629701,1.69233994409141e-10,2.8421709430404e-14,4.5624586
v3_3,validation,reference,7.8051799886695,21.4997220378584,80,106.103561447025,103.597001930269,2.36042148773284,4.45408687000026e-10,1.4210854715202e-14,6.0725274
v3_3,validation,reference,7.8051799886695,21.4997220378584,90,90.5461683256449,87.6093638376278,2.80761075817963,2.39175526675382e-10,1.4210854715202e-14,7.5789651
v3_3,validation,reference,7.8051799886695,21.4997220378584,110,85.6410318224985,82.7227207489932,3.71776228011591,6.15828761484361e-10,4.2632564145606e-14,9.0922032
v3_3,validation,reference,7.8051799886695,21.4997220378584,120,78.1286528506101,73.7763881154534,4.29867781386068,2.60040026355161e-10,0,10.6339938
v3_3,validation,reference,7.8051799886695,21.4997220378584,130,71.9851197310766,67.5539456267506,4.45942897525976,7.39345184678254e-10,5.6843418860808e-14,12.1380024
v3_3,validation,reference,7.8051799886695,21.4997220378584,140,69.8504443015551,64.9693006943102,5.00111170750117,4.96173137493961e-10,2.8421709430404e-14,13.6653993
