state,L_mm,rho2,rho1,residual_ohm
inhale,50,9.7412714895272,4.9944222571425,-1.2505552149378e-12
inhale,60,9.7412714895272,5.9478569639518,-1.4210854715202e-14
inhale,70,9.7412714895272,6.839294679541,4.8316906031687e-13
inhale,80,9.7412714895272,6.2629683355564,0
inhale,90,9.7412714895272,6.5695277030423,8.9528384705773e-13
inhale,110,9.7412714895272,6.1551663807967,0
inhale,120,9.7412714895272,6.5224103196948,2.1316282072803e-13
inhale,130,9.7412714895272,6.9365298903443,1.4210854715202e-14
inhale,140,9.7412714895272,5.8295125778409,-7.4606987254811e-13
inhale,50,9.7651594933889,4.9943158607785,-1.2363443602226e-12
inhale,60,9.7651594933889,5.9476486646095,1.4210854715202e-14
inhale,70,9.7651594933889,6.8388942051082,4.8316906031687e-13
inhale,80,9.7651594933889,6.262520237626,2.8421709430404e-14
inhale,90,9.7651594933889,6.5688494438521,8.8107299234252e-13
inhale,110,9.7651594933889,6.1542777337508,1.4210854715202e-14
inhale,120,9.7651594933889,6.521144324372,2.1316282072803e-13
inhale,130,9.7651594933889,6.934945537532,7.105427357601e-15
inhale,140,9.7651594933889,5.8280492546326,-7.176481631177e-13
inhale,50,9.7890474972507,4.9942098253585,-1.2505552149378e-12
inhale,60,9.7890474972507,5.9474410511987,2.8421709430404e-14
inhale,70,9.7890474972507,6.8384950304784,4.8316906031687e-13
inhale,80,9.7890474972507,6.2620736436444,1.4210854715202e-14
inhale,90,9.7890474972507,6.5681734951409,8.9528384705773e-13
inhale,110,9.7890474972507,6.1533922804183,1.4210854715202e-14
inhale,120,9.7890474972507,6.5198830080553,2.2026824808563e-13
inhale,130,9.7890474972507,6.933367140551,2.1316282072803e-14
inhale,140,9.7890474972507,5.8265917890646,-7.034373084025e-13
inhale,50,9.8129355011125,4.9941041489272,-1.2363443602226e-12
inhale,60,9.8129355011125,5.9472341201059,2.8421709430404e-14
inhale,70,9.8129355011125,6.8380971489201,4.5474735088646e-13
inhale,80,9.8129355011125,6.2616285455904,2.8421709430404e-14
inhale,90,9.8129355011125,6.567499844472,9.2370555648813e-13
inhale,110,9.8129355011125,6.1525100028011,0
inhale,120,9.8129355011125,6.5186263438258,2.2026824808563e-13
inhale,130,9.8129355011125,6.9317946647145,2.1316282072803e-14
inhale,140,9.8129355011125,5.8251401448917,-7.105427357601e-13
inhale,50,9.8368235049742,4.9939988295443,-1.2789769243682e-12
inhale,60,9.8368235049742,5.9470278677447,2.8421709430404e-14
inhale,70,9.8368235049742,6.8377005537515,4.6895820560167e-13
inhale,80,9.8368235049742,6.2611849355036,2.8421709430404e-14
inhale,90,9.8368235049742,6.5668284795029,9.2370555648813e-13
inhale,110,9.8368235049742,6.1516308830425,0
inhale,120,9.8368235049742,6.5173743049785,2.0605739337043e-13
inhale,130,9.8368235049742,6.930228075614,4.9737991503207e-14
inhale,140,9.8368235049742,5.8236942861763,-6.892264536873e-13
inhale,50,9.860711508836,4.9938938652845,-1.2363443602226e-12
inhale,60,9.860711508836,5.9468222905555,-2.8421709430404e-14
inhale,70,9.860711508836,6.8373052383396,4.9737991503207e-13
inhale,80,9.860711508836,6.2607428054836,-1.4210854715202e-14
inhale,90,9.860711508836,6.5661593879844,9.5212726591853e-13
inhale,110,9.860711508836,6.1507549034259,1.4210854715202e-14
inhale,120,9.860711508836,6.516126865021,2.3447910280083e-13
inhale,130,9.860711508836,6.9286673391161,2.1316282072803e-14
inhale,140,9.860711508836,5.8222541772848,-6.6080474425689e-13
inhale,50,9.8845995126977,4.9937892542372,-1.2505552149378e-12
inhale,60,9.8845995126977,5.9466173850054,-4.2632564145606e-14
inhale,70,9.8845995126977,6.8369111961005,5.1159076974727e-13
inhale,80,9.8845995126977,6.2603021476894,0
inhale,90,9.8845995126977,6.5654925577599,9.3791641120333e-13
inhale,110,9.8845995126977,6.1498820463736,-1.4210854715202e-14
inhale,120,9.8845995126977,6.5148839976706,2.4158453015843e-13
inhale,130,9.8845995126977,6.9271124213602,0
inhale,140,9.8845995126977,5.8208197828843,-6.3238303482649e-13
inhale,50,9.9084875165595,4.9936849945064,-1.2505552149378e-12
inhale,60,9.9084875165595,5.9464131475879,1.4210854715202e-14
inhale,70,9.9084875165595,6.8365184204983,4.9737991503207e-13
inhale,80,9.9084875165595,6.2598629543387,-1.4210854715202e-14
inhale,90,9.9084875165595,6.5648279767643,9.3791641120333e-13
inhale,110,9.9084875165595,6.1490122944447,0
inhale,120,9.9084875165595,6.5136456768526,2.3447910280083e-13
inhale,130,9.9084875165595,6.925563288755,1.4210854715202e-14
inhale,140,9.9084875165595,5.8193910679395,-6.3948846218409e-13
inhale,50,9.9323755204213,4.9935810842105,-1.2789769243682e-12
inhale,60,9.9323755204213,5.9462095748227,0
inhale,70,9.9323755204213,6.8361269050451,4.9737991503207e-13
inhale,80,9.9323755204213,6.2594252177077,-4.2632564145606e-14
inhale,90,9.9323755204213,6.564165633023,9.0949470177293e-13
inhale,110,9.9323755204213,6.1481456303345,-4.2632564145606e-14
inhale,120,9.9323755204213,6.512411876698,2.0605739337043e-13
inhale,130,9.9323755204213,6.9240199079766,1.4210854715202e-14
inhale,140,9.9323755204213,5.8179679977095,-6.1817218011129e-13
inhale,50,9.956263524283,4.9934775214824,-1.264766069653e-12
inhale,60,9.956263524283,5.9460066632552,-1.4210854715202e-14
inhale,70,9.956263524283,6.8357366433001,4.5474735088646e-13
inhale,80,9.956263524283,6.2589889301303,-1.4210854715202e-14
inhale,90,9.956263524283,6.5635055146516,9.0949470177293e-13
inhale,110,9.956263524283,6.1472820368727,2.8421709430404e-14
inhale,120,9.956263524283,6.5111825715413,2.4868995751604e-13
inhale,130,9.956263524283,6.9224822459652,3.5527136788005e-14
inhale,140,9.956263524283,5.8165505377447,-5.8264504332328e-13
inhale,50,9.9801515281448,4.9933743044692,-1.264766069653e-12
inhale,60,9.9801515281448,5.9458044094565,-1.4210854715202e-14
inhale,70,9.9801515281448,6.8353476288695,5.1159076974727e-13
inhale,80,9.9801515281448,6.2585540839974,1.4210854715202e-14
inhale,90,9.9801515281448,6.5628476098542,9.5212726591853e-13
inhale,110,9.9801515281448,6.1464214970222,0
inhale,120,9.9801515281448,6.5099577359191,2.4158453015843e-13
inhale,130,9.9801515281448,6.9209502699227,2.1316282072803e-14
inhale,140,9.9801515281448,5.8151386538836,-5.8264504332328e-13
inhale,50,10.004039532007,4.9932714313319,-1.2789769243682e-12
inhale,60,10.004039532007,5.9456028100231,1.4210854715202e-14
inhale,70,10.004039532007,6.834959855406,5.1159076974727e-13
inhale,80,10.004039532007,6.2581206717567,0
inhale,90,10.004039532007,6.5621919069232,9.2370555648813e-13
inhale,110,10.004039532007,6.1455639938777,-1.4210854715202e-14
inhale,120,10.004039532007,6.508737344567,2.4158453015843e-13
inhale,130,10.004039532007,6.91942394731,1.4210854715202e-14
inhale,140,10.004039532007,5.8137323122499,-5.6132876125048e-13
inhale,50,10.027927535868,4.9931689002454,-1.264766069653e-12
inhale,60,10.027927535868,5.9454018615765,2.8421709430404e-14
inhale,70,10.027927535868,6.8345733166082,4.6895820560167e-13
inhale,80,10.027927535868,6.2576886859116,4.2632564145606e-14
inhale,90,10.027927535868,6.561538394238,9.3791641120333e-13
inhale,110,10.027927535868,6.1447095106646,-2.8421709430404e-14
inhale,120,10.027927535868,6.5075213724189,2.4158453015843e-13
inhale,130,10.027927535868,6.9179032458443,7.105427357601e-15
inhale,140,10.027927535868,5.8123314792492,-5.4001247917768e-13
inhale,50,10.05181553973,4.9930667093985,-1.2363443602226e-12
inhale,60,10.05181553973,5.9452015607633,-1.4210854715202e-14
inhale,70,10.05181553973,6.8341880062203,4.9737991503207e-13
inhale,80,10.05181553973,6.2572581190215,2.8421709430404e-14
inhale,90,10.05181553973,6.5608870602647,9.5212726591853e-13
inhale,110,10.05181553973,6.1438580307372,0
inhale,120,10.05181553973,6.5063097946037,2.3447910280083e-13
inhale,130,10.05181553973,6.9163881334968,2.8421709430404e-14
inhale,140,10.05181553973,5.8109361215666,-5.4001247917768e-13
inhale,50,10.075703543592,4.9929648569936,-1.3073986337986e-12
inhale,60,10.075703543592,5.9450019042544,0
inhale,70,10.075703543592,6.8338039180315,4.9737991503207e-13
inhale,80,10.075703543592,6.2568289637005,4.2632564145606e-14
inhale,90,10.075703543592,6.5602378935546,9.5212726591853e-13
inhale,110,10.075703543592,6.1430095375782,-1.4210854715202e-14
inhale,120,10.075703543592,6.5051025864445,2.4158453015843e-13
inhale,130,10.075703543592,6.9148785784899,-7.105427357601e-15
inhale,140,10.075703543592,5.8095462061629,-5.3290705182008e-13
inhale,50,10.099591547454,4.9928633412466,-1.264766069653e-12
inhale,60,10.099591547454,5.9448028887455,1.4210854715202e-14
inhale,70,10.099591547454,6.8334210458759,4.8316906031687e-13
inhale,80,10.099591547454,6.2564012126171,0
inhale,90,10.099591547454,6.5595908827438,9.5212726591853e-13
inhale,110,10.099591547454,6.1421640147966,1.4210854715202e-14
inhale,120,10.099591547454,6.5038997234558,2.6290081223124e-13
inhale,130,10.099591547454,6.9133745492947,1.4210854715202e-14
inhale,140,10.099591547454,5.8081617002725,-5.0448534238967e-13
inhale,50,10.123479551315,4.9927621603867,-1.2505552149378e-12
inhale,60,10.123479551315,5.9446045109562,1.4210854715202e-14
inhale,70,10.123479551315,6.8330393836318,4.8316906031687e-13
inhale,80,10.123479551315,6.2559748584938,-4.2632564145606e-14
inhale,90,10.123479551315,6.5589460165526,9.8054897534894e-13
inhale,110,10.123479551315,6.1413214461272,1.4210854715202e-14
inhale,120,10.123479551315,6.5027011813423,2.5579538487364e-13
inhale,130,10.123479551315,6.911876014629,2.1316282072803e-14
inhale,140,10.123479551315,5.8067825714001,-4.8316906031687e-13
inhale,50,10.147367555177,4.9926613126565,-1.264766069653e-12
inhale,60,10.147367555177,5.9444067676302,1.4210854715202e-14
inhale,70,10.147367555177,6.8326589252214,5.1159076974727e-13
inhale,80,10.147367555177,6.2555498941067,-2.8421709430404e-14
inhale,90,10.147367555177,6.5583032837839,9.5212726591853e-13
inhale,110,10.147367555177,6.1404818154287,-1.4210854715202e-14
inhale,120,10.147367555177,6.5015069359964,2.4868995751604e-13
inhale,130,10.147367555177,6.9103829434539,0
inhale,140,10.147367555177,5.805408787318,-4.6185277824407e-13
inhale,50,10.171255559039,4.9925607963115,-1.264766069653e-12
inhale,60,10.171255559039,5.9442096555347,-1.4210854715202e-14
inhale,70,10.171255559039,6.8322796646104,4.5474735088646e-13
inhale,80,10.171255559039,6.2551263122845,0
inhale,90,10.171255559039,6.5576626733232,9.8054897534894e-13
inhale,110,10.171255559039,6.139645106683,-1.4210854715202e-14
inhale,120,10.171255559039,6.5003169634969,2.4868995751604e-13
inhale,130,10.171255559039,6.9088953049725,2.8421709430404e-14
inhale,140,10.171255559039,5.8040403160633,-4.2632564145606e-13
inhale,50,10.195143562901,4.9924606096203,-1.264766069653e-12
inhale,60,10.195143562901,5.9440131714606,1.4210854715202e-14
inhale,70,10.195143562901,6.8319015958074,5.2580162446247e-13
inhale,80,10.195143562901,6.2547041059085,0
inhale,90,10.195143562901,6.5570241741377,9.9475983006414e-13
inhale,110,10.195143562901,6.1388113039937,-1.4210854715202e-14
inhale,120,10.195143562901,6.4991312401065,2.4158453015843e-13
inhale,130,10.195143562901,6.9074130686266,0
inhale,140,10.195143562901,5.8026771259351,-4.1922021409846e-13
inhale,50,10.219031566762,4.9923607508645,-1.2931877790834e-12
inhale,60,10.219031566762,5.943817312222,-2.8421709430404e-14
inhale,70,10.219031566762,6.8315247128638,5.2580162446247e-13
inhale,80,10.219031566762,6.2542832679118,-2.8421709430404e-14
inhale,90,10.219031566762,6.556387775275,9.6633812063374e-13
inhale,110,10.219031566762,6.1379803915851,1.4210854715202e-14
inhale,120,10.219031566762,6.4979497422709,2.4868995751604e-13
inhale,130,10.219031566762,6.9059362040949,2.1316282072803e-14
inhale,140,10.219031566762,5.8013191854918,-4.1211478674086e-13
inhale,50,10.242919570624,4.9922612183381,-1.2931877790834e-12
inhale,60,10.242919570624,5.943622074656,1.4210854715202e-14
inhale,70,10.242919570624,6.8311490098732,4.5474735088646e-13
inhale,80,10.242919570624,6.2538637912791,-2.8421709430404e-14
inhale,90,10.242919570624,6.5557534658629,9.8054897534894e-13
inhale,110,10.242919570624,6.1371523538009,2.8421709430404e-14
inhale,120,10.242919570624,6.4967724466161,2.4868995751604e-13
inhale,130,10.242919570624,6.9044646812902,1.4210854715202e-14
inhale,140,10.242919570624,5.7999664635484,-3.9079850466806e-13
inhale,50,10.266807574486,4.9921620103481,-1.2505552149378e-12
inhale,60,10.266807574486,5.9434274556227,-1.4210854715202e-14
inhale,70,10.266807574486,6.8307744809712,5.1159076974727e-13
inhale,80,10.266807574486,6.2534456690458,-2.8421709430404e-14
inhale,90,10.266807574486,6.5551212351083,9.6633812063374e-13
inhale,110,10.266807574486,6.1363271751029,1.4210854715202e-14
inhale,120,10.266807574486,6.4955993299471,2.3447910280083e-13
inhale,130,10.266807574486,6.9029984703579,1.4210854715202e-14
inhale,140,10.266807574486,5.798618929174,-3.6237679523765e-13
inhale,50,10.290695578348,4.9920631252136,-1.2363443602226e-12
inhale,60,10.290695578348,5.9432334520045,-1.4210854715202e-14
inhale,70,10.290695578348,6.8304011203347,5.2580162446247e-13
inhale,80,10.290695578348,6.2530288942978,0
inhale,90,10.290695578348,6.5544910722969,9.5212726591853e-13
inhale,110,10.290695578348,6.1355048400703,0
inhale,120,10.290695578348,6.4944303692463,2.4868995751604e-13
inhale,130,10.290695578348,6.9015375416725,3.5527136788005e-14
inhale,140,10.290695578348,5.7972765516887,-3.4106051316485e-13
inhale,50,10.314583582209,4.9919645612664,-1.2789769243682e-12
inhale,60,10.314583582209,5.9430400607064,2.8421709430404e-14
inhale,70,10.314583582209,6.8300289221818,4.9737991503207e-13
inhale,80,10.314583582209,6.2526134601712,2.8421709430404e-14
inhale,90,10.314583582209,6.5538629667917,9.8054897534894e-13
inhale,110,10.314583582209,6.1346853333982,-1.4210854715202e-14
inhale,120,10.314583582209,6.4932655416712,2.9132252166164e-13
inhale,130,10.314583582209,6.9000818658367,2.1316282072803e-14
inhale,140,10.314583582209,5.7959393006619,-3.2684965844965e-13
inhale,50,10.338471586071,4.9918663168503,-1.264766069653e-12
inhale,60,10.338471586071,5.9428472786557,0
inhale,70,10.338471586071,6.8296578807713,5.4001247917768e-13
inhale,80,10.338471586071,6.2521993598512,2.8421709430404e-14
inhale,90,10.338471586071,6.5532369080331,9.9475983006414e-13
inhale,110,10.338471586071,6.1338686398964,1.4210854715202e-14
inhale,120,10.338471586071,6.4921048245534,2.6290081223124e-13
inhale,130,10.338471586071,6.8986314136782,2.8421709430404e-14
inhale,140,10.338471586071,5.7946071459086,-3.1974423109205e-13
inhale,50,10.362359589933,4.9917683903215,-1.2505552149378e-12
inhale,60,10.362359589933,5.9426551028014,0
inhale,70,10.362359589933,6.8292879904025,5.2580162446247e-13
inhale,80,10.362359589933,6.2517865865725,0
inhale,90,10.362359589933,6.5526128855376,1.0089706847793e-12
inhale,110,10.362359589933,6.1330547444886,-1.4210854715202e-14
inhale,120,10.362359589933,6.4909481953963,2.6290081223124e-13
inhale,130,10.362359589933,6.8971861562477,0
inhale,140,10.362359589933,5.7932800574878,-3.0553337637684e-13
inhale,50,10.386247593795,4.991670780048,-1.2505552149378e-12
inhale,60,10.386247593795,5.9424635301146,-4.2632564145606e-14
inhale,70,10.386247593795,6.8289192454143,5.1159076974727e-13
inhale,80,10.386247593795,6.251375133618,0
inhale,90,10.386247593795,6.5519908888974,9.8054897534894e-13
inhale,110,10.386247593795,6.1322436322112,-2.8421709430404e-14
inhale,120,10.386247593795,6.4897956318737,2.7000623958884e-13
inhale,130,10.386247593795,6.8957460648171,7.105427357601e-15
inhale,140,10.386247593795,5.7919580056997,-2.9132252166164e-13
inhale,50,10.410135597657,4.9915734844097,-1.2505552149378e-12
inhale,60,10.410135597657,5.9422725575876,0
inhale,70,10.410135597657,6.8285516401857,5.1159076974727e-13
inhale,80,10.410135597657,6.2509649943189,0
inhale,90,10.410135597657,6.5513709077794,1.0089706847793e-12
inhale,110,10.410135597657,6.1314352882122,1.4210854715202e-14
inhale,120,10.410135597657,6.4886471118283,2.5579538487364e-13
inhale,130,10.410135597657,6.8943111108771,2.1316282072803e-14
inhale,140,10.410135597657,5.790640961083,-2.7000623958884e-13
inhale,50,10.434023601518,4.9914765017984,-1.2221335055074e-12
inhale,60,10.434023601518,5.9420821822344,-1.4210854715202e-14
inhale,70,10.434023601518,6.8281851691346,5.2580162446247e-13
inhale,80,10.434023601518,6.2505561620541,0
inhale,90,10.434023601518,6.550752931925,1.0089706847793e-12
inhale,110,10.434023601518,6.1306296977499,-1.4210854715202e-14
inhale,120,10.434023601518,6.4875026132698,2.6290081223124e-13
inhale,130,10.434023601518,6.8928812661349,1.4210854715202e-14
inhale,140,10.434023601518,5.7893288944128,-2.8421709430404e-13
inhale,50,10.45791160538,4.9913798306176,-1.3216094885138e-12
inhale,60,10.45791160538,5.9418924010901,-1.4210854715202e-14
inhale,70,10.45791160538,6.827819826718,4.8316906031687e-13
inhale,80,10.45791160538,6.2501486302498,1.4210854715202e-14
inhale,90,10.45791160538,6.5501369511488,9.8054897534894e-13
inhale,110,10.45791160538,6.1298268461923,-1.4210854715202e-14
inhale,120,10.45791160538,6.4863621143734,2.7000623958884e-13
inhale,130,10.45791160538,6.8914565025126,1.4210854715202e-14
inhale,140,10.45791160538,5.7880217766981,-2.3447910280083e-13
inhale,50,10.481799609242,4.9912834692823,-1.264766069653e-12
inhale,60,10.481799609242,5.9417032112106,-1.4210854715202e-14
inhale,70,10.481799609242,6.8274556074312,5.4001247917768e-13
inhale,80,10.481799609242,6.2497423923788,0
inhale,90,10.481799609242,6.5495229553383,1.0231815394945e-12
inhale,110,10.481799609242,6.1290267190157,0
inhale,120,10.481799609242,6.4852255934782,2.5579538487364e-13
inhale,130,10.481799609242,6.8900367921445,3.5527136788005e-14
inhale,140,10.481799609242,5.7867195791794,-2.0605739337043e-13
inhale,50,10.505687613104,4.991187416219,-1.2789769243682e-12
inhale,60,10.505687613104,5.9415146096729,0
inhale,70,10.505687613104,6.8270925058081,5.2580162446247e-13
inhale,80,10.505687613104,6.2493374419604,-2.8421709430404e-14
inhale,90,10.505687613104,6.5489109344534,1.0089706847793e-12
inhale,110,10.505687613104,6.1282293018038,1.4210854715202e-14
inhale,120,10.505687613104,6.4840930290857,2.8421709430404e-13
inhale,130,10.505687613104,6.8886221073755,2.1316282072803e-14
inhale,140,10.505687613104,5.7854222733262,-1.8474111129763e-13
inhale,50,10.529575616965,4.9910916698655,-1.2789769243682e-12
inhale,60,10.529575616965,5.9413265935742,-2.8421709430404e-14
inhale,70,10.529575616965,6.82673051642,5.5422333389288e-13
inhale,80,10.529575616965,6.2489337725599,0
inhale,90,10.529575616965,6.548300878525,1.0089706847793e-12
inhale,110,10.529575616965,6.1274345802467,0
inhale,120,10.529575616965,6.4829643998581,2.7711166694644e-13
inhale,130,10.529575616965,6.8872124207591,0
inhale,140,10.529575616965,5.784129830835,-1.5631940186722e-13
inhale,50,10.553463620827,4.9909962286708,-1.2931877790834e-12
inhale,60,10.553463620827,5.9411391600326,0
inhale,70,10.553463620827,6.826369633876,5.6843418860808e-13
inhale,80,10.553463620827,6.2485313777879,-1.4210854715202e-14
inhale,90,10.553463620827,6.5476927776552,1.0089706847793e-12
inhale,110,10.553463620827,6.1266425401399,1.4210854715202e-14
inhale,120,10.553463620827,6.481839684617,2.7000623958884e-13
inhale,130,10.553463620827,6.8858077050552,0
inhale,140,10.553463620827,5.7828422236268,-1.5631940186722e-13
inhale,50,10.577351624689,4.9909010910952,-1.2931877790834e-12
inhale,60,10.577351624689,5.9409523061859,0
inhale,70,10.577351624689,6.8260098528222,5.2580162446247e-13
inhale,80,10.577351624689,6.2481302513004,-1.4210854715202e-14
inhale,90,10.577351624689,6.5470866220161,1.0089706847793e-12
inhale,110,10.577351624689,6.1258531673831,-1.4210854715202e-14
inhale,120,10.577351624689,6.4807188623416,2.9842794901924e-13
inhale,130,10.577351624689,6.884407933228,1.4210854715202e-14
inhale,140,10.577351624689,5.7815594238449,-1.5631940186722e-13
inhale,50,10.601239628551,4.9908062556099,-1.2931877790834e-12
inhale,60,10.601239628551,5.9407660291922,4.2632564145606e-14
inhale,70,10.601239628551,6.8256511679418,5.4001247917768e-13
inhale,80,10.601239628551,6.2477303867979,-1.4210854715202e-14
inhale,90,10.601239628551,6.5464824018495,1.0516032489249e-12
inhale,110,10.601239628551,6.1250664479795,1.4210854715202e-14
inhale,120,10.601239628551,6.4796019121673,2.9842794901924e-13
inhale,130,10.601239628551,6.8830130784445,2.8421709430404e-14
inhale,140,10.601239628551,5.7802814038526,-1.2789769243682e-13
inhale,50,10.625127632412,4.9907117206972,-1.2931877790834e-12
inhale,60,10.625127632412,5.9405803262296,2.8421709430404e-14
inhale,70,10.625127632412,6.8252935739543,5.5422333389288e-13
inhale,80,10.625127632412,6.2473317780252,-1.4210854715202e-14
inhale,90,10.625127632412,6.5458801074659,1.0516032489249e-12
inhale,110,10.625127632412,6.1242823680347,0
inhale,120,10.625127632412,6.4784888133845,2.9842794901924e-13
inhale,130,10.625127632412,6.8816231140721,1.4210854715202e-14
inhale,140,10.625127632412,5.7790081362312,-9.2370555648813e-14
inhale,50,10.649015636274,4.9906174848499,-1.2789769243682e-12
inhale,60,10.649015636274,5.9403951944956,-2.8421709430404e-14
inhale,70,10.649015636274,6.8249370656153,5.6843418860808e-13
inhale,80,10.649015636274,6.2469344187711,1.4210854715202e-14
inhale,90,10.649015636274,6.5452797292441,1.0658141036402e-12
inhale,110,10.649015636274,6.1235009137557,0
inhale,120,10.649015636274,6.4773795454365,2.9132252166164e-13
inhale,130,10.649015636274,6.8802380136769,7.105427357601e-15
inhale,140,10.649015636274,5.7777395937776,-7.105427357601e-14
inhale,50,10.672903640136,4.990523546572,-1.2931877790834e-12
inhale,60,10.672903640136,5.9402106312073,-5.6843418860808e-14
inhale,70,10.672903640136,6.8245816377165,5.1159076974727e-13
inhale,80,10.672903640136,6.2465383028676,-1.4210854715202e-14
inhale,90,10.672903640136,6.5446812576306,1.0800249583554e-12
inhale,110,10.672903640136,6.12272207145,0
inhale,120,10.672903640136,6.4762740879188,2.8421709430404e-13
inhale,130,10.672903640136,6.8788577510221,7.105427357601e-15
inhale,140,10.672903640136,5.776475749502,-3.5527136788005e-14
inhale,50,10.696791643998,4.9904299043777,-1.2931877790834e-12
inhale,60,10.696791643998,5.9400266336011,-2.8421709430404e-14
inhale,70,10.696791643998,6.8242272850849,5.4001247917768e-13
inhale,80,10.696791643998,6.24614342419,2.8421709430404e-14
inhale,90,10.696791643998,6.5440846831389,1.0516032489249e-12
inhale,110,10.696791643998,6.1219458275246,1.4210854715202e-14
inhale,120,10.696791643998,6.4751724205771,2.8421709430404e-13
inhale,130,10.696791643998,6.8774823000655,2.1316282072803e-14
inhale,140,10.696791643998,5.7752165766264,-2.1316282072803e-14
inhale,50,10.720679647859,4.990336556792,-1.3216094885138e-12
inhale,60,10.720679647859,5.9398431989325,-2.8421709430404e-14
inhale,70,10.720679647859,6.823874002583,5.4001247917768e-13
inhale,80,10.720679647859,6.2457497766563,0
inhale,90,10.720679647859,6.5434899963489,1.0516032489249e-12
inhale,110,10.720679647859,6.1211721684853,0
inhale,120,10.720679647859,6.4740745233061,2.9132252166164e-13
inhale,130,10.720679647859,6.8761116349582,2.1316282072803e-14
inhale,140,10.720679647859,5.7739620485819,-1.4210854715202e-14
inhale,50,10.744567651721,4.9902435023501,-1.3073986337986e-12
inhale,60,10.744567651721,5.9396603244761,1.4210854715202e-14
inhale,70,10.744567651721,6.8235217851079,5.5422333389288e-13
inhale,80,10.744567651721,6.2453573542267,0
inhale,90,10.744567651721,6.5428971879064,1.0658141036402e-12
inhale,110,10.744567651721,6.1204010809353,1.4210854715202e-14
inhale,120,10.744567651721,6.4729803761482,3.0553337637684e-13
inhale,130,10.744567651721,6.8747457300424,1.4210854715202e-14
inhale,140,10.744567651721,5.7727121390067,-7.105427357601e-15
inhale,50,10.768455655583,4.9901507395979,-1.2789769243682e-12
inhale,60,10.768455655583,5.9394780075252,2.8421709430404e-14
inhale,70,10.768455655583,6.8231706275915,5.6843418860808e-13
inhale,80,10.768455655583,6.2449661509035,1.4210854715202e-14
inhale,90,10.768455655583,6.5423062485223,1.0800249583554e-12
inhale,110,10.768455655583,6.1196325515749,1.4210854715202e-14
inhale,120,10.768455655583,6.4718899592919,2.9132252166164e-13
inhale,130,10.768455655583,6.8733845598501,2.8421709430404e-14
inhale,140,10.768455655583,5.7714668217445,-1.4210854715202e-14
inhale,50,10.792343659445,4.9900582670913,-1.2363443602226e-12
inhale,60,10.792343659445,5.9392962453918,-1.4210854715202e-14
inhale,70,10.792343659445,6.8228205249999,5.2580162446247e-13
inhale,80,10.792343659445,6.2445761607302,-2.8421709430404e-14
inhale,90,10.792343659445,6.5417171689722,1.0658141036402e-12
inhale,110,10.792343659445,6.1188665672001,1.4210854715202e-14
inhale,120,10.792343659445,6.4708032530706,3.2684965844965e-13
inhale,130,10.792343659445,6.8720280991006,2.1316282072803e-14
inhale,140,10.792343659445,5.7702260708417,2.1316282072803e-14
inhale,50,10.816231663306,4.9899660833962,-1.2931877790834e-12
inhale,60,10.816231663306,5.9391150354061,2.8421709430404e-14
inhale,70,10.816231663306,6.8224714723334,5.8264504332328e-13
inhale,80,10.816231663306,6.2441873777919,-1.4210854715202e-14
inhale,90,10.816231663306,6.5411299400959,1.0516032489249e-12
inhale,110,10.816231663306,6.118103114702,1.4210854715202e-14
inhale,120,10.816231663306,6.4697202379611,3.1974423109205e-13
inhale,130,10.816231663306,6.8706763226995,1.4210854715202e-14
inhale,140,10.816231663306,5.7689898605463,2.1316282072803e-14
inhale,50,10.840119667168,4.9898741870889,-1.2931877790834e-12
inhale,60,10.840119667168,5.938934374917,-1.4210854715202e-14
inhale,70,10.840119667168,6.8221234646257,5.5422333389288e-13
inhale,80,10.840119667168,6.2437997962142,-2.8421709430404e-14
inhale,90,10.840119667168,6.5405445527963,1.0800249583554e-12
inhale,110,10.840119667168,6.1173421810658,1.4210854715202e-14
inhale,120,10.840119667168,6.4686408945824,3.1974423109205e-13
inhale,130,10.840119667168,6.8693292057364,2.8421709430404e-14
inhale,140,10.840119667168,5.7677581653052,0
inhale,50,10.86400767103,4.9897825767555,-1.2505552149378e-12
inhale,60,10.86400767103,5.9387542612912,0
inhale,70,10.86400767103,6.821776496944,5.4001247917768e-13
inhale,80,10.86400767103,6.2434134101632,-1.4210854715202e-14
inhale,90,10.86400767103,6.5399609980395,1.0942358130706e-12
inhale,110,10.86400767103,6.1165837533699,0
inhale,120,10.86400767103,6.4675652036945,3.1263880373444e-13
inhale,130,10.86400767103,6.8679867234835,3.5527136788005e-14
inhale,140,10.86400767103,5.7665309597625,0
inhale,50,10.887895674892,4.9896912509919,-1.264766069653e-12
inhale,60,10.887895674892,5.9385746919136,0
inhale,70,10.887895674892,6.8214305643888,5.6843418860808e-13
inhale,80,10.887895674892,6.2430282138452,0
inhale,90,10.887895674892,6.5393792668539,1.0800249583554e-12
inhale,110,10.887895674892,6.1158278187851,0
inhale,120,10.887895674892,6.4664931461966,3.2684965844965e-13
inhale,130,10.887895674892,6.8666488513936,7.105427357601e-15
inhale,140,10.887895674892,5.7653082187577,0
inhale,50,10.911783678754,4.9896002084039,-1.3073986337986e-12
inhale,60,10.911783678754,5.9383956641867,-1.4210854715202e-14
inhale,70,10.911783678754,6.8210856620932,5.5422333389288e-13
inhale,80,10.911783678754,6.242644201506,1.4210854715202e-14
inhale,90,10.911783678754,6.5387993503298,1.1084466677858e-12
inhale,110,10.911783678754,6.1150743645739,1.4210854715202e-14
inhale,120,10.911783678754,6.4654247031264,3.0553337637684e-13
inhale,130,10.911783678754,6.8653155650988,1.4210854715202e-14
inhale,140,10.911783678754,5.7640899173238,-7.105427357601e-15
inhale,50,10.935671682615,4.9895094476071,-1.2789769243682e-12
inhale,60,10.935671682615,5.9382171755308,2.8421709430404e-14
inhale,70,10.935671682615,6.8207417852228,5.2580162446247e-13
inhale,80,10.935671682615,6.2422613674309,-1.4210854715202e-14
inhale,90,10.935671682615,6.5382212396184,1.0942358130706e-12
inhale,110,10.935671682615,6.1143233780894,1.4210854715202e-14
inhale,120,10.935671682615,6.4643598556583,3.3395508580725e-13
inhale,130,10.935671682615,6.8639868404085,2.1316282072803e-14
inhale,140,10.935671682615,5.7628760306849,7.105427357601e-15
inhale,50,10.959559686477,4.9894189672264,-1.2789769243682e-12
inhale,60,10.959559686477,5.9380392233836,4.2632564145606e-14
inhale,70,10.959559686477,6.8203989289757,5.4001247917768e-13
inhale,80,10.959559686477,6.2418797059444,-1.4210854715202e-14
inhale,90,10.959559686477,6.537644925932,1.1084466677858e-12
inhale,110,10.959559686477,6.1135748467746,1.4210854715202e-14
inhale,120,10.959559686477,6.4632985851026,3.1263880373444e-13
inhale,130,10.959559686477,6.862662653308,2.1316282072803e-14
inhale,140,10.959559686477,5.761666534255,1.4210854715202e-14
inhale,50,10.983447690339,4.9893287658964,-1.2931877790834e-12
inhale,60,10.983447690339,5.9378618052003,1.4210854715202e-14
inhale,70,10.983447690339,6.8200570885817,5.4001247917768e-13
inhale,80,10.983447690339,6.2414992114092,2.8421709430404e-14
inhale,90,10.983447690339,6.5370704005428,1.0800249583554e-12
inhale,110,10.983447690339,6.1128287581616,0
inhale,120,10.983447690339,6.462240872904,3.1263880373444e-13
inhale,130,10.983447690339,6.8613429799567,2.1316282072803e-14
inhale,140,10.983447690339,5.7604614036359,7.105427357601e-15
inhale,50,11.007335694201,4.9892388422613,-1.2789769243682e-12
inhale,60,11.007335694201,5.9376849184532,0
inhale,70,11.007335694201,6.8197162593024,5.2580162446247e-13
inhale,80,11.007335694201,6.2411198782268,0
inhale,90,11.007335694201,6.5364976547826,1.0942358130706e-12
inhale,110,11.007335694201,6.1120850998706,0
inhale,120,11.007335694201,6.4611867006404,3.2684965844965e-13
inhale,130,11.007335694201,6.8600277966867,1.4210854715202e-14
inhale,140,11.007335694201,5.7592606146153,0
inhale,50,11.031223698062,4.9891491949743,-1.2931877790834e-12
inhale,60,11.031223698062,5.9375085606314,-5.6843418860808e-14
inhale,70,11.031223698062,6.8193764364308,5.1159076974727e-13
inhale,80,11.031223698062,6.2407417008363,-1.4210854715202e-14
inhale,90,11.031223698062,6.5359266800425,1.122657522501e-12
inhale,110,11.031223698062,6.1113438596095,-1.4210854715202e-14
inhale,120,11.031223698062,6.4601360500216,3.1263880373444e-13
inhale,130,11.031223698062,6.8587170800007,7.105427357601e-15
inhale,140,11.031223698062,5.758064143165,7.105427357601e-15
inhale,50,11.055111701924,4.9890598226982,-1.3216094885138e-12
inhale,60,11.055111701924,5.9373327292414,-4.2632564145606e-14
inhale,70,11.055111701924,6.8190376152911,5.6843418860808e-13
inhale,80,11.055111701924,6.2403646737149,1.4210854715202e-14
inhale,90,11.055111701924,6.5353574677721,1.0942358130706e-12
inhale,110,11.055111701924,6.1106050251726,1.4210854715202e-14
inhale,120,11.055111701924,6.4590889028882,3.3395508580725e-13
inhale,130,11.055111701924,6.8574108065712,2.1316282072803e-14
inhale,140,11.055111701924,5.7568719654393,2.1316282072803e-14
inhale,50,11.078999705786,4.9889707241047,-1.2789769243682e-12
inhale,60,11.078999705786,5.9371574218059,1.4210854715202e-14
inhale,70,11.078999705786,6.8186997912384,5.6843418860808e-13
inhale,80,11.078999705786,6.2399887913766,-2.8421709430404e-14
inhale,90,11.078999705786,6.534790009479,1.1368683772162e-12
inhale,110,11.078999705786,6.1098685844403,0
inhale,120,11.078999705786,6.4580452412105,3.2684965844965e-13
inhale,130,11.078999705786,6.8561089532385,4.2632564145606e-14
inhale,140,11.078999705786,5.7556840577732,2.8421709430404e-14
inhale,50,11.102887709648,4.9888818978749,-1.2789769243682e-12
inhale,60,11.102887709648,5.9369826358645,-2.8421709430404e-14
inhale,70,11.102887709648,6.8183629596583,5.4001247917768e-13
inhale,80,11.102887709648,6.2396140483729,-2.8421709430404e-14
inhale,90,11.102887709648,6.5342242967283,1.0942358130706e-12
inhale,110,11.102887709648,6.109134525378,-1.4210854715202e-14
inhale,120,11.102887709648,6.457005047087,3.4106051316485e-13
inhale,130,11.102887709648,6.8548114970089,2.1316282072803e-14
inhale,140,11.102887709648,5.7545003966802,-7.105427357601e-15
inhale,50,11.126775713509,4.9887933426986,-1.2931877790834e-12
inhale,60,11.126775713509,5.9368083689733,4.2632564145606e-14
inhale,70,11.126775713509,6.8180271159668,5.4001247917768e-13
inhale,80,11.126775713509,6.2392404392916,2.8421709430404e-14
inhale,90,11.126775713509,6.5336603211424,1.1084466677858e-12
inhale,110,11.126775713509,6.1084028360353,-2.8421709430404e-14
inhale,120,11.126775713509,6.4559683027436,3.2684965844965e-13
inhale,130,11.126775713509,6.8535184150539,3.5527136788005e-14
inhale,140,11.126775713509,5.7533209588516,2.8421709430404e-14
inhale,50,11.150663717371,4.9887050572749,-1.2789769243682e-12
inhale,60,11.150663717371,5.9366346187044,0
inhale,70,11.150663717371,6.8176922556099,5.5422333389288e-13
inhale,80,11.150663717371,6.238867958757,-4.2632564145606e-14
inhale,90,11.150663717371,6.5330980744,1.1368683772162e-12
inhale,110,11.150663717371,6.1076735045456,-1.4210854715202e-14
inhale,120,11.150663717371,6.4549349905323,3.1974423109205e-13
inhale,130,11.150663717371,6.8522296847079,2.1316282072803e-14
inhale,140,11.150663717371,5.7521457211536,7.105427357601e-15
inhale,50,11.174551721233,4.9886170403114,-1.2931877790834e-12
inhale,60,11.174551721233,5.9364613826464,1.4210854715202e-14
inhale,70,11.174551721233,6.8173583740637,5.6843418860808e-13
inhale,80,11.174551721233,6.2384966014294,0
inhale,90,11.174551721233,6.5325375482359,1.122657522501e-12
inhale,110,11.174551721233,6.106946519125,-1.4210854715202e-14
inhale,120,11.174551721233,6.4539050929299,3.5527136788005e-13
inhale,130,11.174551721233,6.8509452834674,2.1316282072803e-14
inhale,140,11.174551721233,5.7509746606265,0
inhale,50,11.198439725095,4.9885292905247,-1.2789769243682e-12
inhale,60,11.198439725095,5.9362886584036,-1.4210854715202e-14
inhale,70,11.198439725095,6.8170254668335,5.4001247917768e-13
inhale,80,11.198439725095,6.238126362005,0
inhale,90,11.198439725095,6.5319787344406,1.1368683772162e-12
inhale,110,11.198439725095,6.1062218680717,-1.4210854715202e-14
inhale,120,11.198439725095,6.4528785925371,3.2684965844965e-13
inhale,130,11.198439725095,6.8496651889892,2.1316282072803e-14
inhale,140,11.198439725095,5.7498077544828,7.105427357601e-15
inhale,50,11.222327728956,4.98844180664,-1.2931877790834e-12
inhale,60,11.222327728956,5.9361164435966,-1.4210854715202e-14
inhale,70,11.222327728956,6.8166935294543,5.8264504332328e-13
inhale,80,11.222327728956,6.2377572352151,0
inhale,90,11.222327728956,6.5314216248596,1.122657522501e-12
inhale,110,11.222327728956,6.1054995397652,0
inhale,120,11.222327728956,6.4518554720772,3.3395508580725e-13
inhale,130,11.222327728956,6.8483893790887,7.105427357601e-15
inhale,140,11.222327728956,5.7486449801054,0
inhale,50,11.246215732818,4.9883545873914,-1.2789769243682e-12
inhale,60,11.246215732818,5.9359447358612,2.8421709430404e-14
inhale,70,11.246215732818,6.8163625574899,5.6843418860808e-13
inhale,80,11.246215732818,6.2373892158263,-1.4210854715202e-14
inhale,90,11.246215732818,6.5308662113931,1.1510792319314e-12
inhale,110,11.246215732818,6.1047795226656,1.4210854715202e-14
inhale,120,11.246215732818,6.4508357143952,3.7658764995285e-13
inhale,130,11.246215732818,6.8471178317391,2.1316282072803e-14
inhale,140,11.246215732818,5.747486315046,0
inhale,50,11.27010373668,4.9882676315211,-1.2931877790834e-12
inhale,60,11.27010373668,5.9357735328494,2.8421709430404e-14
inhale,70,11.27010373668,6.816032546533,5.5422333389288e-13
inhale,80,11.27010373668,6.23702229864,2.8421709430404e-14
inhale,90,11.27010373668,6.5303124859951,1.1652900866466e-12
inhale,110,11.27010373668,6.104061805313,-2.8421709430404e-14
inhale,120,11.27010373668,6.4498193024564,3.5527136788005e-13
inhale,130,11.27010373668,6.8458505250694,1.4210854715202e-14
inhale,140,11.27010373668,5.7463317370239,0
inhale,50,11.293991740542,4.9881809377801,-1.2931877790834e-12
inhale,60,11.293991740542,5.9356028322281,-2.8421709430404e-14
inhale,70,11.293991740542,6.815703492205,5.8264504332328e-13
inhale,80,11.293991740542,6.2366564784921,1.4210854715202e-14
inhale,90,11.293991740542,6.5297604406737,1.1652900866466e-12
inhale,110,11.293991740542,6.1033463763266,0
inhale,120,11.293991740542,6.4488062193459,3.6237679523765e-13
inhale,130,11.293991740542,6.8445874373632,3.5527136788005e-14
inhale,140,11.293991740542,5.7451812239237,1.4210854715202e-14
inhale,50,11.317879744403,4.9880945049277,-1.2931877790834e-12
inhale,60,11.317879744403,5.93543263168,-2.8421709430404e-14
inhale,70,11.317879744403,6.8153753901556,5.9685589803848e-13
inhale,80,11.317879744403,6.2362917502526,-1.4210854715202e-14
inhale,90,11.317879744403,6.52921006749,1.1652900866466e-12
inhale,110,11.317879744403,6.1026332244041,0
inhale,120,11.317879744403,6.4477964482666,3.3395508580725e-13
inhale,130,11.317879744403,6.8433285470575,2.1316282072803e-14
inhale,140,11.317879744403,5.7440347537945,0
inhale,50,11.341767748265,4.9880083317316,-1.2789769243682e-12
inhale,60,11.341767748265,5.9352629289029,0
inhale,70,11.341767748265,6.8150482360624,5.5422333389288e-13
inhale,80,11.341767748265,6.2359281088256,0
inhale,90,11.341767748265,6.5286613585578,1.1652900866466e-12
inhale,110,11.341767748265,6.1019223383211,1.4210854715202e-14
inhale,120,11.341767748265,6.4467899725391,3.6237679523765e-13
inhale,130,11.341767748265,6.842073832741,1.4210854715202e-14
inhale,140,11.341767748265,5.7428923048479,-2.1316282072803e-14
inhale,50,11.365655752127,4.9879224169676,-1.3073986337986e-12
inhale,60,11.365655752127,5.9350937216094,-1.4210854715202e-14
inhale,70,11.365655752127,6.8147220256312,5.8264504332328e-13
inhale,80,11.365655752127,6.2355655491485,0
inhale,90,11.365655752127,6.5281143060434,1.1652900866466e-12
inhale,110,11.365655752127,6.1012137069302,-2.8421709430404e-14
inhale,120,11.365655752127,6.4457867756002,3.4816594052245e-13
inhale,130,11.365655752127,6.840823273153,2.1316282072803e-14
inhale,140,11.365655752127,5.7417538554564,-7.105427357601e-15
inhale,50,11.389543755989,4.98783675942,-1.2931877790834e-12
inhale,60,11.389543755989,5.9349250075274,0
inhale,70,11.389543755989,6.8143967545952,5.9685589803848e-13
inhale,80,11.389543755989,6.2352040661924,1.4210854715202e-14
inhale,90,11.389543755989,6.5275689021646,1.1795009413618e-12
inhale,110,11.389543755989,6.1005073191603,0
inhale,120,11.389543755989,6.4447868410017,3.6948222259525e-13
inhale,130,11.389543755989,6.8395768471817,2.8421709430404e-14
inhale,140,11.389543755989,5.7406193841523,7.105427357601e-15
inhale,50,11.413431759851,4.9877513578808,-1.2789769243682e-12
inhale,60,11.413431759851,5.9347567843995,0
inhale,70,11.413431759851,6.814072418715,5.8264504332328e-13
inhale,80,11.413431759851,6.2348436549613,1.4210854715202e-14
inhale,90,11.413431759851,6.527025139191,1.1652900866466e-12
inhale,110,11.413431759851,6.0998031640163,-1.4210854715202e-14
inhale,120,11.413431759851,6.4437901524096,3.7658764995285e-13
inhale,130,11.413431759851,6.8383345338633,2.8421709430404e-14
inhale,140,11.413431759851,5.7394888696258,0
inhale,50,11.437319763712,4.9876662111503,-1.2931877790834e-12
inhale,60,11.437319763712,5.9345890499829,4.2632564145606e-14
inhale,70,11.437319763712,6.8137490137786,5.6843418860808e-13
inhale,80,11.437319763712,6.2344843104918,-1.4210854715202e-14
inhale,90,11.437319763712,6.5264830094429,1.2079226507922e-12
inhale,110,11.437319763712,6.0991012305781,-1.4210854715202e-14
inhale,120,11.437319763712,6.4427966936034,3.6948222259525e-13
inhale,130,11.437319763712,6.8370963123805,2.1316282072803e-14
inhale,140,11.437319763712,5.7383622907238,7.105427357601e-15
inhale,50,11.461207767574,4.9875813180368,-1.2931877790834e-12
inhale,60,11.461207767574,5.9344218020496,0
inhale,70,11.461207767574,6.8134265356007,5.8264504332328e-13
inhale,80,11.461207767574,6.2341260278532,0
inhale,90,11.461207767574,6.5259425052911,1.1510792319314e-12
inhale,110,11.461207767574,6.0984015079998,-1.4210854715202e-14
inhale,120,11.461207767574,6.4418064484743,3.6948222259525e-13
inhale,130,11.461207767574,6.8358621620612,2.1316282072803e-14
inhale,140,11.461207767574,5.7372396264483,7.105427357601e-15
inhale,50,11.485095771436,4.9874966773563,-1.3073986337986e-12
inhale,60,11.485095771436,5.9342550383858,0
inhale,70,11.485095771436,6.8131049800229,5.6843418860808e-13
inhale,80,11.485095771436,6.233768802147,-1.4210854715202e-14
inhale,90,11.485095771436,6.5254036191568,1.2221335055074e-12
inhale,110,11.485095771436,6.0977039855096,-1.4210854715202e-14
inhale,120,11.485095771436,6.440819401025,3.9079850466806e-13
inhale,130,11.485095771436,6.834632062377,2.1316282072803e-14
inhale,140,11.485095771436,5.7361208559549,7.105427357601e-15
inhale,50,11.508983775298,4.9874122879329,-1.2789769243682e-12
inhale,60,11.508983775298,5.9340887567922,5.6843418860808e-14
inhale,70,11.508983775298,6.8127843429131,6.1106675275369e-13
inhale,80,11.508983775298,6.2334126285066,1.4210854715202e-14
inhale,90,11.508983775298,6.5248663435106,1.193711796077e-12
inhale,110,11.508983775298,6.0970086524087,-1.4210854715202e-14
inhale,120,11.508983775298,6.4398355353682,4.0500935938326e-13
inhale,130,11.508983775298,6.8334059929424,2.1316282072803e-14
inhale,140,11.508983775298,5.7350059585515,-7.105427357601e-15
inhale,50,11.532871779159,4.9873281485983,-1.2931877790834e-12
inhale,60,11.532871779159,5.9339229550837,1.4210854715202e-14
inhale,70,11.532871779159,6.8124646201657,5.9685589803848e-13
inhale,80,11.532871779159,6.2330575020969,-2.8421709430404e-14
inhale,90,11.532871779159,6.5243306708724,1.193711796077e-12
inhale,110,11.532871779159,6.0963154980708,0
inhale,120,11.532871779159,6.4388548357261,3.9079850466806e-13
inhale,130,11.532871779159,6.832183933513,2.8421709430404e-14
inhale,140,11.532871779159,5.733894913697,7.105427357601e-15
inhale,50,11.556759783021,4.9872442581918,-1.2931877790834e-12
inhale,60,11.556759783021,5.9337576310891,2.8421709430404e-14
inhale,70,11.556759783021,6.8121458077011,5.6843418860808e-13
inhale,80,11.556759783021,6.2327034181144,2.8421709430404e-14
inhale,90,11.556759783021,6.523796593811,1.1652900866466e-12
inhale,110,11.556759783021,6.0956245119414,-1.4210854715202e-14
inhale,120,11.556759783021,6.4378772864288,3.8369307731045e-13
inhale,130,11.556759783021,6.8309658639848,3.5527136788005e-14
inhale,140,11.556759783021,5.7327877009995,7.105427357601e-15
inhale,50,11.580647786883,4.9871606155607,-1.3073986337986e-12
inhale,60,11.580647786883,5.9335927826514,-2.8421709430404e-14
inhale,70,11.580647786883,6.8118279014654,5.9685589803848e-13
inhale,80,11.580647786883,6.2323503717868,1.4210854715202e-14
inhale,90,11.580647786883,6.5232641049436,1.2079226507922e-12
inhale,110,11.580647786883,6.0949356835372,0
inhale,120,11.580647786883,6.436902871914,3.6948222259525e-13
inhale,130,11.580647786883,6.8297517643923,2.8421709430404e-14
inhale,140,11.580647786883,5.7316843002153,-7.105427357601e-15
inhale,50,11.604535790745,4.9870772195594,-1.2931877790834e-12
inhale,60,11.604535790745,5.9334284076274,2.8421709430404e-14
inhale,70,11.604535790745,6.8115108974305,6.2527760746889e-13
inhale,80,11.604535790745,6.2319983583725,-2.8421709430404e-14
inhale,90,11.604535790745,6.5227331969354,1.2079226507922e-12
inhale,110,11.604535790745,6.0942490024458,0
inhale,120,11.604535790745,6.4359315767257,3.9079850466806e-13
inhale,130,11.604535790745,6.828541614908,4.2632564145606e-14
inhale,140,11.604535790745,5.7305846912474,-1.4210854715202e-14
inhale,50,11.628423794606,4.9869940690502,-1.2931877790834e-12
inhale,60,11.628423794606,5.9332645038875,0
inhale,70,11.628423794606,6.8111947915937,5.9685589803848e-13
inhale,80,11.628423794606,6.2316473731605,-1.4210854715202e-14
inhale,90,11.628423794606,6.5222038624992,1.2221335055074e-12
inhale,110,11.628423794606,6.0935644583244,-1.4210854715202e-14
inhale,120,11.628423794606,6.4349633855133,3.8369307731045e-13
inhale,130,11.628423794606,6.8273353958408,1.4210854715202e-14
inhale,140,11.628423794606,5.7294888541442,7.105427357601e-15
inhale,50,11.652311798468,4.9869111629027,-1.3216094885138e-12
inhale,60,11.652311798468,5.9331010693159,0
inhale,70,11.652311798468,6.8108795799775,5.8264504332328e-13
inhale,80,11.652311798468,6.2312974114702,-2.8421709430404e-14
inhale,90,11.652311798468,6.521676094395,1.2363443602226e-12
inhale,110,11.652311798468,6.0928820408999,0
inhale,120,11.652311798468,6.4339982830307,4.0500935938326e-13
inhale,130,11.652311798468,6.8261330876346,1.4210854715202e-14
inhale,140,11.652311798468,5.728396769098,0
inhale,50,11.67619980233,4.9868284999938,-1.2931877790834e-12
inhale,60,11.67619980233,5.9329381018102,0
inhale,70,11.67619980233,6.8105652586294,6.1106675275369e-13
inhale,80,11.67619980233,6.2309484686513,1.4210854715202e-14
inhale,90,11.67619980233,6.5211498854298,1.2789769243682e-12
inhale,110,11.67619980233,6.092201739968,0
inhale,120,11.67619980233,6.4330362541355,3.9790393202566e-13
inhale,130,11.67619980233,6.8249346708677,2.1316282072803e-14
inhale,140,11.67619980233,5.7273084164438,-2.1316282072803e-14
inhale,50,11.700087806192,4.9867460792078,-1.2931877790834e-12
inhale,60,11.700087806192,5.9327755992814,1.4210854715202e-14
inhale,70,11.700087806192,6.8102518236217,5.8264504332328e-13
inhale,80,11.700087806192,6.2306005400831,-1.4210854715202e-14
inhale,90,11.700087806192,6.5206252284568,1.2221335055074e-12
inhale,110,11.700087806192,6.0915235453924,0
inhale,120,11.700087806192,6.4320772837881,3.9790393202566e-13
inhale,130,11.700087806192,6.8237401262511,4.2632564145606e-14
inhale,140,11.700087806192,5.7262237766583,0
inhale,50,11.723975810053,4.9866638994363,-1.3216094885138e-12
inhale,60,11.723975810053,5.9326135596538,4.2632564145606e-14
inhale,70,11.723975810053,6.8099392710512,5.9685589803848e-13
inhale,80,11.723975810053,6.2302536211745,0
inhale,90,11.723975810053,6.5201021163754,1.2363443602226e-12
inhale,110,11.723975810053,6.0908474471046,-2.8421709430404e-14
inhale,120,11.723975810053,6.4311213570506,4.1211478674086e-13
inhale,130,11.723975810053,6.8225494346276,4.2632564145606e-14
inhale,140,11.723975810053,5.7251428303578,1.4210854715202e-14
inhale,50,11.747863813915,4.986581959578,-1.3073986337986e-12
inhale,60,11.747863813915,5.932451980865,0
inhale,70,11.747863813915,6.8096275970394,5.8264504332328e-13
inhale,80,11.747863813915,6.229907707364,2.8421709430404e-14
inhale,90,11.747863813915,6.5195805421304,1.2221335055074e-12
inhale,110,11.747863813915,6.0901734351031,-2.8421709430404e-14
inhale,120,11.747863813915,6.4301684590861,4.1211478674086e-13
inhale,130,11.747863813915,6.8213625769706,3.5527136788005e-14
inhale,140,11.747863813915,5.7240655582979,0
inhale,50,11.771751817777,4.9865002585387,-1.3216094885138e-12
inhale,60,11.771751817777,5.9322908608654,-2.8421709430404e-14
inhale,70,11.771751817777,6.8093167977317,5.8264504332328e-13
inhale,80,11.771751817777,6.229562794119,-1.4210854715202e-14
inhale,90,11.771751817777,6.5190604987123,1.2789769243682e-12
inhale,110,11.771751817777,6.089501499453,-1.4210854715202e-14
inhale,120,11.771751817777,6.4292185751576,4.2632564145606e-13
inhale,130,11.771751817777,6.820179534383,1.4210854715202e-14
inhale,140,11.771751817777,5.7229919413714,-1.4210854715202e-14
inhale,50,11.795639821639,4.9864187952314,-1.2789769243682e-12
inhale,60,11.795639821639,5.9321301976185,-1.4210854715202e-14
inhale,70,11.795639821639,6.8090068692976,6.2527760746889e-13
inhale,80,11.795639821639,6.2292188769358,-1.4210854715202e-14
inhale,90,11.795639821639,6.518541979156,1.2221335055074e-12
inhale,110,11.795639821639,6.088831630285,1.4210854715202e-14
inhale,120,11.795639821639,6.4282716906278,4.2632564145606e-13
inhale,130,11.795639821639,6.8190002880959,2.8421709430404e-14
inhale,140,11.795639821639,5.7219219606077,1.4210854715202e-14
inhale,50,11.8195278255,4.9863375685761,-1.2931877790834e-12
inhale,60,11.8195278255,5.9319699891008,-4.2632564145606e-14
inhale,70,11.8195278255,6.8086978079305,5.8264504332328e-13
inhale,80,11.8195278255,6.2288759513394,1.4210854715202e-14
inhale,90,11.8195278255,6.5180249765415,1.2505552149378e-12
inhale,110,11.8195278255,6.0881638177955,0
inhale,120,11.8195278255,6.4273277909571,4.0500935938326e-13
inhale,130,11.8195278255,6.8178248194679,2.1316282072803e-14
inhale,140,11.8195278255,5.7208555971711,-1.4210854715202e-14
inhale,50,11.843415829362,4.9862565774996,-1.3216094885138e-12
inhale,60,11.843415829362,5.9318102333012,-2.8421709430404e-14
inhale,70,11.843415829362,6.8083896098473,6.1106675275369e-13
inhale,80,11.843415829362,6.2285340128832,-2.8421709430404e-14
inhale,90,11.843415829362,6.5175094839924,1.264766069653e-12
inhale,110,11.843415829362,6.0874980522455,0
inhale,120,11.843415829362,6.426386861704,4.1922021409846e-13
inhale,130,11.843415829362,6.8166531099835,4.2632564145606e-14
inhale,140,11.843415829362,5.7197928323599,7.105427357601e-15
inhale,50,11.867303833224,4.9861758209358,-1.335820343229e-12
inhale,60,11.867303833224,5.9316509282217,2.8421709430404e-14
inhale,70,11.867303833224,6.8080822712883,5.5422333389288e-13
inhale,80,11.867303833224,6.2281930571487,0
inhale,90,11.867303833224,6.5169954946765,1.2505552149378e-12
inhale,110,11.867303833224,6.0868343239601,0
inhale,120,11.867303833224,6.4254488885234,4.2632564145606e-13
inhale,130,11.867303833224,6.8154851412523,7.105427357601e-15
inhale,140,11.867303833224,5.7187336476048,0
inhale,50,11.891191837086,4.9860952978252,-1.3216094885138e-12
inhale,60,11.891191837086,5.9314920718763,-2.8421709430404e-14
inhale,70,11.891191837086,6.8077757885173,6.1106675275369e-13
inhale,80,11.891191837086,6.2278530797453,1.4210854715202e-14
inhale,90,11.891191837086,6.5164830018048,1.2931877790834e-12
inhale,110,11.891191837086,6.0861726233285,0
inhale,120,11.891191837086,6.4245138571661,4.2632564145606e-13
inhale,130,11.891191837086,6.8143208950079,4.9737991503207e-14
inhale,140,11.891191837086,5.7176780244684,7.105427357601e-15
inhale,50,11.915079840948,4.9860150071154,-1.3500311979442e-12
inhale,60,11.915079840948,5.931333662292,-1.4210854715202e-14
inhale,70,11.915079840948,6.8074701578208,5.9685589803848e-13
inhale,80,11.915079840948,6.2275140763103,1.4210854715202e-14
inhale,90,11.915079840948,6.5159719986316,1.2931877790834e-12
inhale,110,11.915079840948,6.0855129408027,-1.4210854715202e-14
inhale,120,11.915079840948,6.423581753478,4.2632564145606e-13
inhale,130,11.915079840948,6.8131603531069,1.4210854715202e-14
inhale,140,11.915079840948,5.7166259446431,-7.105427357601e-15
inhale,50,11.938967844809,4.9859349477604,-1.2931877790834e-12
inhale,60,11.938967844809,5.9311756975076,0
inhale,70,11.938967844809,6.8071653755083,5.9685589803848e-13
inhale,80,11.938967844809,6.2271760425083,-1.4210854715202e-14
inhale,90,11.938967844809,6.5154624784537,1.264766069653e-12
inhale,110,11.938967844809,6.0848552668975,0
inhale,120,11.938967844809,6.422652563399,4.4053649617126e-13
inhale,130,11.938967844809,6.8120034975276,2.8421709430404e-14
inhale,140,11.938967844809,5.7155773899508,1.4210854715202e-14
inhale,50,11.962855848671,4.9858551187212,-1.2789769243682e-12
inhale,60,11.962855848671,5.9310181755745,0
inhale,70,11.962855848671,6.8068614379122,5.9685589803848e-13
inhale,80,11.962855848671,6.2268389740313,-2.8421709430404e-14
inhale,90,11.962855848671,6.5149544346103,1.2789769243682e-12
inhale,110,11.962855848671,6.0841995921897,1.4210854715202e-14
inhale,120,11.962855848671,6.4217262729628,4.1922021409846e-13
inhale,130,11.962855848671,6.8108503103692,2.1316282072803e-14
inhale,140,11.962855848671,5.714532342341,7.105427357601e-15
inhale,50,11.986743852533,4.985775518965,-1.264766069653e-12
inhale,60,11.986743852533,5.930861094556,2.8421709430404e-14
inhale,70,11.986743852533,6.8065583413871,5.9685589803848e-13
inhale,80,11.986743852533,6.226502866598,0
inhale,90,11.986743852533,6.5144478604829,1.2505552149378e-12
inhale,110,11.986743852533,6.0835459073178,0
inhale,120,11.986743852533,6.4208028682955,4.4053649617126e-13
inhale,130,11.986743852533,6.8097007738506,4.9737991503207e-14
inhale,140,11.986743852533,5.7134907838903,-2.1316282072803e-14
inhale,50,12.010631856395,4.9856961474659,-1.3073986337986e-12
inhale,60,12.010631856395,5.9307044525277,-1.4210854715202e-14
inhale,70,12.010631856395,6.8062560823101,5.9685589803848e-13
inhale,80,12.010631856395,6.2261677159544,-1.4210854715202e-14
inhale,90,12.010631856395,6.5139427494944,1.2789769243682e-12
inhale,110,12.010631856395,6.0828942029811,1.4210854715202e-14
inhale,120,12.010631856395,6.419882335615,4.5474735088646e-13
inhale,130,12.010631856395,6.8085548703097,2.1316282072803e-14
inhale,140,12.010631856395,5.7124526968009,2.1316282072803e-14
inhale,50,12.034519860256,4.9856170032043,-1.3073986337986e-12
inhale,60,12.034519860256,5.9305482475769,2.8421709430404e-14
inhale,70,12.034519860256,6.8059546570803,6.1106675275369e-13
inhale,80,12.034519860256,6.2258335178726,-1.4210854715202e-14
inhale,90,12.034519860256,6.5134390951092,1.2931877790834e-12
inhale,110,12.034519860256,6.0822444699398,-1.4210854715202e-14
inhale,120,12.034519860256,6.4189646612304,4.3343106881366e-13
inhale,130,12.034519860256,6.8074125822019,3.5527136788005e-14
inhale,140,12.034519860256,5.7114180633994,1.4210854715202e-14
inhale,50,12.058407864118,4.9855380851673,-1.3073986337986e-12
inhale,60,12.058407864118,5.9303924778029,0
inhale,70,12.058407864118,6.8056540621189,5.6843418860808e-13
inhale,80,12.058407864118,6.2255002681515,4.2632564145606e-14
inhale,90,12.058407864118,6.5129368908326,1.2931877790834e-12
inhale,110,12.058407864118,6.081596699014,0
inhale,120,12.058407864118,6.4180498315412,4.5474735088646e-13
inhale,130,12.058407864118,6.8062738920994,7.105427357601e-15
inhale,140,12.058407864118,5.7103868661361,-7.105427357601e-15
inhale,50,12.08229586798,4.9854593923481,-1.3500311979442e-12
inhale,60,12.08229586798,5.9302371413166,0
inhale,70,12.08229586798,6.8053542938688,6.2527760746889e-13
inhale,80,12.08229586798,6.225167962616,-2.8421709430404e-14
inhale,90,12.08229586798,6.5124361302107,1.3216094885138e-12
inhale,110,12.08229586798,6.0809508810832,1.4210854715202e-14
inhale,120,12.08229586798,6.4171378330361,4.5474735088646e-13
inhale,130,12.08229586798,6.8051387826903,2.1316282072803e-14
inhale,140,12.08229586798,5.7093590875834,0
inhale,50,12.106183871842,4.9853809237465,-1.3073986337986e-12
inhale,60,12.106183871842,5.9300822362406,0
inhale,70,12.106183871842,6.8050553487946,6.2527760746889e-13
inhale,80,12.106183871842,6.2248365971168,0
inhale,90,12.106183871842,6.5119368068298,1.2789769243682e-12
inhale,110,12.106183871842,6.080307007086,1.4210854715202e-14
inhale,120,12.106183871842,6.4162286522928,4.5474735088646e-13
inhale,130,12.106183871842,6.8040072367774,2.8421709430404e-14
inhale,140,12.106183871842,5.7083347104353,1.4210854715202e-14
inhale,50,12.130071875703,4.9853026783684,-1.3216094885138e-12
inhale,60,12.130071875703,5.9299277607091,-2.8421709430404e-14
inhale,70,12.130071875703,6.8047572233824,5.9685589803848e-13
inhale,80,12.130071875703,6.2245061675305,2.8421709430404e-14
inhale,90,12.130071875703,6.5114389143164,1.2931877790834e-12
inhale,110,12.130071875703,6.0796650680198,1.4210854715202e-14
inhale,120,12.130071875703,6.4153222759773,4.5474735088646e-13
inhale,130,12.130071875703,6.8028792372771,3.5527136788005e-14
inhale,140,12.130071875703,5.7073137175057,-7.105427357601e-15
inhale,50,12.153959879565,4.985224655226,-1.3216094885138e-12
inhale,60,12.153959879565,5.9297737128677,0
inhale,70,12.153959879565,6.8044599141394,6.2527760746889e-13
inhale,80,12.153959879565,6.2241766697593,0
inhale,90,12.153959879565,6.5109424463366,1.3073986337986e-12
inhale,110,12.153959879565,6.0790250549397,-1.4210854715202e-14
inhale,120,12.153959879565,6.4144186908424,4.4053649617126e-13
inhale,130,12.153959879565,6.8017547672191,2.8421709430404e-14
inhale,140,12.153959879565,5.7062960917277,0
inhale,50,12.177847883427,4.9851468533378,-1.2931877790834e-12
inhale,60,12.177847883427,5.9296200908736,-2.8421709430404e-14
inhale,70,12.177847883427,6.8041634175941,6.1106675275369e-13
inhale,80,12.177847883427,6.2238480997305,1.4210854715202e-14
inhale,90,12.177847883427,6.5104473965959,1.3073986337986e-12
inhale,110,12.177847883427,6.0783869589586,-1.4210854715202e-14
inhale,120,12.177847883427,6.4135178837278,4.4764192352886e-13
inhale,130,12.177847883427,6.8006338097448,2.8421709430404e-14
inhale,140,12.177847883427,5.7052818161527,7.105427357601e-15
inhale,50,12.201735887289,4.9850692717282,-1.335820343229e-12
inhale,60,12.201735887289,5.9294668928949,4.2632564145606e-14
inhale,70,12.201735887289,6.8038677302957,6.2527760746889e-13
inhale,80,12.201735887289,6.2235204533969,1.4210854715202e-14
inhale,90,12.201735887289,6.5099537588389,1.3073986337986e-12
inhale,110,12.201735887289,6.0777507712465,2.8421709430404e-14
inhale,120,12.201735887289,6.412619841559,4.6185277824407e-13
inhale,130,12.201735887289,6.7995163481063,3.5527136788005e-14
inhale,140,12.201735887289,5.7042708739489,7.105427357601e-15
inhale,50,12.22562389115,4.984991909428,-1.3216094885138e-12
inhale,60,12.22562389115,5.9293141171111,0
inhale,70,12.22562389115,6.8035728488145,6.2527760746889e-13
inhale,80,12.22562389115,6.2231937267358,-4.2632564145606e-14
inhale,90,12.22562389115,6.509461526849,1.3500311979442e-12
inhale,110,12.22562389115,6.0771164830301,-1.4210854715202e-14
inhale,120,12.22562389115,6.4117245513465,4.6185277824407e-13
inhale,130,12.22562389115,6.7984023656662,2.1316282072803e-14
inhale,140,12.22562389115,5.7032632484007,7.105427357601e-15
inhale,50,12.249511895012,4.9849147654738,-1.335820343229e-12
inhale,60,12.249511895012,5.9291617617129,0
inhale,70,12.249511895012,6.8032787697412,6.1106675275369e-13
inhale,80,12.249511895012,6.2228679157495,0
inhale,90,12.249511895012,6.5089706944478,1.335820343229e-12
inhale,110,12.249511895012,6.076484085592,-1.4210854715202e-14
inhale,120,12.249511895012,6.4108320001856,4.8316906031687e-13
inhale,130,12.249511895012,6.7972918458959,2.1316282072803e-14
inhale,140,12.249511895012,5.7022589229073,2.1316282072803e-14
inhale,50,12.273399898874,4.9848378389083,-1.3073986337986e-12
inhale,60,12.273399898874,5.9290098249019,1.4210854715202e-14
inhale,70,12.273399898874,6.8029854896871,5.9685589803848e-13
inhale,80,12.273399898874,6.2225430164647,4.2632564145606e-14
inhale,90,12.273399898874,6.5084812554953,1.335820343229e-12
inhale,110,12.273399898874,6.0758535702708,-1.4210854715202e-14
inhale,120,12.273399898874,6.4099421752548,4.7606363295927e-13
inhale,130,12.273399898874,6.7961847723751,3.5527136788005e-14
inhale,140,12.273399898874,5.7012578809823,1.4210854715202e-14
inhale,50,12.297287902736,4.9847611287801,-1.3216094885138e-12
inhale,60,12.297287902736,5.9288583048905,2.8421709430404e-14
inhale,70,12.297287902736,6.8026930052836,6.5369931689929e-13
inhale,80,12.297287902736,6.2222190249326,-1.4210854715202e-14
inhale,90,12.297287902736,6.5079932038893,1.3073986337986e-12
inhale,110,12.297287902736,6.0752249284602,1.4210854715202e-14
inhale,120,12.297287902736,6.4090550638161,4.8316906031687e-13
inhale,130,12.297287902736,6.7950811287908,2.8421709430404e-14
inhale,140,12.297287902736,5.7002601062518,-2.1316282072803e-14
inhale,50,12.321175906597,4.9846846341438,-1.335820343229e-12
inhale,60,12.321175906597,5.9287071999022,-2.8421709430404e-14
inhale,70,12.321175906597,6.8024013131824,5.9685589803848e-13
inhale,80,12.321175906597,6.2218959372284,-1.4210854715202e-14
inhale,90,12.321175906597,6.5075065335649,1.3500311979442e-12
inhale,110,12.321175906597,6.0745981516088,-1.4210854715202e-14
inhale,120,12.321175906597,6.4081706532135,4.7606363295927e-13
inhale,130,12.321175906597,6.7939808989366,3.5527136788005e-14
inhale,140,12.321175906597,5.6992655824545,7.105427357601e-15
inhale,50,12.345063910459,4.9846083540596,-1.3500311979442e-12
inhale,60,12.345063910459,5.9285565081712,-1.4210854715202e-14
inhale,70,12.345063910459,6.8021104100552,6.5369931689929e-13
inhale,80,12.345063910459,6.2215737494513,-1.4210854715202e-14
inhale,90,12.345063910459,6.5070212384948,1.3216094885138e-12
inhale,110,12.345063910459,6.0739732312195,1.4210854715202e-14
inhale,120,12.345063910459,6.407288930873,4.7606363295927e-13
inhale,130,12.345063910459,6.7928840667112,5.6843418860808e-14
inhale,140,12.345063910459,5.6982742934396,0
inhale,50,12.368951914321,4.9845322875937,-1.335820343229e-12
inhale,60,12.368951914321,5.9284062279421,2.8421709430404e-14
inhale,70,12.368951914321,6.8018202925935,6.2527760746889e-13
inhale,80,12.368951914321,6.2212524577242,-1.4210854715202e-14
inhale,90,12.368951914321,6.5065373126883,1.3784529073746e-12
inhale,110,12.368951914321,6.0733501588491,2.8421709430404e-14
inhale,120,12.368951914321,6.4064098843012,4.7606363295927e-13
inhale,130,12.368951914321,6.7917906161184,3.5527136788005e-14
inhale,140,12.368951914321,5.6972862231668,7.105427357601e-15
inhale,50,12.392839918183,4.9844564338182,-1.3216094885138e-12
inhale,60,12.392839918183,5.9282563574704,0
inhale,70,12.392839918183,6.8015309575083,5.9685589803848e-13
inhale,80,12.392839918183,6.2209320581936,0
inhale,90,12.392839918183,6.5060547501916,1.3784529073746e-12
inhale,110,12.392839918183,6.0727289261078,-1.4210854715202e-14
inhale,120,12.392839918183,6.4055335010855,4.9027448767447e-13
inhale,130,12.392839918183,6.7907005312654,3.5527136788005e-14
inhale,140,12.392839918183,5.6963013557047,-7.105427357601e-15
inhale,50,12.416727922045,4.9843807918105,-1.3216094885138e-12
inhale,60,12.416727922045,5.9281068950219,-1.4210854715202e-14
inhale,70,12.416727922045,6.8012424015304,6.5369931689929e-13
inhale,80,12.416727922045,6.2206125470295,1.4210854715202e-14
inhale,90,12.416727922045,6.505573545087,1.3642420526594e-12
inhale,110,12.416727922045,6.072109524659,-4.2632564145606e-14
inhale,120,12.416727922045,6.4046597688925,4.9737991503207e-13
inhale,130,12.416727922045,6.7896137963627,4.2632564145606e-14
inhale,140,12.416727922045,5.6953196752303,-7.105427357601e-15
inhale,50,12.440615925906,4.9843053606539,-1.335820343229e-12
inhale,60,12.440615925906,5.9279578388731,0
inhale,70,12.440615925906,6.8009546214098,6.3948846218409e-13
inhale,80,12.440615925906,6.220293920425,2.8421709430404e-14
inhale,90,12.440615925906,6.5050936914931,1.3784529073746e-12
inhale,110,12.440615925906,6.0714919462186,1.4210854715202e-14
inhale,120,12.440615925906,6.4037886754681,4.7606363295927e-13
inhale,130,12.440615925906,6.7885303957226,3.5527136788005e-14
inhale,140,12.440615925906,5.6943411660277,7.105427357601e-15
inhale,50,12.464503929768,4.9842301394375,-1.3216094885138e-12
inhale,60,12.464503929768,5.9278091873105,-2.8421709430404e-14
inhale,70,12.464503929768,6.8006676139158,6.2527760746889e-13
inhale,80,12.464503929768,6.2199761745962,0
inhale,90,12.464503929768,6.5046151835642,1.3784529073746e-12
inhale,110,12.464503929768,6.0708761825546,-4.2632564145606e-14
inhale,120,12.464503929768,6.4029202086365,4.9027448767447e-13
inhale,130,12.464503929768,6.7874503137587,2.8421709430404e-14
inhale,140,12.464503929768,5.6933658124874,7.105427357601e-15
inhale,50,12.48839193363,4.9841551272556,-1.3216094885138e-12
inhale,60,12.48839193363,5.927660938631,-2.8421709430404e-14
inhale,70,12.48839193363,6.8003813758367,5.9685589803848e-13
inhale,80,12.48839193363,6.219659305782,0
inhale,90,12.48839193363,6.50413801549,1.3642420526594e-12
inhale,110,12.48839193363,6.070262225487,0
inhale,120,12.48839193363,6.4020543562996,4.9737991503207e-13
inhale,130,12.48839193363,6.7863735349851,3.5527136788005e-14
inhale,140,12.48839193363,5.6923935991052,-1.4210854715202e-14
inhale,50,12.512279937492,4.9840803232083,-1.3216094885138e-12
inhale,60,12.512279937492,5.9275130911418,0
inhale,70,12.512279937492,6.8000959039798,6.5369931689929e-13
inhale,80,12.512279937492,6.2193433102442,0
inhale,90,12.512279937492,6.5036621814957,1.3784529073746e-12
inhale,110,12.512279937492,6.069650066887,2.8421709430404e-14
inhale,120,12.512279937492,6.4011911064364,5.0448534238967e-13
inhale,130,12.512279937492,6.7853000440154,2.1316282072803e-14
inhale,140,12.512279937492,5.6914245104818,-1.4210854715202e-14
inhale,50,12.536167941353,4.984005726401,-1.3500311979442e-12
inhale,60,12.536167941353,5.92736564316,0
inhale,70,12.536167941353,6.7998111951711,6.1106675275369e-13
inhale,80,12.536167941353,6.2190281842668,4.2632564145606e-14
inhale,90,12.536167941353,6.5031876758411,1.3784529073746e-12
inhale,110,12.536167941353,6.0690396986765,-4.2632564145606e-14
inhale,120,12.536167941353,6.4003304471024,5.1159076974727e-13
inhale,130,12.536167941353,6.7842298255621,2.1316282072803e-14
inhale,140,12.536167941353,5.6904585313211,0
inhale,50,12.560055945215,4.9839313359447,-1.3500311979442e-12
inhale,60,12.560055945215,5.9272185930128,-2.8421709430404e-14
inhale,70,12.560055945215,6.7995272462554,6.2527760746889e-13
inhale,80,12.560055945215,6.2187139241563,2.8421709430404e-14
inhale,90,12.560055945215,6.5027144928209,1.406874616805e-12
inhale,110,12.560055945215,6.0684311128284,0
inhale,120,12.560055945215,6.399472366429,5.1869619710487e-13
inhale,130,12.560055945215,6.7831628644354,4.2632564145606e-14
inhale,140,12.560055945215,5.6894956464299,-1.4210854715202e-14
inhale,50,12.583943949077,4.9838571509558,-1.2931877790834e-12
inhale,60,12.583943949077,5.9270719390374,1.4210854715202e-14
inhale,70,12.583943949077,6.7992440540959,6.2527760746889e-13
inhale,80,12.583943949077,6.2184005262413,2.8421709430404e-14
inhale,90,12.583943949077,6.5022426267642,1.3784529073746e-12
inhale,110,12.583943949077,6.0678243013652,0
inhale,120,12.583943949077,6.3986168526226,5.1159076974727e-13
inhale,130,12.583943949077,6.7820991455428,5.6843418860808e-14
inhale,140,12.583943949077,5.688535840717,-1.4210854715202e-14
inhale,50,12.607831952939,4.9837831705558,-1.3216094885138e-12
inhale,60,12.607831952939,5.9269256795808,0
inhale,70,12.607831952939,6.798961615574,5.9685589803848e-13
inhale,80,12.607831952939,6.2180879868722,-4.2632564145606e-14
inhale,90,12.607831952939,6.5017720720341,1.3784529073746e-12
inhale,110,12.607831952939,6.0672192563595,0
inhale,120,12.607831952939,6.3977638939645,5.1159076974727e-13
inhale,130,12.607831952939,6.7810386538883,2.8421709430404e-14
inhale,140,12.607831952939,5.687579099192,0
inhale,50,12.6317199568,4.9837093938719,-1.335820343229e-12
inhale,60,12.6317199568,5.9267798129998,1.4210854715202e-14
inhale,70,12.6317199568,6.7986799275895,6.3948846218409e-13
inhale,80,12.6317199568,6.2177763024215,-1.4210854715202e-14
inhale,90,12.6317199568,6.5013028230277,1.3784529073746e-12
inhale,110,12.6317199568,6.066615969933,0
inhale,120,12.6317199568,6.3969134788098,5.2580162446247e-13
inhale,130,12.6317199568,6.7799813745714,4.9737991503207e-14
inhale,140,12.6317199568,5.6866254069647,0
inhale,50,12.655607960662,4.9836358200362,-1.3216094885138e-12
inhale,60,12.655607960662,5.9266343376609,-1.4210854715202e-14
inhale,70,12.655607960662,6.7983989870603,6.1106675275369e-13
inhale,80,12.655607960662,6.217465469283,1.4210854715202e-14
inhale,90,12.655607960662,6.5008348741757,1.406874616805e-12
inhale,110,12.655607960662,6.0660144342564,4.2632564145606e-14
inhale,120,12.655607960662,6.3960655955871,4.9737991503207e-13
inhale,130,12.655607960662,6.7789272927862,2.1316282072803e-14
inhale,140,12.655607960662,5.6856747492443,0
inhale,50,12.679495964524,4.9835624481863,-1.335820343229e-12
inhale,60,12.679495964524,5.9264892519403,-1.4210854715202e-14
inhale,70,12.679495964524,6.7981187909222,6.2527760746889e-13
inhale,80,12.679495964524,6.2171554838721,2.8421709430404e-14
inhale,90,12.679495964524,6.500368219942,1.4352963262354e-12
inhale,110,12.679495964524,6.0654146415489,-1.4210854715202e-14
inhale,120,12.679495964524,6.3952202327979,5.1159076974727e-13
inhale,130,12.679495964524,6.7778763938212,5.6843418860808e-14
inhale,140,12.679495964524,5.6847271113382,-1.4210854715202e-14
inhale,50,12.703383968386,4.9834892774649,-1.3216094885138e-12
inhale,60,12.703383968386,5.9263445542237,-5.6843418860808e-14
inhale,70,12.703383968386,6.7978393361288,6.2527760746889e-13
inhale,80,12.703383968386,6.2168463426257,4.2632564145606e-14
inhale,90,12.703383968386,6.4999028548239,1.406874616805e-12
inhale,110,12.703383968386,6.0648165840777,0
inhale,120,12.703383968386,6.3943773790159,5.1159076974727e-13
inhale,130,12.703383968386,6.7768286630578,3.5527136788005e-14
inhale,140,12.703383968386,5.6837824786517,7.105427357601e-15
inhale,50,12.727271972247,4.9834163070197,-1.3500311979442e-12
inhale,60,12.727271972247,5.9262002429063,4.2632564145606e-14
inhale,70,12.727271972247,6.7975606196513,6.3948846218409e-13
inhale,80,12.727271972247,6.2165380420014,1.4210854715202e-14
inhale,90,12.727271972247,6.4994387733511,1.4495071809506e-12
inhale,110,12.727271972247,6.0642202541581,0
inhale,120,12.727271972247,6.3935370228863,5.2580162446247e-13
inhale,130,12.727271972247,6.7757840859703,2.1316282072803e-14
inhale,140,12.727271972247,5.6828408366867,7.105427357601e-15
inhale,50,12.751159976109,4.9833435360039,-1.3642420526594e-12
inhale,60,12.751159976109,5.9260563163928,1.4210854715202e-14
inhale,70,12.751159976109,6.7972826384785,6.5369931689929e-13
inhale,80,12.751159976109,6.2162305784781,2.8421709430404e-14
inhale,90,12.751159976109,6.4989759700863,1.4637180356658e-12
inhale,110,12.751159976109,6.0636256441525,-2.8421709430404e-14
inhale,120,12.751159976109,6.3926991531256,5.4001247917768e-13
inhale,130,12.751159976109,6.7747426481246,7.105427357601e-14
inhale,140,12.751159976109,5.6819021710412,0
inhale,50,12.775047979971,4.9832709635752,-1.3500311979442e-12
inhale,60,12.775047979971,5.9259127730972,4.2632564145606e-14
inhale,70,12.775047979971,6.7970053896165,6.5369931689929e-13
inhale,80,12.775047979971,6.2159239485554,-1.4210854715202e-14
inhale,90,12.775047979971,6.4985144396242,1.4210854715202e-12
inhale,110,12.775047979971,6.0630327464703,0
inhale,120,12.775047979971,6.3918637585208,5.3290705182008e-13
inhale,130,12.775047979971,6.7737043351775,3.5527136788005e-14
inhale,140,12.775047979971,5.6809664674083,-7.105427357601e-15
inhale,50,12.798935983833,4.983198588897,-1.335820343229e-12
inhale,60,12.798935983833,5.9257696114427,-1.4210854715202e-14
inhale,70,12.798935983833,6.796728870089,6.5369931689929e-13
inhale,80,12.798935983833,6.2156181487536,-2.8421709430404e-14
inhale,90,12.798935983833,6.4980541765919,1.4495071809506e-12
inhale,110,12.798935983833,6.0624415535677,0
inhale,120,12.798935983833,6.3910308279287,5.3290705182008e-13
inhale,130,12.798935983833,6.7726691328764,4.2632564145606e-14
inhale,140,12.798935983833,5.6800337115754,-7.105427357601e-15
inhale,50,12.822823987694,4.983126411137,-1.335820343229e-12
inhale,60,12.822823987694,5.9256268298617,2.8421709430404e-14
inhale,70,12.822823987694,6.7964530769365,6.3948846218409e-13
inhale,80,12.822823987694,6.2153131756133,2.8421709430404e-14
inhale,90,12.822823987694,6.497595175648,1.4352963262354e-12
inhale,110,12.822823987694,6.061852057947,2.8421709430404e-14
inhale,120,12.822823987694,6.3902003502756,5.5422333389288e-13
inhale,130,12.822823987694,6.7716370270581,2.1316282072803e-14
inhale,140,12.822823987694,5.6791038894236,0
inhale,50,12.846711991556,4.9830544294684,-1.335820343229e-12
inhale,60,12.846711991556,5.9254844267959,0
inhale,70,12.846711991556,6.7961780072166,6.6791017161449e-13
inhale,80,12.846711991556,6.2150090256956,-1.4210854715202e-14
inhale,90,12.846711991556,6.497137431483,1.4495071809506e-12
inhale,110,12.846711991556,6.0612642521565,0
inhale,120,12.846711991556,6.3893723145567,5.3290705182008e-13
inhale,130,12.846711991556,6.7706080036483,5.6843418860808e-14
inhale,140,12.846711991556,5.6781769869268,2.1316282072803e-14
inhale,50,12.870599995418,4.982982643069,-1.3500311979442e-12
inhale,60,12.870599995418,5.925342400696,1.4210854715202e-14
inhale,70,12.870599995418,6.7959036580038,6.3948846218409e-13
inhale,80,12.870599995418,6.2147056955818,1.4210854715202e-14
inhale,90,12.870599995418,6.4966809388185,1.4495071809506e-12
inhale,110,12.870599995418,6.0606781287901,-1.4210854715202e-14
inhale,120,12.870599995418,6.3885467098354,5.6132876125048e-13
inhale,130,12.870599995418,6.7695820486609,4.9737991503207e-14
inhale,140,12.870599995418,5.6772529901508,2.1316282072803e-14
inhale,50,12.89448799928,4.9829110511217,-1.3073986337986e-12
inhale,60,12.89448799928,5.9252007500216,1.4210854715202e-14
inhale,70,12.89448799928,6.7956300263895,6.6791017161449e-13
inhale,80,12.89448799928,6.2144031818732,2.8421709430404e-14
inhale,90,12.89448799928,6.4962256924074,1.4352963262354e-12
inhale,110,12.89448799928,6.0600936804866,0
inhale,120,12.89448799928,6.3877235252429,5.6132876125048e-13
inhale,130,12.89448799928,6.7685591481972,4.9737991503207e-14
inhale,140,12.89448799928,5.6763318852529,-7.105427357601e-15
inhale,50,12.918376003142,4.982839652814,-1.335820343229e-12
inhale,60,12.918376003142,5.9250594732413,-1.4210854715202e-14
inhale,70,12.918376003142,6.7953571094815,6.963318810449e-13
inhale,80,12.918376003142,6.2141014811907,-4.2632564145606e-14
inhale,90,12.918376003142,6.4957716870334,1.4495071809506e-12
inhale,110,12.918376003142,6.05951089993,-1.4210854715202e-14
inhale,120,12.918376003142,6.3869027499776,5.6132876125048e-13
inhale,130,12.918376003142,6.7675392884454,4.2632564145606e-14
inhale,140,12.918376003142,5.6754136584806,1.4210854715202e-14
inhale,50,12.942264007003,4.9827684473383,-1.335820343229e-12
inhale,60,12.942264007003,5.9249185688326,-2.8421709430404e-14
inhale,70,12.942264007003,6.7950849044044,6.821210263297e-13
inhale,80,12.942264007003,6.2138005901754,-1.4210854715202e-14
inhale,90,12.942264007003,6.4953189175107,1.477928890381e-12
inhale,110,12.942264007003,6.0589297798485,-2.8421709430404e-14
inhale,120,12.942264007003,6.3860843733047,5.5422333389288e-13
inhale,130,12.942264007003,6.7665224556795,4.9737991503207e-14
inhale,140,12.942264007003,5.6744982961712,7.105427357601e-15
inhale,50,12.966152010865,4.9826974338918,-1.3642420526594e-12
inhale,60,12.966152010865,5.9247780352817,1.4210854715202e-14
inhale,70,12.966152010865,6.7948134082989,6.2527760746889e-13
inhale,80,12.966152010865,6.2135005054877,1.4210854715202e-14
inhale,90,12.966152010865,6.4948673786842,1.4637180356658e-12
inhale,110,12.966152010865,6.0583503130146,-1.4210854715202e-14
inhale,120,12.966152010865,6.3852683845554,5.6843418860808e-13
inhale,130,12.966152010865,6.7655086362591,4.9737991503207e-14
inhale,140,12.966152010865,5.6735857847513,0
inhale,50,12.990040014727,4.9826266116764,-1.3500311979442e-12
inhale,60,12.990040014727,5.9246378710836,-2.8421709430404e-14
inhale,70,12.990040014727,6.7945426183221,6.6791017161449e-13
inhale,80,12.990040014727,6.2132012238073,4.2632564145606e-14
inhale,90,12.990040014727,6.4944170654288,1.477928890381e-12
inhale,110,12.990040014727,6.0577724922444,2.8421709430404e-14
inhale,120,12.990040014727,6.3844547731265,5.9685589803848e-13
inhale,130,12.990040014727,6.7644978166285,4.2632564145606e-14
inhale,140,12.990040014727,5.6726761107354,-7.105427357601e-15
inhale,50,13.013928018589,4.9825559798988,-1.335820343229e-12
inhale,60,13.013928018589,5.924498074742,1.4210854715202e-14
inhale,70,13.013928018589,6.7942725316473,6.963318810449e-13
inhale,80,13.013928018589,6.2129027418334,-1.4210854715202e-14
inhale,90,13.013928018589,6.4939679726493,1.477928890381e-12
inhale,110,13.013928018589,6.0571963103976,1.4210854715202e-14
inhale,120,13.013928018589,6.3836435284803,5.7553961596568e-13
inhale,130,13.013928018589,6.7634899833159,3.5527136788005e-14
inhale,140,13.013928018589,5.6717692607257,-7.105427357601e-15
inhale,50,13.03781602245,4.9824855377701,-1.3642420526594e-12
inhale,60,13.03781602245,5.9243586447691,4.2632564145606e-14
inhale,70,13.03781602245,6.7940031454637,6.3948846218409e-13
inhale,80,13.03781602245,6.2126050562843,2.8421709430404e-14
inhale,90,13.03781602245,6.4935200952803,1.477928890381e-12
inhale,110,13.03781602245,6.0566217603771,0
inhale,120,13.03781602245,6.3828346401432,5.8264504332328e-13
inhale,130,13.03781602245,6.762485122933,7.105427357601e-14
inhale,140,13.03781602245,5.6708652214111,-7.105427357601e-15
inhale,50,13.061704026312,4.9824152845063,-1.3216094885138e-12
inhale,60,13.061704026312,5.9242195796856,1.4210854715202e-14
inhale,70,13.061704026312,6.7937344569765,6.6791017161449e-13
inhale,80,13.061704026312,6.2123081638972,0
inhale,90,13.061704026312,6.493073428286,1.4495071809506e-12
inhale,110,13.061704026312,6.0560488351282,0
inhale,120,13.061704026312,6.3820280977061,5.4711790653528e-13
inhale,130,13.061704026312,6.7614832221743,4.2632564145606e-14
inhale,140,13.061704026312,5.6699639795669,1.4210854715202e-14
inhale,50,13.085592030174,4.9823452193277,-1.3500311979442e-12
inhale,60,13.085592030174,5.9240808780208,5.6843418860808e-14
inhale,70,13.085592030174,6.7934664634068,6.3948846218409e-13
inhale,80,13.085592030174,6.2120120614282,-2.8421709430404e-14
inhale,90,13.085592030174,6.4926279666596,1.4921397450962e-12
inhale,110,13.085592030174,6.0554775276391,-2.8421709430404e-14
inhale,120,13.085592030174,6.3812238908234,5.6132876125048e-13
inhale,130,13.085592030174,6.7604842678161,6.3948846218409e-14
inhale,140,13.085592030174,5.6690655220534,7.105427357601e-15
inhale,50,13.109480034036,4.9822753414595,-1.3500311979442e-12
inhale,60,13.109480034036,5.9239425383125,1.4210854715202e-14
inhale,70,13.109480034036,6.7931991619912,6.5369931689929e-13
inhale,80,13.109480034036,6.211716745652,-2.8421709430404e-14
inhale,90,13.109480034036,6.4921837054237,1.5205614545266e-12
inhale,110,13.109480034036,6.0549078309397,-1.4210854715202e-14
inhale,120,13.109480034036,6.3804220092125,5.7553961596568e-13
inhale,130,13.109480034036,6.7594882467164,4.2632564145606e-14
inhale,140,13.109480034036,5.6681698358159,0
inhale,50,13.133368037897,4.982205650131,-1.3926637620898e-12
inhale,60,13.133368037897,5.9238045591065,0
inhale,70,13.133368037897,6.7929325499819,6.5369931689929e-13
inhale,80,13.133368037897,6.2114222133621,0
inhale,90,13.133368037897,6.4917406396295,1.5347723092418e-12
inhale,110,13.133368037897,6.0543397381021,1.4210854715202e-14
inhale,120,13.133368037897,6.3796224426535,5.8975047068088e-13
inhale,130,13.133368037897,6.7584951458138,6.3948846218409e-14
inhale,140,13.133368037897,5.6672769078835,0
inhale,50,13.157256041759,4.9821361445764,-1.3500311979442e-12
inhale,60,13.157256041759,5.9236669389572,1.4210854715202e-14
inhale,70,13.157256041759,6.7926666246466,6.6791017161449e-13
inhale,80,13.157256041759,6.2111284613702,-1.4210854715202e-14
inhale,90,13.157256041759,6.4912987643569,1.4921397450962e-12
inhale,110,13.157256041759,6.0537732422395,0
inhale,120,13.157256041759,6.3788251809887,5.9685589803848e-13
inhale,130,13.157256041759,6.757504952127,6.3948846218409e-14
inhale,140,13.157256041759,5.6663867253687,7.105427357601e-15
inhale,50,13.181144045621,4.9820668240338,-1.3500311979442e-12
inhale,60,13.181144045621,5.9235296764265,-1.4210854715202e-14
inhale,70,13.181144045621,6.7924013832672,6.5369931689929e-13
inhale,80,13.181144045621,6.2108354865053,1.4210854715202e-14
inhale,90,13.181144045621,6.4908580747125,1.4637180356658e-12
inhale,110,13.181144045621,6.0532083365042,1.4210854715202e-14
inhale,120,13.181144045621,6.3780302141188,6.1106675275369e-13
inhale,130,13.181144045621,6.7565176527507,4.9737991503207e-14
inhale,140,13.181144045621,5.6654992754632,0
inhale,50,13.205032049483,4.981997687738,-1.3784529073746e-12
inhale,60,13.205032049483,5.9233927700691,-1.4210854715202e-14
inhale,70,13.205032049483,6.7921368231117,6.6791017161449e-13
inhale,80,13.205032049483,6.2105432855815,-1.4210854715202e-14
inhale,90,13.205032049483,6.4904185657822,1.5063505998114e-12
inhale,110,13.205032049483,6.0526450140274,1.4210854715202e-14
inhale,120,13.205032049483,6.3772375319189,5.8975047068088e-13
inhale,130,13.205032049483,6.7555332347511,4.9737991503207e-14
inhale,140,13.205032049483,5.6646145453469,0
inhale,50,13.228920053344,4.9819287349199,-1.3216094885138e-12
inhale,60,13.228920053344,5.9232562184306,-4.2632564145606e-14
inhale,70,13.228920053344,6.7918729414305,6.821210263297e-13
inhale,80,13.228920053344,6.2102518553952,0
inhale,90,13.228920053344,6.4899802326259,1.548983163957e-12
inhale,110,13.228920053344,6.0520832679118,2.8421709430404e-14
inhale,120,13.228920053344,6.3764471242284,6.0396132539609e-13
inhale,130,13.228920053344,6.7545516851541,5.6843418860808e-14
inhale,140,13.228920053344,5.663732522177,0
inhale,50,13.252808057206,4.9818599648142,-1.3642420526594e-12
inhale,60,13.252808057206,5.9231200200641,0
inhale,70,13.252808057206,6.7916097354881,6.821210263297e-13
inhale,80,13.252808057206,6.2099611927591,1.4210854715202e-14
inhale,90,13.252808057206,6.4895430703298,1.548983163957e-12
inhale,110,13.252808057206,6.0515230912986,1.4210854715202e-14
inhale,120,13.252808057206,6.3756589809445,6.1106675275369e-13
inhale,130,13.252808057206,6.75357299106,7.8159700933611e-14
inhale,140,13.252808057206,5.6628531931885,7.105427357601e-15
inhale,50,13.276696061068,4.9817913766603,-1.3073986337986e-12
inhale,60,13.276696061068,5.9229841735312,1.4210854715202e-14
inhale,70,13.276696061068,6.7913472025645,7.389644451905e-13
inhale,80,13.276696061068,6.2096712945046,-1.4210854715202e-14
inhale,90,13.276696061068,6.4891070740088,1.5063505998114e-12
inhale,110,13.276696061068,6.0509644773703,1.4210854715202e-14
inhale,120,13.276696061068,6.374873092026,6.0396132539609e-13
inhale,130,13.276696061068,6.7525971396489,4.9737991503207e-14
inhale,140,13.276696061068,5.6619765456989,7.105427357601e-15
inhale,50,13.30058406493,4.9817229697019,-1.3642420526594e-12
inhale,60,13.30058406493,5.9228486774016,1.4210854715202e-14
inhale,70,13.30058406493,6.7910853399555,6.821210263297e-13
inhale,80,13.30058406493,6.2093821574816,1.4210854715202e-14
inhale,90,13.30058406493,6.4886722388062,1.5347723092418e-12
inhale,110,13.30058406493,6.0504074193506,1.4210854715202e-14
inhale,120,13.30058406493,6.3740894474936,6.0396132539609e-13
inhale,130,13.30058406493,6.7516241181805,4.9737991503207e-14
inhale,140,13.30058406493,5.6611025671078,-7.105427357601e-15
inhale,50,13.324472068791,4.9816547431874,-1.3500311979442e-12
inhale,60,13.324472068791,5.9227135302534,-1.4210854715202e-14
inhale,70,13.324472068791,6.7908241449719,6.821210263297e-13
inhale,80,13.324472068791,6.2090937785583,1.4210854715202e-14
inhale,90,13.324472068791,6.488238559894,1.548983163957e-12
inhale,110,13.324472068791,6.0498519105042,1.4210854715202e-14
inhale,120,13.324472068791,6.3733080374291,6.2527760746889e-13
inhale,130,13.324472068791,6.7506539139929,6.3948846218409e-14
inhale,140,13.324472068791,5.6602312448958,0
inhale,50,13.348360072653,4.9815866963692,-1.3784529073746e-12
inhale,60,13.348360072653,5.9225787306727,0
inhale,70,13.348360072653,6.7905636149399,6.821210263297e-13
inhale,80,13.348360072653,6.2088061546209,0
inhale,90,13.348360072653,6.4878060324721,1.548983163957e-12
inhale,110,13.348360072653,6.0492979441363,0
inhale,120,13.348360072653,6.3725288519747,6.2527760746889e-13
inhale,130,13.348360072653,6.7496865145027,4.2632564145606e-14
inhale,140,13.348360072653,5.6593625666244,-7.105427357601e-15
inhale,50,13.372248076515,4.9815188285045,-1.3784529073746e-12
inhale,60,13.372248076515,5.9224442772538,0
inhale,70,13.372248076515,6.7903037472011,6.6791017161449e-13
inhale,80,13.372248076515,6.2085192825736,1.4210854715202e-14
inhale,90,13.372248076515,6.4873746517683,1.548983163957e-12
inhale,110,13.372248076515,6.0487455135922,-1.4210854715202e-14
inhale,120,13.372248076515,6.3717518813331,6.1817218011129e-13
inhale,130,13.372248076515,6.7487219072037,4.9737991503207e-14
inhale,140,13.372248076515,5.6584965199348,0
inhale,50,13.396136080377,4.9814511388544,-1.3926637620898e-12
inhale,60,13.396136080377,5.9223101685991,2.8421709430404e-14
inhale,70,13.396136080377,6.7900445391117,6.963318810449e-13
inhale,80,13.396136080377,6.2082331593388,-7.105427357601e-14
inhale,90,13.396136080377,6.4869444130384,1.5347723092418e-12
inhale,110,13.396136080377,6.0481946122573,0
inhale,120,13.396136080377,6.3709771157664,6.5369931689929e-13
inhale,130,13.396136080377,6.7477600796666,2.8421709430404e-14
inhale,140,13.396136080377,5.6576330925474,0
inhale,50,13.420024084239,4.9813836266846,-1.335820343229e-12
inhale,60,13.420024084239,5.9221764033188,0
inhale,70,13.420024084239,6.7897859880432,7.247535904753e-13
inhale,80,13.420024084239,6.2079477818561,1.4210854715202e-14
inhale,90,13.420024084239,6.4865153115656,1.548983163957e-12
inhale,110,13.420024084239,6.0476452335567,1.4210854715202e-14
inhale,120,13.420024084239,6.3702045455961,6.5369931689929e-13
inhale,130,13.420024084239,6.7468010195384,4.9737991503207e-14
inhale,140,13.420024084239,5.6567722722615,7.105427357601e-15
inhale,50,13.4439120881,4.9813162912651,-1.3500311979442e-12
inhale,60,13.4439120881,5.9220429800312,-2.8421709430404e-14
inhale,70,13.4439120881,6.7895280913818,6.963318810449e-13
inhale,80,13.4439120881,6.2076631470833,2.8421709430404e-14
inhale,90,13.4439120881,6.4860873426603,1.548983163957e-12
inhale,110,13.4439120881,6.0470973709545,0
inhale,120,13.4439120881,6.3694341612024,6.0396132539609e-13
inhale,130,13.4439120881,6.7458447145419,7.105427357601e-14
inhale,140,13.4439120881,5.6559140469542,0
inhale,50,13.467800091962,4.9812491318698,-1.3784529073746e-12
inhale,60,13.467800091962,5.9219098973625,1.4210854715202e-14
inhale,70,13.467800091962,6.7892708465284,6.821210263297e-13
inhale,80,13.467800091962,6.2073792519951,1.4210854715202e-14
inhale,90,13.467800091962,6.4856605016602,1.548983163957e-12
inhale,110,13.467800091962,6.0465510179541,2.8421709430404e-14
inhale,120,13.467800091962,6.3686659530238,6.3948846218409e-13
inhale,130,13.467800091962,6.7448911524749,4.2632564145606e-14
inhale,140,13.467800091962,5.6550584045799,7.105427357601e-15
inhale,50,13.491688095824,4.9811821477771,-1.3642420526594e-12
inhale,60,13.491688095824,5.9217771539466,0
inhale,70,13.491688095824,6.7890142508984,6.6791017161449e-13
inhale,80,13.491688095824,6.207096093584,-1.4210854715202e-14
inhale,90,13.491688095824,6.4852347839297,1.5916157281026e-12
inhale,110,13.491688095824,6.0460061680976,1.4210854715202e-14
inhale,120,13.491688095824,6.3678999115566,6.4659388954169e-13
inhale,130,13.491688095824,6.7439403212098,5.6843418860808e-14
inhale,140,13.491688095824,5.65420533317,-1.4210854715202e-14
inhale,50,13.515576099686,4.9811153382696,-1.3784529073746e-12
inhale,60,13.515576099686,5.9216447484251,-1.4210854715202e-14
inhale,70,13.515576099686,6.788758301922,6.5369931689929e-13
inhale,80,13.515576099686,6.2068136688595,-1.4210854715202e-14
inhale,90,13.515576099686,6.4848101848601,1.620037437533e-12
inhale,110,13.515576099686,6.0454628149653,0
inhale,120,13.515576099686,6.3671360273547,6.5369931689929e-13
inhale,130,13.515576099686,6.7429922086927,5.6843418860808e-14
inhale,140,13.515576099686,5.6533548208317,-2.1316282072803e-14
inhale,50,13.539464103547,4.9810487026337,-1.3500311979442e-12
inhale,60,13.539464103547,5.9215126794474,-2.8421709430404e-14
inhale,70,13.539464103547,6.7885029970435,6.6791017161449e-13
inhale,80,13.539464103547,6.2065319748483,0
inhale,90,13.539464103547,6.4843866998691,1.5774048733874e-12
inhale,110,13.539464103547,6.044920952176,1.4210854715202e-14
inhale,120,13.539464103547,6.3663742910287,6.3948846218409e-13
inhale,130,13.539464103547,6.7420468029432,4.9737991503207e-14
inhale,140,13.539464103547,5.6525068557479,-7.105427357601e-15
inhale,50,13.563352107409,4.9809822401603,-1.3784529073746e-12
inhale,60,13.563352107409,5.9213809456707,1.4210854715202e-14
inhale,70,13.563352107409,6.7882483337215,6.963318810449e-13
inhale,80,13.563352107409,6.2062510085939,0
inhale,90,13.563352107409,6.4839643244008,1.5916157281026e-12
inhale,110,13.563352107409,6.0443805733859,-1.4210854715202e-14
inhale,120,13.563352107409,6.3656146932461,6.6791017161449e-13
inhale,130,13.563352107409,6.7411040920538,4.9737991503207e-14
inhale,140,13.563352107409,5.6516614261762,7.105427357601e-15
inhale,50,13.587240111271,4.9809159501441,-1.3642420526594e-12
inhale,60,13.587240111271,5.9212495457593,0
inhale,70,13.587240111271,6.7879943094291,6.963318810449e-13
inhale,80,13.587240111271,6.2059707671568,0
inhale,90,13.587240111271,6.4835430539254,1.5916157281026e-12
inhale,110,13.587240111271,6.0438416722891,1.4210854715202e-14
inhale,120,13.587240111271,6.36485722473,6.750155989721e-13
inhale,130,13.587240111271,6.740164064189,4.9737991503207e-14
inhale,140,13.587240111271,5.6508185204486,1.4210854715202e-14
inhale,50,13.611128115133,4.9808498318841,-1.3642420526594e-12
inhale,60,13.611128115133,5.9211184783856,0
inhale,70,13.611128115133,6.7877409216532,6.6791017161449e-13
inhale,80,13.611128115133,6.2056912476141,-5.6843418860808e-14
inhale,90,13.611128115133,6.483122883939,1.6058265828178e-12
inhale,110,13.611128115133,6.0433042426169,0
inhale,120,13.611128115133,6.3641018762596,6.6791017161449e-13
inhale,130,13.611128115133,6.7392267075851,5.6843418860808e-14
inhale,140,13.611128115133,5.6499781269709,-7.105427357601e-15
inhale,50,13.635016118994,4.980783884683,-1.3216094885138e-12
inhale,60,13.635016118994,5.9209877422291,-1.4210854715202e-14
inhale,70,13.635016118994,6.7874881678946,6.963318810449e-13
inhale,80,13.635016118994,6.2054124470597,1.4210854715202e-14
inhale,90,13.635016118994,6.4827038099634,1.620037437533e-12
inhale,110,13.635016118994,6.0427682781374,2.8421709430404e-14
inhale,120,13.635016118994,6.3633486386691,6.750155989721e-13
inhale,130,13.635016118994,6.7382920105495,3.5527136788005e-14
inhale,140,13.635016118994,5.6491402342217,7.105427357601e-15
inhale,50,13.658904122856,4.9807181078478,-1.3216094885138e-12
inhale,60,13.658904122856,5.9208573359768,0
inhale,70,13.658904122856,6.7872360456683,6.963318810449e-13
inhale,80,13.658904122856,6.2051343626036,1.4210854715202e-14
inhale,90,13.658904122856,6.482285827546,1.5774048733874e-12
inhale,110,13.658904122856,6.0422337726555,-1.4210854715202e-14
inhale,120,13.658904122856,6.3625975028476,6.6791017161449e-13
inhale,130,13.658904122856,6.7373599614601,3.5527136788005e-14
inhale,140,13.658904122856,5.6483048307524,1.4210854715202e-14
inhale,50,13.682792126718,4.9806525006892,-1.3500311979442e-12
inhale,60,13.682792126718,5.9207272583231,0
inhale,70,13.682792126718,6.7869845525029,7.247535904753e-13
inhale,80,13.682792126718,6.2048569913725,-1.4210854715202e-14
inhale,90,13.682792126718,6.4818689322595,1.620037437533e-12
inhale,110,13.682792126718,6.0417007200127,0
inhale,120,13.682792126718,6.3618484597386,6.6080474425689e-13
inhale,130,13.682792126718,6.7364305487649,4.9737991503207e-14
inhale,140,13.682792126718,5.647471905186,2.8421709430404e-14
inhale,50,13.70668013058,4.980587062522,-1.3216094885138e-12
inhale,60,13.70668013058,5.9205975079697,5.6843418860808e-14
inhale,70,13.70668013058,6.7867336859407,6.963318810449e-13
inhale,80,13.70668013058,6.2045803305092,-4.2632564145606e-14
inhale,90,13.70668013058,6.4814531197019,1.6058265828178e-12
inhale,110,13.70668013058,6.0411691140864,0
inhale,120,13.70668013058,6.3611015003395,6.5369931689929e-13
inhale,130,13.70668013058,6.7355037609812,4.2632564145606e-14
inhale,140,13.70668013058,5.6466414462172,0
inhale,50,13.730568134441,4.9805217926649,-1.3642420526594e-12
inhale,60,13.730568134441,5.9204680836255,-2.8421709430404e-14
inhale,70,13.730568134441,6.7864834435374,7.105427357601e-13
inhale,80,13.730568134441,6.2043043771725,-1.4210854715202e-14
inhale,90,13.730568134441,6.4810383854961,1.6342482922482e-12
inhale,110,13.730568134441,6.0406389487901,1.4210854715202e-14
inhale,120,13.730568134441,6.3603566157013,6.6080474425689e-13
inhale,130,13.730568134441,6.7345795866956,7.105427357601e-14
inhale,140,13.730568134441,5.6458134426112,-7.105427357601e-15
inhale,50,13.754456138303,4.9804566904404,-1.3216094885138e-12
inhale,60,13.754456138303,5.9203389840068,0
inhale,70,13.754456138303,6.7862338228626,7.105427357601e-13
inhale,80,13.754456138303,6.2040291285374,-1.4210854715202e-14
inhale,90,13.754456138303,6.4806247252897,1.6626700016786e-12
inhale,110,13.754456138303,6.0401102180726,-1.4210854715202e-14
inhale,120,13.754456138303,6.3596137969282,6.892264536873e-13
inhale,130,13.754456138303,6.7336580145627,4.2632564145606e-14
inhale,140,13.754456138303,5.6449878832037,7.105427357601e-15
inhale,50,13.778344142165,4.9803917551747,-1.3784529073746e-12
inhale,60,13.778344142165,5.9202102078368,5.6843418860808e-14
inhale,70,13.778344142165,6.7859848214989,6.963318810449e-13
inhale,80,13.778344142165,6.2037545817946,0
inhale,90,13.778344142165,6.4802121347551,1.620037437533e-12
inhale,110,13.778344142165,6.0395829159184,1.4210854715202e-14
inhale,120,13.778344142165,6.3588730351772,6.963318810449e-13
inhale,130,13.778344142165,6.7327390333053,3.5527136788005e-14
inhale,140,13.778344142165,5.6441647568997,-2.8421709430404e-14
inhale,50,13.802232146027,4.9803269861982,-1.3926637620898e-12
inhale,60,13.802232146027,5.9200817538459,1.4210854715202e-14
inhale,70,13.802232146027,6.7857364370425,6.821210263297e-13
inhale,80,13.802232146027,6.2034807341507,1.4210854715202e-14
inhale,90,13.802232146027,6.4798006095892,1.6058265828178e-12
inhale,110,13.802232146027,6.0390570363469,0
inhale,120,13.802232146027,6.3581343216575,6.892264536873e-13
inhale,130,13.802232146027,6.7318226317135,5.6843418860808e-14
inhale,140,13.802232146027,5.6433440526737,-1.4210854715202e-14
inhale,50,13.826120149888,4.9802623828447,-1.3926637620898e-12
inhale,60,13.826120149888,5.9199536207716,-1.4210854715202e-14
inhale,70,13.826120149888,6.7854886671024,6.963318810449e-13
inhale,80,13.826120149888,6.2032075828279,-2.8421709430404e-14
inhale,90,13.826120149888,6.4793901455128,1.6342482922482e-12
inhale,110,13.826120149888,6.0385325734123,2.8421709430404e-14
inhale,120,13.826120149888,6.3573976476304,6.821210263297e-13
inhale,130,13.826120149888,6.7309087986442,5.6843418860808e-14
inhale,140,13.826120149888,5.6425257595684,-1.4210854715202e-14
inhale,50,13.85000815375,4.9801979444519,-1.3642420526594e-12
inhale,60,13.85000815375,5.9198258073584,-1.4210854715202e-14
inhale,70,13.85000815375,6.7852415093012,7.105427357601e-13
inhale,80,13.85000815375,6.2029351250638,2.8421709430404e-14
inhale,90,13.85000815375,6.4789807382711,1.6058265828178e-12
inhale,110,13.85000815375,6.0380095212034,4.2632564145606e-14
inhale,120,13.85000815375,6.3566630044087,7.247535904753e-13
inhale,130,13.85000815375,6.7299975230208,5.6843418860808e-14
inhale,140,13.85000815375,5.6417098666949,7.105427357601e-15
inhale,50,13.873896157612,4.9801336703614,-1.3784529073746e-12
inhale,60,13.873896157612,5.9196983123576,2.8421709430404e-14
inhale,70,13.873896157612,6.7849949612741,6.821210263297e-13
inhale,80,13.873896157612,6.2026633581117,-1.4210854715202e-14
inhale,90,13.873896157612,6.4785723836333,1.6342482922482e-12
inhale,110,13.873896157612,6.0374878738432,0
inhale,120,13.873896157612,6.3559303833564,7.176481631177e-13
inhale,130,13.873896157612,6.7290887938323,6.3948846218409e-14
inhale,140,13.873896157612,5.6408963632314,7.105427357601e-15
inhale,50,13.897784161474,4.9800695599182,-1.3784529073746e-12
inhale,60,13.897784161474,5.9195711345276,-1.4210854715202e-14
inhale,70,13.897784161474,6.7847490206694,6.821210263297e-13
inhale,80,13.897784161474,6.2023922792399,4.2632564145606e-14
inhale,90,13.897784161474,6.478165077392,1.6626700016786e-12
inhale,110,13.897784161474,6.0369676254889,1.4210854715202e-14
inhale,120,13.897784161474,6.3551997758883,7.105427357601e-13
inhale,130,13.897784161474,6.7281826001334,8.5265128291212e-14
inhale,140,13.897784161474,5.6400852384234,-1.4210854715202e-14
inhale,50,13.921672165336,4.9800056124713,-1.3926637620898e-12
inhale,60,13.921672165336,5.9194442726335,1.4210854715202e-14
inhale,70,13.921672165336,6.7845036851482,7.389644451905e-13
inhale,80,13.921672165336,6.2021218857321,0
inhale,90,13.921672165336,6.4777588153635,1.6484591469634e-12
inhale,110,13.921672165336,6.0364487703314,1.4210854715202e-14
inhale,120,13.921672165336,6.3544711734696,7.034373084025e-13
inhale,130,13.921672165336,6.7272789310434,4.9737991503207e-14
inhale,140,13.921672165336,5.6392764815825,-7.105427357601e-15
inhale,50,13.945560169197,4.979941827373,-1.3784529073746e-12
inhale,60,13.945560169197,5.9193177254472,0
inhale,70,13.945560169197,6.7842589523844,7.389644451905e-13
inhale,80,13.945560169197,6.201852174887,1.4210854715202e-14
inhale,90,13.945560169197,6.4773535933878,1.6484591469634e-12
inhale,110,13.945560169197,6.0359313025951,1.4210854715202e-14
inhale,120,13.945560169197,6.3537445676156,7.105427357601e-13
inhale,130,13.945560169197,6.726377775746,6.3948846218409e-14
inhale,140,13.945560169197,5.6384700820864,0
inhale,50,13.969448173059,4.9798782039794,-1.3784529073746e-12
inhale,60,13.969448173059,5.9191914917475,-2.8421709430404e-14
inhale,70,13.969448173059,6.7840148200645,6.963318810449e-13
inhale,80,13.969448173059,6.2015831440184,0
inhale,90,13.969448173059,6.4769494073276,1.6768808563938e-12
inhale,110,13.969448173059,6.0354152165378,-2.8421709430404e-14
inhale,120,13.969448173059,6.3530199498911,7.176481631177e-13
inhale,130,13.969448173059,6.7254791234889,7.105427357601e-14
inhale,140,13.969448173059,5.6376660293782,-7.105427357601e-15
inhale,50,13.993336176921,4.9798147416504,-1.4210854715202e-12
inhale,60,13.993336176921,5.9190655703198,2.8421709430404e-14
inhale,70,13.993336176921,6.7837712858874,7.105427357601e-13
inhale,80,13.993336176921,6.2013147904549,1.4210854715202e-14
inhale,90,13.993336176921,6.4765462530691,1.6484591469634e-12
inhale,110,13.993336176921,6.0349005064503,-1.4210854715202e-14
inhale,120,13.993336176921,6.3522973119103,7.176481631177e-13
inhale,130,13.993336176921,6.7245829635832,4.2632564145606e-14
inhale,140,13.993336176921,5.6368643129658,7.105427357601e-15
inhale,50,14.017224180783,4.979751439749,-1.3500311979442e-12
inhale,60,14.017224180783,5.9189399599561,-1.4210854715202e-14
inhale,70,14.017224180783,6.7835283475647,7.6738615462091e-13
inhale,80,14.017224180783,6.2010471115397,0
inhale,90,14.017224180783,6.4761441265211,1.691091711109e-12
inhale,110,14.017224180783,6.0343871666561,-1.4210854715202e-14
inhale,120,14.017224180783,6.3515766453365,7.5317529990571e-13
inhale,130,14.017224180783,6.7236892854028,7.105427357601e-14
inhale,140,14.017224180783,5.6360649224216,1.4210854715202e-14
inhale,50,14.041112184644,4.9796882976423,-1.3500311979442e-12
inhale,60,14.041112184644,5.918814659455,-1.4210854715202e-14
inhale,70,14.041112184644,6.7832860028203,6.963318810449e-13
inhale,80,14.041112184644,6.2007801046309,0
inhale,90,14.041112184644,6.4757430236154,1.6484591469634e-12
inhale,110,14.041112184644,6.0338751915114,-1.4210854715202e-14
inhale,120,14.041112184644,6.3508579418811,7.247535904753e-13
inhale,130,14.041112184644,6.7227980783841,7.105427357601e-14
inhale,140,14.041112184644,5.6352678473816,-7.105427357601e-15
inhale,50,14.065000188506,4.9796253147003,-1.3784529073746e-12
inhale,60,14.065000188506,5.918689667622,-1.4210854715202e-14
inhale,70,14.065000188506,6.7830442493904,7.105427357601e-13
inhale,80,14.065000188506,6.2005137671011,0
inhale,90,14.065000188506,6.4753429403062,1.6768808563938e-12
inhale,110,14.065000188506,6.0333645754047,-1.4210854715202e-14
inhale,120,14.065000188506,6.3501411933041,7.247535904753e-13
inhale,130,14.065000188506,6.7219093320257,7.105427357601e-14
inhale,140,14.065000188506,5.6344730775455,-1.4210854715202e-14
inhale,50,14.088888192368,4.9795624902971,-1.3784529073746e-12
inhale,60,14.088888192368,5.9185649832685,0
inhale,70,14.088888192368,6.7828030850234,7.389644451905e-13
inhale,80,14.088888192368,6.2002480963373,0
inhale,90,14.088888192368,6.47494387257,1.691091711109e-12
inhale,110,14.088888192368,6.0328553127564,4.2632564145606e-14
inhale,120,14.088888192368,6.3494263914132,7.318590178329e-13
inhale,130,14.088888192368,6.7210230358873,3.5527136788005e-14
inhale,140,14.088888192368,5.6336806026756,0
inhale,50,14.11277619623,4.9794998238099,-1.406874616805e-12
inhale,60,14.11277619623,5.918440605213,-2.8421709430404e-14
inhale,70,14.11277619623,6.7825625074797,7.389644451905e-13
inhale,80,14.11277619623,6.199983089741,1.4210854715202e-14
inhale,90,14.11277619623,6.4745458164058,1.6626700016786e-12
inhale,110,14.11277619623,6.032347398019,2.8421709430404e-14
inhale,120,14.11277619623,6.3487135280636,7.6028072726331e-13
inhale,130,14.11277619623,6.7201391795902,6.3948846218409e-14
inhale,140,14.11277619623,5.6328904125968,-7.105427357601e-15
inhale,50,14.136664200091,4.9794373146195,-1.3784529073746e-12
inhale,60,14.136664200091,5.9183165322799,-1.4210854715202e-14
inhale,70,14.136664200091,6.782322514532,7.105427357601e-13
inhale,80,14.136664200091,6.1997187447276,0
inhale,90,14.136664200091,6.4741487678346,1.691091711109e-12
inhale,110,14.136664200091,6.0318408256764,-1.4210854715202e-14
inhale,120,14.136664200091,6.3480025951575,7.4606987254811e-13
inhale,130,14.136664200091,6.7192577528158,5.6843418860808e-14
inhale,140,14.136664200091,5.6321024971957,-7.105427357601e-15
inhale,50,14.160552203953,4.9793749621099,-1.3642420526594e-12
inhale,60,14.160552203953,5.9181927633004,4.2632564145606e-14
inhale,70,14.160552203953,6.7820831039647,7.247535904753e-13
inhale,80,14.160552203953,6.199455058727,4.2632564145606e-14
inhale,90,14.160552203953,6.4737527228992,1.7337242752546e-12
inhale,110,14.160552203953,6.0313355902441,1.4210854715202e-14
inhale,120,14.160552203953,6.3472935846441,7.5317529990571e-13
inhale,130,14.160552203953,6.7183787453059,5.6843418860808e-14
inhale,140,14.160552203953,5.6313168464206,-7.105427357601e-15
inhale,50,14.184440207815,4.9793127656689,-1.3784529073746e-12
inhale,60,14.184440207815,5.9180692971117,0
inhale,70,14.184440207815,6.7818442735742,7.105427357601e-13
inhale,80,14.184440207815,6.199192029183,1.4210854715202e-14
inhale,90,14.184440207815,6.4733576776643,1.691091711109e-12
inhale,110,14.184440207815,6.0308316862685,1.4210854715202e-14
inhale,120,14.184440207815,6.3465864885188,7.6738615462091e-13
inhale,130,14.184440207815,6.7175021468621,6.3948846218409e-14
inhale,140,14.184440207815,5.6305334502805,0
inhale,50,14.208328211677,4.9792507246872,-1.3784529073746e-12
inhale,60,14.208328211677,5.9179461325575,1.4210854715202e-14
inhale,70,14.208328211677,6.7816060211686,7.247535904753e-13
inhale,80,14.208328211677,6.1989296535533,2.8421709430404e-14
inhale,90,14.208328211677,6.4729636282163,1.7337242752546e-12
inhale,110,14.208328211677,6.0303291083271,1.4210854715202e-14
inhale,120,14.208328211677,6.3458812988233,7.7449158197851e-13
inhale,130,14.208328211677,6.7166279473452,9.2370555648813e-14
inhale,140,14.208328211677,5.629752298845,1.4210854715202e-14
inhale,50,14.232216215538,4.9791888385591,-1.3926637620898e-12
inhale,60,14.232216215538,5.9178232684876,-1.4210854715202e-14
inhale,70,14.232216215538,6.7813683445679,7.105427357601e-13
inhale,80,14.232216215538,6.1986679293097,0
inhale,90,14.232216215538,6.4725705706628,1.7053025658242e-12
inhale,110,14.232216215538,6.0298278510281,0
inhale,120,14.232216215538,6.345178007645,7.6738615462091e-13
inhale,130,14.232216215538,6.7157561366746,7.8159700933611e-14
inhale,140,14.232216215538,5.6289733822438,-7.105427357601e-15
inhale,50,14.2561042194,4.9791271066823,-1.3926637620898e-12
inhale,60,14.2561042194,5.9177007037582,0
inhale,70,14.2561042194,6.7811312416035,7.105427357601e-13
inhale,80,14.2561042194,6.1984068539374,0
inhale,90,14.2561042194,6.4721785011329,1.7337242752546e-12
inhale,110,14.2561042194,6.02932790901,0
inhale,120,14.2561042194,6.3444766071167,7.6738615462091e-13
inhale,130,14.2561042194,6.7148867048285,7.8159700933611e-14
inhale,140,14.2561042194,5.628196690666,-7.105427357601e-15
inhale,50,14.279992223262,4.9790655284577,-1.406874616805e-12
inhale,60,14.279992223262,5.9175784372314,-4.2632564145606e-14
inhale,70,14.279992223262,6.7808947101185,6.963318810449e-13
inhale,80,14.279992223262,6.1981464249354,0
inhale,90,14.279992223262,6.4717874157769,1.7337242752546e-12
inhale,110,14.279992223262,6.0288292769419,1.4210854715202e-14
inhale,120,14.279992223262,6.3437770894162,7.6028072726331e-13
inhale,130,14.279992223262,6.7140196418428,7.105427357601e-14
inhale,140,14.279992223262,5.6274222143598,1.4210854715202e-14
inhale,50,14.303880227124,4.9790041032894,-1.406874616805e-12
inhale,60,14.303880227124,5.9174564677756,0
inhale,70,14.303880227124,6.7806587479673,7.247535904753e-13
inhale,80,14.303880227124,6.1978866398164,1.4210854715202e-14
inhale,90,14.303880227124,6.4713973107661,1.7479351299698e-12
inhale,110,14.303880227124,6.0283319495225,-1.4210854715202e-14
inhale,120,14.303880227124,6.3430794467661,7.6738615462091e-13
inhale,130,14.303880227124,6.7131549378109,7.105427357601e-14
inhale,140,14.303880227124,5.6266499436322,2.8421709430404e-14
inhale,50,14.327768230985,4.9789428305848,-1.3642420526594e-12
inhale,60,14.327768230985,5.9173347942653,-1.4210854715202e-14
inhale,70,14.327768230985,6.7804233530158,6.963318810449e-13
inhale,80,14.327768230985,6.1976274961064,1.4210854715202e-14
inhale,90,14.327768230985,6.4710081822925,1.691091711109e-12
inhale,110,14.327768230985,6.0278359214807,4.2632564145606e-14
inhale,120,14.327768230985,6.3423836714336,7.7449158197851e-13
inhale,130,14.327768230985,6.7122925828835,4.9737991503207e-14
inhale,140,14.327768230985,5.6258798688483,-7.105427357601e-15
inhale,50,14.351656234847,4.9788817097547,-1.3642420526594e-12
inhale,60,14.351656234847,5.9172134155807,0
inhale,70,14.351656234847,6.7801885231413,6.963318810449e-13
inhale,80,14.351656234847,6.1973689913447,-1.4210854715202e-14
inhale,90,14.351656234847,6.470620026569,1.7337242752546e-12
inhale,110,14.351656234847,6.0273411875748,-1.4210854715202e-14
inhale,120,14.351656234847,6.3416897557298,7.7449158197851e-13
inhale,130,14.351656234847,6.7114325672679,7.105427357601e-14
inhale,140,14.351656234847,5.625111980431,0
inhale,50,14.375544238709,4.9788207402128,-1.3500311979442e-12
inhale,60,14.375544238709,5.9170923306084,0
inhale,70,14.375544238709,6.779954256232,7.6738615462091e-13
inhale,80,14.375544238709,6.1971111230842,4.2632564145606e-14
inhale,90,14.375544238709,6.470232839829,1.7763568394003e-12
inhale,110,14.375544238709,6.0268477425925,2.8421709430404e-14
inhale,120,14.375544238709,6.3409976920096,8.1001871876651e-13
inhale,130,14.375544238709,6.7105748812276,7.8159700933611e-14
inhale,140,14.375544238709,5.6243462688605,-7.105427357601e-15
inhale,50,14.399432242571,4.9787599213762,-1.3926637620898e-12
inhale,60,14.399432242571,5.9169715382408,-1.4210854715202e-14
inhale,70,14.399432242571,6.7797205501877,7.389644451905e-13
inhale,80,14.399432242571,6.1968538888906,1.4210854715202e-14
inhale,90,14.399432242571,6.4698466183264,1.7053025658242e-12
inhale,110,14.399432242571,6.0263555813507,0
inhale,120,14.399432242571,6.3403074726714,7.7449158197851e-13
inhale,130,14.399432242571,6.7097195150821,6.3948846218409e-14
inhale,140,14.399432242571,5.6235827246738,0
inhale,50,14.423320246433,4.9786992526652,-1.3926637620898e-12
inhale,60,14.423320246433,5.916851037376,-2.8421709430404e-14
inhale,70,14.423320246433,6.779487402919,7.389644451905e-13
inhale,80,14.423320246433,6.1965972863429,-1.4210854715202e-14
inhale,90,14.423320246433,6.4694613583352,1.7337242752546e-12
inhale,110,14.423320246433,6.0258646986953,-1.4210854715202e-14
inhale,120,14.423320246433,6.3396190901568,7.8870243669371e-13
inhale,130,14.423320246433,6.7088664592064,8.5265128291212e-14
inhale,140,14.423320246433,5.6228213384645,-7.105427357601e-15
inhale,50,14.447208250294,4.978638733503,-1.3926637620898e-12
inhale,60,14.447208250294,5.9167308269183,0
inhale,70,14.447208250294,6.7792548123474,7.105427357601e-13
inhale,80,14.447208250294,6.1963413130331,0
inhale,90,14.447208250294,6.4690770561499,1.7479351299698e-12
inhale,110,14.447208250294,6.025375089501,2.8421709430404e-14
inhale,120,14.447208250294,6.3389325369501,8.0291329140891e-13
inhale,130,14.447208250294,6.7080157040303,7.8159700933611e-14
inhale,140,14.447208250294,5.6220621008822,2.1316282072803e-14
inhale,50,14.471096254156,4.9785783633162,-1.3642420526594e-12
inhale,60,14.471096254156,5.9166109057776,2.8421709430404e-14
inhale,70,14.471096254156,6.7790227764056,7.389644451905e-13
inhale,80,14.471096254156,6.1960859665661,-2.8421709430404e-14
inhale,90,14.471096254156,6.4686937080845,1.7763568394003e-12
inhale,110,14.471096254156,6.024886748671,0
inhale,120,14.471096254156,6.3382478055784,8.1712414612412e-13
inhale,130,14.471096254156,6.7071672400385,6.3948846218409e-14
inhale,140,14.471096254156,5.6213050026318,7.105427357601e-15
inhale,50,14.494984258018,4.9785181415342,-1.3784529073746e-12
inhale,60,14.494984258018,5.9164912728696,1.4210854715202e-14
inhale,70,14.494984258018,6.7787912930369,7.247535904753e-13
inhale,80,14.494984258018,6.1958312445595,1.4210854715202e-14
inhale,90,14.494984258018,6.4683113104734,1.7479351299698e-12
inhale,110,14.494984258018,6.0243996711369,1.4210854715202e-14
inhale,120,14.494984258018,6.3375648886107,8.2422957348172e-13
inhale,130,14.494984258018,6.7063210577698,6.3948846218409e-14
inhale,140,14.494984258018,5.6205500344739,7.105427357601e-15
inhale,50,14.51887226188,4.9784580675898,-1.3642420526594e-12
inhale,60,14.51887226188,5.9163719271159,1.4210854715202e-14
inhale,70,14.51887226188,6.7785603601957,7.105427357601e-13
inhale,80,14.51887226188,6.1955771446437,-1.4210854715202e-14
inhale,90,14.51887226188,6.4679298596704,1.7479351299698e-12
inhale,110,14.51887226188,6.0239138518583,1.4210854715202e-14
inhale,120,14.51887226188,6.336883778658,8.1001871876651e-13
inhale,130,14.51887226188,6.705477147817,9.9475983006414e-14
inhale,140,14.51887226188,5.6197971872235,-7.105427357601e-15
inhale,50,14.542760265741,4.9783981409186,-1.406874616805e-12
inhale,60,14.542760265741,5.9162528674435,1.4210854715202e-14
inhale,70,14.542760265741,6.7783299758467,7.389644451905e-13
inhale,80,14.542760265741,6.1953236644619,0
inhale,90,14.542760265741,6.4675493520489,1.8332002582611e-12
inhale,110,14.542760265741,6.0234292858228,-1.4210854715202e-14
inhale,120,14.542760265741,6.336204468373,7.9580786405131e-13
inhale,130,14.542760265741,6.7046355008262,7.105427357601e-14
inhale,140,14.542760265741,5.6190464517499,0
inhale,50,14.566648269603,4.9783383609594,-1.3642420526594e-12
inhale,60,14.566648269603,5.9161340927854,-1.4210854715202e-14
inhale,70,14.566648269603,6.7781001379655,7.6738615462091e-13
inhale,80,14.566648269603,6.1950708016696,1.4210854715202e-14
inhale,90,14.566648269603,6.4671697840019,1.7905676941155e-12
inhale,110,14.566648269603,6.022945968046,-2.8421709430404e-14
inhale,120,14.566648269603,6.3355269504498,8.1001871876651e-13
inhale,130,14.566648269603,6.7037961074967,5.6843418860808e-14
inhale,140,14.566648269603,5.6182978189766,0
inhale,50,14.590536273465,4.9782787271538,-1.3784529073746e-12
inhale,60,14.590536273465,5.91601560208,0
inhale,70,14.590536273465,6.7778708445381,7.389644451905e-13
inhale,80,14.590536273465,6.1948185539349,1.4210854715202e-14
inhale,90,14.590536273465,6.4667911519416,1.7763568394003e-12
inhale,110,14.590536273465,6.0224638935708,0
inhale,120,14.590536273465,6.3348512176231,8.3133500083932e-13
inhale,130,14.590536273465,6.7029589585804,5.6843418860808e-14
inhale,140,14.590536273465,5.6175512798804,7.105427357601e-15
inhale,50,14.614424277327,4.9782192389466,-1.406874616805e-12
inhale,60,14.614424277327,5.9158973942715,2.8421709430404e-14
inhale,70,14.614424277327,6.7776420935613,7.6738615462091e-13
inhale,80,14.614424277327,6.1945669189384,0
inhale,90,14.614424277327,6.4664134522995,1.7479351299698e-12
inhale,110,14.614424277327,6.0219830574675,-1.4210854715202e-14
inhale,120,14.614424277327,6.3341772626689,8.1001871876651e-13
inhale,130,14.614424277327,6.7021240448817,7.105427357601e-14
inhale,140,14.614424277327,5.6168068254915,-7.105427357601e-15
inhale,50,14.638312281188,4.9781598957855,-1.3642420526594e-12
inhale,60,14.638312281188,5.9157794683093,0
inhale,70,14.638312281188,6.7774138830418,7.247535904753e-13
inhale,80,14.638312281188,6.1943158943727,2.8421709430404e-14
inhale,90,14.638312281188,6.466036681526,1.7763568394003e-12
inhale,110,14.638312281188,6.0215034548335,0
inhale,120,14.638312281188,6.3335050784031,8.1001871876651e-13
inhale,130,14.638312281188,6.7012913572567,8.5265128291212e-14
inhale,140,14.638312281188,5.6160644468925,-2.1316282072803e-14
inhale,50,14.66220028505,4.9781006971211,-1.3784529073746e-12
inhale,60,14.66220028505,5.9156618231486,-4.2632564145606e-14
inhale,70,14.66220028505,6.7771862109971,7.5317529990571e-13
inhale,80,14.66220028505,6.194065477943,2.8421709430404e-14
inhale,90,14.66220028505,6.4656608360905,1.7905676941155e-12
inhale,110,14.66220028505,6.0210250807934,0
inhale,120,14.66220028505,6.332834657682,8.4554585555452e-13
inhale,130,14.66220028505,6.7004608866133,8.5265128291212e-14
inhale,140,14.66220028505,5.6153241352185,7.105427357601e-15
inhale,50,14.686088288912,4.978041642407,-1.3926637620898e-12
inhale,60,14.686088288912,5.91554445775,1.4210854715202e-14
inhale,70,14.686088288912,6.7769590754548,7.6738615462091e-13
inhale,80,14.686088288912,6.1938156673662,-1.4210854715202e-14
inhale,90,14.686088288912,6.4652859124813,1.8332002582611e-12
inhale,110,14.686088288912,6.0205479304983,-2.8421709430404e-14
inhale,120,14.686088288912,6.3321659934018,8.5265128291212e-13
inhale,130,14.686088288912,6.6996326239103,7.8159700933611e-14
inhale,140,14.686088288912,5.6145858816567,-1.4210854715202e-14
inhale,50,14.709976292774,4.9779827310996,-1.406874616805e-12
inhale,60,14.709976292774,5.9154273710795,0
inhale,70,14.709976292774,6.7767324744526,7.5317529990571e-13
inhale,80,14.709976292774,6.1935664603716,1.4210854715202e-14
inhale,90,14.709976292774,6.4649119072052,1.7763568394003e-12
inhale,110,14.709976292774,6.0200719991262,-1.4210854715202e-14
inhale,120,14.709976292774,6.3314990784982,8.3133500083932e-13
inhale,130,14.709976292774,6.6988065601577,8.5265128291212e-14
inhale,140,14.709976292774,5.6138496774457,0
inhale,50,14.733864296635,4.9779239626584,-1.3926637620898e-12
inhale,60,14.733864296635,5.9153105621086,1.4210854715202e-14
inhale,70,14.733864296635,6.7765064060386,7.6738615462091e-13
inhale,80,14.733864296635,6.1933178547003,2.8421709430404e-14
inhale,90,14.733864296635,6.4645388167876,1.7763568394003e-12
inhale,110,14.733864296635,6.0195972818812,0
inhale,120,14.733864296635,6.330833905946,8.7396756498492e-13
inhale,130,14.733864296635,6.6979826864156,8.5265128291212e-14
inhale,140,14.733864296635,5.6131155138752,7.105427357601e-15
inhale,50,14.757752300497,4.9778653365455,-1.3784529073746e-12
inhale,60,14.757752300497,5.915194029814,2.8421709430404e-14
inhale,70,14.757752300497,6.7762808682707,7.6738615462091e-13
inhale,80,14.757752300497,6.1930698481053,0
inhale,90,14.757752300497,6.4641666377724,1.8189894035459e-12
inhale,110,14.757752300497,6.0191237739938,0
inhale,120,14.757752300497,6.3301704687594,8.5265128291212e-13
inhale,130,14.757752300497,6.6971609937944,7.105427357601e-14
inhale,140,14.757752300497,5.6123833822859,7.105427357601e-15
inhale,50,14.781640304359,4.977806852226,-1.3784529073746e-12
inhale,60,14.781640304359,5.9150777731779,1.4210854715202e-14
inhale,70,14.781640304359,6.7760558592169,7.389644451905e-13
inhale,80,14.781640304359,6.1928224383514,-4.2632564145606e-14
inhale,90,14.781640304359,6.4637953667212,-1.8189894035459e-12
inhale,110,14.781640304359,6.0186514707205,-1.4210854715202e-14
inhale,120,14.781640304359,6.3295087599909,8.6686213762732e-13
inhale,130,14.781640304359,6.6963414734543,7.105427357601e-14
inhale,140,14.781640304359,5.6116532740688,7.105427357601e-15
inhale,50,14.805528308221,4.9777485091679,-1.4210854715202e-12
inhale,60,14.805528308221,5.9149617911876,-1.4210854715202e-14
inhale,70,14.805528308221,6.7758313769553,7.389644451905e-13
inhale,80,14.805528308221,6.1925756232152,-2.8421709430404e-14
inhale,90,14.805528308221,6.4634250002154,1.8332002582611e-12
inhale,110,14.805528308221,6.0181803673436,0
inhale,120,14.805528308221,6.3288487727319,8.5265128291212e-13
inhale,130,14.805528308221,6.6955241166047,8.5265128291212e-14
inhale,140,14.805528308221,5.6109251806649,0
inhale,50,14.829416312082,4.9776903068418,-1.3500311979442e-12
inhale,60,14.829416312082,5.9148460828358,0
inhale,70,14.829416312082,6.7756074195736,7.389644451905e-13
inhale,80,14.829416312082,6.1923294004849,-2.8421709430404e-14
inhale,90,14.829416312082,6.4630555348519,-1.8189894035459e-12
inhale,110,14.829416312082,6.0177104591712,1.4210854715202e-14
inhale,120,14.829416312082,6.3281905001115,8.8817841970013e-13
inhale,130,14.829416312082,6.6947089145042,7.105427357601e-14
inhale,140,14.829416312082,5.6101990935651,0
inhale,50,14.853304315944,4.9776322447212,-1.3784529073746e-12
inhale,60,14.853304315944,5.9147306471204,1.4210854715202e-14
inhale,70,14.853304315944,6.7753839851696,7.5317529990571e-13
inhale,80,14.853304315944,6.1920837679601,1.4210854715202e-14
inhale,90,14.853304315944,6.4626869672478,-1.8189894035459e-12
inhale,110,14.853304315944,6.0172417415367,-1.4210854715202e-14
inhale,120,14.853304315944,6.3275339352971,8.8817841970013e-13
inhale,130,14.853304315944,6.6938958584599,8.5265128291212e-14
inhale,140,14.853304315944,5.6094750043094,7.105427357601e-15
inhale,50,14.877192319806,4.9775743222825,-1.406874616805e-12
inhale,60,14.877192319806,5.9146154830444,1.4210854715202e-14
inhale,70,14.877192319806,6.7751610718504,7.5317529990571e-13
inhale,80,14.877192319806,6.1918387234522,-4.2632564145606e-14
inhale,90,14.877192319806,6.462319294037,-1.7905676941155e-12
inhale,110,14.877192319806,6.0167742097991,0
inhale,120,14.877192319806,6.3268790714936,8.5265128291212e-13
inhale,130,14.877192319806,6.6930849398275,7.105427357601e-14
inhale,140,14.877192319806,5.6087529044868,-7.105427357601e-15
inhale,50,14.901080323668,4.9775165390046,-1.3926637620898e-12
inhale,60,14.901080323668,5.9145005896161,-1.4210854715202e-14
inhale,70,14.901080323668,6.7749386777333,7.5317529990571e-13
inhale,80,14.901080323668,6.1915942647838,1.4210854715202e-14
inhale,90,14.901080323668,6.4619525118709,-1.7905676941155e-12
inhale,110,14.901080323668,6.0163078593423,0
inhale,120,14.901080323668,6.3262259019433,8.7396756498492e-13
inhale,130,14.901080323668,6.6922761500106,7.8159700933611e-14
inhale,140,14.901080323668,5.6080327857349,-7.105427357601e-15
inhale,50,14.92496832753,4.9774588943693,-1.3926637620898e-12
inhale,60,14.92496832753,5.9143859658487,0
inhale,70,14.92496832753,6.7747168009447,7.8159700933611e-13
inhale,80,14.92496832753,6.1913503897889,1.4210854715202e-14
inhale,90,14.92496832753,6.4615866174189,-1.7763568394003e-12
inhale,110,14.92496832753,6.0158426855752,-1.4210854715202e-14
inhale,120,14.92496832753,6.3255744199256,8.8107299234252e-13
inhale,130,14.92496832753,6.6914694804602,7.8159700933611e-14
inhale,140,14.92496832753,5.6073146397397,-1.4210854715202e-14
inhale,50,14.948856331391,4.9774013878611,-1.406874616805e-12
inhale,60,14.948856331391,5.9142716107607,2.8421709430404e-14
inhale,70,14.948856331391,6.774495439621,7.6738615462091e-13
inhale,80,14.948856331391,6.1911070963127,-5.6843418860808e-14
inhale,90,14.948856331391,6.4612216073676,-1.8189894035459e-12
inhale,110,14.948856331391,6.0153786839315,0
inhale,120,14.948856331391,6.3249246187567,8.8107299234252e-13
inhale,130,14.948856331391,6.690664922675,9.2370555648813e-14
inhale,140,14.948856331391,5.6065984582347,7.105427357601e-15
inhale,50,14.972744335253,4.9773440189672,-1.3784529073746e-12
inhale,60,14.972744335253,5.9141575233755,1.4210854715202e-14
inhale,70,14.972744335253,6.7742745919078,7.6738615462091e-13
inhale,80,14.972744335253,6.1908643822115,1.4210854715202e-14
inhale,90,14.972744335253,6.460857478421,-1.7905676941155e-12
inhale,110,14.972744335253,6.0149158498697,-2.8421709430404e-14
inhale,120,14.972744335253,6.3242764917896,8.8107299234252e-13
inhale,130,14.972744335253,6.6898624682005,7.105427357601e-14
inhale,140,14.972744335253,5.6058842330013,7.105427357601e-15
inhale,50,14.996632339115,4.9772867871774,-1.3784529073746e-12
inhale,60,14.996632339115,5.9140437027215,0
inhale,70,14.996632339115,6.7740542559603,7.247535904753e-13
inhale,80,14.996632339115,6.190622245353,-2.8421709430404e-14
inhale,90,14.996632339115,6.4604942273001,-1.7763568394003e-12
inhale,110,14.996632339115,6.0144541788725,-2.8421709430404e-14
inhale,120,14.996632339115,6.3236300324134,8.8107299234252e-13
inhale,130,14.996632339115,6.6890621086289,7.8159700933611e-14
inhale,140,14.996632339115,5.6051719558679,-7.105427357601e-15
inhale,50,15.020520342977,4.9772296919841,-1.406874616805e-12
inhale,60,15.020520342977,5.9139301478323,-1.4210854715202e-14
inhale,70,15.020520342977,6.7738344299428,7.6738615462091e-13
inhale,80,15.020520342977,6.1903806836157,-1.4210854715202e-14
inhale,90,15.020520342977,6.4601318507432,-1.7763568394003e-12
inhale,110,15.020520342977,6.013993666447,-1.4210854715202e-14
inhale,120,15.020520342977,6.3229852340535,9.0238927441533e-13
inhale,130,15.020520342977,6.6882638355988,7.8159700933611e-14
inhale,140,15.020520342977,5.6044616187098,0
inhale,50,15.044408346838,4.9771727328827,-1.3784529073746e-12
inhale,60,15.044408346838,5.9138168577461,0
inhale,70,15.044408346838,6.7736151120291,7.8159700933611e-13
inhale,80,15.044408346838,6.190139694889,-2.8421709430404e-14
inhale,90,15.044408346838,6.4597703455056,-1.7905676941155e-12
inhale,110,15.044408346838,6.0135343081244,-1.4210854715202e-14
inhale,120,15.044408346838,6.322342090171,9.0949470177293e-13
inhale,130,15.044408346838,6.6874676407945,8.5265128291212e-14
inhale,140,15.044408346838,5.6037532134487,-1.4210854715202e-14
inhale,50,15.0682963507,4.9771159093707,-1.3926637620898e-12
inhale,60,15.0682963507,5.9137038315064,-2.8421709430404e-14
inhale,70,15.0682963507,6.7733963004022,7.6738615462091e-13
inhale,80,15.0682963507,6.1898992770734,-2.8421709430404e-14
inhale,90,15.0682963507,6.4594097083593,-1.8047785488307e-12
inhale,110,15.0682963507,6.0130760994598,0
inhale,120,15.0682963507,6.3217005942626,9.0949470177293e-13
inhale,130,15.0682963507,6.6866735159465,8.5265128291212e-14
inhale,140,15.0682963507,5.6030467320526,0
inhale,50,15.092184354562,4.9770592209487,-1.4210854715202e-12
inhale,60,15.092184354562,5.9135910681612,-4.2632564145606e-14
inhale,70,15.092184354562,6.7731779932542,7.5317529990571e-13
inhale,80,15.092184354562,6.18965942808,-1.4210854715202e-14
inhale,90,15.092184354562,6.459049936093,-1.7479351299698e-12
inhale,110,15.092184354562,6.0126190360322,1.4210854715202e-14
inhale,120,15.092184354562,6.3210607398604,9.2370555648813e-13
inhale,130,15.092184354562,6.6858814528301,1.0658141036402e-13
inhale,140,15.092184354562,5.6023421665353,7.105427357601e-15
inhale,50,15.116072358424,4.9770026671196,-1.3784529073746e-12
inhale,60,15.116072358424,5.9134785667636,1.4210854715202e-14
inhale,70,15.116072358424,6.7729601887866,7.9580786405131e-13
inhale,80,15.116072358424,6.1894201458309,-1.4210854715202e-14
inhale,90,15.116072358424,6.4586910255123,-1.7763568394003e-12
inhale,110,15.116072358424,6.0121631134441,0
inhale,120,15.116072358424,6.3204225205316,9.3081098384573e-13
inhale,130,15.116072358424,6.6850914432661,1.0658141036402e-13
inhale,140,15.116072358424,5.6016395089559,0
inhale,50,15.139960362285,4.976946247389,-1.3926637620898e-12
inhale,60,15.139960362285,5.9133663263714,1.4210854715202e-14
inhale,70,15.139960362285,6.7727428852094,7.389644451905e-13
inhale,80,15.139960362285,6.1891814282585,-4.2632564145606e-14
inhale,90,15.139960362285,6.458332973439,-1.762145984685e-12
inhale,110,15.139960362285,6.0117083273215,0
inhale,120,15.139960362285,6.3197859298782,9.2370555648813e-13
inhale,130,15.139960362285,6.6843034791197,7.8159700933611e-14
inhale,140,15.139960362285,5.600938751419,2.1316282072803e-14
inhale,50,15.163848366147,4.9768899612648,-1.4210854715202e-12
inhale,60,15.163848366147,5.9132543460472,0
inhale,70,15.163848366147,6.7725260807422,7.8159700933611e-13
inhale,80,15.163848366147,6.1889432733061,0
inhale,90,15.163848366147,6.4579757767116,-1.7337242752546e-12
inhale,110,15.163848366147,6.0112546733138,2.8421709430404e-14
inhale,120,15.163848366147,6.3191509615369,9.4502183856093e-13
inhale,130,15.163848366147,6.6835175523008,7.105427357601e-14
inhale,140,15.163848366147,5.6002398860736,-7.105427357601e-15
inhale,50,15.187736370009,4.9768338082579,-1.406874616805e-12
inhale,60,15.187736370009,5.9131426248585,-2.8421709430404e-14
inhale,70,15.187736370009,6.7723097736132,7.5317529990571e-13
inhale,80,15.187736370009,6.1887056789275,2.8421709430404e-14
inhale,90,15.187736370009,6.4576194321846,-1.762145984685e-12
inhale,110,15.187736370009,6.0108021470934,0
inhale,120,15.187736370009,6.3185176091785,9.1660012913053e-13
inhale,130,15.187736370009,6.6827336547631,9.9475983006414e-14
inhale,140,15.187736370009,5.5995429051137,-7.105427357601e-15
inhale,50,15.211624373871,4.9767777878812,-1.3926637620898e-12
inhale,60,15.211624373871,5.9130311618774,-2.8421709430404e-14
inhale,70,15.211624373871,6.7720939620595,7.8159700933611e-13
inhale,80,15.211624373871,6.1884686430868,-1.4210854715202e-14
inhale,90,15.211624373871,6.4572639367289,-1.762145984685e-12
inhale,110,15.211624373871,6.0103507443557,0
inhale,120,15.211624373871,6.3178858665084,9.3081098384573e-13
inhale,130,15.211624373871,6.6819517785044,9.2370555648813e-14
inhale,140,15.211624373871,5.598847800777,-7.105427357601e-15
inhale,50,15.235512377732,4.9767218996506,-1.3642420526594e-12
inhale,60,15.235512377732,5.9129199561805,2.8421709430404e-14
inhale,70,15.235512377732,6.771878644327,8.3844042819692e-13
inhale,80,15.235512377732,6.1882321637585,2.8421709430404e-14
inhale,90,15.235512377732,6.4569092872314,-1.7195134205394e-12
inhale,110,15.235512377732,6.0099004608189,-1.4210854715202e-14
inhale,120,15.235512377732,6.3172557272655,9.3791641120333e-13
inhale,130,15.235512377732,6.6811719155659,1.0658141036402e-13
inhale,140,15.235512377732,5.5981545653455,-7.105427357601e-15
inhale,50,15.259400381594,4.976666143084,-1.406874616805e-12
inhale,60,15.259400381594,5.9128090068495,-1.4210854715202e-14
inhale,70,15.259400381594,6.7716638186705,7.6738615462091e-13
inhale,80,15.259400381594,6.1879962389276,1.4210854715202e-14
inhale,90,15.259400381594,6.456555480595,-1.7337242752546e-12
inhale,110,15.259400381594,6.009451292224,1.4210854715202e-14
inhale,120,15.259400381594,6.3166271852225,9.5923269327614e-13
inhale,130,15.259400381594,6.6803940580319,9.2370555648813e-14
inhale,140,15.259400381594,5.5974631911444,-1.4210854715202e-14
inhale,50,15.283288385456,4.9766105177022,-1.4210854715202e-12
inhale,60,15.283288385456,5.9126983129703,0
inhale,70,15.283288385456,6.7714494833535,7.5317529990571e-13
inhale,80,15.283288385456,6.1877608665892,2.8421709430404e-14
inhale,90,15.283288385456,6.4562025137384,-1.691091711109e-12
inhale,110,15.283288385456,6.0090032343344,0
inhale,120,15.283288385456,6.3160002341855,9.4502183856093e-13
inhale,130,15.283288385456,6.6796181980296,7.8159700933611e-14
inhale,140,15.283288385456,5.5967736705425,0
inhale,50,15.307176389318,4.9765550230282,-1.4352963262354e-12
inhale,60,15.307176389318,5.9125878736336,-1.4210854715202e-14
inhale,70,15.307176389318,6.771235636648,7.6738615462091e-13
inhale,80,15.307176389318,6.1875260447486,1.4210854715202e-14
inhale,90,15.307176389318,6.4558503835963,-1.7337242752546e-12
inhale,110,15.307176389318,6.0085562829359,-4.2632564145606e-14
inhale,120,15.307176389318,6.315374867994,9.5923269327614e-13
inhale,130,15.307176389318,6.678844327729,7.8159700933611e-14
inhale,140,15.307176389318,5.5960859959513,0
inhale,50,15.331064393179,4.9764996585872,-1.3926637620898e-12
inhale,60,15.331064393179,5.9124776879338,-2.8421709430404e-14
inhale,70,15.331064393179,6.771022276833,7.9580786405131e-13
inhale,80,15.331064393179,6.1872917714195,0
inhale,90,15.331064393179,6.455499087116,-1.7479351299698e-12
inhale,110,15.331064393179,6.0081104338332,1.4210854715202e-14
inhale,120,15.331064393179,6.3147510805156,9.5923269327614e-13
inhale,130,15.331064393179,6.6780724393364,8.5265128291212e-14
inhale,140,15.331064393179,5.5954001598202,0
inhale,50,15.354952397041,4.9764444239028,-1.406874616805e-12
inhale,60,15.354952397041,5.912367754962,1.4210854715202e-14
inhale,70,15.354952397041,6.7708094021804,7.8159700933611e-13
inhale,80,15.354952397041,6.1870580446087,0
inhale,90,15.354952397041,6.4551486212353,-1.7053025658242e-12
inhale,110,15.354952397041,6.0076656828222,1.4210854715202e-14
inhale,120,15.354952397041,6.3141288656073,9.6633812063374e-13
inhale,130,15.354952397041,6.6773025250465,7.8159700933611e-14
inhale,140,15.354952397041,5.5947161545972,-1.4210854715202e-14
inhale,50,15.378840400903,4.9763893184992,-1.3926637620898e-12
inhale,60,15.378840400903,5.9122580738092,0
inhale,70,15.378840400903,6.7705970109618,7.5317529990571e-13
inhale,80,15.378840400903,6.1868248623235,0
inhale,90,15.378840400903,6.4547989828933,-1.7195134205394e-12
inhale,110,15.378840400903,6.0072220257036,1.4210854715202e-14
inhale,120,15.378840400903,6.3135082171351,9.5923269327614e-13
inhale,130,15.378840400903,6.6765345770661,1.0658141036402e-13
inhale,140,15.378840400903,5.5940339727481,-7.105427357601e-15
inhale,50,15.402728404765,4.976334341903,-1.406874616805e-12
inhale,60,15.402728404765,5.9121486435711,-2.8421709430404e-14
inhale,70,15.402728404765,6.7703851014575,7.8159700933611e-13
inhale,80,15.402728404765,6.1865922225817,-1.4210854715202e-14
inhale,90,15.402728404765,6.4544501690451,-1.6768808563938e-12
inhale,110,15.402728404765,6.0067794583005,0
inhale,120,15.402728404765,6.3128891289975,9.6633812063374e-13
inhale,130,15.402728404765,6.6757685876443,1.0658141036402e-13
inhale,140,15.402728404765,5.5933536067814,-7.105427357601e-15
inhale,50,15.426616408627,4.9762794936431,-1.406874616805e-12
inhale,60,15.426616408627,5.9120394633479,1.4210854715202e-14
inhale,70,15.426616408627,6.7701736719566,7.6738615462091e-13
inhale,80,15.426616408627,6.1863601234109,-1.4210854715202e-14
inhale,90,15.426616408627,6.4541021766612,-1.7053025658242e-12
inhale,110,15.426616408627,6.0063379764581,-1.4210854715202e-14
inhale,120,15.426616408627,6.3122715951263,9.8054897534894e-13
inhale,130,15.426616408627,6.6750045490722,9.9475983006414e-14
inhale,140,15.426616408627,5.5926750492475,7.105427357601e-15
inhale,50,15.450504412488,4.9762247732509,-1.3926637620898e-12
inhale,60,15.450504412488,5.9119305322446,2.8421709430404e-14
inhale,70,15.450504412488,6.7699627207565,8.1001871876651e-13
inhale,80,15.450504412488,6.186128562849,-1.4210854715202e-14
inhale,90,15.450504412488,6.4537550027276,-1.6768808563938e-12
inhale,110,15.450504412488,6.0058975760433,-1.4210854715202e-14
inhale,120,15.450504412488,6.3116556094855,1.0231815394945e-12
inhale,130,15.450504412488,6.674242453683,9.2370555648813e-14
inhale,140,15.450504412488,5.5919982927388,7.105427357601e-15
inhale,50,15.47439241635,4.9761701802602,-1.4352963262354e-12
inhale,60,15.47439241635,5.9118218493704,0
inhale,70,15.47439241635,6.7697522461631,7.5317529990571e-13
inhale,80,15.47439241635,6.1858975389438,-1.4210854715202e-14
inhale,90,15.47439241635,6.4534086442461,-1.6626700016786e-12
inhale,110,15.47439241635,6.0054582529453,-1.4210854715202e-14
inhale,120,15.47439241635,6.3110411660718,9.7344354799134e-13
inhale,130,15.47439241635,6.6734822938509,9.9475983006414e-14
inhale,140,15.47439241635,5.5913233298894,7.105427357601e-15
inhale,50,15.498280420212,4.9761157142072,-1.4352963262354e-12
inhale,60,15.498280420212,5.9117134138391,-2.8421709430404e-14
inhale,70,15.498280420212,6.7695422464911,8.2422957348172e-13
inhale,80,15.498280420212,6.1856670497529,1.4210854715202e-14
inhale,90,15.498280420212,6.4530630982336,-1.691091711109e-12
inhale,110,15.498280420212,6.0050200030745,1.4210854715202e-14
inhale,120,15.498280420212,6.3104282589139,1.0160761121369e-12
inhale,130,15.498280420212,6.6727240619919,1.2079226507922e-13
inhale,140,15.498280420212,5.5906501533746,7.105427357601e-15
inhale,50,15.522168424074,4.9760613746305,-1.4210854715202e-12
inhale,60,15.522168424074,5.911605224769,1.4210854715202e-14
inhale,70,15.522168424074,6.7693327200633,7.8159700933611e-13
inhale,80,15.522168424074,6.1854370933439,0
inhale,90,15.522168424074,6.4527183617222,-1.6768808563938e-12
inhale,110,15.522168424074,6.0045828223633,0
inhale,120,15.522168424074,6.3098168820725,1.0231815394945e-12
inhale,130,15.522168424074,6.6719677505626,9.9475983006414e-14
inhale,140,15.522168424074,5.5899787559109,-7.105427357601e-15
inhale,50,15.546056427935,4.9760071610709,-1.4210854715202e-12
inhale,60,15.546056427935,5.9114972812828,4.2632564145606e-14
inhale,70,15.546056427935,6.7691236652108,7.9580786405131e-13
inhale,80,15.546056427935,6.1852076677942,-1.4210854715202e-14
inhale,90,15.546056427935,6.4523744317595,-1.691091711109e-12
inhale,110,15.546056427935,6.0041467067652,-1.4210854715202e-14
inhale,120,15.546056427935,6.3092070296399,1.0160761121369e-12
inhale,130,15.546056427935,6.6712133520605,1.0658141036402e-13
inhale,140,15.546056427935,5.5893091302554,0
inhale,50,15.569944431797,4.9759530730716,-1.4495071809506e-12
inhale,60,15.569944431797,5.9113895825076,4.2632564145606e-14
inhale,70,15.569944431797,6.7689150802733,7.6738615462091e-13
inhale,80,15.569944431797,6.184978771191,0
inhale,90,15.569944431797,6.4520313054077,-1.6626700016786e-12
inhale,110,15.569944431797,6.0037116522551,-1.4210854715202e-14
inhale,120,15.569944431797,6.3085986957402,1.0089706847793e-12
inhale,130,15.569944431797,6.6704608590232,1.0658141036402e-13
inhale,140,15.569944431797,5.5886412692056,-7.105427357601e-15
inhale,50,15.593832435659,4.9758991101783,-1.406874616805e-12
inhale,60,15.593832435659,5.9112821275749,0
inhale,70,15.593832435659,6.7687069635985,8.2422957348172e-13
inhale,80,15.593832435659,6.1847504016309,-1.4210854715202e-14
inhale,90,15.593832435659,6.4516889797443,-1.6484591469634e-12
inhale,110,15.593832435659,6.0032776548289,0
inhale,120,15.593832435659,6.3079918745286,1.0089706847793e-12
inhale,130,15.593832435659,6.6697102640286,8.5265128291212e-14
inhale,140,15.593832435659,5.5879751655994,0
inhale,50,15.617720439521,4.9758452719388,-1.3926637620898e-12
inhale,60,15.617720439521,5.9111749156205,1.4210854715202e-14
inhale,70,15.617720439521,6.7684993135424,7.6738615462091e-13
inhale,80,15.617720439521,6.1845225572204,1.4210854715202e-14
inhale,90,15.617720439521,6.4513474518616,-1.6342482922482e-12
inhale,110,15.617720439521,6.0028447105036,0
inhale,120,15.617720439521,6.3073865601914,1.0231815394945e-12
inhale,130,15.617720439521,6.6689615596946,1.1368683772162e-13
inhale,140,15.617720439521,5.5873108123144,-7.105427357601e-15
inhale,50,15.641608443382,4.9757915579033,-1.3926637620898e-12
inhale,60,15.641608443382,5.9110679457845,-1.4210854715202e-14
inhale,70,15.641608443382,6.768292128469,8.2422957348172e-13
inhale,80,15.641608443382,6.1842952360754,-1.4210854715202e-14
inhale,90,15.641608443382,6.4510067188666,-1.7053025658242e-12
inhale,110,15.641608443382,6.002412815317,-1.4210854715202e-14
inhale,120,15.641608443382,6.3067827469458,1.0302869668521e-12
inhale,130,15.641608443382,6.6682147386785,1.0658141036402e-13
inhale,140,15.641608443382,5.5866482022677,-2.8421709430404e-14
inhale,50,15.665496447244,4.9757379676242,-1.3926637620898e-12
inhale,60,15.665496447244,5.9109612172114,-5.6843418860808e-14
inhale,70,15.665496447244,6.7680854067505,7.9580786405131e-13
inhale,80,15.665496447244,6.1840684363214,1.4210854715202e-14
inhale,90,15.665496447244,6.4506667778809,-1.6484591469634e-12
inhale,110,15.665496447244,6.0019819653274,1.4210854715202e-14
inhale,120,15.665496447244,6.3061804290397,1.0302869668521e-12
inhale,130,15.665496447244,6.6674697936768,9.9475983006414e-14
inhale,140,15.665496447244,5.5859873284159,1.4210854715202e-14
inhale,50,15.689384451106,4.9756845006562,-1.406874616805e-12
inhale,60,15.689384451106,5.9108547290497,-1.4210854715202e-14
inhale,70,15.689384451106,6.7678791467673,8.5265128291212e-13
inhale,80,15.689384451106,6.183842156093,0
inhale,90,15.689384451106,6.4503276260409,-1.620037437533e-12
inhale,110,15.689384451106,6.001552156614,-1.4210854715202e-14
inhale,120,15.689384451106,6.3055796007514,1.0302869668521e-12
inhale,130,15.689384451106,6.6667267174252,1.3500311979442e-13
inhale,140,15.689384451106,5.5853281837547,-7.105427357601e-15
inhale,50,15.713272454968,4.9756311565562,-1.4352963262354e-12
inhale,60,15.713272454968,5.9107484804525,-1.4210854715202e-14
inhale,70,15.713272454968,6.7676733469073,8.3844042819692e-13
inhale,80,15.713272454968,6.1836163935346,4.2632564145606e-14
inhale,90,15.713272454968,6.4499892604971,-1.620037437533e-12
inhale,110,15.713272454968,6.0011233852761,1.4210854715202e-14
inhale,120,15.713272454968,6.3049802563895,1.0302869668521e-12
inhale,130,15.713272454968,6.6659855026982,9.2370555648813e-14
inhale,140,15.713272454968,5.5846707613182,1.4210854715202e-14
inhale,50,15.737160458829,4.9755779348834,-1.3926637620898e-12
inhale,60,15.737160458829,5.9106424705769,2.8421709430404e-14
inhale,70,15.737160458829,6.7674680055668,7.6738615462091e-13
inhale,80,15.737160458829,6.1833911467996,-1.4210854715202e-14
inhale,90,15.737160458829,6.4496516784149,-1.6342482922482e-12
inhale,110,15.737160458829,6.0006956474334,0
inhale,120,15.737160458829,6.3043823902925,1.0516032489249e-12
inhale,130,15.737160458829,6.6652461423086,7.8159700933611e-14
inhale,140,15.737160458829,5.5840150541793,-2.1316282072803e-14
inhale,50,15.761048462691,4.9755248351993,-1.4210854715202e-12
inhale,60,15.761048462691,5.910536698584,2.8421709430404e-14
inhale,70,15.761048462691,6.7672631211498,8.1001871876651e-13
inhale,80,15.761048462691,6.1831664140508,0
inhale,90,15.761048462691,6.4493148769735,-1.6484591469634e-12
inhale,110,15.761048462691,6.0002689392259,0
inhale,120,15.761048462691,6.3037859968291,1.0658141036402e-12
inhale,130,15.761048462691,6.6645086291076,1.1368683772162e-13
inhale,140,15.761048462691,5.5833610554492,-7.105427357601e-15
inhale,50,15.784936466553,4.9754718570673,-1.3500311979442e-12
inhale,60,15.784936466553,5.9104311636395,-2.8421709430404e-14
inhale,70,15.784936466553,6.7670586920682,7.9580786405131e-13
inhale,80,15.784936466553,6.18294219346,0
inhale,90,15.784936466553,6.4489788533666,-1.6484591469634e-12
inhale,110,15.784936466553,5.9998432568133,-1.4210854715202e-14
inhale,120,15.784936466553,6.3031910703972,1.0587086762825e-12
inhale,130,15.784936466553,6.6637729559843,9.2370555648813e-14
inhale,140,15.784936466553,5.5827087582767,0
inhale,50,15.808824470415,4.9754190000534,-1.3926637620898e-12
inhale,60,15.808824470415,5.9103258649127,0
inhale,70,15.808824470415,6.7668547167414,7.9580786405131e-13
inhale,80,15.808824470415,6.1827184832083,-2.8421709430404e-14
inhale,90,15.808824470415,6.4486436048018,-1.620037437533e-12
inhale,110,15.808824470415,5.9994185963753,0
inhale,120,15.808824470415,6.3025976054245,1.0658141036402e-12
inhale,130,15.808824470415,6.6630391158657,1.0658141036402e-13
inhale,140,15.808824470415,5.5820581558485,-2.1316282072803e-14
inhale,50,15.832712474276,4.9753662637254,-1.4210854715202e-12
inhale,60,15.832712474276,5.9102208015774,-1.4210854715202e-14
inhale,70,15.832712474276,6.7666511935969,7.9580786405131e-13
inhale,80,15.832712474276,6.1824952814857,2.8421709430404e-14
inhale,90,15.832712474276,6.4483091285009,-1.6342482922482e-12
inhale,110,15.832712474276,5.9989949541115,1.4210854715202e-14
inhale,120,15.832712474276,6.3020055963677,1.0800249583554e-12
inhale,130,15.832712474276,6.662307101716,1.0658141036402e-13
inhale,140,15.832712474276,5.5814092413888,-2.8421709430404e-14
inhale,50,15.856600478138,4.9753136476536,-1.406874616805e-12
inhale,60,15.856600478138,5.9101159728114,-1.4210854715202e-14
inhale,70,15.856600478138,6.7664481210698,8.8107299234252e-13
inhale,80,15.856600478138,6.1822725864914,0
inhale,90,15.856600478138,6.4479754216995,-1.5916157281026e-12
inhale,110,15.856600478138,5.998572326241,0
inhale,120,15.856600478138,6.3014150377128,1.0658141036402e-12
inhale,130,15.856600478138,6.6615769065369,9.9475983006414e-14
inhale,140,15.856600478138,5.5807620081587,7.105427357601e-15
inhale,50,15.880488482,4.9752611514101,-1.4352963262354e-12
inhale,60,15.880488482,5.9100113777963,-4.2632564145606e-14
inhale,70,15.880488482,6.7662454976025,7.8159700933611e-13
inhale,80,15.880488482,6.1820503964334,2.8421709430404e-14
inhale,90,15.880488482,6.4476424816471,-1.6058265828178e-12
inhale,110,15.880488482,5.9981507090022,-2.8421709430404e-14
inhale,120,15.880488482,6.3008259239744,1.0729195309978e-12
inhale,130,15.880488482,6.6608485233667,1.2789769243682e-13
inhale,140,15.880488482,5.5801164494566,1.4210854715202e-14
inhale,50,15.904376485862,4.9752087745693,-1.406874616805e-12
inhale,60,15.904376485862,5.9099070157181,-2.8421709430404e-14
inhale,70,15.904376485862,6.7660433216455,7.9580786405131e-13
inhale,80,15.904376485862,6.1818287095286,1.4210854715202e-14
inhale,90,15.904376485862,6.4473103056069,-1.5774048733874e-12
inhale,110,15.904376485862,5.9977300986533,1.4210854715202e-14
inhale,120,15.904376485862,6.3002382496959,1.0658141036402e-12
inhale,130,15.904376485862,6.6601219452808,1.0658141036402e-13
inhale,140,15.904376485862,5.5794725586171,0
inhale,50,15.928264489724,4.9751565167079,-1.4495071809506e-12
inhale,60,15.928264489724,5.9098028857664,-1.4210854715202e-14
inhale,70,15.928264489724,6.7658415916565,8.5265128291212e-13
inhale,80,15.928264489724,6.1816075240028,1.4210854715202e-14
inhale,90,15.928264489724,6.4469788908558,-1.5774048733874e-12
inhale,110,15.928264489724,5.9973104914712,-2.8421709430404e-14
inhale,120,15.928264489724,6.2996520094491,1.087130385713e-12
inhale,130,15.928264489724,6.6593971653909,1.0658141036402e-13
inhale,140,15.928264489724,5.5788303290114,0
inhale,50,15.952152493585,4.9751043774044,-1.3926637620898e-12
inhale,60,15.952152493585,5.9096989871351,0
inhale,70,15.952152493585,6.7656403061007,8.1001871876651e-13
inhale,80,15.952152493585,6.1813868380904,1.4210854715202e-14
inhale,90,15.952152493585,6.4466482346841,-1.6058265828178e-12
inhale,110,15.952152493585,5.9968918837523,-1.4210854715202e-14
inhale,120,15.952152493585,6.2990671978343,1.0942358130706e-12
inhale,130,15.952152493585,6.6586741768449,1.1368683772162e-13
inhale,140,15.952152493585,5.5781897540469,-1.4210854715202e-14
inhale,50,15.976040497447,4.9750523562395,-1.4210854715202e-12
inhale,60,15.976040497447,5.9095953190218,2.8421709430404e-14
inhale,70,15.976040497447,6.7654394634509,8.2422957348172e-13
inhale,80,15.976040497447,6.1811666500347,0
inhale,90,15.976040497447,6.4463183343958,-1.6058265828178e-12
inhale,110,15.976040497447,5.9964742718117,1.4210854715202e-14
inhale,120,15.976040497447,6.2984838094796,1.1013412404282e-12
inhale,130,15.976040497447,6.6579529728267,1.2789769243682e-13
inhale,140,15.976040497447,5.5775508271669,7.105427357601e-15
inhale,50,15.999928501309,4.975000452796,-1.3926637620898e-12
inhale,60,15.999928501309,5.9094918806282,-1.4210854715202e-14
inhale,70,15.999928501309,6.7652390621872,8.1001871876651e-13
inhale,80,15.999928501309,6.1809469580877,-1.4210854715202e-14
inhale,90,15.999928501309,6.4459891873082,-1.5774048733874e-12
inhale,110,15.999928501309,5.9960576519837,0
inhale,120,15.999928501309,6.2979018390412,1.0942358130706e-12
inhale,130,15.999928501309,6.657233546556,1.0658141036402e-13
inhale,140,15.999928501309,5.5769135418501,1.4210854715202e-14
inhale,50,16.023816505171,4.9749486666589,-1.406874616805e-12
inhale,60,16.023816505171,5.9093886711598,2.8421709430404e-14
inhale,70,16.023816505171,6.765039100797,8.3844042819692e-13
inhale,80,16.023816505171,6.1807277605099,-2.8421709430404e-14
inhale,90,16.023816505171,6.445660790752,-1.548983163957e-12
inhale,110,16.023816505171,5.9956420206209,0
inhale,120,16.023816505171,6.2973212812029,1.087130385713e-12
inhale,130,16.023816505171,6.6565158912879,1.0658141036402e-13
inhale,140,16.023816505171,5.5762778916107,-1.4210854715202e-14
inhale,50,16.047704509032,4.974896997415,-1.406874616805e-12
inhale,60,16.047704509032,5.9092856898259,2.8421709430404e-14
inhale,70,16.047704509032,6.7648395777752,8.3844042819692e-13
inhale,80,16.047704509032,6.1805090555702,1.4210854715202e-14
inhale,90,16.047704509032,6.4453331420708,-1.5631940186722e-12
inhale,110,16.047704509032,5.9952273740949,-1.4210854715202e-14
inhale,120,16.047704509032,6.2967421306761,1.1084466677858e-12
inhale,130,16.047704509032,6.6558000003129,1.1368683772162e-13
inhale,140,16.047704509032,5.5756438699983,0
inhale,50,16.071592512894,4.9748454446533,-1.4352963262354e-12
inhale,60,16.071592512894,5.9091829358399,-1.4210854715202e-14
inhale,70,16.071592512894,6.7646404916236,8.2422957348172e-13
inhale,80,16.071592512894,6.1802908415463,-2.8421709430404e-14
inhale,90,16.071592512894,6.4450062386218,-1.5916157281026e-12
inhale,110,16.071592512894,5.9948137087955,0
inhale,120,16.071592512894,6.2961643821996,1.1084466677858e-12
inhale,130,16.071592512894,6.6550858669564,1.0658141036402e-13
inhale,140,16.071592512894,5.5750114705971,-7.105427357601e-15
inhale,50,16.095480516756,4.9747940079647,-1.4352963262354e-12
inhale,60,16.095480516756,5.9090804084187,-2.8421709430404e-14
inhale,70,16.095480516756,6.7644418408516,8.2422957348172e-13
inhale,80,16.095480516756,6.1800731167242,-2.8421709430404e-14
inhale,90,16.095480516756,6.4446800777749,-1.5631940186722e-12
inhale,110,16.095480516756,5.9944010211309,0
inhale,120,16.095480516756,6.2955880305393,1.1297629498586e-12
inhale,130,16.095480516756,6.6543734845786,9.9475983006414e-14
inhale,140,16.095480516756,5.5743806870261,-2.1316282072803e-14
inhale,50,16.119368520618,4.9747426869424,-1.4637180356658e-12
inhale,60,16.119368520618,5.9089781067832,-2.8421709430404e-14
inhale,70,16.119368520618,6.7642436239756,8.1001871876651e-13
inhale,80,16.119368520618,6.1798558793982,-1.4210854715202e-14
inhale,90,16.119368520618,6.4443546569132,-1.5774048733874e-12
inhale,110,16.119368520618,5.9939893075277,-1.4210854715202e-14
inhale,120,16.119368520618,6.2950130704882,1.1439738045738e-12
inhale,130,16.119368520618,6.6536628465744,1.2079226507922e-13
inhale,140,16.119368520618,5.5737515129386,0
inhale,50,16.143256524479,4.9746914811811,-1.4352963262354e-12
inhale,60,16.143256524479,5.908876030158,0
inhale,70,16.143256524479,6.764045839519,8.2422957348172e-13
inhale,80,16.143256524479,6.1796391278711,-1.4210854715202e-14
inhale,90,16.143256524479,6.4440299734324,-1.5631940186722e-12
inhale,110,16.143256524479,5.9935785644305,2.8421709430404e-14
inhale,120,16.143256524479,6.2944394968659,1.1155520951434e-12
inhale,130,16.143256524479,6.6529539463729,1.0658141036402e-13
inhale,140,16.143256524479,5.5731239420223,0
inhale,50,16.167144528341,4.9746403902781,-1.4352963262354e-12
inhale,60,16.167144528341,5.9087741777715,-2.8421709430404e-14
inhale,70,16.167144528341,6.7638484860125,8.1001871876651e-13
inhale,80,16.167144528341,6.179422860454,-4.2632564145606e-14
inhale,90,16.167144528341,6.4437060247414,-1.5347723092418e-12
inhale,110,16.167144528341,5.9931687883019,0
inhale,120,16.167144528341,6.2938673045189,1.1155520951434e-12
inhale,130,16.167144528341,6.6522467774374,1.1368683772162e-13
inhale,140,16.167144528341,5.5724979679987,0
inhale,50,16.191032532203,4.9745894138321,-1.406874616805e-12
inhale,60,16.191032532203,5.9086725488557,-2.8421709430404e-14
inhale,70,16.191032532203,6.7636515619937,8.1001871876651e-13
inhale,80,16.191032532203,6.1792070754661,-1.4210854715202e-14
inhale,90,16.191032532203,6.4433828082614,-1.5631940186722e-12
inhale,110,16.191032532203,5.9927599756224,-1.4210854715202e-14
inhale,120,16.191032532203,6.29329648832,1.1368683772162e-12
inhale,130,16.191032532203,6.6515413332651,1.0658141036402e-13
inhale,140,16.191032532203,5.5718735846231,0
inhale,50,16.214920536065,4.9745385514442,-1.4210854715202e-12
inhale,60,16.214920536065,5.9085711426466,-2.8421709430404e-14
inhale,70,16.214920536065,6.7634550660072,8.3844042819692e-13
inhale,80,16.214920536065,6.1789917712347,0
inhale,90,16.214920536065,6.4430603214267,-1.5347723092418e-12
inhale,110,16.214920536065,5.9923521228904,1.4210854715202e-14
inhale,120,16.214920536065,6.2927270431685,1.1510792319314e-12
inhale,130,16.214920536065,6.6508376073867,1.0658141036402e-13
inhale,140,16.214920536065,5.5712507856841,7.105427357601e-15
inhale,50,16.238808539926,4.9744878027172,-1.4352963262354e-12
inhale,60,16.238808539926,5.9084699583834,0
inhale,70,16.238808539926,6.7632589966047,8.2422957348172e-13
inhale,80,16.238808539926,6.1787769460956,-1.4210854715202e-14
inhale,90,16.238808539926,6.4427385616838,-1.5063505998114e-12
inhale,110,16.238808539926,5.9919452266218,-2.8421709430404e-14
inhale,120,16.238808539926,6.2921589639894,1.1510792319314e-12
inhale,130,16.238808539926,6.6501355933665,1.1368683772162e-13
inhale,140,16.238808539926,5.5706295650039,1.4210854715202e-14
inhale,50,16.262696543788,4.9744371672559,-1.4210854715202e-12
inhale,60,16.262696543788,5.9083689953095,1.4210854715202e-14
inhale,70,16.262696543788,6.7630633523445,8.8107299234252e-13
inhale,80,16.262696543788,6.1785625983922,1.4210854715202e-14
inhale,90,16.262696543788,6.4424175264917,-1.5063505998114e-12
inhale,110,16.262696543788,5.9915392833501,-2.8421709430404e-14
inhale,120,16.262696543788,6.2915922457341,1.158184659289e-12
inhale,130,16.262696543788,6.6494352848019,1.2079226507922e-13
inhale,140,16.262696543788,5.5700099164376,7.105427357601e-15
inhale,50,16.28658454765,4.974386644667,-1.4495071809506e-12
inhale,60,16.28658454765,5.9082682526715,1.4210854715202e-14
inhale,70,16.28658454765,6.762868131792,8.1001871876651e-13
inhale,80,16.28658454765,6.1783487264764,1.4210854715202e-14
inhale,90,16.28658454765,6.4420972133221,-1.5063505998114e-12
inhale,110,16.28658454765,5.9911342896262,-1.4210854715202e-14
inhale,120,16.28658454765,6.2910268833796,1.158184659289e-12
inhale,130,16.28658454765,6.6487366753234,1.2789769243682e-13
inhale,140,16.28658454765,5.569391833873,7.105427357601e-15
inhale,50,16.310472551512,4.9743362345593,-1.4637180356658e-12
inhale,60,16.310472551512,5.9081677297197,1.4210854715202e-14
inhale,70,16.310472551512,6.7626733335194,8.5265128291212e-13
inhale,80,16.310472551512,6.1781353287076,0
inhale,90,16.310472551512,6.4417776196589,-1.5063505998114e-12
inhale,110,16.310472551512,5.9907302420184,2.8421709430404e-14
inhale,120,16.310472551512,6.2904628719285,1.1510792319314e-12
inhale,130,16.310472551512,6.6480397585943,1.2079226507922e-13
inhale,140,16.310472551512,5.5687753112305,0
inhale,50,16.334360555373,4.9742859365432,-1.4210854715202e-12
inhale,60,16.334360555373,5.9080674257083,-1.4210854715202e-14
inhale,70,16.334360555373,6.7624789561056,8.6686213762732e-13
inhale,80,16.334360555373,6.1779224034536,1.4210854715202e-14
inhale,90,16.334360555373,6.441458742998,-1.4921397450962e-12
inhale,110,16.334360555373,5.9903271371121,-1.4210854715202e-14
inhale,120,16.334360555373,6.2899002064088,1.1652900866466e-12
inhale,130,16.334360555373,6.6473445283103,1.1368683772162e-13
inhale,140,16.334360555373,5.5681603424631,0
inhale,50,16.358248559235,4.9742357502312,-1.4210854715202e-12
inhale,60,16.358248559235,5.9079673398947,0
inhale,70,16.358248559235,6.7622849981363,8.8107299234252e-13
inhale,80,16.358248559235,6.1777099490898,1.4210854715202e-14
inhale,90,16.358248559235,6.4411405808477,-1.4921397450962e-12
inhale,110,16.358248559235,5.9899249715099,0
inhale,120,16.358248559235,6.2893388818739,1.1795009413618e-12
inhale,130,16.358248559235,6.6466509781995,1.2079226507922e-13
inhale,140,16.358248559235,5.5675469215557,0
inhale,50,16.382136563097,4.9741856752376,-1.406874616805e-12
inhale,60,16.382136563097,5.9078674715399,1.4210854715202e-14
inhale,70,16.382136563097,6.7620914582038,8.3844042819692e-13
inhale,80,16.382136563097,6.1774979639994,1.4210854715202e-14
inhale,90,16.382136563097,6.4408231307285,-1.477928890381e-12
inhale,110,16.382136563097,5.9895237418312,1.4210854715202e-14
inhale,120,16.382136563097,6.2887788934022,1.193711796077e-12
inhale,130,16.382136563097,6.6459591020224,1.1368683772162e-13
inhale,140,16.382136563097,5.5669350425253,0
inhale,50,16.406024566959,4.9741357111786,-1.4637180356658e-12
inhale,60,16.406024566959,5.9077678199086,1.4210854715202e-14
inhale,70,16.406024566959,6.7618983349072,8.5265128291212e-13
inhale,80,16.406024566959,6.1772864465735,0
inhale,90,16.406024566959,6.4405063901728,-1.5063505998114e-12
inhale,110,16.406024566959,5.9891234447126,-1.4210854715202e-14
inhale,120,16.406024566959,6.2882202360971,1.193711796077e-12
inhale,130,16.406024566959,6.6452688935712,1.4921397450962e-13
inhale,140,16.406024566959,5.5663246994205,1.4210854715202e-14
inhale,50,16.429912570821,4.9740858576723,-1.4352963262354e-12
inhale,60,16.429912570821,5.9076683842689,1.4210854715202e-14
inhale,70,16.429912570821,6.761705626852,8.1001871876651e-13
inhale,80,16.429912570821,6.1770753952109,1.4210854715202e-14
inhale,90,16.429912570821,6.4401903567248,-1.477928890381e-12
inhale,110,16.429912570821,5.9887240768072,0
inhale,120,16.429912570821,6.2876629050869,1.193711796077e-12
inhale,130,16.429912570821,6.6445803466697,1.4210854715202e-13
inhale,140,16.429912570821,5.5657158863215,0
inhale,50,16.453800574682,4.9740361143385,-1.4352963262354e-12
inhale,60,16.453800574682,5.9075691638923,-2.8421709430404e-14
inhale,70,16.453800574682,6.7615133326506,8.2422957348172e-13
inhale,80,16.453800574682,6.1768648083181,-2.8421709430404e-14
inhale,90,16.453800574682,6.4398750279409,-1.4495071809506e-12
inhale,110,16.453800574682,5.9883256347848,-1.4210854715202e-14
inhale,120,16.453800574682,6.2871068955243,1.2008172234346e-12
inhale,130,16.453800574682,6.6438934551734,1.4210854715202e-13
inhale,140,16.453800574682,5.5651085973398,1.4210854715202e-14
inhale,50,16.477688578544,4.9739864807989,-1.4210854715202e-12
inhale,60,16.477688578544,5.9074701580539,0
inhale,70,16.477688578544,6.7613214509215,8.8107299234252e-13
inhale,80,16.477688578544,6.1766546843092,0
inhale,90,16.477688578544,6.439560401389,-1.477928890381e-12
inhale,110,16.477688578544,5.9879281153318,2.8421709430404e-14
inhale,120,16.477688578544,6.2865522025867,1.2079226507922e-12
inhale,130,16.477688578544,6.6432082129692,1.2079226507922e-13
inhale,140,16.477688578544,5.5645028266178,-1.4210854715202e-14
inhale,50,16.501576582406,4.9739369566772,-1.4210854715202e-12
inhale,60,16.501576582406,5.9073713660321,1.4210854715202e-14
inhale,70,16.501576582406,6.7611299802902,8.2422957348172e-13
inhale,80,16.501576582406,6.1764450216059,1.4210854715202e-14
inhale,90,16.501576582406,6.4392464746488,-1.477928890381e-12
inhale,110,16.501576582406,5.9875315151511,-1.4210854715202e-14
inhale,120,16.501576582406,6.2859988214757,1.2079226507922e-12
inhale,130,16.501576582406,6.6425246139749,1.2789769243682e-13
inhale,140,16.501576582406,5.5638985683291,1.4210854715202e-14
inhale,50,16.525464586268,4.9738875415985,-1.4495071809506e-12
inhale,60,16.525464586268,5.9072727871089,-1.4210854715202e-14
inhale,70,16.525464586268,6.7609389193881,8.3844042819692e-13
inhale,80,16.525464586268,6.1762358186375,0
inhale,90,16.525464586268,6.4389332453119,-1.477928890381e-12
inhale,110,16.525464586268,5.9871358309619,-2.8421709430404e-14
inhale,120,16.525464586268,6.285446747417,1.2008172234346e-12
inhale,130,16.525464586268,6.6418426521394,1.3500311979442e-13
inhale,140,16.525464586268,5.5632958166776,7.105427357601e-15
inhale,50,16.549352590129,4.9738382351901,-1.4210854715202e-12
inhale,60,16.549352590129,5.9071744205694,-4.2632564145606e-14
inhale,70,16.549352590129,6.7607482668535,8.8107299234252e-13
inhale,80,16.549352590129,6.1760270738406,1.4210854715202e-14
inhale,90,16.549352590129,6.4386207109811,-1.5063505998114e-12
inhale,110,16.549352590129,5.9867410594997,0
inhale,120,16.549352590129,6.2848959756605,1.2221335055074e-12
inhale,130,16.549352590129,6.641162321442,1.2789769243682e-13
inhale,140,16.549352590129,5.5626945658979,-2.1316282072803e-14
inhale,50,16.573240593991,4.9737890370808,-1.4495071809506e-12
inhale,60,16.573240593991,5.9070762657024,1.4210854715202e-14
inhale,70,16.573240593991,6.7605580213308,8.2422957348172e-13
inhale,80,16.573240593991,6.1758187856596,0
inhale,90,16.573240593991,6.4383088692709,-1.477928890381e-12
inhale,110,16.573240593991,5.9863471975159,0
inhale,120,16.573240593991,6.2843465014797,1.2221335055074e-12
inhale,130,16.573240593991,6.6404836158929,1.2789769243682e-13
inhale,140,16.573240593991,5.5620948102549,-1.4210854715202e-14
inhale,50,16.597128597853,4.9737399469015,-1.4210854715202e-12
inhale,60,16.597128597853,5.9069783217998,1.4210854715202e-14
inhale,70,16.597128597853,6.7603681814707,8.5265128291212e-13
inhale,80,16.597128597853,6.1756109525459,0
inhale,90,16.597128597853,6.4379977178073,-1.4637180356658e-12
inhale,110,16.597128597853,5.9859542417783,1.4210854715202e-14
inhale,120,16.597128597853,6.283798320172,1.2221335055074e-12
inhale,130,16.597128597853,6.6398065295324,1.2789769243682e-13
inhale,140,16.597128597853,5.5614965440433,-1.4210854715202e-14
inhale,50,16.621016601715,4.9736909642845,-1.4210854715202e-12
inhale,60,16.621016601715,5.9068805881571,2.8421709430404e-14
inhale,70,16.621016601715,6.7601787459305,8.3844042819692e-13
inhale,80,16.621016601715,6.1754035729586,-4.2632564145606e-14
inhale,90,16.621016601715,6.4376872542276,-1.4495071809506e-12
inhale,110,16.621016601715,5.9855621890704,-2.8421709430404e-14
inhale,120,16.621016601715,6.2832514270583,1.2221335055074e-12
inhale,130,16.621016601715,6.6391310564308,1.0658141036402e-13
inhale,140,16.621016601715,5.560899761588,0
inhale,50,16.644904605576,4.973642088864,-1.4352963262354e-12
inhale,60,16.644904605576,5.9067830640727,0
inhale,70,16.644904605576,6.7599897133734,8.2422957348172e-13
inhale,80,16.644904605576,6.1751966453639,0
inhale,90,16.644904605576,6.4373774761803,-1.4495071809506e-12
inhale,110,16.644904605576,5.9851710361915,-1.4210854715202e-14
inhale,120,16.644904605576,6.2827058174827,1.2221335055074e-12
inhale,130,16.644904605576,6.6384571906885,1.2789769243682e-13
inhale,140,16.644904605576,5.5603044572432,0
inhale,50,16.668792609438,4.9735933202761,-1.4637180356658e-12
inhale,60,16.668792609438,5.9066857488487,0
inhale,70,16.668792609438,6.7598010824691,8.3844042819692e-13
inhale,80,16.668792609438,6.1749901682354,1.4210854715202e-14
inhale,90,16.668792609438,6.4370683813253,-1.4352963262354e-12
inhale,110,16.668792609438,5.9847807799567,1.4210854715202e-14
inhale,120,16.668792609438,6.2821614868128,1.2363443602226e-12
inhale,130,16.668792609438,6.6377849264357,1.4210854715202e-13
inhale,140,16.668792609438,5.5597106253928,1.4210854715202e-14
inhale,50,16.6926806133,4.9735446581585,-1.4352963262354e-12
inhale,60,16.6926806133,5.9065886417903,-2.8421709430404e-14
inhale,70,16.6926806133,6.7596128518933,8.5265128291212e-13
inhale,80,16.6926806133,6.1747841400538,0
inhale,90,16.6926806133,6.4367599673336,-1.4210854715202e-12
inhale,110,16.6926806133,5.9843914171969,-1.4210854715202e-14
inhale,120,16.6926806133,6.2816184304392,1.2434497875802e-12
inhale,130,16.6926806133,6.6371142578319,1.2789769243682e-13
inhale,140,16.6926806133,5.55911826045,0
inhale,50,16.716568617162,4.9734961021504,-1.4352963262354e-12
inhale,60,16.716568617162,5.9064917422059,0
inhale,70,16.716568617162,6.7594250203279,8.2422957348172e-13
inhale,80,16.716568617162,6.174578559307,1.4210854715202e-14
inhale,90,16.716568617162,6.4364522318872,-1.4637180356658e-12
inhale,110,16.716568617162,5.9840029447584,0
inhale,120,16.716568617162,6.2810766437754,1.2434497875802e-12
inhale,130,16.716568617162,6.6364451790661,1.4210854715202e-13
inhale,140,16.716568617162,5.5585273568568,0
inhale,50,16.740456621023,4.9734476518931,-1.4495071809506e-12
inhale,60,16.740456621023,5.9063950494073,-2.8421709430404e-14
inhale,70,16.740456621023,6.7592375864609,8.3844042819692e-13
inhale,80,16.740456621023,6.1743734244902,0
inhale,90,16.740456621023,6.4361451726792,-1.4210854715202e-12
inhale,110,16.740456621023,5.9836153595028,0
inhale,120,16.740456621023,6.2805361222578,1.2363443602226e-12
inhale,130,16.740456621023,6.6357776843564,1.3500311979442e-13
inhale,140,16.740456621023,5.5579379090844,0
inhale,50,16.764344624885,4.9733993070295,-1.4352963262354e-12
inhale,60,16.764344624885,5.9062985627093,-1.4210854715202e-14
inhale,70,16.764344624885,6.7590505489865,8.6686213762732e-13
inhale,80,16.764344624885,6.1741687341055,-1.4210854715202e-14
inhale,90,16.764344624885,6.4358387874137,-1.4210854715202e-12
inhale,110,16.764344624885,5.9832286583072,1.4210854715202e-14
inhale,120,16.764344624885,6.2799968613454,1.2718714970106e-12
inhale,130,16.764344624885,6.6351117679499,1.0658141036402e-13
inhale,140,16.764344624885,5.5573499116325,0
inhale,50,16.788232628747,4.9733510672039,-1.4495071809506e-12
inhale,60,16.788232628747,5.9062022814301,0
inhale,70,16.788232628747,6.7588639066047,8.6686213762732e-13
inhale,80,16.788232628747,6.1739644866621,-2.8421709430404e-14
inhale,90,16.788232628747,6.4355330738056,-1.3642420526594e-12
inhale,110,16.788232628747,5.982842838064,1.4210854715202e-14
inhale,120,16.788232628747,6.2794588565196,1.264766069653e-12
inhale,130,16.788232628747,6.6344474241226,1.2789769243682e-13
inhale,140,16.788232628747,5.5567633590293,7.105427357601e-15
inhale,50,16.812120632609,4.9733029320626,-1.4495071809506e-12
inhale,60,16.812120632609,5.9061062048909,0
inhale,70,16.812120632609,6.7586776580218,8.6686213762732e-13
inhale,80,16.812120632609,6.1737606806762,1.4210854715202e-14
inhale,90,16.812120632609,6.4352280295806,-1.4210854715202e-12
inhale,110,16.812120632609,5.9824578956806,0
inhale,120,16.812120632609,6.2789221032844,1.2789769243682e-12
inhale,130,16.812120632609,6.6337846471789,1.4921397450962e-13
inhale,140,16.812120632609,5.5561782458313,7.105427357601e-15
inhale,50,16.83600863647,4.9732549012534,-1.4352963262354e-12
inhale,60,16.83600863647,5.9060103324161,-2.8421709430404e-14
inhale,70,16.83600863647,6.7584918019498,8.5265128291212e-13
inhale,80,16.83600863647,6.1735573146711,0
inhale,90,16.83600863647,6.4349236524754,-1.406874616805e-12
inhale,110,16.83600863647,5.9820738280796,1.4210854715202e-14
inhale,120,16.83600863647,6.2783865971659,1.2576606422954e-12
inhale,130,16.83600863647,6.6331234314516,1.3500311979442e-13
inhale,140,16.83600863647,5.5555945666234,0
inhale,50,16.859896640332,4.973206974426,-1.477928890381e-12
inhale,60,16.859896640332,5.9059146633333,1.4210854715202e-14
inhale,70,16.859896640332,6.7583063371067,8.9528384705773e-13
inhale,80,16.859896640332,6.1733543871768,0
inhale,90,16.859896640332,6.434619940237,-1.406874616805e-12
inhale,110,16.859896640332,5.9816906321984,1.4210854715202e-14
inhale,120,16.859896640332,6.2778523337122,1.2718714970106e-12
inhale,130,16.859896640332,6.632463771302,1.4921397450962e-13
inhale,140,16.859896640332,5.555012316018,2.1316282072803e-14
inhale,50,16.883784644194,4.9731591512314,-1.4210854715202e-12
inhale,60,16.883784644194,5.9058191969732,1.4210854715202e-14
inhale,70,16.883784644194,6.7581212622165,8.6686213762732e-13
inhale,80,16.883784644194,6.1731518967304,-4.2632564145606e-14
inhale,90,16.883784644194,6.4343168906233,-1.406874616805e-12
inhale,110,16.883784644194,5.9813083049895,0
inhale,120,16.883784644194,6.2773193084936,1.300293206441e-12
inhale,130,16.883784644194,6.6318056611194,1.4210854715202e-13
inhale,140,16.883784644194,5.5544314886555,-7.105427357601e-15
inhale,50,16.907672648056,4.9731114313225,-1.4352963262354e-12
inhale,60,16.907672648056,5.9057239326696,-1.4210854715202e-14
inhale,70,16.907672648056,6.7579365760089,8.5265128291212e-13
inhale,80,16.907672648056,6.1729498418757,-1.4210854715202e-14
inhale,90,16.907672648056,6.4340145014026,-1.4210854715202e-12
inhale,110,16.907672648056,5.9809268434199,0
inhale,120,16.907672648056,6.276787517102,1.2860823517258e-12
inhale,130,16.907672648056,6.6311490953207,1.2079226507922e-13
inhale,140,16.907672648056,5.553852079204,-7.105427357601e-15
inhale,50,16.931560651918,4.9730638143537,-1.4495071809506e-12
inhale,60,16.931560651918,5.9056288697593,0
inhale,70,16.931560651918,6.7577522772195,8.8107299234252e-13
inhale,80,16.931560651918,6.1727482211633,1.4210854715202e-14
inhale,90,16.931560651918,6.433712770354,-1.3926637620898e-12
inhale,110,16.931560651918,5.9805462444714,0
inhale,120,16.931560651918,6.276256955151,1.3145040611562e-12
inhale,130,16.931560651918,6.6304940683507,1.2079226507922e-13
inhale,140,16.931560651918,5.5532740823587,0
inhale,50,16.955448655779,4.973016299981,-1.4210854715202e-12
inhale,60,16.955448655779,5.9055340075823,5.6843418860808e-14
inhale,70,16.955448655779,6.7575683645898,8.6686213762732e-13
inhale,80,16.955448655779,6.1725470331505,0
inhale,90,16.955448655779,6.4334116952666,-1.3784529073746e-12
inhale,110,16.955448655779,5.9801665051406,0
inhale,120,16.955448655779,6.2757276182759,1.3145040611562e-12
inhale,130,16.955448655779,6.6298405746819,1.4921397450962e-13
inhale,140,16.955448655779,5.5526974928423,-7.105427357601e-15
inhale,50,16.979336659641,4.9729688878622,-1.4352963262354e-12
inhale,60,16.979336659641,5.9054393454815,0
inhale,70,16.979336659641,6.7573848368669,8.9528384705773e-13
inhale,80,16.979336659641,6.1723462764015,0
inhale,90,16.979336659641,6.4331112739402,-1.3784529073746e-12
inhale,110,16.979336659641,5.9797876224382,1.4210854715202e-14
inhale,120,16.979336659641,6.2751995021331,1.3145040611562e-12
inhale,130,16.979336659641,6.629188608814,1.3500311979442e-13
inhale,140,16.979336659641,5.5521223054042,-1.4210854715202e-14
inhale,50,17.003224663503,4.9729215776564,-1.4637180356658e-12
inhale,60,17.003224663503,5.9053448828029,2.8421709430404e-14
inhale,70,17.003224663503,6.7572016928037,8.8107299234252e-13
inhale,80,17.003224663503,6.1721459494871,-1.4210854715202e-14
inhale,90,17.003224663503,6.4328115041847,-1.3642420526594e-12
inhale,110,17.003224663503,5.9794095933897,0
inhale,120,17.003224663503,6.2746726024006,1.3287149158714e-12
inhale,130,17.003224663503,6.6285381652737,1.4210854715202e-13
inhale,140,17.003224663503,5.5515485148211,7.105427357601e-15
inhale,50,17.027112667365,4.9728743690247,-1.4210854715202e-12
inhale,60,17.027112667365,5.9052506188955,-5.6843418860808e-14
inhale,70,17.027112667365,6.7570189311586,8.9528384705773e-13
inhale,80,17.027112667365,6.1719460509847,1.4210854715202e-14
inhale,90,17.027112667365,6.4325123838204,-1.3784529073746e-12
inhale,110,17.027112667365,5.9790324150347,-1.4210854715202e-14
inhale,120,17.027112667365,6.2741469147773,1.3216094885138e-12
inhale,130,17.027112667365,6.627889238615,1.3500311979442e-13
inhale,140,17.027112667365,5.550976115896,-7.105427357601e-15
inhale,50,17.051000671226,4.9728272616293,-1.4352963262354e-12
inhale,60,17.051000671226,5.9051565531113,0
inhale,70,17.051000671226,6.756836550696,8.6686213762732e-13
inhale,80,17.051000671226,6.1717465794782,0
inhale,90,17.051000671226,6.4322139106777,-1.3500311979442e-12
inhale,110,17.051000671226,5.9786560844272,0
inhale,120,17.051000671226,6.2736224349832,1.3429257705866e-12
inhale,130,17.051000671226,6.6272418234186,1.6342482922482e-13
inhale,140,17.051000671226,5.5504051034586,7.105427357601e-15
inhale,50,17.074888675088,4.9727802551343,-1.4637180356658e-12
inhale,60,17.074888675088,5.9050626848052,1.4210854715202e-14
inhale,70,17.074888675088,6.7566545501857,8.8107299234252e-13
inhale,80,17.074888675088,6.1715475335582,5.6843418860808e-14
inhale,90,17.074888675088,6.4319160825972,-1.3642420526594e-12
inhale,110,17.074888675088,5.978280598635,1.4210854715202e-14
inhale,120,17.074888675088,6.2730991587591,1.3500311979442e-12
inhale,130,17.074888675088,6.626595914292,1.4210854715202e-13
inhale,140,17.074888675088,5.549835472365,1.4210854715202e-14
inhale,50,17.09877667895,4.9727333492053,-1.4352963262354e-12
inhale,60,17.09877667895,5.9049690133352,1.4210854715202e-14
inhale,70,17.09877667895,6.756472928403,8.8107299234252e-13
inhale,80,17.09877667895,6.1713489118219,-2.8421709430404e-14
inhale,90,17.09877667895,6.4316188974294,-1.3216094885138e-12
inhale,110,17.09877667895,5.9779059547404,-1.4210854715202e-14
inhale,120,17.09877667895,6.2725770818668,1.371347480017e-12
inhale,130,17.09877667895,6.6259515058691,1.3500311979442e-13
inhale,140,17.09877667895,5.5492672174972,7.105427357601e-15
inhale,50,17.122664682812,4.9726865435093,-1.4352963262354e-12
inhale,60,17.122664682812,5.9048755380621,-1.4210854715202e-14
inhale,70,17.122664682812,6.756291684129,8.9528384705773e-13
inhale,80,17.122664682812,6.1711507128727,2.8421709430404e-14
inhale,90,17.122664682812,6.431322353035,-1.335820343229e-12
inhale,110,17.122664682812,5.9775321498394,1.4210854715202e-14
inhale,120,17.122664682812,6.2720562000883,1.3429257705866e-12
inhale,130,17.122664682812,6.62530859281,1.4921397450962e-13
inhale,140,17.122664682812,5.5487003337636,1.4210854715202e-14
inhale,50,17.146552686673,4.9726398377152,-1.477928890381e-12
inhale,60,17.146552686673,5.9047822583496,-2.8421709430404e-14
inhale,70,17.146552686673,6.7561108161502,8.9528384705773e-13
inhale,80,17.146552686673,6.1709529353207,0
inhale,90,17.146552686673,6.4310264472844,-1.335820343229e-12
inhale,110,17.146552686673,5.977159181042,1.4210854715202e-14
inhale,120,17.146552686673,6.2715365092264,1.3642420526594e-12
inhale,130,17.146552686673,6.6246671698014,1.2079226507922e-13
inhale,140,17.146552686673,5.548134816098,7.105427357601e-15
inhale,50,17.170440690535,4.9725932314929,-1.477928890381e-12
inhale,60,17.170440690535,5.9046891735645,2.8421709430404e-14
inhale,70,17.170440690535,6.7559303232585,8.9528384705773e-13
inhale,80,17.170440690535,6.1707555777822,-1.4210854715202e-14
inhale,90,17.170440690535,6.4307311780581,-1.3642420526594e-12
inhale,110,17.170440690535,5.9767870454719,0
inhale,120,17.170440690535,6.2710180051042,1.371347480017e-12
inhale,130,17.170440690535,6.6240272315555,1.3500311979442e-13
inhale,140,17.170440690535,5.5475706594603,-7.105427357601e-15
inhale,50,17.194328694397,4.9725467245144,-1.4637180356658e-12
inhale,60,17.194328694397,5.9045962830762,-1.4210854715202e-14
inhale,70,17.194328694397,6.7557502042513,8.8107299234252e-13
inhale,80,17.194328694397,6.17055863888,-2.8421709430404e-14
inhale,90,17.194328694397,6.4304365432464,-1.3500311979442e-12
inhale,110,17.194328694397,5.9764157402668,0
inhale,120,17.194328694397,6.270500683565,1.3855583347322e-12
inhale,130,17.194328694397,6.6233887728108,1.5631940186722e-13
inhale,140,17.194328694397,5.5470078588355,0
inhale,50,17.218216698259,4.9725003164527,-1.406874616805e-12
inhale,60,17.218216698259,5.9045035862573,1.4210854715202e-14
inhale,70,17.218216698259,6.7555704579316,8.8107299234252e-13
inhale,80,17.218216698259,6.1703621172433,2.8421709430404e-14
inhale,90,17.218216698259,6.4301425407493,-1.3216094885138e-12
inhale,110,17.218216698259,5.9760452625776,-2.8421709430404e-14
inhale,120,17.218216698259,6.269984540472,1.3784529073746e-12
inhale,130,17.218216698259,6.6227517883312,1.4210854715202e-13
inhale,140,17.218216698259,5.5464464092343,7.105427357601e-15
inhale,50,17.24210470212,4.9724540069827,-1.4637180356658e-12
inhale,60,17.24210470212,5.9044110824828,-1.4210854715202e-14
inhale,70,17.24210470212,6.7553910831076,8.9528384705773e-13
inhale,80,17.24210470212,6.1701660115072,0
inhale,90,17.24210470212,6.4298491684764,-1.3500311979442e-12
inhale,110,17.24210470212,5.975675609569,1.4210854715202e-14
inhale,120,17.24210470212,6.2694695717088,1.371347480017e-12
inhale,130,17.24210470212,6.6221162729062,1.4210854715202e-13
inhale,140,17.24210470212,5.5458863056923,-1.4210854715202e-14
inhale,50,17.265992705982,4.9724077957807,-1.4637180356658e-12
inhale,60,17.265992705982,5.9043187711311,4.2632564145606e-14
inhale,70,17.265992705982,6.7552120785929,8.8107299234252e-13
inhale,80,17.265992705982,6.1699703203136,-2.8421709430404e-14
inhale,90,17.265992705982,6.4295564243471,-1.3216094885138e-12
inhale,110,17.265992705982,5.9753067784193,1.4210854715202e-14
inhale,120,17.265992705982,6.2689557731786,1.3784529073746e-12
inhale,130,17.265992705982,6.6214822213507,1.4921397450962e-13
inhale,140,17.265992705982,5.5453275432702,0
inhale,50,17.289880709844,4.9723616825242,-1.4637180356658e-12
inhale,60,17.289880709844,5.9042266515829,-4.2632564145606e-14
inhale,70,17.289880709844,6.7550334432065,8.8107299234252e-13
inhale,80,17.289880709844,6.1697750423102,1.4210854715202e-14
inhale,90,17.289880709844,6.4292643062905,-1.2931877790834e-12
inhale,110,17.289880709844,5.9749387663199,-1.4210854715202e-14
inhale,120,17.289880709844,6.2684431408044,1.4210854715202e-12
inhale,130,17.289880709844,6.6208496285049,1.4210854715202e-13
inhale,140,17.289880709844,5.5447701170537,7.105427357601e-15
inhale,50,17.313768713706,4.9723156668925,-1.4352963262354e-12
inhale,60,17.313768713706,5.904134723222,-2.8421709430404e-14
inhale,70,17.313768713706,6.7548551757726,8.8107299234252e-13
inhale,80,17.313768713706,6.169580176151,0
inhale,90,17.313768713706,6.4289728122449,-1.2931877790834e-12
inhale,110,17.313768713706,5.9745715704757,0
inhale,120,17.313768713706,6.2679316705286,1.406874616805e-12
inhale,130,17.313768713706,6.6202184892338,1.4210854715202e-13
inhale,140,17.313768713706,5.5442140221529,1.4210854715202e-14
inhale,50,17.337656717567,4.9722697485664,-1.4495071809506e-12
inhale,60,17.337656717567,5.9040429854349,0
inhale,70,17.337656717567,6.7546772751208,8.8107299234252e-13
inhale,80,17.337656717567,6.1693857204961,0
inhale,90,17.337656717567,6.4286819401583,-1.2789769243682e-12
inhale,110,17.337656717567,5.9742051881048,-1.4210854715202e-14
inhale,120,17.337656717567,6.2674213583135,1.3997691894474e-12
inhale,130,17.337656717567,6.6195887984276,1.2789769243682e-13
inhale,140,17.337656717567,5.5436592537027,7.105427357601e-15
inhale,50,17.361544721429,4.9722239272279,-1.4495071809506e-12
inhale,60,17.361544721429,5.9039514376109,2.8421709430404e-14
inhale,70,17.361544721429,6.7544997400858,8.5265128291212e-13
inhale,80,17.361544721429,6.1691916740119,-1.4210854715202e-14
inhale,90,17.361544721429,6.4283916879881,-1.3073986337986e-12
inhale,110,17.361544721429,5.9738396164384,0
inhale,120,17.361544721429,6.2669122001406,1.4139800441626e-12
inhale,130,17.361544721429,6.618960551001,1.4921397450962e-13
inhale,140,17.361544721429,5.5431058068623,2.8421709430404e-14
inhale,50,17.385432725291,4.9721782025607,-1.4637180356658e-12
inhale,60,17.385432725291,5.9038600791419,2.8421709430404e-14
inhale,70,17.385432725291,6.7543225695075,9.0949470177293e-13
inhale,80,17.385432725291,6.1689980353706,-1.4210854715202e-14
inhale,90,17.385432725291,6.4281020537011,-1.2789769243682e-12
inhale,110,17.385432725291,5.9734748527207,-4.2632564145606e-14
inhale,120,17.385432725291,6.2664041920104,1.3997691894474e-12
inhale,130,17.385432725291,6.6183337418936,1.4921397450962e-13
inhale,140,17.385432725291,5.542553676815,-7.105427357601e-15
inhale,50,17.409320729153,4.9721325742497,-1.4921397450962e-12
inhale,60,17.409320729153,5.9037689094228,1.4210854715202e-14
inhale,70,17.409320729153,6.7541457622312,9.0949470177293e-13
inhale,80,17.409320729153,6.1688048032507,-1.4210854715202e-14
inhale,90,17.409320729153,6.4278130352733,-1.2505552149378e-12
inhale,110,17.409320729153,5.973110894209,2.8421709430404e-14
inhale,120,17.409320729153,6.2658973299429,1.4139800441626e-12
inhale,130,17.409320729153,6.617708366069,1.7053025658242e-13
inhale,140,17.409320729153,5.5420028587685,7.105427357601e-15
inhale,50,17.433208733015,4.9720870419815,-1.4352963262354e-12
inhale,60,17.433208733015,5.9036779278511,2.8421709430404e-14
inhale,70,17.433208733015,6.7539693171071,8.9528384705773e-13
inhale,80,17.433208733015,6.1686119763364,1.4210854715202e-14
inhale,90,17.433208733015,6.42752463069,-1.2221335055074e-12
inhale,110,17.433208733015,5.9727477381736,-2.8421709430404e-14
inhale,120,17.433208733015,6.265391609977,1.4139800441626e-12
inhale,130,17.433208733015,6.6170844185155,1.4210854715202e-13
inhale,140,17.433208733015,5.541453347954,0
inhale,50,17.457096736876,4.972041605444,-1.4352963262354e-12
inhale,60,17.457096736876,5.9035871338268,-1.4210854715202e-14
inhale,70,17.457096736876,6.7537932329906,9.2370555648813e-13
inhale,80,17.457096736876,6.168419553318,-1.4210854715202e-14
inhale,90,17.457096736876,6.4272368379457,-1.2789769243682e-12
inhale,110,17.457096736876,5.9723853818973,-1.4210854715202e-14
inhale,120,17.457096736876,6.2648870281705,1.4139800441626e-12
inhale,130,17.457096736876,6.6164618942454,1.3500311979442e-13
inhale,140,17.457096736876,5.5409051396267,-7.105427357601e-15
inhale,50,17.480984740738,4.9719962643264,-1.4637180356658e-12
inhale,60,17.480984740738,5.9034965267528,0
inhale,70,17.480984740738,6.7536175087423,8.8107299234252e-13
inhale,80,17.480984740738,6.1682275328919,0
inhale,90,17.480984740738,6.4269496550441,-1.2505552149378e-12
inhale,110,17.480984740738,5.972023822676,1.4210854715202e-14
inhale,120,17.480984740738,6.2643835805998,1.4566126083082e-12
inhale,130,17.480984740738,6.6158407882949,1.4921397450962e-13
inhale,140,17.480984740738,5.5403582290655,0
inhale,50,17.5048727446,4.9719510183196,-1.4495071809506e-12
inhale,60,17.5048727446,5.9034061060348,1.4210854715202e-14
inhale,70,17.5048727446,6.7534421432276,9.0949470177293e-13
inhale,80,17.5048727446,6.1680359137601,0
inhale,90,17.5048727446,6.4266630799979,-1.2789769243682e-12
inhale,110,17.5048727446,5.9716630578181,-1.4210854715202e-14
inhale,120,17.5048727446,6.2638812633604,1.442401753593e-12
inhale,130,17.5048727446,6.6152210957241,1.4921397450962e-13
inhale,140,17.5048727446,5.5398126115725,-7.105427357601e-15
inhale,50,17.528760748462,4.9719058671156,-1.4637180356658e-12
inhale,60,17.528760748462,5.9033158710809,1.4210854715202e-14
inhale,70,17.528760748462,6.7532671353172,9.0949470177293e-13
inhale,80,17.528760748462,6.1678446946307,0
inhale,90,17.528760748462,6.426377110829,-1.264766069653e-12
inhale,110,17.528760748462,5.9713030846446,-2.8421709430404e-14
inhale,120,17.528760748462,6.263380072566,1.4495071809506e-12
inhale,130,17.528760748462,6.614602811617,1.5631940186722e-13
inhale,140,17.528760748462,5.5392682824733,-1.4210854715202e-14
inhale,50,17.552648752323,4.971860810408,-1.4210854715202e-12
inhale,60,17.552648752323,5.903225821302,-2.8421709430404e-14
inhale,70,17.552648752323,6.7530924838867,8.8107299234252e-13
inhale,80,17.552648752323,6.1676538742174,0
inhale,90,17.552648752323,6.426091745568,-1.2363443602226e-12
inhale,110,17.552648752323,5.9709439004892,1.4210854715202e-14
inhale,120,17.552648752323,6.2628800043488,1.4637180356658e-12
inhale,130,17.552648752323,6.6139859310808,1.7053025658242e-13
inhale,140,17.552648752323,5.5387252371167,-1.4210854715202e-14
inhale,50,17.576536756185,4.9718158478917,-1.4637180356658e-12
inhale,60,17.576536756185,5.9031359561114,-1.4210854715202e-14
inhale,70,17.576536756185,6.7529181878166,9.0949470177293e-13
inhale,80,17.576536756185,6.1674634512398,1.4210854715202e-14
inhale,90,17.576536756185,6.4258069822547,-1.2221335055074e-12
inhale,110,17.576536756185,5.9705855026977,0
inhale,120,17.576536756185,6.2623810548596,1.442401753593e-12
inhale,130,17.576536756185,6.6133704492464,1.4210854715202e-13
inhale,140,17.576536756185,5.5381834708745,0
inhale,50,17.600424760047,4.971770979263,-1.4210854715202e-12
inhale,60,17.600424760047,5.9030462749253,2.8421709430404e-14
inhale,70,17.600424760047,6.7527442459924,8.8107299234252e-13
inhale,80,17.600424760047,6.1672734244234,-1.4210854715202e-14
inhale,90,17.600424760047,6.4255228189377,-1.2363443602226e-12
inhale,110,17.600424760047,5.9702278886286,0
inhale,120,17.600424760047,6.261883220267,1.4566126083082e-12
inhale,130,17.600424760047,6.6127563612678,1.7763568394003e-13
inhale,140,17.600424760047,5.5376429791412,7.105427357601e-15
inhale,50,17.624312763909,4.9717262042196,-1.4495071809506e-12
inhale,60,17.624312763909,5.9029567771624,-4.2632564145606e-14
inhale,70,17.624312763909,6.7525706573047,9.2370555648813e-13
inhale,80,17.624312763909,6.1670837924992,0
inhale,90,17.624312763909,6.4252392536744,-1.2221335055074e-12
inhale,110,17.624312763909,5.9698710556526,-2.8421709430404e-14
inhale,120,17.624312763909,6.2613864967581,1.4637180356658e-12
inhale,130,17.624312763909,6.6121436623223,1.5631940186722e-13
inhale,140,17.624312763909,5.5371037573343,-7.105427357601e-15
inhale,50,17.64820076777,4.9716815224604,-1.4352963262354e-12
inhale,60,17.64820076777,5.9028674622439,-1.4210854715202e-14
inhale,70,17.64820076777,6.7523974206486,8.8107299234252e-13
inhale,80,17.64820076777,6.166894554204,2.8421709430404e-14
inhale,90,17.64820076777,6.424956284531,-1.2505552149378e-12
inhale,110,17.64820076777,5.9695150011526,0
inhale,120,17.64820076777,6.2608908805378,1.4637180356658e-12
inhale,130,17.64820076777,6.6115323476101,1.7053025658242e-13
inhale,140,17.64820076777,5.5365658008937,7.105427357601e-15
inhale,50,17.672088771632,4.971636933686,-1.477928890381e-12
inhale,60,17.672088771632,5.9027783295936,2.8421709430404e-14
inhale,70,17.672088771632,6.7522245349243,8.6686213762732e-13
inhale,80,17.672088771632,6.1667057082802,-1.4210854715202e-14
inhale,90,17.672088771632,6.4246739095824,-1.2079226507922e-12
inhale,110,17.672088771632,5.9691597225236,1.4210854715202e-14
inhale,120,17.672088771632,6.260396367829,1.4637180356658e-12
inhale,130,17.672088771632,6.6109224123541,1.5631940186722e-13
inhale,140,17.672088771632,5.5360291052818,-7.105427357601e-15
inhale,50,17.695976775494,4.9715924375979,-1.4637180356658e-12
inhale,60,17.695976775494,5.902689378638,-1.4210854715202e-14
inhale,70,17.695976775494,6.752051999037,9.3791641120333e-13
inhale,80,17.695976775494,6.1665172534758,0
inhale,90,17.695976775494,6.4243921269123,-1.193711796077e-12
inhale,110,17.695976775494,5.9688052171729,0
inhale,120,17.695976775494,6.2599029548722,1.4921397450962e-12
inhale,130,17.695976775494,6.6103138518001,1.5631940186722e-13
inhale,140,17.695976775494,5.5354936659834,1.4210854715202e-14
inhale,50,17.719864779356,4.9715480338993,-1.4352963262354e-12
inhale,60,17.719864779356,5.9026006088058,0
inhale,70,17.719864779356,6.7518798118963,8.9528384705773e-13
inhale,80,17.719864779356,6.1663291885446,1.4210854715202e-14
inhale,90,17.719864779356,6.4241109346127,-1.193711796077e-12
inhale,110,17.719864779356,5.9684514825195,0
inhale,120,17.719864779356,6.2594106379259,1.4921397450962e-12
inhale,130,17.719864779356,6.6097066612165,1.9184653865523e-13
inhale,140,17.719864779356,5.5349594785054,0
inhale,50,17.743752783217,4.9715037222945,-1.4495071809506e-12
inhale,60,17.743752783217,5.9025120195286,1.4210854715202e-14
inhale,70,17.743752783217,6.7517079724168,9.0949470177293e-13
inhale,80,17.743752783217,6.1661415122457,-1.4210854715202e-14
inhale,90,17.743752783217,6.4238303307846,-1.2079226507922e-12
inhale,110,17.743752783217,5.9680985159946,-1.4210854715202e-14
inhale,120,17.743752783217,6.2589194132657,-1.5063505998114e-12
inhale,130,17.743752783217,6.6091008358939,1.5631940186722e-13
inhale,140,17.743752783217,5.5344265383768,0
inhale,50,17.767640787079,4.9714595024894,-1.4921397450962e-12
inhale,60,17.767640787079,5.9024236102403,4.2632564145606e-14
inhale,70,17.767640787079,6.751536479518,9.0949470177293e-13
inhale,80,17.767640787079,6.1659542233439,-1.4210854715202e-14
inhale,90,17.767640787079,6.4235503135373,-1.1795009413618e-12
inhale,110,17.767640787079,5.9677463150412,-1.4210854715202e-14
inhale,120,17.767640787079,6.2584292771857,1.4921397450962e-12
inhale,130,17.767640787079,6.6084963711455,1.5631940186722e-13
inhale,140,17.767640787079,5.5338948411483,0
inhale,50,17.791528790941,4.9714153741909,-1.4352963262354e-12
inhale,60,17.791528790941,5.9023353803773,1.4210854715202e-14
inhale,70,17.791528790941,6.7513653321238,9.2370555648813e-13
inhale,80,17.791528790941,6.1657673206093,1.4210854715202e-14
inhale,90,17.791528790941,6.4232708809886,-1.2079226507922e-12
inhale,110,17.791528790941,5.9673948771139,-1.4210854715202e-14
inhale,120,17.791528790941,6.2579402259956,-1.4850343177386e-12
inhale,130,17.791528790941,6.6078932623064,1.7053025658242e-13
inhale,140,17.791528790941,5.5333643823925,7.105427357601e-15
inhale,50,17.815416794803,4.9713713371073,-1.4352963262354e-12
inhale,60,17.815416794803,5.9022473293784,0
inhale,70,17.815416794803,6.7511945291629,9.3791641120333e-13
inhale,80,17.815416794803,6.1655808028175,-1.4210854715202e-14
inhale,90,17.815416794803,6.4229920312643,-1.193711796077e-12
inhale,110,17.815416794803,5.967044199679,-1.4210854715202e-14
inhale,120,17.815416794803,6.2574522560237,-1.4921397450962e-12
inhale,130,17.815416794803,6.6072915047332,1.9895196601283e-13
inhale,140,17.815416794803,5.5328351577032,-7.105427357601e-15
inhale,50,17.839304798664,4.9713273909462,-1.477928890381e-12
inhale,60,17.839304798664,5.9021594566806,0
inhale,70,17.839304798664,6.7510240695595,9.2370555648813e-13
inhale,80,17.839304798664,6.1653946687402,1.4210854715202e-14
inhale,90,17.839304798664,6.4227137624848,-1.193711796077e-12
inhale,110,17.839304798664,5.9666942801978,1.4210854715202e-14
inhale,120,17.839304798664,6.2569653635913,-1.4921397450962e-12
inhale,130,17.839304798664,6.6066910937758,1.9895196601283e-13
inhale,140,17.839304798664,5.5323071626735,0
inhale,50,17.863192802526,4.971283535414,-1.4637180356658e-12
inhale,60,17.863192802526,5.9020717617173,1.4210854715202e-14
inhale,70,17.863192802526,6.7508539522308,9.6633812063374e-13
inhale,80,17.863192802526,6.1652089171419,-2.8421709430404e-14
inhale,90,17.863192802526,6.4224360727602,-1.1795009413618e-12
inhale,110,17.863192802526,5.9663451161213,1.4210854715202e-14
inhale,120,17.863192802526,6.2564795450064,-1.477928890381e-12
inhale,130,17.863192802526,6.6060920247673,1.4921397450962e-13
inhale,140,17.863192802526,5.5317803928884,7.105427357601e-15
inhale,50,17.887080806388,4.971239770218,-1.4921397450962e-12
inhale,60,17.887080806388,5.9019842439243,0
inhale,70,17.887080806388,6.7506841760979,9.0949470177293e-13
inhale,80,17.887080806388,6.165023546792,2.8421709430404e-14
inhale,90,17.887080806388,6.4221589602077,-1.1795009413618e-12
inhale,110,17.887080806388,5.9659967049108,1.4210854715202e-14
inhale,120,17.887080806388,6.2559947965921,-1.4708234630234e-12
inhale,130,17.887080806388,6.6054942930606,1.6342482922482e-13
inhale,140,17.887080806388,5.5312548439524,-7.105427357601e-15
inhale,50,17.91096881025,4.971196095067,-1.4921397450962e-12
inhale,60,17.91096881025,5.9018969027396,-1.4210854715202e-14
inhale,70,17.91096881025,6.7505147400867,9.0949470177293e-13
inhale,80,17.91096881025,6.1648385564653,2.8421709430404e-14
inhale,90,17.91096881025,6.4218824229531,-1.1652900866466e-12
inhale,110,17.91096881025,5.9656490440393,0
inhale,120,17.91096881025,6.2555111146888,-1.4921397450962e-12
inhale,130,17.91096881025,6.6048978940306,1.6342482922482e-13
inhale,140,17.91096881025,5.5307305114919,0
inhale,50,17.934856814112,4.971152509671,-1.4637180356658e-12
inhale,60,17.934856814112,5.901809737604,1.4210854715202e-14
inhale,70,17.934856814112,6.7503456431277,9.2370555648813e-13
inhale,80,17.934856814112,6.1646539449421,0
inhale,90,17.934856814112,6.4216064591306,-1.2079226507922e-12
inhale,110,17.934856814112,5.9653021309919,1.4210854715202e-14
inhale,120,17.934856814112,6.2550284956544,-1.4637180356658e-12
inhale,130,17.934856814112,6.6043028230742,1.7053025658242e-13
inhale,140,17.934856814112,5.5302073911544,-1.4210854715202e-14
inhale,50,17.958744817973,4.9711090137413,-1.4637180356658e-12
inhale,60,17.958744817973,5.9017227479604,4.2632564145606e-14
inhale,70,17.958744817973,6.7501768841562,9.5212726591853e-13
inhale,80,17.958744817973,6.1644697110084,0
inhale,90,17.958744817973,6.421331066883,-1.1795009413618e-12
inhale,110,17.958744817973,5.9649559632649,2.8421709430404e-14
inhale,120,17.958744817973,6.2545469358638,-1.477928890381e-12
inhale,130,17.958744817973,6.6037090756103,1.7053025658242e-13
inhale,140,17.958744817973,5.529685478609,0
inhale,50,17.982632821835,4.9710656069906,-1.477928890381e-12
inhale,60,17.982632821835,5.9016359332546,0
inhale,70,17.982632821835,6.7500084621124,9.3791641120333e-13
inhale,80,17.982632821835,6.1642858534552,0
inhale,90,17.982632821835,6.4210562443613,-1.1795009413618e-12
inhale,110,17.982632821835,5.9646105383665,-2.8421709430404e-14
inhale,120,17.982632821835,6.254066431709,-1.4637180356658e-12
inhale,130,17.982632821835,6.6031166470795,1.7763568394003e-13
inhale,140,17.982632821835,5.5291647695459,2.1316282072803e-14
inhale,50,18.006520825697,4.9710222891328,-1.4637180356658e-12
inhale,60,18.006520825697,5.9015492929346,1.4210854715202e-14
inhale,70,18.006520825697,6.7498403759408,9.2370555648813e-13
inhale,80,18.006520825697,6.1641023710793,-1.4210854715202e-14
inhale,90,18.006520825697,6.420781989725,-1.1510792319314e-12
inhale,110,18.006520825697,5.9642658538164,-1.4210854715202e-14
inhale,120,18.006520825697,6.253586979599,-1.4566126083082e-12
inhale,130,18.006520825697,6.6025255329439,1.5631940186722e-13
inhale,140,18.006520825697,5.5286452596765,-1.4210854715202e-14
inhale,50,18.030408829559,4.9709790598831,-1.4921397450962e-12
inhale,60,18.030408829559,5.9014628264509,-1.4210854715202e-14
inhale,70,18.030408829559,6.7496726245907,8.9528384705773e-13
inhale,80,18.030408829559,6.1639192626826,-1.4210854715202e-14
inhale,90,18.030408829559,6.4205083011416,-1.122657522501e-12
inhale,110,18.030408829559,5.9639219071457,-4.2632564145606e-14
inhale,120,18.030408829559,6.2531085759595,-1.442401753593e-12
inhale,130,18.030408829559,6.6019357286874,1.6342482922482e-13
inhale,140,18.030408829559,5.5281269447328,0
inhale,50,18.05429683342,4.970935918958,-1.4921397450962e-12
inhale,60,18.05429683342,5.9013765332563,1.4210854715202e-14
inhale,70,18.05429683342,6.7495052070161,9.6633812063374e-13
inhale,80,18.05429683342,6.1637365270727,-1.4210854715202e-14
inhale,90,18.05429683342,6.4202351767872,-1.1510792319314e-12
inhale,110,18.05429683342,5.9635786958968,-2.8421709430404e-14
inhale,120,18.05429683342,6.2526312172331,-1.4495071809506e-12
inhale,130,18.05429683342,6.6013472298149,1.8474111129763e-13
inhale,140,18.05429683342,5.527609820468,0
inhale,50,18.078184837282,4.9708928660751,-1.4637180356658e-12
inhale,60,18.078184837282,5.9012904128063,1.4210854715202e-14
inhale,70,18.078184837282,6.7493381221755,9.3791641120333e-13
inhale,80,18.078184837282,6.163554163062,0
inhale,90,18.078184837282,6.4199626148459,-1.1368683772162e-12
inhale,110,18.078184837282,5.9632362176236,1.4210854715202e-14
inhale,120,18.078184837282,6.2521548998789,-1.442401753593e-12
inhale,130,18.078184837282,6.6007600318528,1.8474111129763e-13
inhale,140,18.078184837282,5.5270938826557,-2.1316282072803e-14
inhale,50,18.102072841144,4.9708499009536,-1.477928890381e-12
inhale,60,18.102072841144,5.9012044645585,-4.2632564145606e-14
inhale,70,18.102072841144,6.7491713690319,9.3791641120333e-13
inhale,80,18.102072841144,6.1633721694686,2.8421709430404e-14
inhale,90,18.102072841144,6.4196906135098,-1.1368683772162e-12
inhale,110,18.102072841144,5.9628944698912,0
inhale,120,18.102072841144,6.2516796203727,-1.4352963262354e-12
inhale,130,18.102072841144,6.6001741303485,1.4210854715202e-13
inhale,140,18.102072841144,5.5265791270903,0
inhale,50,18.125960845006,4.9708070233137,-1.477928890381e-12
inhale,60,18.125960845006,5.9011186879731,-1.4210854715202e-14
inhale,70,18.125960845006,6.749004946553,9.0949470177293e-13
inhale,80,18.125960845006,6.1631905451157,2.8421709430404e-14
inhale,90,18.125960845006,6.4194191709794,-1.0800249583554e-12
inhale,110,18.125960845006,5.9625534502759,2.8421709430404e-14
inhale,120,18.125960845006,6.2512053752068,-1.442401753593e-12
inhale,130,18.125960845006,6.5995895208703,1.9895196601283e-13
inhale,140,18.125960845006,5.5260655495865,2.1316282072803e-14
inhale,50,18.149848848867,4.9707642328768,-1.4921397450962e-12
inhale,60,18.149848848867,5.9010330825125,1.4210854715202e-14
inhale,70,18.149848848867,6.7488388537109,9.0949470177293e-13
inhale,80,18.149848848867,6.1630092888317,-5.6843418860808e-14
inhale,90,18.149848848867,6.4191482854631,-1.1084466677858e-12
inhale,110,18.149848848867,5.9622131563651,2.8421709430404e-14
inhale,120,18.149848848867,6.2507321608896,-1.4281908988778e-12
inhale,130,18.149848848867,6.5990061990075,1.7763568394003e-13
inhale,140,18.149848848867,5.5255531459791,1.4210854715202e-14
inhale,50,18.173736852729,4.9707215293657,-1.4921397450962e-12
inhale,60,18.173736852729,5.9009476476415,-1.4210854715202e-14
inhale,70,18.173736852729,6.7486730894821,9.5212726591853e-13
inhale,80,18.173736852729,6.1628283994503,-1.4210854715202e-14
inhale,90,18.173736852729,6.4188779551772,-1.1084466677858e-12
inhale,110,18.173736852729,5.9618735857573,1.4210854715202e-14
inhale,120,18.173736852729,6.2502599739459,-1.4281908988778e-12
inhale,130,18.173736852729,6.5984241603701,1.9895196601283e-13
inhale,140,18.173736852729,5.5250419121235,-7.105427357601e-15
inhale,50,18.197624856591,4.9706789125043,-1.4921397450962e-12
inhale,60,18.197624856591,5.9008623828275,0
inhale,70,18.197624856591,6.7485076528477,9.5212726591853e-13
inhale,80,18.197624856591,6.1626478758101,-2.8421709430404e-14
inhale,90,18.197624856591,6.4186081783461,-1.0942358130706e-12
inhale,110,18.197624856591,5.961534736062,-4.2632564145606e-14
inhale,120,18.197624856591,6.2497888109168,-1.3997691894474e-12
inhale,130,18.197624856591,6.5978434005886,1.7763568394003e-13
inhale,140,18.197624856591,5.5245318438948,-1.4210854715202e-14
inhale,50,18.221512860453,4.9706363820178,-1.5063505998114e-12
inhale,60,18.221512860453,5.9007772875398,0
inhale,70,18.221512860453,6.7483425427931,9.5212726591853e-13
inhale,80,18.221512860453,6.1624677167552,1.4210854715202e-14
inhale,90,18.221512860453,6.418338953202,-1.0942358130706e-12
inhale,110,18.221512860453,5.9611966048995,-1.4210854715202e-14
inhale,120,18.221512860453,6.2493186683592,-1.3926637620898e-12
inhale,130,18.221512860453,6.5972639153141,1.8474111129763e-13
inhale,140,18.221512860453,5.5240229371882,-7.105427357601e-15
inhale,50,18.245400864314,4.9705939376326,-1.4921397450962e-12
inhale,60,18.245400864314,5.9006923612504,1.4210854715202e-14
inhale,70,18.245400864314,6.7481777583084,9.5212726591853e-13
inhale,80,18.245400864314,6.1622879211344,0
inhale,90,18.245400864314,6.4180702779851,-1.0800249583554e-12
inhale,110,18.245400864314,5.9608591899012,0
inhale,120,18.245400864314,6.2488495428461,-1.3784529073746e-12
inhale,130,18.245400864314,6.596685700218,1.7763568394003e-13
inhale,140,18.245400864314,5.5235151879186,-7.105427357601e-15
inhale,50,18.269288868176,4.9705515790763,-1.4495071809506e-12
inhale,60,18.269288868176,5.9006076034333,-4.2632564145606e-14
inhale,70,18.269288868176,6.7480132983876,9.2370555648813e-13
inhale,80,18.269288868176,6.1621084878021,0
inhale,90,18.269288868176,6.4178021509433,-1.0942358130706e-12
inhale,110,18.269288868176,5.9605224887091,1.4210854715202e-14
inhale,120,18.269288868176,6.2483814309664,-1.3642420526594e-12
inhale,130,18.269288868176,6.5961087509919,1.8474111129763e-13
inhale,140,18.269288868176,5.5230085920207,2.1316282072803e-14
inhale,50,18.293176872038,4.9705093060777,-1.477928890381e-12
inhale,60,18.293176872038,5.900523013565,2.8421709430404e-14
inhale,70,18.293176872038,6.7478491620296,9.2370555648813e-13
inhale,80,18.293176872038,6.1619294156171,0
inhale,90,18.293176872038,6.4175345703324,-1.0800249583554e-12
inhale,110,18.293176872038,5.9601864989762,0
inhale,120,18.293176872038,6.2479143293247,-1.3855583347322e-12
inhale,130,18.293176872038,6.5955330633476,1.6342482922482e-13
inhale,140,18.293176872038,5.5225031454486,7.105427357601e-15
inhale,50,18.3170648759,4.9704671183669,-1.4495071809506e-12
inhale,60,18.3170648759,5.9004385911242,1.4210854715202e-14
inhale,70,18.3170648759,6.7476853482371,9.2370555648813e-13
inhale,80,18.3170648759,6.1617507034438,-2.8421709430404e-14
inhale,90,18.3170648759,6.4172675344157,-1.0658141036402e-12
inhale,110,18.3170648759,5.9598512183658,-2.8421709430404e-14
inhale,120,18.3170648759,6.2474482345413,-1.406874616805e-12
inhale,130,18.3170648759,6.5949586330168,1.7763568394003e-13
inhale,140,18.3170648759,5.521998844176,0
inhale,50,18.340952879761,4.9704250156749,-1.4921397450962e-12
inhale,60,18.340952879761,5.9003543355918,-1.4210854715202e-14
inhale,70,18.340952879761,6.7475218560176,9.2370555648813e-13
inhale,80,18.340952879761,6.1615723501512,1.4210854715202e-14
inhale,90,18.340952879761,6.4170010414644,-1.0658141036402e-12
inhale,110,18.340952879761,5.9595166445521,1.4210854715202e-14
inhale,120,18.340952879761,6.2469831432523,-1.3500311979442e-12
inhale,130,18.340952879761,6.5943854557511,1.6342482922482e-13
inhale,140,18.340952879761,5.5214956841959,-1.4210854715202e-14
inhale,50,18.364840883623,4.9703829977342,-1.477928890381e-12
inhale,60,18.364840883623,5.9002702464512,2.8421709430404e-14
inhale,70,18.364840883623,6.7473586843825,9.2370555648813e-13
inhale,80,18.364840883623,6.1613943546134,2.8421709430404e-14
inhale,90,18.364840883623,6.4167350897573,-1.0516032489249e-12
inhale,110,18.364840883623,5.9591827752198,1.4210854715202e-14
inhale,120,18.364840883623,6.246519052109,-1.3642420526594e-12
inhale,130,18.364840883623,6.593813527322,1.7763568394003e-13
inhale,140,18.364840883623,5.5209936615204,1.4210854715202e-14
inhale,50,18.388728887485,4.9703410642782,-1.4637180356658e-12
inhale,60,18.388728887485,5.9001863231878,2.8421709430404e-14
inhale,70,18.388728887485,6.7471958323476,9.3791641120333e-13
inhale,80,18.388728887485,6.1612167157094,2.8421709430404e-14
inhale,90,18.388728887485,6.4164696775808,-1.0942358130706e-12
inhale,110,18.388728887485,5.9588496080642,-1.4210854715202e-14
inhale,120,18.388728887485,6.2460559577782,-1.3500311979442e-12
inhale,130,18.388728887485,6.5932428435205,1.7763568394003e-13
inhale,140,18.388728887485,5.5204927721808,7.105427357601e-15
inhale,50,18.412616891347,4.9702992150418,-1.477928890381e-12
inhale,60,18.412616891347,5.9001025652892,-1.4210854715202e-14
inhale,70,18.412616891347,6.7470332989331,9.0949470177293e-13
inhale,80,18.412616891347,6.1610394323233,-4.2632564145606e-14
inhale,90,18.412616891347,6.4162048032287,-1.0516032489249e-12
inhale,110,18.412616891347,5.9585171407907,1.4210854715202e-14
inhale,120,18.412616891347,6.2455938569421,-1.3429257705866e-12
inhale,130,18.412616891347,6.5926734001571,1.9895196601283e-13
inhale,140,18.412616891347,5.5199930122273,1.4210854715202e-14
inhale,50,18.436504895209,4.9702574497608,-1.5205614545266e-12
inhale,60,18.436504895209,5.9000189722454,-5.6843418860808e-14
inhale,70,18.436504895209,6.7468710831631,9.9475983006414e-13
inhale,80,18.436504895209,6.1608625033437,1.4210854715202e-14
inhale,90,18.436504895209,6.4159404650026,-1.0516032489249e-12
inhale,110,18.436504895209,5.9581853711154,2.8421709430404e-14
inhale,120,18.436504895209,6.2451327462981,-1.3784529073746e-12
inhale,130,18.436504895209,6.5921051930618,1.7763568394003e-13
inhale,140,18.436504895209,5.5194943777291,7.105427357601e-15
inhale,50,18.46039289907,4.9702157681722,-1.4495071809506e-12
inhale,60,18.46039289907,5.8999355435486,0
inhale,70,18.46039289907,6.7467091840663,9.6633812063374e-13
inhale,80,18.46039289907,6.1606859276644,-2.8421709430404e-14
inhale,90,18.46039289907,6.4156766612112,-1.0516032489249e-12
inhale,110,18.46039289907,5.9578542967646,1.4210854715202e-14
inhale,120,18.46039289907,6.2446726225588,-1.3145040611562e-12
inhale,130,18.46039289907,6.5915382180838,1.9895196601283e-13
inhale,140,18.46039289907,5.5189968647739,0
inhale,50,18.484280902932,4.9701741700142,-1.4921397450962e-12
inhale,60,18.484280902932,5.8998522786929,0
inhale,70,18.484280902932,6.746547600675,9.6633812063374e-13
inhale,80,18.484280902932,6.1605097041838,-1.4210854715202e-14
inhale,90,18.484280902932,6.4154133901711,-1.0516032489249e-12
inhale,110,18.484280902932,5.9575239154748,0
inhale,120,18.484280902932,6.2442134824516,-1.3073986337986e-12
inhale,130,18.484280902932,6.5909724710917,1.9895196601283e-13
inhale,140,18.484280902932,5.5185004694682,7.105427357601e-15
inhale,50,18.508168906794,4.970132655026,-1.4495071809506e-12
inhale,60,18.508168906794,5.899769177175,1.4210854715202e-14
inhale,70,18.508168906794,6.7463863320263,9.2370555648813e-13
inhale,80,18.508168906794,6.1603338318052,0
inhale,90,18.508168906794,6.4151506502058,-1.0516032489249e-12
inhale,110,18.508168906794,5.9571942249928,1.4210854715202e-14
inhale,120,18.508168906794,6.2437553227192,-1.3429257705866e-12
inhale,130,18.508168906794,6.5904079479728,2.0605739337043e-13
inhale,140,18.508168906794,5.518005187937,2.8421709430404e-14
inhale,50,18.532056910656,4.9700912229482,-1.477928890381e-12
inhale,60,18.532056910656,5.8996862384935,-1.4210854715202e-14
inhale,70,18.532056910656,6.7462253771608,9.2370555648813e-13
inhale,80,18.532056910656,6.1601583094367,0
inhale,90,18.532056910656,6.4148884396465,-1.0516032489249e-12
inhale,110,18.532056910656,5.9568652230755,1.4210854715202e-14
inhale,120,18.532056910656,6.243298140119,-1.335820343229e-12
inhale,130,18.532056910656,6.5898446446337,1.9895196601283e-13
inhale,140,18.532056910656,5.5175110163237,1.4210854715202e-14
inhale,50,18.555944914517,4.9700498735223,-1.4495071809506e-12
inhale,60,18.555944914517,5.8996034621492,0
inhale,70,18.555944914517,6.7460647351238,9.3791641120333e-13
inhale,80,18.555944914517,6.1599831359909,1.4210854715202e-14
inhale,90,18.555944914517,6.4146267568316,-1.0231815394945e-12
inhale,110,18.555944914517,5.9565369074899,1.4210854715202e-14
inhale,120,18.555944914517,6.2428419314231,-1.3216094885138e-12
inhale,130,18.555944914517,6.5892825569997,1.9895196601283e-13
inhale,140,18.555944914517,5.5170179507899,-1.4210854715202e-14
inhale,50,18.579832918379,4.9700086064911,-1.4921397450962e-12
inhale,60,18.579832918379,5.899520847645,-1.4210854715202e-14
inhale,70,18.579832918379,6.7459044049641,9.5212726591853e-13
inhale,80,18.579832918379,6.1598083103854,0
inhale,90,18.579832918379,6.4143656001066,-1.0089706847793e-12
inhale,110,18.579832918379,5.9562092760129,0
inhale,120,18.579832918379,6.2423866934185,-1.3073986337986e-12
inhale,130,18.579832918379,6.5887216810149,1.8474111129763e-13
inhale,140,18.579832918379,5.5165259875156,-7.105427357601e-15
inhale,50,18.603720922241,4.9699674215983,-1.477928890381e-12
inhale,60,18.603720922241,5.899438394486,0
inhale,70,18.603720922241,6.7457443857349,9.3791641120333e-13
inhale,80,18.603720922241,6.1596338315425,-2.8421709430404e-14
inhale,90,18.603720922241,6.4141049678244,-1.0231815394945e-12
inhale,110,18.603720922241,5.9558823264314,1.4210854715202e-14
inhale,120,18.603720922241,6.2419324229068,-1.300293206441e-12
inhale,130,18.603720922241,6.5881620126418,1.9895196601283e-13
inhale,140,18.603720922241,5.5160351226987,-7.105427357601e-15
inhale,50,18.627608926103,4.9699263185888,-1.4637180356658e-12
inhale,60,18.627608926103,5.8993561021794,1.4210854715202e-14
inhale,70,18.627608926103,6.7455846764934,9.6633812063374e-13
inhale,80,18.627608926103,6.1594596983888,-2.8421709430404e-14
inhale,90,18.627608926103,6.4138448583451,-1.0373923942097e-12
inhale,110,18.627608926103,5.9555560565424,1.4210854715202e-14
inhale,120,18.627608926103,6.241479116704,-1.300293206441e-12
inhale,130,18.627608926103,6.5876035478618,1.7763568394003e-13
inhale,140,18.627608926103,5.515545352555,7.105427357601e-15
inhale,50,18.651496929964,4.9698852972088,-1.5063505998114e-12
inhale,60,18.651496929964,5.8992739702347,2.8421709430404e-14
inhale,70,18.651496929964,6.7454252763007,9.3791641120333e-13
inhale,80,18.651496929964,6.159285909856,0
inhale,90,18.651496929964,6.4135852700359,-1.0231815394945e-12
inhale,110,18.651496929964,5.9552304641525,0
inhale,120,18.651496929964,6.2410267716406,-1.2718714970106e-12
inhale,130,18.651496929964,6.5870462826743,1.9895196601283e-13
inhale,140,18.651496929964,5.5150566733184,7.105427357601e-15
inhale,50,18.675384933826,4.9698443572053,-1.4637180356658e-12
inhale,60,18.675384933826,5.899191998163,0
inhale,70,18.675384933826,6.745266184222,9.3791641120333e-13
inhale,80,18.675384933826,6.15911246488,1.4210854715202e-14
inhale,90,18.675384933826,6.413326201271,-9.8054897534894e-13
inhale,110,18.675384933826,5.9549055470783,1.4210854715202e-14
inhale,120,18.675384933826,6.2405753845616,-1.2860823517258e-12
inhale,130,18.675384933826,6.5864902130973,2.0605739337043e-13
inhale,140,18.675384933826,5.5145690812403,-7.105427357601e-15
inhale,50,18.699272937688,4.9698034983266,-1.4921397450962e-12
inhale,60,18.699272937688,5.899110185478,-5.6843418860808e-14
inhale,70,18.699272937688,6.7451073993264,9.5212726591853e-13
inhale,80,18.699272937688,6.1589393624016,-1.4210854715202e-14
inhale,90,18.699272937688,6.4130676504317,-1.0089706847793e-12
inhale,110,18.699272937688,5.9545813031458,0
inhale,120,18.699272937688,6.240124952326,-1.2931877790834e-12
inhale,130,18.699272937688,6.5859353351669,1.9184653865523e-13
inhale,140,18.699272937688,5.51408257259,7.105427357601e-15
inhale,50,18.72316094155,4.9697627203219,-1.477928890381e-12
inhale,60,18.72316094155,5.8990285316953,-1.4210854715202e-14
inhale,70,18.72316094155,6.744948920687,1.0089706847793e-12
inhale,80,18.72316094155,6.1587666013661,0
inhale,90,18.72316094155,6.4128096159065,-1.0089706847793e-12
inhale,110,18.72316094155,5.9542577301912,1.4210854715202e-14
inhale,120,18.72316094155,6.2396754718073,-1.264766069653e-12
inhale,130,18.72316094155,6.5853816449372,2.0605739337043e-13
inhale,140,18.72316094155,5.513597143654,0
inhale,50,18.747048945411,4.9697220229417,-1.4921397450962e-12
inhale,60,18.747048945411,5.8989470363324,-2.8421709430404e-14
inhale,70,18.747048945411,6.7447907473807,9.5212726591853e-13
inhale,80,18.747048945411,6.158594180723,2.8421709430404e-14
inhale,90,18.747048945411,6.4125520960906,-9.9475983006414e-13
inhale,110,18.747048945411,5.9539348260598,-4.2632564145606e-14
inhale,120,18.747048945411,6.2392269398929,-1.264766069653e-12
inhale,130,18.747048945411,6.5848291384805,2.0605739337043e-13
inhale,140,18.747048945411,5.5131127907366,0
inhale,50,18.770936949273,4.9696814059374,-1.477928890381e-12
inhale,60,18.770936949273,5.898865698909,-2.8421709430404e-14
inhale,70,18.770936949273,6.7446328784884,9.8054897534894e-13
inhale,80,18.770936949273,6.1584220994269,-2.8421709430404e-14
inhale,90,18.770936949273,6.4122950893864,-9.9475983006414e-13
inhale,110,18.770936949273,5.9536125886068,-1.4210854715202e-14
inhale,120,18.770936949273,6.2387793534844,-1.2505552149378e-12
inhale,130,18.770936949273,6.5842778118867,1.9184653865523e-13
inhale,140,18.770936949273,5.5126295101592,0
inhale,50,18.794824953135,4.9696408690615,-1.5347723092418e-12
inhale,60,18.794824953135,5.8987845189468,0
inhale,70,18.794824953135,6.7444753130949,9.2370555648813e-13
inhale,80,18.794824953135,6.1582503564363,-1.4210854715202e-14
inhale,90,18.794824953135,6.4120385942031,-9.9475983006414e-13
inhale,110,18.794824953135,5.9532910156969,0
inhale,120,18.794824953135,6.2383327094973,-1.2434497875802e-12
inhale,130,18.794824953135,6.5837276612636,1.9895196601283e-13
inhale,140,18.794824953135,5.5121472982605,0
inhale,50,18.818712956997,4.9696004120677,-1.4921397450962e-12
inhale,60,18.818712956997,5.8987034959697,2.8421709430404e-14
inhale,70,18.818712956997,6.7443180502888,9.6633812063374e-13
inhale,80,18.818712956997,6.1580789507145,2.8421709430404e-14
inhale,90,18.818712956997,6.4117826089566,-9.5212726591853e-13
inhale,110,18.818712956997,5.952970105204,1.4210854715202e-14
inhale,120,18.818712956997,6.2378870048608,-1.2505552149378e-12
inhale,130,18.818712956997,6.5831786827368,1.9895196601283e-13
inhale,140,18.818712956997,5.5116661513963,1.4210854715202e-14
inhale,50,18.842600960858,4.9695600347105,-1.477928890381e-12
inhale,60,18.842600960858,5.8986226295033,4.2632564145606e-14
inhale,70,18.842600960858,6.7441610891625,9.2370555648813e-13
inhale,80,18.842600960858,6.1579078812292,-2.8421709430404e-14
inhale,90,18.842600960858,6.4115271320699,-9.3791641120333e-13
inhale,110,18.842600960858,5.9526498550118,0
inhale,120,18.842600960858,6.2374422365182,-1.2150280781498e-12
inhale,130,18.842600960858,6.5826308724494,2.2026824808563e-13
inhale,140,18.842600960858,5.5111860659394,-3.5527136788005e-14
inhale,50,18.86648896472,4.9695197367457,-1.5063505998114e-12
inhale,60,18.86648896472,5.8985419190754,2.8421709430404e-14
inhale,70,18.86648896472,6.7440044288123,9.3791641120333e-13
inhale,80,18.86648896472,6.1577371469524,1.4210854715202e-14
inhale,90,18.86648896472,6.4112721619727,-9.2370555648813e-13
inhale,110,18.86648896472,5.952330263013,-1.4210854715202e-14
inhale,120,18.86648896472,6.2369984014264,-1.229238932865e-12
inhale,130,18.86648896472,6.5820842265617,2.0605739337043e-13
inhale,140,18.86648896472,5.5107070382796,-7.105427357601e-15
inhale,50,18.890376968582,4.96947951793,-1.477928890381e-12
inhale,60,18.890376968582,5.8984613642157,2.8421709430404e-14
inhale,70,18.890376968582,6.7438480683383,9.6633812063374e-13
inhale,80,18.890376968582,6.1575667468606,0
inhale,90,18.890376968582,6.4110176971014,-9.3791641120333e-13
inhale,110,18.890376968582,5.9520113271097,0
inhale,120,18.890376968582,6.2365554965558,-1.2363443602226e-12
inhale,130,18.890376968582,6.5815387412517,2.2737367544323e-13
inhale,140,18.890376968582,5.5102290648234,0
inhale,50,18.914264972444,4.9694393780212,-1.4637180356658e-12
inhale,60,18.914264972444,5.8983809644562,2.8421709430404e-14
inhale,70,18.914264972444,6.7436920068443,9.6633812063374e-13
inhale,80,18.914264972444,6.1573966799346,1.4210854715202e-14
inhale,90,18.914264972444,6.4107637358991,-9.6633812063374e-13
inhale,110,18.914264972444,5.9516930452135,0
inhale,120,18.914264972444,6.2361135188905,-1.229238932865e-12
inhale,130,18.914264972444,6.5809944127146,2.2737367544323e-13
inhale,140,18.914264972444,5.5097521419942,-4.2632564145606e-14
inhale,50,18.938152976306,4.9693993167782,-1.4921397450962e-12
inhale,60,18.938152976306,5.8983007193303,-2.8421709430404e-14
inhale,70,18.938152976306,6.7435362434379,9.3791641120333e-13
inhale,80,18.938152976306,6.1572269451595,-1.4210854715202e-14
inhale,90,18.938152976306,6.4105102768157,-9.5212726591853e-13
inhale,110,18.938152976306,5.9513754152448,1.4210854715202e-14
inhale,120,18.938152976306,6.235672465428,-1.2150280781498e-12
inhale,130,18.938152976306,6.5804512371627,2.0605739337043e-13
inhale,140,18.938152976306,5.5092762662319,7.105427357601e-15
inhale,50,18.962040980167,4.9693593339606,-1.5063505998114e-12
inhale,60,18.962040980167,5.8982206283739,1.4210854715202e-14
inhale,70,18.962040980167,6.7433807772305,9.5212726591853e-13
inhale,80,18.962040980167,6.1570575415248,-4.2632564145606e-14
inhale,90,18.962040980167,6.4102573183076,-9.5212726591853e-13
inhale,110,18.962040980167,5.9510584351335,-1.4210854715202e-14
inhale,120,18.962040980167,6.2352323331794,-1.2150280781498e-12
inhale,130,18.962040980167,6.5799092108253,2.0605739337043e-13
inhale,140,18.962040980167,5.5088014339929,0
inhale,50,18.985928984029,4.9693194293295,-1.5063505998114e-12
inhale,60,18.985928984029,5.8981406911245,-2.8421709430404e-14
inhale,70,18.985928984029,6.7432256073371,9.6633812063374e-13
inhale,80,18.985928984029,6.1568884680242,-2.8421709430404e-14
inhale,90,18.985928984029,6.4100048588379,-9.6633812063374e-13
inhale,110,18.985928984029,5.9507421028183,-2.8421709430404e-14
inhale,120,18.985928984029,6.2347931191689,-1.2079226507922e-12
inhale,130,18.985928984029,6.5793683299488,2.1316282072803e-13
inhale,140,18.985928984029,5.5083276417501,1.4210854715202e-14
inhale,50,19.009816987891,4.9692796026466,-1.5063505998114e-12
inhale,60,19.009816987891,5.8980609071218,2.8421709430404e-14
inhale,70,19.009816987891,6.7430707328763,9.5212726591853e-13
inhale,80,19.009816987891,6.1567197236558,0
inhale,90,19.009816987891,6.4097528968763,-9.3791641120333e-13
inhale,110,19.009816987891,5.9504264162472,-1.4210854715202e-14
inhale,120,19.009816987891,6.2343548204341,-1.1866063687194e-12
inhale,130,19.009816987891,6.5788285907966,2.0605739337043e-13
inhale,140,19.009816987891,5.5078548859927,0
inhale,50,19.033704991753,4.9692398536749,-1.477928890381e-12
inhale,60,19.033704991753,5.8979812759072,1.4210854715202e-14
inhale,70,19.033704991753,6.7429161529708,9.9475983006414e-13
inhale,80,19.033704991753,6.1565513074218,2.8421709430404e-14
inhale,90,19.033704991753,6.4095014308989,-9.3791641120333e-13
inhale,110,19.033704991753,5.950111373377,0
inhale,120,19.033704991753,6.2339174340256,-1.193711796077e-12
inhale,130,19.033704991753,6.5782899896484,2.0605739337043e-13
inhale,140,19.033704991753,5.5073831632261,-7.105427357601e-15
inhale,50,19.057592995614,4.9692001821782,-1.5205614545266e-12
inhale,60,19.057592995614,5.8979017970242,2.8421709430404e-14
inhale,70,19.057592995614,6.7427618667464,9.8054897534894e-13
inhale,80,19.057592995614,6.1563832183287,1.4210854715202e-14
inhale,90,19.057592995614,6.4092504593883,-9.0949470177293e-13
inhale,110,19.057592995614,5.9497969721735,0
inhale,120,19.057592995614,6.2334809570073,-1.193711796077e-12
inhale,130,19.057592995614,6.5777525228012,2.2026824808563e-13
inhale,140,19.057592995614,5.506912469972,-2.1316282072803e-14
inhale,50,19.081480999476,4.9691605879215,-1.5063505998114e-12
inhale,60,19.081480999476,5.8978224700181,-1.4210854715202e-14
inhale,70,19.081480999476,6.7426078733329,9.8054897534894e-13
inhale,80,19.081480999476,6.1562154553872,-1.4210854715202e-14
inhale,90,19.081480999476,6.4089999808338,-9.2370555648813e-13
inhale,110,19.081480999476,5.9494832106114,0
inhale,120,19.081480999476,6.2330453864561,-1.1866063687194e-12
inhale,130,19.081480999476,6.577216186568,2.1316282072803e-13
inhale,140,19.081480999476,5.5064428027678,1.4210854715202e-14
inhale,50,19.105369003338,4.9691210706707,-1.5063505998114e-12
inhale,60,19.105369003338,5.8977432944361,-2.8421709430404e-14
inhale,70,19.105369003338,6.7424541718636,9.9475983006414e-13
inhale,80,19.105369003338,6.1560480176121,2.8421709430404e-14
inhale,90,19.105369003338,6.4087499937308,-9.2370555648813e-13
inhale,110,19.105369003338,5.9491700866744,-1.4210854715202e-14
inhale,120,19.105369003338,6.2326107194618,-1.1652900866466e-12
inhale,130,19.105369003338,6.5766809772788,2.0605739337043e-13
inhale,140,19.105369003338,5.5059741581672,-7.105427357601e-15
inhale,50,19.1292570072,4.9690816301925,-1.5063505998114e-12
inhale,60,19.1292570072,5.8976642698274,0
inhale,70,19.1292570072,6.7423007614754,9.8054897534894e-13
inhale,80,19.1292570072,6.1558809040225,5.6843418860808e-14
inhale,90,19.1292570072,6.4085004965814,-8.9528384705773e-13
inhale,110,19.1292570072,5.9488575983546,-1.4210854715202e-14
inhale,120,19.1292570072,6.232176953127,-1.1652900866466e-12
inhale,130,19.1292570072,6.5761468912796,2.2026824808563e-13
inhale,140,19.1292570072,5.5055065327397,-7.105427357601e-15
inhale,50,19.153145011061,4.9690422662549,-1.4921397450962e-12
inhale,60,19.153145011061,5.8975853957429,4.2632564145606e-14
inhale,70,19.153145011061,6.7421476413088,1.0089706847793e-12
inhale,80,19.153145011061,6.1557141136414,0
inhale,90,19.153145011061,6.4082514878938,-8.8107299234252e-13
inhale,110,19.153145011061,5.9485457436533,0
inhale,120,19.153145011061,6.2317440845672,-1.158184659289e-12
inhale,130,19.153145011061,6.5756139249329,2.2026824808563e-13
inhale,140,19.153145011061,5.5050399230703,-2.8421709430404e-14
inhale,50,19.177033014923,4.9690029786266,-1.4921397450962e-12
inhale,60,19.177033014923,5.8975066717356,-2.8421709430404e-14
inhale,70,19.177033014923,6.7419948105079,9.8054897534894e-13
inhale,80,19.177033014923,6.1555476454961,-1.4210854715202e-14
inhale,90,19.177033014923,6.4080029661826,-8.9528384705773e-13
inhale,110,19.177033014923,5.9482345205801,0
inhale,120,19.177033014923,6.2313121109108,-1.158184659289e-12
inhale,130,19.177033014923,6.5750820746174,2.3447910280083e-13
inhale,140,19.177033014923,5.5045743257599,0
inhale,50,19.200921018785,4.9689637670776,-1.477928890381e-12
inhale,60,19.200921018785,5.8974280973601,1.4210854715202e-14
inhale,70,19.200921018785,6.7418422682202,9.5212726591853e-13
inhale,80,19.200921018785,6.155381498618,-1.4210854715202e-14
inhale,90,19.200921018785,6.4077549299688,-9.0949470177293e-13
inhale,110,19.200921018785,5.9479239271536,2.8421709430404e-14
inhale,120,19.200921018785,6.2308810292985,-1.1297629498586e-12
inhale,130,19.200921018785,6.5745513367279,2.1316282072803e-13
inhale,140,19.200921018785,5.5041097374251,-7.105427357601e-15
inhale,50,19.224809022647,4.9689246313786,-1.4921397450962e-12
inhale,60,19.224809022647,5.8973496721731,0
inhale,70,19.224809022647,6.7416900135969,9.5212726591853e-13
inhale,80,19.224809022647,6.1552156720424,-2.8421709430404e-14
inhale,90,19.224809022647,6.4075073777795,-8.5265128291212e-13
inhale,110,19.224809022647,5.9476139614007,-1.4210854715202e-14
inhale,120,19.224809022647,6.230450836884,-1.1439738045738e-12
inhale,130,19.224809022647,6.5740217076752,2.2737367544323e-13
inhale,140,19.224809022647,5.5036461546977,7.105427357601e-15
inhale,50,19.248697026508,4.9688855713012,-1.4921397450962e-12
inhale,60,19.248697026508,5.8972713957329,-2.8421709430404e-14
inhale,70,19.248697026508,6.7415380457925,9.8054897534894e-13
inhale,80,19.248697026508,6.1550501648087,-2.8421709430404e-14
inhale,90,19.248697026508,6.4072603081481,-8.6686213762732e-13
inhale,110,19.248697026508,5.947304621357,2.8421709430404e-14
inhale,120,19.248697026508,6.2300215308332,-1.1084466677858e-12
inhale,130,19.248697026508,6.5734931838861,2.2026824808563e-13
inhale,140,19.248697026508,5.503183574225,-7.105427357601e-15
inhale,50,19.27258503037,4.9688465866183,-1.477928890381e-12
inhale,60,19.27258503037,5.8971932675998,0
inhale,70,19.27258503037,6.7413863639651,9.8054897534894e-13
inhale,80,19.27258503037,6.1548849759605,0
inhale,90,19.27258503037,6.4070137196142,-8.8107299234252e-13
inhale,110,19.27258503037,5.9469959050665,-2.8421709430404e-14
inhale,120,19.27258503037,6.2295931083245,-1.1297629498586e-12
inhale,130,19.27258503037,6.5729657618031,2.3447910280083e-13
inhale,140,19.27258503037,5.5027219926696,-7.105427357601e-15
inhale,50,19.296473034232,4.9688076771034,-1.4921397450962e-12
inhale,60,19.296473034232,5.8971152873359,1.4210854715202e-14
inhale,70,19.296473034232,6.7412349672762,9.9475983006414e-13
inhale,80,19.296473034232,6.1547201045451,-2.8421709430404e-14
inhale,90,19.296473034232,6.4067676107234,-8.5265128291212e-13
inhale,110,19.296473034232,5.9466878105819,2.8421709430404e-14
inhale,120,19.296473034232,6.2291655665489,-1.1084466677858e-12
inhale,130,19.296473034232,6.5724394378847,2.2737367544323e-13
inhale,140,19.296473034232,5.5022614067096,-3.5527136788005e-14
inhale,50,19.320361038094,4.9687688425311,-1.4921397450962e-12
inhale,60,19.320361038094,5.8970374545051,2.8421709430404e-14
inhale,70,19.320361038094,6.741083854891,9.8054897534894e-13
inhale,80,19.320361038094,6.154555549614,-1.4210854715202e-14
inhale,90,19.320361038094,6.4065219800277,-8.6686213762732e-13
inhale,110,19.320361038094,5.9463803359641,-4.2632564145606e-14
inhale,120,19.320361038094,6.2287389027096,-1.0942358130706e-12
inhale,130,19.320361038094,6.5719142086048,2.1316282072803e-13
inhale,140,19.320361038094,5.5018018130377,7.105427357601e-15
inhale,50,19.344249041955,4.968730082677,-1.5205614545266e-12
inhale,60,19.344249041955,5.896959768673,2.8421709430404e-14
inhale,70,19.344249041955,6.7409330259777,9.9475983006414e-13
inhale,80,19.344249041955,6.1543913102226,0
inhale,90,19.344249041955,6.406276826085,-8.6686213762732e-13
inhale,110,19.344249041955,5.9460734792823,0
inhale,120,19.344249041955,6.2283131140218,-1.1155520951434e-12
inhale,130,19.344249041955,6.571390070453,2.2026824808563e-13
inhale,140,19.344249041955,5.5013432083621,-1.4210854715202e-14
inhale,50,19.368137045817,4.9686913973175,-1.4921397450962e-12
inhale,60,19.368137045817,5.896882229407,4.2632564145606e-14
inhale,70,19.368137045817,6.7407824797082,9.6633812063374e-13
inhale,80,19.368137045817,6.1542273854301,-1.4210854715202e-14
inhale,90,19.368137045817,6.4060321474592,-8.3844042819692e-13
inhale,110,19.368137045817,5.9457672386143,-2.8421709430404e-14
inhale,120,19.368137045817,6.2278881977133,-1.0587086762825e-12
inhale,130,19.368137045817,6.5708670199345,2.4158453015843e-13
inhale,140,19.368137045817,5.5008855894057,-1.4210854715202e-14
inhale,50,19.392025049679,4.9686527862301,-1.5063505998114e-12
inhale,60,19.392025049679,5.8968048362766,-1.4210854715202e-14
inhale,70,19.392025049679,6.7406322152577,9.9475983006414e-13
inhale,80,19.392025049679,6.1540637742997,4.2632564145606e-14
inhale,90,19.392025049679,6.4057879427203,-8.2422957348172e-13
inhale,110,19.392025049679,5.9454616120458,2.8421709430404e-14
inhale,120,19.392025049679,6.2274641510238,-1.0942358130706e-12
inhale,130,19.392025049679,6.5703450535697,2.2026824808563e-13
inhale,140,19.392025049679,5.5004289529065,-2.1316282072803e-14
inhale,50,19.415913053541,4.968614249193,-1.4921397450962e-12
inhale,60,19.415913053541,5.8967275888525,0
inhale,70,19.415913053541,6.7404822318048,1.0089706847793e-12
inhale,80,19.415913053541,6.1539004758987,1.4210854715202e-14
inhale,90,19.415913053541,6.4055442104443,-8.2422957348172e-13
inhale,110,19.415913053541,5.945156597671,1.4210854715202e-14
inhale,120,19.415913053541,6.2270409712048,-1.0942358130706e-12
inhale,130,19.415913053541,6.5698241678945,2.3447910280083e-13
inhale,140,19.415913053541,5.499973295617,-1.4210854715202e-14
inhale,50,19.439801057403,4.9685757859856,-1.5063505998114e-12
inhale,60,19.439801057403,5.8966504867077,0
inhale,70,19.439801057403,6.7403325285315,1.0089706847793e-12
inhale,80,19.439801057403,6.153737489298,-1.4210854715202e-14
inhale,90,19.439801057403,6.4053009492131,-8.2422957348172e-13
inhale,110,19.439801057403,5.9448521935923,-4.2632564145606e-14
inhale,120,19.439801057403,6.2266186555203,-1.0800249583554e-12
inhale,130,19.439801057403,6.5693043594599,2.2737367544323e-13
inhale,140,19.439801057403,5.4995186143046,-2.8421709430404e-14
inhale,50,19.463689061264,4.9685373963879,-1.4921397450962e-12
inhale,60,19.463689061264,5.8965735294167,-2.8421709430404e-14
inhale,70,19.463689061264,6.7401831046231,9.8054897534894e-13
inhale,80,19.463689061264,6.1535748135723,0
inhale,90,19.463689061264,6.4050581576146,-8.2422957348172e-13
inhale,110,19.463689061264,5.9445483979199,0
inhale,120,19.463689061264,6.2261972012458,-1.087130385713e-12
inhale,130,19.463689061264,6.5687856248322,2.4868995751604e-13
inhale,140,19.463689061264,5.4990649057513,2.1316282072803e-14
inhale,50,19.487577065126,4.968499080181,-1.5063505998114e-12
inhale,60,19.487577065126,5.8964967165558,4.2632564145606e-14
inhale,70,19.487577065126,6.740033959268,9.9475983006414e-13
inhale,80,19.487577065126,6.1534124478004,0
inhale,90,19.487577065126,6.4048158342426,-8.1001871876651e-13
inhale,110,19.487577065126,5.9442452087726,0
inhale,120,19.487577065126,6.2257766056688,-1.0729195309978e-12
inhale,130,19.487577065126,6.5682679605924,2.3447910280083e-13
inhale,140,19.487577065126,5.4986121667536,-7.105427357601e-15
inhale,50,19.511465068988,4.968460837147,-1.4921397450962e-12
inhale,60,19.511465068988,5.8964200477029,-1.4210854715202e-14
inhale,70,19.511465068988,6.7398850916584,1.0089706847793e-12
inhale,80,19.511465068988,6.1532503910648,-2.8421709430404e-14
inhale,90,19.511465068988,6.4045739776967,-7.9580786405131e-13
inhale,110,19.511465068988,5.9439426242768,2.8421709430404e-14
inhale,120,19.511465068988,6.2253568660885,-1.0587086762825e-12
inhale,130,19.511465068988,6.567751363337,2.3447910280083e-13
inhale,140,19.511465068988,5.4981603941224,-2.8421709430404e-14
inhale,50,19.53535307285,4.9684226670687,-1.477928890381e-12
inhale,60,19.53535307285,5.8963435224378,0
inhale,70,19.53535307285,6.7397365009892,1.0089706847793e-12
inhale,80,19.53535307285,6.1530886424517,1.4210854715202e-14
inhale,90,19.53535307285,6.4043325865822,-8.1001871876651e-13
inhale,110,19.53535307285,5.9436406425671,0
inhale,120,19.53535307285,6.2249379798158,-1.0373923942097e-12
inhale,130,19.53535307285,6.567235829677,2.2737367544323e-13
inhale,140,19.53535307285,5.497709584683,-7.105427357601e-15
inhale,50,19.559241076711,4.9683845697299,-1.5063505998114e-12
inhale,60,19.559241076711,5.8962671403419,1.4210854715202e-14
inhale,70,19.559241076711,6.7395881864591,9.9475983006414e-13
inhale,80,19.559241076711,6.1529272010511,0
inhale,90,19.559241076711,6.4040916595105,-7.6738615462091e-13
inhale,110,19.559241076711,5.943339261786,0
inhale,120,19.559241076711,6.2245199441734,-1.0373923942097e-12
inhale,130,19.559241076711,6.5667213562384,2.2737367544323e-13
inhale,140,19.559241076711,5.4972597352751,-2.1316282072803e-14
inhale,50,19.583129080573,4.9683465449153,-1.5063505998114e-12
inhale,60,19.583129080573,5.8961909009985,-1.4210854715202e-14
inhale,70,19.583129080573,6.7394401472696,1.0089706847793e-12
inhale,80,19.583129080573,6.1527660659568,2.8421709430404e-14
inhale,90,19.583129080573,6.4038511950985,-8.2422957348172e-13
inhale,110,19.583129080573,5.9430384800841,1.4210854715202e-14
inhale,120,19.583129080573,6.2241027564954,-1.0373923942097e-12
inhale,130,19.583129080573,6.5662079396618,2.3447910280083e-13
inhale,140,19.583129080573,5.4968108427524,-7.105427357601e-15
inhale,50,19.607017084435,4.9683085924103,-1.5063505998114e-12
inhale,60,19.607017084435,5.8961148039923,1.4210854715202e-14
inhale,70,19.607017084435,6.7392923826258,1.0373923942097e-12
inhale,80,19.607017084435,6.1526052362663,1.4210854715202e-14
inhale,90,19.607017084435,6.403611191969,-7.8159700933611e-13
inhale,110,19.607017084435,5.9427382956195,0
inhale,120,19.607017084435,6.2236864141276,-1.0160761121369e-12
inhale,130,19.607017084435,6.5656955766025,2.4868995751604e-13
inhale,140,19.607017084435,5.4963629039828,1.4210854715202e-14
inhale,50,19.630905088297,4.9682707120016,-1.5063505998114e-12
inhale,60,19.630905088297,5.8960388489099,-2.8421709430404e-14
inhale,70,19.630905088297,6.7391448917358,1.0231815394945e-12
inhale,80,19.630905088297,6.1524447110808,0
inhale,90,19.630905088297,6.4033716487504,-7.9580786405131e-13
inhale,110,19.630905088297,5.9424387065585,1.4210854715202e-14
inhale,120,19.630905088297,6.223270914427,-1.0089706847793e-12
inhale,130,19.630905088297,6.5651842637305,2.5579538487364e-13
inhale,140,19.630905088297,5.4959159158484,0
inhale,50,19.654793092158,4.9682329034764,-1.5063505998114e-12
inhale,60,19.654793092158,5.8959630353396,0
inhale,70,19.654793092158,6.7389976738109,1.0373923942097e-12
inhale,80,19.654793092158,6.1522844895053,0
inhale,90,19.654793092158,6.4031325640768,-7.9580786405131e-13
inhale,110,19.654793092158,5.9421397110751,1.4210854715202e-14
inhale,120,19.654793092158,6.2228562547623,-1.0089706847793e-12
inhale,130,19.654793092158,6.5646739977301,2.3447910280083e-13
inhale,140,19.654793092158,5.495469875245,0
inhale,50,19.67868109602,4.9681951666228,-1.5063505998114e-12
inhale,60,19.67868109602,5.8958873628713,1.4210854715202e-14
inhale,70,19.67868109602,6.7388507280658,1.0373923942097e-12
inhale,80,19.67868109602,6.1521245706482,0
inhale,90,19.67868109602,6.4028939365881,-7.6738615462091e-13
inhale,110,19.67868109602,5.9418413073507,1.4210854715202e-14
inhale,120,19.67868109602,6.2224424325132,-1.0089706847793e-12
inhale,130,19.67868109602,6.5641647753,2.3447910280083e-13
inhale,140,19.67868109602,5.4950247790824,0
inhale,50,19.702569099882,4.96815750123,-1.548983163957e-12
inhale,60,19.702569099882,5.8958118310964,-1.4210854715202e-14
inhale,70,19.702569099882,6.738704053718,1.0231815394945e-12
inhale,80,19.702569099882,6.1519649536219,-1.4210854715202e-14
inhale,90,19.702569099882,6.4026557649294,-7.6738615462091e-13
inhale,110,19.702569099882,5.941543493575,0
inhale,120,19.702569099882,6.2220294450709,-1.0160761121369e-12
inhale,130,19.702569099882,6.5636565931534,2.4868995751604e-13
inhale,140,19.702569099882,5.4945806242843,-1.4210854715202e-14
inhale,50,19.726457103744,4.9681199070879,-1.4921397450962e-12
inhale,60,19.726457103744,5.8957364396082,-2.8421709430404e-14
inhale,70,19.726457103744,6.7385576499884,1.0373923942097e-12
inhale,80,19.726457103744,6.1518056375421,-1.4210854715202e-14
inhale,90,19.726457103744,6.4024180477519,-7.5317529990571e-13
inhale,110,19.726457103744,5.9412462679448,2.8421709430404e-14
inhale,120,19.726457103744,6.2216172898378,-9.8054897534894e-13
inhale,130,19.726457103744,6.5631494480175,2.4868995751604e-13
inhale,140,19.726457103744,5.4941374077879,-2.1316282072803e-14
inhale,50,19.750345107605,4.9680823839872,-1.5347723092418e-12
inhale,60,19.750345107605,5.8956611880016,-1.4210854715202e-14
inhale,70,19.750345107605,6.7384115161011,1.0089706847793e-12
inhale,80,19.750345107605,6.1516466215283,4.2632564145606e-14
inhale,90,19.750345107605,6.4021807837121,-7.5317529990571e-13
inhale,110,19.750345107605,5.940949628665,1.4210854715202e-14
inhale,120,19.750345107605,6.2212059642273,-9.9475983006414e-13
inhale,130,19.750345107605,6.5626433366339,2.4868995751604e-13
inhale,140,19.750345107605,5.4936951265443,-7.105427357601e-15
inhale,50,19.774233111467,4.9680449317197,-1.4921397450962e-12
inhale,60,19.774233111467,5.8955860758731,2.8421709430404e-14
inhale,70,19.774233111467,6.7382656512832,1.0373923942097e-12
inhale,80,19.774233111467,6.1514879047037,1.4210854715202e-14
inhale,90,19.774233111467,6.4019439714719,-7.5317529990571e-13
inhale,110,19.774233111467,5.9406535739476,0
inhale,120,19.774233111467,6.2207954656639,-9.9475983006414e-13
inhale,130,19.774233111467,6.5621382557582,2.5579538487364e-13
inhale,140,19.774233111467,5.4932537775179,-7.105427357601e-15
inhale,50,19.798121115329,4.9680075500777,-1.5063505998114e-12
inhale,60,19.798121115329,5.8955111028208,1.4210854715202e-14
inhale,70,19.798121115329,6.7381200547648,1.0231815394945e-12
inhale,80,19.798121115329,6.1513294861947,-2.8421709430404e-14
inhale,90,19.798121115329,6.4017076096989,-7.389644451905e-13
inhale,110,19.798121115329,5.9403581020124,-1.4210854715202e-14
inhale,120,19.798121115329,6.2203857915834,-9.7344354799134e-13
inhale,130,19.798121115329,6.56163420216,2.2737367544323e-13
inhale,140,19.798121115329,5.4928133576869,-7.105427357601e-15
inhale,50,19.822009119191,4.9679702388547,-1.5205614545266e-12
inhale,60,19.822009119191,5.8954362684444,1.4210854715202e-14
inhale,70,19.822009119191,6.7379747257792,1.0089706847793e-12
inhale,80,19.822009119191,6.1511713651317,1.4210854715202e-14
inhale,90,19.822009119191,6.4014716970661,-7.247535904753e-13
inhale,110,19.822009119191,5.9400632110869,-1.4210854715202e-14
inhale,120,19.822009119191,6.2199769394321,-9.8054897534894e-13
inhale,130,19.822009119191,6.5611311726228,2.6290081223124e-13
inhale,140,19.822009119191,5.4923738640426,0
inhale,50,19.845897123052,4.9679329978449,-1.4637180356658e-12
inhale,60,19.845897123052,5.8953615723453,0
inhale,70,19.845897123052,6.7378296635629,1.0373923942097e-12
inhale,80,19.845897123052,6.1510135406483,1.4210854715202e-14
inhale,90,19.845897123052,6.401236232252,-7.105427357601e-13
inhale,110,19.845897123052,5.9397688994056,1.4210854715202e-14
inhale,120,19.845897123052,6.2195689066675,-9.5923269327614e-13
inhale,130,19.845897123052,6.5606291639439,2.7000623958884e-13
inhale,140,19.845897123052,5.4919352935898,1.4210854715202e-14
inhale,50,19.869785126914,4.9678958268432,-1.5205614545266e-12
inhale,60,19.869785126914,5.8952870141265,-4.2632564145606e-14
inhale,70,19.869785126914,6.7376848673552,1.0089706847793e-12
inhale,80,19.869785126914,6.1508560118818,-4.2632564145606e-14
inhale,90,19.869785126914,6.4010012139403,-7.247535904753e-13
inhale,110,19.869785126914,5.9394751652107,0
inhale,120,19.869785126914,6.219161690758,-9.7344354799134e-13
inhale,130,19.869785126914,6.5601281729346,2.5579538487364e-13
inhale,140,19.869785126914,5.4914976433466,0
inhale,50,19.893673130776,4.9678587256455,-1.477928890381e-12
inhale,60,19.893673130776,5.8952125933924,-2.8421709430404e-14
inhale,70,19.893673130776,6.7375403363985,1.0089706847793e-12
inhale,80,19.893673130776,6.1506987779729,-2.8421709430404e-14
inhale,90,19.893673130776,6.4007666408204,-7.6738615462091e-13
inhale,110,19.893673130776,5.9391820067517,-2.8421709430404e-14
inhale,120,19.893673130776,6.2187552891825,-9.4502183856093e-13
inhale,130,19.893673130776,6.5596281964198,2.6290081223124e-13
inhale,140,19.893673130776,5.4910609103443,7.105427357601e-15
inhale,50,19.917561134638,4.9678216940484,-1.5205614545266e-12
inhale,60,19.917561134638,5.8951383097493,-2.8421709430404e-14
inhale,70,19.917561134638,6.7373960699384,9.8054897534894e-13
inhale,80,19.917561134638,6.1505418380658,-1.4210854715202e-14
inhale,90,19.917561134638,6.4005325115869,-7.389644451905e-13
inhale,110,19.917561134638,5.9388894222855,-2.8421709430404e-14
inhale,120,19.917561134638,6.2183496994309,-9.6633812063374e-13
inhale,130,19.917561134638,6.5591292312379,2.7000623958884e-13
inhale,140,19.917561134638,5.4906250916271,-1.4210854715202e-14
inhale,50,19.9414491385,4.9677847318496,-1.5205614545266e-12
inhale,60,19.9414491385,5.8950641628049,1.4210854715202e-14
inhale,70,19.9414491385,6.7372520672233,9.6633812063374e-13
inhale,80,19.9414491385,6.1503851913082,-2.8421709430404e-14
inhale,90,19.9414491385,6.4002988249395,-7.247535904753e-13
inhale,110,19.9414491385,5.9385974100763,0
inhale,120,19.9414491385,6.2179449190037,-9.3081098384573e-13
inhale,130,19.9414491385,6.558631274241,2.4158453015843e-13
inhale,140,19.9414491385,5.4901901842525,-2.1316282072803e-14
inhale,50,19.965337142361,4.9677478388473,-1.477928890381e-12
inhale,60,19.965337142361,5.8949901521684,-1.4210854715202e-14
inhale,70,19.965337142361,6.7371083275047,1.0231815394945e-12
inhale,80,19.965337142361,6.1502288368513,1.4210854715202e-14
inhale,90,19.965337142361,6.4000655795836,-6.963318810449e-13
inhale,110,19.965337142361,5.9383059683954,0
inhale,120,19.965337142361,6.2175409454118,-9.0949470177293e-13
inhale,130,19.965337142361,6.5581343222946,2.4868995751604e-13
inhale,140,19.965337142361,5.4897561852909,-2.8421709430404e-14
inhale,50,19.989225146223,4.9677110148406,-1.4921397450962e-12
inhale,60,19.989225146223,5.8949162774506,4.2632564145606e-14
inhale,70,19.989225146223,6.7369648500371,1.0516032489249e-12
inhale,80,19.989225146223,6.1500727738496,1.4210854715202e-14
inhale,90,19.989225146223,6.3998327742296,-7.105427357601e-13
inhale,110,19.989225146223,5.9380150955215,1.4210854715202e-14
inhale,120,19.989225146223,6.2171377761769,-9.1660012913053e-13
inhale,130,19.989225146223,6.5576383722778,2.7711166694644e-13
inhale,140,19.989225146223,5.4893230918256,-2.8421709430404e-14
inhale,50,20.013113150085,4.9676742596295,-1.5205614545266e-12
inhale,60,20.013113150085,5.8948425382641,-4.2632564145606e-14
inhale,70,20.013113150085,6.7368216340778,1.0089706847793e-12
inhale,80,20.013113150085,6.1499170014611,1.4210854715202e-14
inhale,90,20.013113150085,6.3996004075932,-6.963318810449e-13
inhale,110,20.013113150085,5.9377247897404,-2.8421709430404e-14
inhale,120,20.013113150085,6.2167354088311,-8.9528384705773e-13
inhale,130,20.013113150085,6.5571434210827,2.3447910280083e-13
inhale,140,20.013113150085,5.4888909009525,-1.4210854715202e-14
inhale,50,20.037001153947,4.9676375730148,-1.5205614545266e-12
inhale,60,20.037001153947,5.8947689342228,1.4210854715202e-14
inhale,70,20.037001153947,6.7366786788872,1.0089706847793e-12
inhale,80,20.037001153947,6.1497615188471,-2.8421709430404e-14
inhale,90,20.037001153947,6.3993684783954,-6.963318810449e-13
inhale,110,20.037001153947,5.937435049345,0
inhale,120,20.037001153947,6.216333840917,-8.8107299234252e-13
inhale,130,20.037001153947,6.5566494656149,2.6290081223124e-13
inhale,140,20.037001153947,5.4884596097806,0
inhale,50,20.060889157808,4.9676009547981,-1.548983163957e-12
inhale,60,20.060889157808,5.894695464942,-2.8421709430404e-14
inhale,70,20.060889157808,6.7365359837285,1.0231815394945e-12
inhale,80,20.060889157808,6.1496063251724,0
inhale,90,20.060889157808,6.3991369853623,-6.821210263297e-13
inhale,110,20.060889157808,5.9371458726354,-1.4210854715202e-14
inhale,120,20.060889157808,6.2159330699874,-9.0949470177293e-13
inhale,130,20.060889157808,6.5561565027932,2.4158453015843e-13
inhale,140,20.060889157808,5.4880292154313,-1.4210854715202e-14
inhale,50,20.08477716167,4.9675644047816,-1.5063505998114e-12
inhale,60,20.08477716167,5.8946221300389,1.4210854715202e-14
inhale,70,20.08477716167,6.7363935478681,1.0231815394945e-12
inhale,80,20.08477716167,6.1494514196051,4.2632564145606e-14
inhale,90,20.08477716167,6.3989059272251,-7.105427357601e-13
inhale,110,20.08477716167,5.9368572579187,-1.4210854715202e-14
inhale,120,20.08477716167,6.2155330936056,-9.0238927441533e-13
inhale,130,20.08477716167,6.5556645295494,2.7000623958884e-13
inhale,140,20.08477716167,5.4875997150389,-7.105427357601e-15
inhale,50,20.108665165532,4.9675279227686,-1.5063505998114e-12
inhale,60,20.108665165532,5.894548929132,0
inhale,70,20.108665165532,6.7362513705749,1.0089706847793e-12
inhale,80,20.108665165532,6.1492968013165,1.4210854715202e-14
inhale,90,20.108665165532,6.3986753027203,-7.247535904753e-13
inhale,110,20.108665165532,5.9365692035091,-1.4210854715202e-14
inhale,120,20.108665165532,6.2151339093451,-8.8107299234252e-13
inhale,130,20.108665165532,6.5551735428284,2.6290081223124e-13
inhale,140,20.108665165532,5.48717110575,-2.8421709430404e-14
inhale,50,20.132553169394,4.967491508563,-1.5205614545266e-12
inhale,60,20.132553169394,5.8944758618413,4.2632564145606e-14
inhale,70,20.132553169394,6.7361094511209,1.0516032489249e-12
inhale,80,20.132553169394,6.1491424694815,-1.4210854715202e-14
inhale,90,20.132553169394,6.3984451105894,-6.821210263297e-13
inhale,110,20.132553169394,5.9362817077276,1.4210854715202e-14
inhale,120,20.132553169394,6.2147355147897,-8.5265128291212e-13
inhale,130,20.132553169394,6.5546835395881,2.3447910280083e-13
inhale,140,20.132553169394,5.4867433847237,-2.1316282072803e-14
inhale,50,20.156441173255,4.9674551619695,-1.5205614545266e-12
inhale,60,20.156441173255,5.8944029277884,2.8421709430404e-14
inhale,70,20.156441173255,6.7359677887811,1.0089706847793e-12
inhale,80,20.156441173255,6.1489884232781,-2.8421709430404e-14
inhale,90,20.156441173255,6.398215349579,-6.6791017161449e-13
inhale,110,20.156441173255,5.9359947689025,0
inhale,120,20.156441173255,6.2143379075332,-8.7396756498492e-13
inhale,130,20.156441173255,6.5541945167993,2.6290081223124e-13
inhale,140,20.156441173255,5.4863165491315,0
inhale,50,20.180329177117,4.9674188827937,-1.5063505998114e-12
inhale,60,20.180329177117,5.8943301265964,-4.2632564145606e-14
inhale,70,20.180329177117,6.7358263828331,1.0373923942097e-12
inhale,80,20.180329177117,6.1488346618876,0
inhale,90,20.180329177117,6.3979860184407,-6.963318810449e-13
inhale,110,20.180329177117,5.9357083853686,-1.4210854715202e-14
inhale,120,20.180329177117,6.2139410851796,-8.6686213762732e-13
inhale,130,20.180329177117,6.5537064714456,2.7711166694644e-13
inhale,140,20.180329177117,5.4858905961575,0
inhale,50,20.204217180979,4.9673826708418,-1.5205614545266e-12
inhale,60,20.204217180979,5.8942574578897,0
inhale,70,20.204217180979,6.7356852325574,1.0658141036402e-12
inhale,80,20.204217180979,6.1486811844947,-1.4210854715202e-14
inhale,90,20.204217180979,6.3977571159313,-6.5369931689929e-13
inhale,110,20.204217180979,5.935422555468,-2.8421709430404e-14
inhale,120,20.204217180979,6.213545045343,-8.7396756498492e-13
inhale,130,20.204217180979,6.5532194005233,2.7711166694644e-13
inhale,140,20.204217180979,5.4854655229976,-1.4210854715202e-14
inhale,50,20.228105184841,4.9673465259209,-1.4921397450962e-12
inhale,60,20.228105184841,5.8941849212945,-1.4210854715202e-14
inhale,70,20.228105184841,6.7355443372375,1.0516032489249e-12
inhale,80,20.228105184841,6.1485279902873,-1.4210854715202e-14
inhale,90,20.228105184841,6.3975286408123,-6.5369931689929e-13
inhale,110,20.228105184841,5.9351372775493,1.4210854715202e-14
inhale,120,20.228105184841,6.2131497856474,-8.5265128291212e-13
inhale,130,20.228105184841,6.5527333010416,2.8421709430404e-13
inhale,140,20.228105184841,5.4850413268602,-2.1316282072803e-14
inhale,50,20.251993188702,4.9673104478389,-1.4921397450962e-12
inhale,60,20.251993188702,5.8941125164382,0
inhale,70,20.251993188702,6.7354036961594,1.0231815394945e-12
inhale,80,20.251993188702,6.1483750784563,1.4210854715202e-14
inhale,90,20.251993188702,6.3973005918506,-6.3948846218409e-13
inhale,110,20.251993188702,5.934852549968,0
inhale,120,20.251993188702,6.2127553037267,-8.5975671026972e-13
inhale,130,20.251993188702,6.5522481700222,2.6290081223124e-13
inhale,140,20.251993188702,5.4846180049659,-7.105427357601e-15
inhale,50,20.275881192564,4.9672744364043,-1.5205614545266e-12
inhale,60,20.275881192564,5.8940402429498,-2.8421709430404e-14
inhale,70,20.275881192564,6.7352633086123,1.0231815394945e-12
inhale,80,20.275881192564,6.1482224481963,2.8421709430404e-14
inhale,90,20.275881192564,6.3970729678176,-6.3948846218409e-13
inhale,110,20.275881192564,5.9345683710866,-1.4210854715202e-14
inhale,120,20.275881192564,6.2123615972249,-8.5265128291212e-13
inhale,130,20.275881192564,6.5517640044994,2.6290081223124e-13
inhale,140,20.275881192564,5.4841955545471,7.105427357601e-15
inhale,50,20.299769196426,4.9672384914266,-1.5347723092418e-12
inhale,60,20.299769196426,5.8939681004598,0
inhale,70,20.299769196426,6.7351231738879,1.0516032489249e-12
inhale,80,20.299769196426,6.1480700987046,-1.4210854715202e-14
inhale,90,20.299769196426,6.3968457674899,-6.2527760746889e-13
inhale,110,20.299769196426,5.934284739274,-1.4210854715202e-14
inhale,120,20.299769196426,6.2119686637956,-8.1001871876651e-13
inhale,130,20.299769196426,6.5512808015199,2.7711166694644e-13
inhale,140,20.299769196426,5.4837739728483,0
inhale,50,20.323657200288,4.9672026127159,-1.477928890381e-12
inhale,60,20.323657200288,5.8938960886,1.4210854715202e-14
inhale,70,20.323657200288,6.7349832912806,1.0658141036402e-12
inhale,80,20.323657200288,6.147918029182,-1.4210854715202e-14
inhale,90,20.323657200288,6.396618989649,-6.2527760746889e-13
inhale,110,20.323657200288,5.934001652906,-2.8421709430404e-14
inhale,120,20.323657200288,6.2115765011024,-8.2422957348172e-13
inhale,130,20.323657200288,6.5507985581429,2.8421709430404e-13
inhale,140,20.323657200288,5.4833532571261,-7.105427357601e-15
inhale,50,20.347545204149,4.9671668000829,-1.5347723092418e-12
inhale,60,20.347545204149,5.8938242070038,2.8421709430404e-14
inhale,70,20.347545204149,6.7348436600879,1.0658141036402e-12
inhale,80,20.347545204149,6.1477662388325,-2.8421709430404e-14
inhale,90,20.347545204149,6.3963926330811,-5.9685589803848e-13
inhale,110,20.347545204149,5.933719110365,-1.4210854715202e-14
inhale,120,20.347545204149,6.2111851068184,-8.3133500083932e-13
inhale,130,20.347545204149,6.5503172714399,2.7711166694644e-13
inhale,140,20.347545204149,5.4829334046487,7.105427357601e-15
inhale,50,20.371433208011,4.9671310533395,-1.5063505998114e-12
inhale,60,20.371433208011,5.893752455306,2.8421709430404e-14
inhale,70,20.371433208011,6.7347042796098,1.0231815394945e-12
inhale,80,20.371433208011,6.147614726863,1.4210854715202e-14
inhale,90,20.371433208011,6.3961666965774,-6.3948846218409e-13
inhale,110,20.371433208011,5.9334371100401,-1.4210854715202e-14
inhale,120,20.371433208011,6.2107944786265,-8.1712414612412e-13
inhale,130,20.371433208011,6.5498369384949,2.7711166694644e-13
inhale,140,20.371433208011,5.4825144126963,0
inhale,50,20.395321211873,4.9670953722979,-1.5063505998114e-12
inhale,60,20.395321211873,5.8936808331427,0
inhale,70,20.395321211873,6.7345651491489,1.0800249583554e-12
inhale,80,20.395321211873,6.1474634924838,0
inhale,90,20.395321211873,6.3959411789339,-5.9685589803848e-13
inhale,110,20.395321211873,5.9331556503269,0
inhale,120,20.395321211873,6.2104046142194,-8.0291329140891e-13
inhale,130,20.395321211873,6.5493575564039,2.6290081223124e-13
inhale,140,20.395321211873,5.4820962785606,0
inhale,50,20.419209215735,4.9670597567713,-1.4921397450962e-12
inhale,60,20.419209215735,5.8936093401516,2.8421709430404e-14
inhale,70,20.419209215735,6.7344262680109,1.0800249583554e-12
inhale,80,20.419209215735,6.1473125349082,0
inhale,90,20.419209215735,6.3957160789513,-6.1106675275369e-13
inhale,110,20.419209215735,5.9328747296276,-2.8421709430404e-14
inhale,120,20.419209215735,6.210015511299,-7.7449158197851e-13
inhale,130,20.419209215735,6.5488791222752,2.9132252166164e-13
inhale,140,20.419209215735,5.4816789995453,-2.1316282072803e-14
inhale,50,20.443097219597,4.9670242065735,-1.5347723092418e-12
inhale,60,20.443097219597,5.8935379759717,-1.4210854715202e-14
inhale,70,20.443097219597,6.7342876355038,1.0516032489249e-12
inhale,80,20.443097219597,6.1471618533525,0
inhale,90,20.443097219597,6.3954913954353,-6.1106675275369e-13
inhale,110,20.443097219597,5.932594346351,0
inhale,120,20.443097219597,6.209627167577,-7.9580786405131e-13
inhale,130,20.443097219597,6.5484016332291,2.9842794901924e-13
inhale,140,20.443097219597,5.4812625729654,-2.1316282072803e-14
inhale,50,20.466985223458,4.9669887215192,-1.5205614545266e-12
inhale,60,20.466985223458,5.8934667402436,1.4210854715202e-14
inhale,70,20.466985223458,6.7341492509386,1.0658141036402e-12
inhale,80,20.466985223458,6.1470114470363,1.4210854715202e-14
inhale,90,20.466985223458,6.3952671271961,-5.6843418860808e-13
inhale,110,20.466985223458,5.9323144989123,1.4210854715202e-14
inhale,120,20.466985223458,6.2092395807746,-7.4606987254811e-13
inhale,130,20.466985223458,6.5479250863979,2.7711166694644e-13
inhale,140,20.466985223458,5.4808469961476,0
inhale,50,20.49087322732,4.9669533014237,-1.5205614545266e-12
inhale,60,20.49087322732,5.8933956326089,2.8421709430404e-14
inhale,70,20.49087322732,6.7340111136288,1.0516032489249e-12
inhale,80,20.49087322732,6.1468613151821,0
inhale,90,20.49087322732,6.3950432730487,-5.9685589803848e-13
inhale,110,20.49087322732,5.9320351857331,-2.8421709430404e-14
inhale,120,20.49087322732,6.2088527486222,-7.6738615462091e-13
inhale,130,20.49087322732,6.5474494789261,2.7000623958884e-13
inhale,140,20.49087322732,5.4804322664301,-7.105427357601e-15
inhale,50,20.514761231182,4.966917946103,-1.5347723092418e-12
inhale,60,20.514761231182,5.8933246527111,0
inhale,70,20.514761231182,6.7338732228906,1.0231815394945e-12
inhale,80,20.514761231182,6.1467114570157,-1.4210854715202e-14
inhale,90,20.514761231182,6.3948198318129,-6.1106675275369e-13
inhale,110,20.514761231182,5.9317564052416,-1.4210854715202e-14
inhale,120,20.514761231182,6.2084666688598,-7.6028072726331e-13
inhale,130,20.514761231182,6.5469748079698,2.6290081223124e-13
inhale,140,20.514761231182,5.4800183811624,-7.105427357601e-15
inhale,50,20.538649235044,4.9668826553739,-1.5347723092418e-12
inhale,60,20.538649235044,5.8932538001948,0
inhale,70,20.538649235044,6.7337355780428,1.0516032489249e-12
inhale,80,20.538649235044,6.1465618717657,0
inhale,90,20.538649235044,6.3945968023131,-5.8264504332328e-13
inhale,110,20.538649235044,5.9314781558724,1.4210854715202e-14
inhale,120,20.538649235044,6.2080813392366,-7.6028072726331e-13
inhale,130,20.538649235044,6.5465010706972,2.7711166694644e-13
inhale,140,20.538649235044,5.4796053377054,-1.4210854715202e-14
inhale,50,20.562537238905,4.9668474290539,-1.5205614545266e-12
inhale,60,20.562537238905,5.893183074706,0
inhale,70,20.562537238905,6.733598178407,1.0800249583554e-12
inhale,80,20.562537238905,6.1464125586639,1.4210854715202e-14
inhale,90,20.562537238905,6.3943741833783,-5.6843418860808e-13
inhale,110,20.562537238905,5.9312004360662,0
inhale,120,20.562537238905,6.2076967575112,-7.4606987254811e-13
inhale,130,20.562537238905,6.5460282642881,2.9132252166164e-13
inhale,140,20.562537238905,5.4791931334314,-7.105427357601e-15
inhale,50,20.586425242767,4.9668122669613,-1.5063505998114e-12
inhale,60,20.586425242767,5.893112475892,1.4210854715202e-14
inhale,70,20.586425242767,6.7334610233072,1.0658141036402e-12
inhale,80,20.586425242767,6.1462635169449,4.2632564145606e-14
inhale,90,20.586425242767,6.3941519738422,-5.6843418860808e-13
inhale,110,20.586425242767,5.9309232442702,0
inhale,120,20.586425242767,6.2073129214513,-7.4606987254811e-13
inhale,130,20.586425242767,6.5455563859341,2.9132252166164e-13
inhale,140,20.586425242767,5.4787817657238,-2.1316282072803e-14
inhale,50,20.610313246629,4.966777168915,-1.5205614545266e-12
inhale,60,20.610313246629,5.8930420034017,1.4210854715202e-14
inhale,70,20.610313246629,6.7333241120702,1.0800249583554e-12
inhale,80,20.610313246629,6.1461147458465,0
inhale,90,20.610313246629,6.3939301725432,-5.5422333389288e-13
inhale,110,20.610313246629,5.930646578938,0
inhale,120,20.610313246629,6.2069298288338,-7.318590178329e-13
inhale,130,20.610313246629,6.5450854328385,2.7711166694644e-13
inhale,140,20.610313246629,5.4783712319771,7.105427357601e-15
inhale,50,20.634201250491,4.9667421347346,-1.5205614545266e-12
inhale,60,20.634201250491,5.8929716568852,1.4210854715202e-14
inhale,70,20.634201250491,6.7331874440253,1.0658141036402e-12
inhale,80,20.634201250491,6.1459662446094,2.8421709430404e-14
inhale,90,20.634201250491,6.3937087783242,-5.6843418860808e-13
inhale,110,20.634201250491,5.9303704385292,2.8421709430404e-14
inhale,120,20.634201250491,6.2065474774448,-7.176481631177e-13
inhale,130,20.634201250491,6.5446154022161,2.8421709430404e-13
inhale,140,20.634201250491,5.4779615295972,0
inhale,50,20.658089254352,4.9667071642405,-1.4921397450962e-12
inhale,60,20.658089254352,5.892901435994,0
inhale,70,20.658089254352,6.7330510185044,1.0658141036402e-12
inhale,80,20.658089254352,6.1458180124773,-2.8421709430404e-14
inhale,90,20.658089254352,6.3934877900324,-5.8264504332328e-13
inhale,110,20.658089254352,5.9300948215099,0
inhale,120,20.658089254352,6.2061658650794,-7.389644451905e-13
inhale,130,20.658089254352,6.5441462912933,2.7000623958884e-13
inhale,140,20.658089254352,5.4775526560007,-1.4210854715202e-14
inhale,50,20.681977258214,4.9666722572537,-1.5347723092418e-12
inhale,60,20.681977258214,5.8928313403809,2.8421709430404e-14
inhale,70,20.681977258214,6.7329148348418,1.0800249583554e-12
inhale,80,20.681977258214,6.1456700486968,0
inhale,90,20.681977258214,6.3932672065201,-5.4001247917768e-13
inhale,110,20.681977258214,5.9298197263522,-2.8421709430404e-14
inhale,120,20.681977258214,6.2057849895419,-7.389644451905e-13
inhale,130,20.681977258214,6.5436780973079,2.9132252166164e-13
inhale,140,20.681977258214,5.4771446086155,-2.1316282072803e-14
inhale,50,20.705865262076,4.966637413596,-1.548983163957e-12
inhale,60,20.705865262076,5.8927613697001,-1.4210854715202e-14
inhale,70,20.705865262076,6.7327788923747,1.0231815394945e-12
inhale,80,20.705865262076,6.1455223525176,-2.8421709430404e-14
inhale,90,20.705865262076,6.3930470266435,-5.6843418860808e-13
inhale,110,20.705865262076,5.9295451515344,-1.4210854715202e-14
inhale,120,20.705865262076,6.2054048486453,-7.034373084025e-13
inhale,130,20.705865262076,6.5432108175092,2.9132252166164e-13
inhale,140,20.705865262076,5.4767373848802,7.105427357601e-15
inhale,50,20.729753265938,4.9666026330899,-1.5205614545266e-12
inhale,60,20.729753265938,5.8926915236071,-2.8421709430404e-14
inhale,70,20.729753265938,6.7326431904427,1.0800249583554e-12
inhale,80,20.729753265938,6.145374923192,-2.8421709430404e-14
inhale,90,20.729753265938,6.3928272492638,-5.5422333389288e-13
inhale,110,20.729753265938,5.929271095541,1.4210854715202e-14
inhale,120,20.729753265938,6.2050254402119,-6.892264536873e-13
inhale,130,20.729753265938,6.5427444491578,3.0553337637684e-13
inhale,140,20.729753265938,5.4763309822444,-2.1316282072803e-14
inhale,50,20.753641269799,4.9665679155585,-1.548983163957e-12
inhale,60,20.753641269799,5.8926218017587,-1.4210854715202e-14
inhale,70,20.753641269799,6.7325077283877,1.0516032489249e-12
inhale,80,20.753641269799,6.1452277599756,1.4210854715202e-14
inhale,90,20.753641269799,6.3926078732464,-5.1159076974727e-13
inhale,110,20.753641269799,5.9289975568626,2.8421709430404e-14
inhale,120,20.753641269799,6.2046467620726,-6.6791017161449e-13
inhale,130,20.753641269799,6.5422789895255,2.9842794901924e-13
inhale,140,20.753641269799,5.4759253981684,-2.1316282072803e-14
inhale,50,20.777529273661,4.9665332608255,-1.5347723092418e-12
inhale,60,20.777529273661,5.8925522038131,-1.4210854715202e-14
inhale,70,20.777529273661,6.7323725055544,1.0658141036402e-12
inhale,80,20.777529273661,6.1450808621267,4.2632564145606e-14
inhale,90,20.777529273661,6.3923888974612,-5.4001247917768e-13
inhale,110,20.777529273661,5.9287245339958,0
inhale,120,20.777529273661,6.2042688120673,-6.750155989721e-13
inhale,130,20.777529273661,6.5418144358956,2.9842794901924e-13
inhale,140,20.777529273661,5.4755206301233,-2.8421709430404e-14
inhale,50,20.801417277523,4.9664986687157,-1.5347723092418e-12
inhale,60,20.801417277523,5.8924827294298,0
inhale,70,20.801417277523,6.73223752129,1.0516032489249e-12
inhale,80,20.801417277523,6.1449342289064,-1.4210854715202e-14
inhale,90,20.801417277523,6.3921703207825,-5.4001247917768e-13
inhale,110,20.801417277523,5.9284520254433,1.4210854715202e-14
inhale,120,20.801417277523,6.2038915880447,-6.6080474425689e-13
inhale,130,20.801417277523,6.5413507855622,3.1263880373444e-13
inhale,140,20.801417277523,5.4751166755911,-2.1316282072803e-14
inhale,50,20.825305281385,4.966464139054,-1.5347723092418e-12
inhale,60,20.825305281385,5.8924133782695,-1.4210854715202e-14
inhale,70,20.825305281385,6.732102774944,1.0516032489249e-12
inhale,80,20.825305281385,6.1447878595787,2.8421709430404e-14
inhale,90,20.825305281385,6.391952142089,-5.1159076974727e-13
inhale,110,20.825305281385,5.9281800297136,2.8421709430404e-14
inhale,120,20.825305281385,6.2035150878621,-6.821210263297e-13
inhale,130,20.825305281385,6.5408880358309,2.9132252166164e-13
inhale,140,20.825305281385,5.4747135320641,0
inhale,50,20.849193285246,4.9664296716665,-1.5205614545266e-12
inhale,60,20.849193285246,5.8923441499944,0
inhale,70,20.849193285246,6.7319682658685,1.0658141036402e-12
inhale,80,20.849193285246,6.1446417534107,1.4210854715202e-14
inhale,90,20.849193285246,6.3917343602638,-5.1159076974727e-13
inhale,110,20.849193285246,5.9279085453216,-1.4210854715202e-14
inhale,120,20.849193285246,6.2031393093859,-6.5369931689929e-13
inhale,130,20.849193285246,6.5404261840181,2.8421709430404e-13
inhale,140,20.849193285246,5.4743111970453,0
inhale,50,20.873081289108,4.9663952663796,-1.5631940186722e-12
inhale,60,20.873081289108,5.8922750442677,-1.4210854715202e-14
inhale,70,20.873081289108,6.7318339934181,1.0373923942097e-12
inhale,80,20.873081289108,6.144495909672,0
inhale,90,20.873081289108,6.3915169741945,-4.9737991503207e-13
inhale,110,20.873081289108,5.9276375707877,-1.4210854715202e-14
inhale,120,20.873081289108,6.2027642504906,-6.3948846218409e-13
inhale,130,20.873081289108,6.5399652274512,2.9842794901924e-13
inhale,140,20.873081289108,5.4739096680485,-7.105427357601e-15
inhale,50,20.89696929297,4.9663609230207,-1.5205614545266e-12
inhale,60,20.89696929297,5.8922060607542,-2.8421709430404e-14
inhale,70,20.89696929297,6.7316999569498,1.0800249583554e-12
inhale,80,20.89696929297,6.1443503276351,2.8421709430404e-14
inhale,90,20.89696929297,6.3912999827728,-4.9737991503207e-13
inhale,110,20.89696929297,5.9273671046385,0
inhale,120,20.89696929297,6.2023899090598,-6.3948846218409e-13
inhale,130,20.89696929297,6.5395051634687,2.9132252166164e-13
inhale,140,20.89696929297,5.4735089425974,-2.1316282072803e-14
inhale,50,20.920857296832,4.9663266414175,-1.548983163957e-12
inhale,60,20.920857296832,5.8921371991198,1.4210854715202e-14
inhale,70,20.920857296832,6.7315661558231,1.0942358130706e-12
inhale,80,20.920857296832,6.1442050065756,4.2632564145606e-14
inhale,90,20.920857296832,6.3910833848948,-4.8316906031687e-13
inhale,110,20.920857296832,5.9270971454064,0
inhale,120,20.920857296832,6.2020162829856,-6.4659388954169e-13
inhale,130,20.920857296832,6.5390459894199,3.1263880373444e-13
inhale,140,20.920857296832,5.4731090182267,-2.1316282072803e-14
inhale,50,20.944745300694,4.9662924213987,-1.548983163957e-12
inhale,60,20.944745300694,5.8920684590317,-5.6843418860808e-14
inhale,70,20.944745300694,6.7314325893999,1.0800249583554e-12
inhale,80,20.944745300694,6.1440599457715,2.8421709430404e-14
inhale,90,20.944745300694,6.3908671794609,-4.6895820560167e-13
inhale,110,20.944745300694,5.9268276916296,-1.4210854715202e-14
inhale,120,20.944745300694,6.2016433701683,-6.1817218011129e-13
inhale,130,20.944745300694,6.5385877026648,2.9132252166164e-13
inhale,140,20.944745300694,5.4727098924811,-2.1316282072803e-14
inhale,50,20.968633304555,4.9662582627934,-1.5347723092418e-12
inhale,60,20.968633304555,5.8919998401585,1.4210854715202e-14
inhale,70,20.968633304555,6.7312992570444,1.0658141036402e-12
inhale,80,20.968633304555,6.1439151445038,1.4210854715202e-14
inhale,90,20.968633304555,6.3906513653758,-5.2580162446247e-13
inhale,110,20.968633304555,5.9265587418523,0
inhale,120,20.968633304555,6.2012711685171,-6.1817218011129e-13
inhale,130,20.968633304555,6.5381303005745,3.1263880373444e-13
inhale,140,20.968633304555,5.4723115629157,-2.1316282072803e-14
inhale,50,20.992521308417,4.9662241654316,-1.548983163957e-12
inhale,60,20.992521308417,5.8919313421698,0
inhale,70,20.992521308417,6.7311661581235,1.0800249583554e-12
inhale,80,20.992521308417,6.1437706020562,1.4210854715202e-14
inhale,90,20.992521308417,6.3904359415484,-4.8316906031687e-13
inhale,110,20.992521308417,5.9262902946242,2.8421709430404e-14
inhale,120,20.992521308417,6.2008996759494,-5.9685589803848e-13
inhale,130,20.992521308417,6.5376737805305,3.1263880373444e-13
inhale,140,20.992521308417,5.4719140270959,-1.4210854715202e-14
inhale,50,21.016409312279,4.9661901291438,-1.5347723092418e-12
inhale,60,21.016409312279,5.8918629647368,-1.4210854715202e-14
inhale,70,21.016409312279,6.7310332920062,1.0658141036402e-12
inhale,80,21.016409312279,6.1436263177152,-2.8421709430404e-14
inhale,90,21.016409312279,6.390220906892,-4.6895820560167e-13
inhale,110,21.016409312279,5.926022348501,1.4210854715202e-14
inhale,120,21.016409312279,6.2005288903911,-6.1106675275369e-13
inhale,130,21.016409312279,6.537218139925,3.0553337637684e-13
inhale,140,21.016409312279,5.4715172825971,-2.1316282072803e-14
inhale,50,21.040297316141,4.9661561537612,-1.5347723092418e-12
inhale,60,21.040297316141,5.8917947075315,-1.4210854715202e-14
inhale,70,21.040297316141,6.730900658064,1.0658141036402e-12
inhale,80,21.040297316141,6.14348229077,1.4210854715202e-14
inhale,90,21.040297316141,6.3900062603238,-4.2632564145606e-13
inhale,110,21.040297316141,5.925754902044,1.4210854715202e-14
inhale,120,21.040297316141,6.2001588097765,-6.1817218011129e-13
inhale,130,21.040297316141,6.5367633761609,2.9842794901924e-13
inhale,140,21.040297316141,5.4711213270051,0
inhale,50,21.064185320002,4.9661222391155,-1.5063505998114e-12
inhale,60,21.064185320002,5.8917265702277,0
inhale,70,21.064185320002,6.7307682556709,1.122657522501e-12
inhale,80,21.064185320002,6.1433385205125,0
inhale,90,21.064185320002,6.3897920007653,-4.6895820560167e-13
inhale,110,21.064185320002,5.9254879538205,0
inhale,120,21.064185320002,6.1997894320481,-5.8264504332328e-13
inhale,130,21.064185320002,6.5363094866517,3.1974423109205e-13
inhale,140,21.064185320002,5.4707261579157,-2.1316282072803e-14
inhale,50,21.088073323864,4.9660883850393,-1.5631940186722e-12
inhale,60,21.088073323864,5.8916585524999,0
inhale,70,21.088073323864,6.7306360842031,1.0942358130706e-12
inhale,80,21.088073323864,6.1431950062375,-1.4210854715202e-14
inhale,90,21.088073323864,6.3895781271424,-4.5474735088646e-13
inhale,110,21.088073323864,5.925221502403,-2.8421709430404e-14
inhale,120,21.088073323864,6.1994207551567,-5.8975047068088e-13
inhale,130,21.088073323864,6.5358564688212,3.0553337637684e-13
inhale,140,21.088073323864,5.4703317729345,0
inhale,50,21.111961327726,4.9660545913658,-1.548983163957e-12
inhale,60,21.111961327726,5.8915906540243,0
inhale,70,21.111961327726,6.7305041430391,1.0800249583554e-12
inhale,80,21.111961327726,6.1430517472422,0
inhale,90,21.111961327726,6.3893646383849,-4.5474735088646e-13
inhale,110,21.111961327726,5.92495554637,1.4210854715202e-14
inhale,120,21.111961327726,6.1990527770614,-5.8975047068088e-13
inhale,130,21.111961327726,6.5354043201039,3.1263880373444e-13
inhale,140,21.111961327726,5.4699381696775,-7.105427357601e-15
inhale,50,21.135849331588,4.9660208579286,-1.548983163957e-12
inhale,60,21.135849331588,5.8915228744779,-2.8421709430404e-14
inhale,70,21.135849331588,6.73037243156,1.0800249583554e-12
inhale,80,21.135849331588,6.1429087428267,-1.4210854715202e-14
inhale,90,21.135849331588,6.3891515334267,-4.4053649617126e-13
inhale,110,21.135849331588,5.9246900843055,0
inhale,120,21.135849331588,6.1986854957294,-5.7553961596568e-13
inhale,130,21.135849331588,6.5349530379444,3.2684965844965e-13
inhale,140,21.135849331588,5.4695453457702,0
inhale,50,21.159737335449,4.9659871845622,-1.5063505998114e-12
inhale,60,21.159737335449,5.8914552135393,4.2632564145606e-14
inhale,70,21.159737335449,6.7302409491489,1.1084466677858e-12
inhale,80,21.159737335449,6.1427659922937,0
inhale,90,21.159737335449,6.388938811206,-4.4053649617126e-13
inhale,110,21.159737335449,5.9244251147992,2.8421709430404e-14
inhale,120,21.159737335449,6.1983189091361,-5.6843418860808e-13
inhale,130,21.159737335449,6.5345026197979,3.0553337637684e-13
inhale,140,21.159737335449,5.4691532988482,-7.105427357601e-15
inhale,50,21.183625339311,4.9659535711016,-1.5063505998114e-12
inhale,60,21.183625339311,5.891387670888,1.4210854715202e-14
inhale,70,21.183625339311,6.7301096951915,1.0800249583554e-12
inhale,80,21.183625339311,6.1426234949487,0
inhale,90,21.183625339311,6.3887264706648,-4.5474735088646e-13
inhale,110,21.183625339311,5.9241606364461,0
inhale,120,21.183625339311,6.197953015265,-5.7553961596568e-13
inhale,130,21.183625339311,6.5340530631296,3.1974423109205e-13
inhale,140,21.183625339311,5.468762026557,-2.1316282072803e-14
inhale,50,21.207513343173,4.9659200173824,-1.5347723092418e-12
inhale,60,21.207513343173,5.8913202462049,0
inhale,70,21.207513343173,6.7299786690757,1.0942358130706e-12
inhale,80,21.207513343173,6.1424812500995,0
inhale,90,21.207513343173,6.3885145107496,-4.5474735088646e-13
inhale,110,21.207513343173,5.9238966478471,0
inhale,120,21.207513343173,6.1975878121078,-5.4001247917768e-13
inhale,130,21.207513343173,6.5336043654152,3.1263880373444e-13
inhale,140,21.207513343173,5.4683715265516,2.1316282072803e-14
inhale,50,21.231401347035,4.965886523241,-1.5347723092418e-12
inhale,60,21.231401347035,5.8912529391721,0
inhale,70,21.231401347035,6.7298478701916,1.0658141036402e-12
inhale,80,21.231401347035,6.1423392570569,-2.8421709430404e-14
inhale,90,21.231401347035,6.3883029304104,-4.2632564145606e-13
inhale,110,21.231401347035,5.9236331476084,0
inhale,120,21.231401347035,6.1972232976638,-5.5422333389288e-13
inhale,130,21.231401347035,6.5331565241404,3.0553337637684e-13
inhale,140,21.231401347035,5.4679817964969,-7.105427357601e-15
inhale,50,21.255289350896,4.9658530885143,-1.477928890381e-12
inhale,60,21.255289350896,5.8911857494728,1.4210854715202e-14
inhale,70,21.255289350896,6.7297172979317,1.0658141036402e-12
inhale,80,21.255289350896,6.1421975151342,0
inhale,90,21.255289350896,6.3880917286017,-3.9790393202566e-13
inhale,110,21.255289350896,5.9233701343416,1.4210854715202e-14
inhale,120,21.255289350896,6.1968594699408,-5.4711790653528e-13
inhale,130,21.255289350896,6.5327095368011,3.2684965844965e-13
inhale,140,21.255289350896,5.4675928340675,-1.4210854715202e-14
inhale,50,21.279177354758,4.9658197130397,-1.548983163957e-12
inhale,60,21.279177354758,5.8911186767915,-1.4210854715202e-14
inhale,70,21.279177354758,6.7295869516907,1.0942358130706e-12
inhale,80,21.279177354758,6.1420560236472,-4.2632564145606e-14
inhale,90,21.279177354758,6.3878809042817,-4.1211478674086e-13
inhale,110,21.279177354758,5.9231076066639,-1.4210854715202e-14
inhale,120,21.279177354758,6.1964963269542,-5.1869619710487e-13
inhale,130,21.279177354758,6.5322634009032,3.2684965844965e-13
inhale,140,21.279177354758,5.4672046369474,7.105427357601e-15
inhale,50,21.30306535862,4.9657863966555,-1.548983163957e-12
inhale,60,21.30306535862,5.8910517208137,2.8421709430404e-14
inhale,70,21.30306535862,6.7294568308657,1.122657522501e-12
inhale,80,21.30306535862,6.1419147819144,2.8421709430404e-14
inhale,90,21.30306535862,6.3876704564128,-3.8369307731045e-13
inhale,110,21.30306535862,5.9228455631979,1.4210854715202e-14
inhale,120,21.30306535862,6.1961338667274,-5.0448534238967e-13
inhale,130,21.30306535862,6.5318181139627,3.1263880373444e-13
inhale,140,21.30306535862,5.4668172028305,7.105427357601e-15
inhale,50,21.326953362482,4.9657531392004,-1.5631940186722e-12
inhale,60,21.326953362482,5.8909848812264,1.4210854715202e-14
inhale,70,21.326953362482,6.7293269348559,1.122657522501e-12
inhale,80,21.326953362482,6.141773789257,1.4210854715202e-14
inhale,90,21.326953362482,6.3874603839611,-4.1211478674086e-13
inhale,110,21.326953362482,5.9225840025715,1.4210854715202e-14
inhale,120,21.326953362482,6.1957720872917,-5.1869619710487e-13
inhale,130,21.326953362482,6.5313736735055,3.1263880373444e-13
inhale,140,21.326953362482,5.4664305294199,-7.105427357601e-15
inhale,50,21.350841366343,4.9657199405138,-1.5205614545266e-12
inhale,60,21.350841366343,5.8909181577174,1.4210854715202e-14
inhale,70,21.350841366343,6.7291972630628,1.0942358130706e-12
inhale,80,21.350841366343,6.1416330449984,0
inhale,90,21.350841366343,6.387250685897,-3.9790393202566e-13
inhale,110,21.350841366343,5.9223229234182,-1.4210854715202e-14
inhale,120,21.350841366343,6.1954109866862,-5.0448534238967e-13
inhale,130,21.350841366343,6.5309300770674,3.3395508580725e-13
inhale,140,21.350841366343,5.4660446144283,-2.8421709430404e-14
inhale,50,21.374729370205,4.9656868004357,-1.5347723092418e-12
inhale,60,21.374729370205,5.8908515499759,0
inhale,70,21.374729370205,6.72906781489,1.0942358130706e-12
inhale,80,21.374729370205,6.141492548465,1.4210854715202e-14
inhale,90,21.374729370205,6.3870413611944,-3.9790393202566e-13
inhale,110,21.374729370205,5.9220623243766,-4.2632564145606e-14
inhale,120,21.374729370205,6.1950505629577,-4.8316906031687e-13
inhale,130,21.374729370205,6.5304873221943,3.4106051316485e-13
inhale,140,21.374729370205,5.4656594555777,-7.105427357601e-15
inhale,50,21.398617374067,4.9656537188067,-1.548983163957e-12
inhale,60,21.398617374067,5.8907850576923,2.8421709430404e-14
inhale,70,21.398617374067,6.7289385897436,1.0800249583554e-12
inhale,80,21.398617374067,6.1413522989854,-1.4210854715202e-14
inhale,90,21.398617374067,6.3868324088315,-3.8369307731045e-13
inhale,110,21.398617374067,5.9218022040906,-1.4210854715202e-14
inhale,120,21.398617374067,6.1946908141608,-4.6895820560167e-13
inhale,130,21.398617374067,6.5300454064415,3.1974423109205e-13
inhale,140,21.398617374067,5.4652750505998,-2.1316282072803e-14
inhale,50,21.422505377929,4.9656206954678,-1.548983163957e-12
inhale,60,21.422505377929,5.8907186805579,-1.4210854715202e-14
inhale,70,21.422505377929,6.7288095870317,1.1084466677858e-12
inhale,80,21.422505377929,6.141212295891,2.8421709430404e-14
inhale,90,21.422505377929,6.3866238277901,-3.9790393202566e-13
inhale,110,21.422505377929,5.9215425612097,0
inhale,120,21.422505377929,6.1943317383579,-4.9027448767447e-13
inhale,130,21.422505377929,6.5296043273744,3.3395508580725e-13
inhale,140,21.422505377929,5.4648913972351,7.105427357601e-15
inhale,50,21.446393381791,4.9655877302611,-1.5347723092418e-12
inhale,60,21.446393381791,5.8906524182655,0
inhale,70,21.446393381791,6.7286808061646,1.122657522501e-12
inhale,80,21.446393381791,6.1410725385155,1.4210854715202e-14
inhale,90,21.446393381791,6.3864156170561,-3.5527136788005e-13
inhale,110,21.446393381791,5.9212833943883,-2.8421709430404e-14
inhale,120,21.446393381791,6.1939733336189,-4.6895820560167e-13
inhale,130,21.446393381791,6.5291640825679,3.1974423109205e-13
inhale,140,21.446393381791,5.4645084932339,0
inhale,50,21.470281385652,4.9655548230288,-1.5205614545266e-12
inhale,60,21.470281385652,5.8905862705088,-4.2632564145606e-14
inhale,70,21.470281385652,6.7285522465549,1.122657522501e-12
inhale,80,21.470281385652,6.1409330261952,0
inhale,90,21.470281385652,6.3862077756191,-3.4106051316485e-13
inhale,110,21.470281385652,5.9210247022863,-2.8421709430404e-14
inhale,120,21.470281385652,6.1936155980214,-4.5474735088646e-13
inhale,130,21.470281385652,6.5287246696068,3.1263880373444e-13
inhale,140,21.470281385652,5.4641263363553,0
inhale,50,21.494169389514,4.9655219736139,-1.548983163957e-12
inhale,60,21.494169389514,5.8905202369827,0
inhale,70,21.494169389514,6.7284239076172,1.1368683772162e-12
inhale,80,21.494169389514,6.140793758269,1.4210854715202e-14
inhale,90,21.494169389514,6.3860003024725,-3.8369307731045e-13
inhale,110,21.494169389514,5.9207664835687,0
inhale,120,21.494169389514,6.1932585296506,-4.4764192352886e-13
inhale,130,21.494169389514,6.5282860860854,3.2684965844965e-13
inhale,140,21.494169389514,5.4637449243677,0
inhale,50,21.518057393376,4.96548918186,-1.5347723092418e-12
inhale,60,21.518057393376,5.8904543173831,0
inhale,70,21.518057393376,6.7282957887685,1.0942358130706e-12
inhale,80,21.518057393376,6.1406547340781,-2.8421709430404e-14
inhale,90,21.518057393376,6.3857931966137,-3.6948222259525e-13
inhale,110,21.518057393376,5.9205087369057,-1.4210854715202e-14
inhale,120,21.518057393376,6.1929021265992,-4.6895820560167e-13
inhale,130,21.518057393376,6.5278483296074,3.3395508580725e-13
inhale,140,21.518057393376,5.4633642550488,7.105427357601e-15
inhale,50,21.541945397238,4.9654564476113,-1.548983163957e-12
inhale,60,21.541945397238,5.8903885114074,1.4210854715202e-14
inhale,70,21.541945397238,6.7281678894277,1.1368683772162e-12
inhale,80,21.541945397238,6.1405159529662,1.4210854715202e-14
inhale,90,21.541945397238,6.3855864570437,-3.5527136788005e-13
inhale,110,21.541945397238,5.9202514609726,-1.4210854715202e-14
inhale,120,21.541945397238,6.1925463869675,-4.5474735088646e-13
inhale,130,21.541945397238,6.5274113977862,3.2684965844965e-13
inhale,140,21.541945397238,5.4629843261851,-1.4210854715202e-14
inhale,50,21.565833401099,4.9654237707124,-1.548983163957e-12
inhale,60,21.565833401099,5.8903228187538,4.2632564145606e-14
inhale,70,21.565833401099,6.7280402090161,1.1084466677858e-12
inhale,80,21.565833401099,6.1403774142797,2.8421709430404e-14
inhale,90,21.565833401099,6.3853800827673,-3.5527136788005e-13
inhale,110,21.565833401099,5.9199946544499,-2.8421709430404e-14
inhale,120,21.565833401099,6.1921913088632,-4.4053649617126e-13
inhale,130,21.565833401099,6.5269752882448,3.2684965844965e-13
inhale,140,21.565833401099,5.4626051355723,-7.105427357601e-15
inhale,50,21.589721404961,4.9653911510089,-1.5205614545266e-12
inhale,60,21.589721404961,5.8902572391218,0
inhale,70,21.589721404961,6.7279127469568,1.1084466677858e-12
inhale,80,21.589721404961,6.1402391173671,1.4210854715202e-14
inhale,90,21.589721404961,6.3851740727932,-3.4106051316485e-13
inhale,110,21.589721404961,5.9197383160233,0
inhale,120,21.589721404961,6.1918368904014,-4.2632564145606e-13
inhale,130,21.589721404961,6.5265399986153,3.4106051316485e-13
inhale,140,21.589721404961,5.4622266810151,7.105427357601e-15
inhale,50,21.613609408823,4.9653585883464,-1.548983163957e-12
inhale,60,21.613609408823,5.8901917722117,0
inhale,70,21.613609408823,6.7277855026755,1.122657522501e-12
inhale,80,21.613609408823,6.1401010615796,-2.8421709430404e-14
inhale,90,21.613609408823,6.3849684261338,-3.2684965844965e-13
inhale,110,21.613609408823,5.9194824443834,-1.4210854715202e-14
inhale,120,21.613609408823,6.1914831297046,-4.0500935938326e-13
inhale,130,21.613609408823,6.5261055265394,3.4816594052245e-13
inhale,140,21.613609408823,5.4618489603271,-2.8421709430404e-14
inhale,50,21.637497412685,4.9653260825717,-1.5631940186722e-12
inhale,60,21.637497412685,5.8901264177253,2.8421709430404e-14
inhale,70,21.637497412685,6.7276584755995,1.1084466677858e-12
inhale,80,21.637497412685,6.1399632462706,1.4210854715202e-14
inhale,90,21.637497412685,6.384763141805,-3.5527136788005e-13
inhale,110,21.637497412685,5.919227038226,-1.4210854715202e-14
inhale,120,21.637497412685,6.1911300249028,-4.0500935938326e-13
inhale,130,21.637497412685,6.5256718696681,3.2684965844965e-13
inhale,140,21.637497412685,5.4614719713306,-1.4210854715202e-14
inhale,50,21.661385416546,4.9652936335316,-1.548983163957e-12
inhale,60,21.661385416546,5.8900611753654,1.4210854715202e-14
inhale,70,21.661385416546,6.7275316651586,1.1368683772162e-12
inhale,80,21.661385416546,6.1398256707962,-2.8421709430404e-14
inhale,90,21.661385416546,6.3845582188266,-3.5527136788005e-13
inhale,110,21.661385416546,5.9189720962518,-1.4210854715202e-14
inhale,120,21.661385416546,6.1907775741332,-4.1211478674086e-13
inhale,130,21.661385416546,6.5252390256616,3.2684965844965e-13
inhale,140,21.661385416546,5.461095711857,1.4210854715202e-14
inhale,50,21.685273420408,4.9652612410738,-1.5631940186722e-12
inhale,60,21.685273420408,5.8899960448357,1.4210854715202e-14
inhale,70,21.685273420408,6.7274050707845,1.0800249583554e-12
inhale,80,21.685273420408,6.1396883345147,0
inhale,90,21.685273420408,6.3843536562222,-3.1263880373444e-13
inhale,110,21.685273420408,5.9187176171667,-2.8421709430404e-14
inhale,120,21.685273420408,6.1904257755403,-4.0500935938326e-13
inhale,130,21.685273420408,6.5248069921894,3.5527136788005e-13
inhale,140,21.685273420408,5.4607201797465,-2.1316282072803e-14
inhale,50,21.70916142427,4.9652289050466,-1.5347723092418e-12
inhale,60,21.70916142427,5.8899310258411,0
inhale,70,21.70916142427,6.7272786919111,1.122657522501e-12
inhale,80,21.70916142427,6.1395512367868,-1.4210854715202e-14
inhale,90,21.70916142427,6.3841494530187,-3.4106051316485e-13
inhale,110,21.70916142427,5.9184635996813,1.4210854715202e-14
inhale,120,21.70916142427,6.1900746272759,-3.9079850466806e-13
inhale,130,21.70916142427,6.5243757669301,3.4106051316485e-13
inhale,140,21.70916142427,5.4603453728478,-7.105427357601e-15
inhale,50,21.733049428132,4.9651966252987,-1.5347723092418e-12
inhale,60,21.733049428132,5.8898661180878,-1.4210854715202e-14
inhale,70,21.733049428132,6.7271525279741,1.122657522501e-12
inhale,80,21.733049428132,6.1394143769756,1.4210854715202e-14
inhale,90,21.733049428132,6.3839456082471,-3.2684965844965e-13
inhale,110,21.733049428132,5.9182100425115,0
inhale,120,21.733049428132,6.1897241274989,-3.8369307731045e-13
inhale,130,21.733049428132,6.5239453475717,3.6237679523765e-13
inhale,140,21.733049428132,5.4599712890185,-1.4210854715202e-14
inhale,50,21.756937431993,4.9651644016794,-1.5631940186722e-12
inhale,60,21.756937431993,5.8898013212827,-1.4210854715202e-14
inhale,70,21.756937431993,6.7270265784117,1.1368683772162e-12
inhale,80,21.756937431993,6.1392777544466,-1.4210854715202e-14
inhale,90,21.756937431993,6.3837421209416,-2.8421709430404e-13
inhale,110,21.756937431993,5.9179569443779,1.4210854715202e-14
inhale,120,21.756937431993,6.1893742743755,-3.8369307731045e-13
inhale,130,21.756937431993,6.5235157318109,3.4106051316485e-13
inhale,140,21.756937431993,5.4595979261249,-2.8421709430404e-14
inhale,50,21.780825435855,4.9651322340387,-1.5205614545266e-12
inhale,60,21.780825435855,5.8897366351342,-1.4210854715202e-14
inhale,70,21.780825435855,6.7269008426637,1.1084466677858e-12
inhale,80,21.780825435855,6.1391413685676,1.4210854715202e-14
inhale,90,21.780825435855,6.3835389901403,-2.8421709430404e-13
inhale,110,21.780825435855,5.9177043040061,0
inhale,120,21.780825435855,6.189025066079,-3.7658764995285e-13
inhale,130,21.780825435855,6.5230869173538,3.4106051316485e-13
inhale,140,21.780825435855,5.4592252820418,0
inhale,50,21.804713439717,4.9651001222269,-1.548983163957e-12
inhale,60,21.804713439717,5.8896720593513,-1.4210854715202e-14
inhale,70,21.804713439717,6.7267753201724,1.1652900866466e-12
inhale,80,21.804713439717,6.1390052187088,1.4210854715202e-14
inhale,90,21.804713439717,6.3833362148849,-3.1263880373444e-13
inhale,110,21.804713439717,5.9174521201265,1.4210854715202e-14
inhale,120,21.804713439717,6.1886765007899,-3.4106051316485e-13
inhale,130,21.804713439717,6.5226589019154,3.5527136788005e-13
inhale,140,21.804713439717,5.4588533546527,7.105427357601e-15
inhale,50,21.828601443579,4.9650680660951,-1.5347723092418e-12
inhale,60,21.828601443579,5.8896075936444,4.2632564145606e-14
inhale,70,21.828601443579,6.7266500103817,1.0942358130706e-12
inhale,80,21.828601443579,6.1388693042428,-1.4210854715202e-14
inhale,90,21.828601443579,6.3831337942204,-2.9842794901924e-13
inhale,110,21.828601443579,5.9172003914745,0
inhale,120,21.828601443579,6.1883285766955,-3.4106051316485e-13
inhale,130,21.828601443579,6.5222316832194,3.5527136788005e-13
inhale,140,21.828601443579,5.4584821418494,7.105427357601e-15
inhale,50,21.852489447441,4.9650360654949,-1.5347723092418e-12
inhale,60,21.852489447441,5.889543237725,-4.2632564145606e-14
inhale,70,21.852489447441,6.7265249127379,1.122657522501e-12
inhale,80,21.852489447441,6.1387336245443,2.8421709430404e-14
inhale,90,21.852489447441,6.3829317271957,-2.5579538487364e-13
inhale,110,21.852489447441,5.9169491167902,1.4210854715202e-14
inhale,120,21.852489447441,6.1879812919904,-3.5527136788005e-13
inhale,130,21.852489447441,6.5218052589989,3.5527136788005e-13
inhale,140,21.852489447441,5.4581116415324,-1.4210854715202e-14
inhale,50,21.876377451302,4.9650041202783,-1.5205614545266e-12
inhale,60,21.876377451302,5.8894789913053,-1.4210854715202e-14
inhale,70,21.876377451302,6.726400026689,1.1510792319314e-12
inhale,80,21.876377451302,6.1385981789906,0
inhale,90,21.876377451302,6.382730012863,-2.5579538487364e-13
inhale,110,21.876377451302,5.9166982948187,-2.8421709430404e-14
inhale,120,21.876377451302,6.1876346448761,-3.1974423109205e-13
inhale,130,21.876377451302,6.5213796269954,3.5527136788005e-13
inhale,140,21.876377451302,5.4577418516105,1.4210854715202e-14
inhale,50,21.900265455164,4.964972230298,-1.548983163957e-12
inhale,60,21.900265455164,5.889414854099,-1.4210854715202e-14
inhale,70,21.900265455164,6.7262753516852,1.0942358130706e-12
inhale,80,21.900265455164,6.138462966961,0
inhale,90,21.900265455164,6.3825286502782,-2.5579538487364e-13
inhale,110,21.900265455164,5.9164479243096,1.4210854715202e-14
inhale,120,21.900265455164,6.1872886335611,-3.1974423109205e-13
inhale,130,21.900265455164,6.5209547849596,3.5527136788005e-13
inhale,140,21.900265455164,5.4573727700011,0
inhale,50,21.924153459026,4.9649403954071,-1.548983163957e-12
inhale,60,21.924153459026,5.8893508258205,0
inhale,70,21.924153459026,6.7261508871787,1.122657522501e-12
inhale,80,21.924153459026,6.1383279878373,0
inhale,90,21.924153459026,6.3823276385006,-2.8421709430404e-13
inhale,110,21.924153459026,5.9161980040175,2.8421709430404e-14
inhale,120,21.924153459026,6.1869432562608,-3.1263880373444e-13
inhale,130,21.924153459026,6.5205307306507,3.7658764995285e-13
inhale,140,21.924153459026,5.4570043946298,-1.4210854715202e-14
inhale,50,21.948041462888,4.9649086154596,-1.548983163957e-12
inhale,60,21.948041462888,5.8892869061854,-1.4210854715202e-14
inhale,70,21.948041462888,6.7260266326237,1.122657522501e-12
inhale,80,21.948041462888,6.1381932410036,0
inhale,90,21.948041462888,6.3821269765931,-2.4158453015843e-13
inhale,110,21.948041462888,5.9159485327018,-2.8421709430404e-14
inhale,120,21.948041462888,6.1865985111976,-3.2684965844965e-13
inhale,130,21.948041462888,6.5201074618368,3.4816594052245e-13
inhale,140,21.948041462888,5.4566367234305,0
inhale,50,21.971929466749,4.9648768903095,-1.5347723092418e-12
inhale,60,21.971929466749,5.8892230949103,-1.4210854715202e-14
inhale,70,21.971929466749,6.7259025874761,1.1084466677858e-12
inhale,80,21.971929466749,6.138058725846,-2.8421709430404e-14
inhale,90,21.971929466749,6.3819266636219,-2.4158453015843e-13
inhale,110,21.971929466749,5.9156995091264,-1.4210854715202e-14
inhale,120,21.971929466749,6.1862543966005,-3.0553337637684e-13
inhale,130,21.971929466749,6.5196849762947,3.6948222259525e-13
inhale,140,21.971929466749,5.4562697543455,-7.105427357601e-15
inhale,50,21.995817470611,4.9648452198118,-1.548983163957e-12
inhale,60,21.995817470611,5.8891593917129,-2.8421709430404e-14
inhale,70,21.995817470611,6.7257787511942,1.1368683772162e-12
inhale,80,21.995817470611,6.1379244417532,1.4210854715202e-14
inhale,90,21.995817470611,6.3817266986568,-2.1316282072803e-13
inhale,110,21.995817470611,5.91545093206,2.8421709430404e-14
inhale,120,21.995817470611,6.1859109107057,-3.1263880373444e-13
inhale,130,21.995817470611,6.5192632718098,3.6948222259525e-13
inhale,140,21.995817470611,5.4559034853251,-7.105427357601e-15
inhale,50,22.019705474473,4.9648136038218,-1.548983163957e-12
inhale,60,22.019705474473,5.8890957963118,0
inhale,70,22.019705474473,6.7256551232379,1.1084466677858e-12
inhale,80,22.019705474473,6.1377903881159,1.4210854715202e-14
inhale,90,22.019705474473,6.381527080771,-2.8421709430404e-13
inhale,110,22.019705474473,5.915202800276,0
inhale,120,22.019705474473,6.1855680517559,-2.9132252166164e-13
inhale,130,22.019705474473,6.518842346176,3.5527136788005e-13
inhale,140,22.019705474473,5.455537914328,-7.105427357601e-15
inhale,50,22.043593478335,4.9647820421953,-1.5347723092418e-12
inhale,60,22.043593478335,5.8890323084267,2.8421709430404e-14
inhale,70,22.043593478335,6.7255317030693,1.1084466677858e-12
inhale,80,22.043593478335,6.1376565643272,1.4210854715202e-14
inhale,90,22.043593478335,6.3813278090413,-2.5579538487364e-13
inhale,110,22.043593478335,5.9149551125524,1.4210854715202e-14
inhale,120,22.043593478335,6.1852258180007,-2.7711166694644e-13
inhale,130,22.043593478335,6.518422197196,3.6948222259525e-13
inhale,140,22.043593478335,5.4551730393211,1.4210854715202e-14
inhale,50,22.067481482196,4.9647505347888,-1.548983163957e-12
inhale,60,22.067481482196,5.8889689277783,-5.6843418860808e-14
inhale,70,22.067481482196,6.7254084901524,1.1084466677858e-12
inhale,80,22.067481482196,6.1375229697823,0
inhale,90,22.067481482196,6.3811288825475,-2.1316282072803e-13
inhale,110,22.067481482196,5.914707867672,0
inhale,120,22.067481482196,6.1848842076964,-2.9132252166164e-13
inhale,130,22.067481482196,6.5180028226809,3.5527136788005e-13
inhale,140,22.067481482196,5.4548088582791,7.105427357601e-15
inhale,50,22.091369486058,4.9647190814593,-1.548983163957e-12
inhale,60,22.091369486058,5.8889056540883,2.8421709430404e-14
inhale,70,22.091369486058,6.7252854839529,1.1510792319314e-12
inhale,80,22.091369486058,6.1373896038787,-1.4210854715202e-14
inhale,90,22.091369486058,6.3809303003733,-2.7000623958884e-13
inhale,110,22.091369486058,5.9144610644219,0
inhale,120,22.091369486058,6.184543219106,-2.4868995751604e-13
inhale,130,22.091369486058,6.5175842204502,3.6948222259525e-13
inhale,140,22.091369486058,5.454445369185,7.105427357601e-15
inhale,50,22.11525748992,4.9646876820641,-1.548983163957e-12
inhale,60,22.11525748992,5.8888424870795,5.6843418860808e-14
inhale,70,22.11525748992,6.7251626839387,1.1510792319314e-12
inhale,80,22.11525748992,6.137256466016,-1.4210854715202e-14
inhale,90,22.11525748992,6.3807320616054,-2.5579538487364e-13
inhale,110,22.11525748992,5.9142147015941,-1.4210854715202e-14
inhale,120,22.11525748992,6.1842028504991,-2.3447910280083e-13
inhale,130,22.11525748992,6.517166388332,3.6237679523765e-13
inhale,140,22.11525748992,5.4540825700298,-1.4210854715202e-14
inhale,50,22.139145493782,4.9646563364613,-1.5631940186722e-12
inhale,60,22.139145493782,5.8887794264755,-2.8421709430404e-14
inhale,70,22.139145493782,6.7250400895795,1.1368683772162e-12
inhale,80,22.139145493782,6.1371235555962,0
inhale,90,22.139145493782,6.3805341653339,-2.4158453015843e-13
inhale,110,22.139145493782,5.913968777985,-1.4210854715202e-14
inhale,120,22.139145493782,6.1838631001521,-2.5579538487364e-13
inhale,130,22.139145493782,6.5167493241627,3.6948222259525e-13
inhale,140,22.139145493782,5.4537204588124,-1.4210854715202e-14
inhale,50,22.163033497643,4.9646250445094,-1.548983163957e-12
inhale,60,22.163033497643,5.8887164720012,2.8421709430404e-14
inhale,70,22.163033497643,6.7249177003469,1.122657522501e-12
inhale,80,22.163033497643,6.1369908720232,0
inhale,90,22.163033497643,6.3803366106526,-2.4158453015843e-13
inhale,110,22.163033497643,5.9137232923955,-2.8421709430404e-14
inhale,120,22.163033497643,6.1835239663479,-2.2026824808563e-13
inhale,130,22.163033497643,6.5163330257871,3.8369307731045e-13
inhale,140,22.163033497643,5.4533590335397,-2.1316282072803e-14
inhale,50,22.186921501505,4.9645938060673,-1.5631940186722e-12
inhale,60,22.186921501505,5.8886536233822,-1.4210854715202e-14
inhale,70,22.186921501505,6.7247955157145,1.1084466677858e-12
inhale,80,22.186921501505,6.1368584147032,-2.8421709430404e-14
inhale,90,22.186921501505,6.3801393966581,-1.8474111129763e-13
inhale,110,22.186921501505,5.9134782436311,1.4210854715202e-14
inhale,120,22.186921501505,6.1831854473758,-2.2737367544323e-13
inhale,130,22.186921501505,6.5159174910583,3.6948222259525e-13
inhale,140,22.186921501505,5.4529982922266,-7.105427357601e-15
inhale,50,22.210809505367,4.9645626209948,-1.548983163957e-12
inhale,60,22.210809505367,5.8885908803453,0
inhale,70,22.210809505367,6.7246735351576,1.0942358130706e-12
inhale,80,22.210809505367,6.1367261830448,0
inhale,90,22.210809505367,6.3799425224508,-2.1316282072803e-13
inhale,110,22.210809505367,5.9132336305019,1.4210854715202e-14
inhale,120,22.210809505367,6.182847541532,-2.3447910280083e-13
inhale,130,22.210809505367,6.5155027178377,3.9079850466806e-13
inhale,140,22.210809505367,5.4526382328956,0
inhale,50,22.234697509229,4.9645314891517,-1.5631940186722e-12
inhale,60,22.234697509229,5.8885282426181,-4.2632564145606e-14
inhale,70,22.234697509229,6.7245517581536,1.122657522501e-12
inhale,80,22.234697509229,6.1365941764583,0
inhale,90,22.234697509229,6.3797459871341,-1.9895196601283e-13
inhale,110,22.234697509229,5.9129894518222,-1.4210854715202e-14
inhale,120,22.234697509229,6.1825102471189,-1.9895196601283e-13
inhale,130,22.234697509229,6.5150887039948,3.6237679523765e-13
inhale,140,22.234697509229,5.4522788535773,0
inhale,50,22.25858551309,4.9645004103986,-1.5631940186722e-12
inhale,60,22.25858551309,5.8884657099293,2.8421709430404e-14
inhale,70,22.25858551309,6.7244301841816,1.122657522501e-12
inhale,80,22.25858551309,6.1364623943565,0
inhale,90,22.25858551309,6.3795497898148,-2.1316282072803e-13
inhale,110,22.25858551309,5.9127457064109,-2.8421709430404e-14
inhale,120,22.25858551309,6.1821735624454,-2.2737367544323e-13
inhale,130,22.25858551309,6.5146754474075,3.6237679523765e-13
inhale,140,22.25858551309,5.4519201523099,-1.4210854715202e-14
inhale,50,22.282473516952,4.9644693845967,-1.5347723092418e-12
inhale,60,22.282473516952,5.8884032820086,1.4210854715202e-14
inhale,70,22.282473516952,6.7243088127226,1.122657522501e-12
inhale,80,22.282473516952,6.1363308361542,-2.8421709430404e-14
inhale,90,22.282473516952,6.379353929603,-1.8474111129763e-13
inhale,110,22.282473516952,5.9125023930916,-1.4210854715202e-14
inhale,120,22.282473516952,6.181837485827,-1.9184653865523e-13
inhale,130,22.282473516952,6.5142629459617,3.7658764995285e-13
inhale,140,22.282473516952,5.4515621271394,-7.105427357601e-15
inhale,50,22.306361520814,4.9644384116074,-1.548983163957e-12
inhale,60,22.306361520814,5.8883409585866,0
inhale,70,22.306361520814,6.7241876432595,1.122657522501e-12
inhale,80,22.306361520814,6.1361995012683,-1.4210854715202e-14
inhale,90,22.306361520814,6.3791584056119,-1.8474111129763e-13
inhale,110,22.306361520814,5.9122595106918,-2.8421709430404e-14
inhale,120,22.306361520814,6.1815020155855,-1.9184653865523e-13
inhale,130,22.306361520814,6.5138511975515,3.7658764995285e-13
inhale,140,22.306361520814,5.4512047761195,-7.105427357601e-15
inhale,50,22.330249524676,4.9644074912929,-1.5774048733874e-12
inhale,60,22.330249524676,5.8882787393948,1.4210854715202e-14
inhale,70,22.330249524676,6.7240666752771,1.1368683772162e-12
inhale,80,22.330249524676,6.1360683891179,2.8421709430404e-14
inhale,90,22.330249524676,6.378963216958,-1.2789769243682e-13
inhale,110,22.330249524676,5.9120170580437,0
inhale,120,22.330249524676,6.1811671500492,-1.8474111129763e-13
inhale,130,22.330249524676,6.513440200079,3.4816594052245e-13
inhale,140,22.330249524676,5.4508480973116,-1.4210854715202e-14
inhale,50,22.354137528537,4.9643766235157,-1.5774048733874e-12
inhale,60,22.354137528537,5.8882166241659,-1.4210854715202e-14
inhale,70,22.354137528537,6.7239459082618,1.122657522501e-12
inhale,80,22.354137528537,6.1359374991241,-1.4210854715202e-14
inhale,90,22.354137528537,6.3787683627613,-1.8474111129763e-13
inhale,110,22.354137528537,5.9117750339839,-1.4210854715202e-14
inhale,120,22.354137528537,6.1808328875524,-1.8474111129763e-13
inhale,130,22.354137528537,6.5130299514545,3.7658764995285e-13
inhale,140,22.354137528537,5.4504920887848,0
inhale,50,22.378025532399,4.9643458081389,-1.5916157281026e-12
inhale,60,22.378025532399,5.8881546126334,-2.8421709430404e-14
inhale,70,22.378025532399,6.7238253417022,1.1368683772162e-12
inhale,80,22.378025532399,6.1358068307102,2.8421709430404e-14
inhale,90,22.378025532399,6.3785738421445,-1.8474111129763e-13
inhale,110,22.378025532399,5.9115334373533,-1.4210854715202e-14
inhale,120,22.378025532399,6.1804992264362,-1.7053025658242e-13
inhale,130,22.378025532399,6.5126204495961,3.8369307731045e-13
inhale,140,22.378025532399,5.4501367486155,-2.1316282072803e-14
inhale,50,22.401913536261,4.9643150450261,-1.5347723092418e-12
inhale,60,22.401913536261,5.8880927045316,-1.4210854715202e-14
inhale,70,22.401913536261,6.7237049750883,1.1652900866466e-12
inhale,80,22.401913536261,6.1356763833015,0
inhale,90,22.401913536261,6.3783796542339,-1.4210854715202e-13
inhale,110,22.401913536261,5.911292266997,2.8421709430404e-14
inhale,120,22.401913536261,6.1801661650477,-1.8474111129763e-13
inhale,130,22.401913536261,6.5122116924299,3.7658764995285e-13
inhale,140,22.401913536261,5.4497820748879,-7.105427357601e-15
inhale,50,22.425801540123,4.9642843340413,-1.5205614545266e-12
inhale,60,22.425801540123,5.8880308995961,-2.8421709430404e-14
inhale,70,22.425801540123,6.7235848079123,1.0942358130706e-12
inhale,80,22.425801540123,6.1355461563254,0
inhale,90,22.425801540123,6.3781857981589,-1.7053025658242e-13
inhale,110,22.425801540123,5.9110515217646,-1.4210854715202e-14
inhale,120,22.425801540123,6.1798337017402,-1.4210854715202e-13
inhale,130,22.425801540123,6.5118036778899,3.7658764995285e-13
inhale,140,22.425801540123,5.4494280656938,-2.8421709430404e-14
inhale,50,22.449689543985,4.9642536750491,-1.5774048733874e-12
inhale,60,22.449689543985,5.8879691975631,1.4210854715202e-14
inhale,70,22.449689543985,6.7234648396679,1.122657522501e-12
inhale,80,22.449689543985,6.1354161492114,0
inhale,90,22.449689543985,6.3779922730519,-1.4210854715202e-13
inhale,110,22.449689543985,5.9108112005097,1.4210854715202e-14
inhale,120,22.449689543985,6.1795018348734,-1.4921397450962e-13
inhale,130,22.449689543985,6.5113964039181,4.0500935938326e-13
inhale,140,22.449689543985,5.4490747191321,-7.105427357601e-15
inhale,50,22.473577547846,4.9642230679145,-1.5631940186722e-12
inhale,60,22.473577547846,5.88790759817,-1.4210854715202e-14
inhale,70,22.473577547846,6.7233450698507,1.1510792319314e-12
inhale,80,22.473577547846,6.135286361391,2.8421709430404e-14
inhale,90,22.473577547846,6.3777990780487,-1.5631940186722e-13
inhale,110,22.473577547846,5.9105713020906,-1.4210854715202e-14
inhale,120,22.473577547846,6.1791705628131,-1.3500311979442e-13
inhale,130,22.473577547846,6.5109898684644,4.0500935938326e-13
inhale,140,22.473577547846,5.4487220333096,-7.105427357601e-15
inhale,50,22.497465551708,4.9641925125031,-1.5347723092418e-12
inhale,60,22.497465551708,5.887846101155,0
inhale,70,22.497465551708,6.7232254979583,1.1510792319314e-12
inhale,80,22.497465551708,6.1351567922977,4.2632564145606e-14
inhale,90,22.497465551708,6.3776062122879,-9.9475983006414e-14
inhale,110,22.497465551708,5.9103318253695,-1.4210854715202e-14
inhale,120,22.497465551708,6.1788398839313,-1.2079226507922e-13
inhale,130,22.497465551708,6.5105840694861,3.9079850466806e-13
inhale,140,22.497465551708,5.4483700063402,-1.4210854715202e-14
inhale,50,22.52135355557,4.9641620086808,-1.5631940186722e-12
inhale,60,22.52135355557,5.8877847062573,-1.4210854715202e-14
inhale,70,22.52135355557,6.7231061234896,1.1368683772162e-12
inhale,80,22.52135355557,6.1350274413672,1.4210854715202e-14
inhale,90,22.52135355557,6.3774136749115,-1.5631940186722e-13
inhale,110,22.52135355557,5.910092769213,0
inhale,120,22.52135355557,6.1785097966061,-1.2079226507922e-13
inhale,130,22.52135355557,6.5101790049487,3.8369307731045e-13
inhale,140,22.52135355557,5.4480186363452,-2.1316282072803e-14
inhale,50,22.545241559432,4.9641315563141,-1.5631940186722e-12
inhale,60,22.545241559432,5.8877234132169,-2.8421709430404e-14
inhale,70,22.545241559432,6.7229869459458,1.1510792319314e-12
inhale,80,22.545241559432,6.1348983080371,2.8421709430404e-14
inhale,90,22.545241559432,6.3772214650646,-1.1368683772162e-13
inhale,110,22.545241559432,5.9098541324917,-1.4210854715202e-14
inhale,120,22.545241559432,6.1781802992217,-9.9475983006414e-14
inhale,130,22.545241559432,6.5097746728253,3.9790393202566e-13
inhale,140,22.545241559432,5.4476679214533,7.105427357601e-15
inhale,50,22.569129563293,4.9641011552701,-1.5631940186722e-12
inhale,60,22.569129563293,5.8876622217749,0
inhale,70,22.569129563293,6.7228679648296,1.1510792319314e-12
inhale,80,22.569129563293,6.134769391747,0
inhale,90,22.569129563293,6.3770295818952,-1.1368683772162e-13
inhale,110,22.569129563293,5.9096159140806,-1.4210854715202e-14
inhale,120,22.569129563293,6.1778513901685,-9.9475983006414e-14
inhale,130,22.569129563293,6.5093710710966,4.0500935938326e-13
inhale,140,22.569129563293,5.4473178598005,0
inhale,50,22.593017567155,4.9640708054162,-1.5631940186722e-12
inhale,60,22.593017567155,5.8876011316732,-2.8421709430404e-14
inhale,70,22.593017567155,6.7227491796453,1.1652900866466e-12
inhale,80,22.593017567155,6.1346406919387,2.8421709430404e-14
inhale,90,22.593017567155,6.3768380245545,-9.9475983006414e-14
inhale,110,22.593017567155,5.9093781128589,0
inhale,120,22.593017567155,6.1775230678428,-1.0658141036402e-13
inhale,130,22.593017567155,6.5089681977509,3.9790393202566e-13
inhale,140,22.593017567155,5.44696844953,-7.105427357601e-15
inhale,50,22.616905571017,4.9640405066202,-1.5916157281026e-12
inhale,60,22.616905571017,5.8875401426546,0
inhale,70,22.616905571017,6.7226305898993,1.1652900866466e-12
inhale,80,22.616905571017,6.1345122080557,-1.4210854715202e-14
inhale,90,22.616905571017,6.3766467921969,-1.1368683772162e-13
inhale,110,22.616905571017,5.9091407277096,1.4210854715202e-14
inhale,120,22.616905571017,6.1771953306469,-9.2370555648813e-14
inhale,130,22.616905571017,6.5085660507844,3.9790393202566e-13
inhale,140,22.616905571017,5.4466196887922,0
inhale,50,22.640793574879,4.9640102587507,-1.548983163957e-12
inhale,60,22.640793574879,5.887479254463,0
inhale,70,22.640793574879,6.7225121950995,1.1368683772162e-12
inhale,80,22.640793574879,6.1343839395437,1.4210854715202e-14
inhale,90,22.640793574879,6.3764558839795,-1.1368683772162e-13
inhale,110,22.640793574879,5.9089037575203,1.4210854715202e-14
inhale,120,22.640793574879,6.1768681769893,-6.3948846218409e-14
inhale,130,22.640793574879,6.5081646282006,3.9079850466806e-13
inhale,140,22.640793574879,5.4462715757448,-1.4210854715202e-14
inhale,50,22.66468157874,4.9639800616764,-1.5631940186722e-12
inhale,60,22.66468157874,5.8874184668429,0
inhale,70,22.66468157874,6.7223939947555,1.1510792319314e-12
inhale,80,22.66468157874,6.1342558858503,0
inhale,90,22.66468157874,6.3762652990627,-5.6843418860808e-14
inhale,110,22.66468157874,5.9086672011823,0
inhale,120,22.66468157874,6.1765416052842,-8.5265128291212e-14
inhale,130,22.66468157874,6.5077639280106,3.9790393202566e-13
inhale,140,22.66468157874,5.4459241085525,7.105427357601e-15
inhale,50,22.688569582602,4.9639499152668,-1.548983163957e-12
inhale,60,22.688569582602,5.8873577795399,0
inhale,70,22.688569582602,6.7222759883789,1.1795009413618e-12
inhale,80,22.688569582602,6.1341280464252,-2.8421709430404e-14
inhale,90,22.688569582602,6.3760750366099,-9.9475983006414e-14
inhale,110,22.688569582602,5.9084310575913,2.8421709430404e-14
inhale,120,22.688569582602,6.1762156139519,-9.2370555648813e-14
inhale,130,22.688569582602,6.5073639482332,3.7658764995285e-13
inhale,140,22.688569582602,5.4455772853873,2.1316282072803e-14
inhale,50,22.712457586464,4.9639198193915,-1.548983163957e-12
inhale,60,22.712457586464,5.8872971923005,5.6843418860808e-14
inhale,70,22.712457586464,6.7221581754826,1.1368683772162e-12
inhale,80,22.712457586464,6.1340004207198,-1.4210854715202e-14
inhale,90,22.712457586464,6.3758850957873,-5.6843418860808e-14
inhale,110,22.712457586464,5.9081953256468,0
inhale,120,22.712457586464,6.1758902014185,-5.6843418860808e-14
inhale,130,22.712457586464,6.5069646868944,3.9079850466806e-13
inhale,140,22.712457586464,5.445231104428,-2.8421709430404e-14
inhale,50,22.736345590326,4.9638897739209,-1.5916157281026e-12
inhale,60,22.736345590326,5.8872367048721,0
inhale,70,22.736345590326,6.7220405555817,1.1652900866466e-12
inhale,80,22.736345590326,6.1338730081877,1.4210854715202e-14
inhale,90,22.736345590326,6.3756954757645,-7.105427357601e-14
inhale,110,22.736345590326,5.9079600042526,2.8421709430404e-14
inhale,120,22.736345590326,6.1755653661161,-5.6843418860808e-14
inhale,130,22.736345590326,6.5065661420278,4.1211478674086e-13
inhale,140,22.736345590326,5.4448855638608,-2.8421709430404e-14
inhale,50,22.760233594187,4.9638597787258,-1.5631940186722e-12
inhale,60,22.760233594187,5.8871763170028,1.4210854715202e-14
inhale,70,22.760233594187,6.7219231281925,1.1510792319314e-12
inhale,80,22.760233594187,6.1337458082843,-2.8421709430404e-14
inhale,90,22.760233594187,6.3755061757136,-5.6843418860808e-14
inhale,110,22.760233594187,5.9077250923163,0
inhale,120,22.760233594187,6.1752411064826,-5.6843418860808e-14
inhale,130,22.760233594187,6.5061683116743,4.2632564145606e-13
inhale,140,22.760233594187,5.4445406618787,-7.105427357601e-15
inhale,50,22.784121598049,4.9638298336772,-1.5631940186722e-12
inhale,60,22.784121598049,5.8871160284419,2.8421709430404e-14
inhale,70,22.784121598049,6.7218058928334,1.1795009413618e-12
inhale,80,22.784121598049,6.133618820467,-1.4210854715202e-14
inhale,90,22.784121598049,6.3753171948101,-7.105427357601e-14
inhale,110,22.784121598049,5.9074905887496,0
inhale,120,22.784121598049,6.1749174209617,-3.5527136788005e-14
inhale,130,22.784121598049,6.5057711938823,3.9790393202566e-13
inhale,140,22.784121598049,5.4441963966816,-1.4210854715202e-14
inhale,50,22.808009601911,4.9637999386469,-1.5774048733874e-12
inhale,60,22.808009601911,5.8870558389394,0
inhale,70,22.808009601911,6.7216888490243,1.1510792319314e-12
inhale,80,22.808009601911,6.1334920441952,0
inhale,90,22.808009601911,6.3751285322321,-7.105427357601e-14
inhale,110,22.808009601911,5.9072564924684,0
inhale,120,22.808009601911,6.1745943080027,-5.6843418860808e-14
inhale,130,22.808009601911,6.5053747867074,4.1211478674086e-13
inhale,140,22.808009601911,5.4438527664765,-1.4210854715202e-14
inhale,50,22.831897605773,4.963770093507,-1.5631940186722e-12
inhale,60,22.831897605773,5.8869957482461,0
inhale,70,22.831897605773,6.7215719962866,1.1510792319314e-12
inhale,80,22.831897605773,6.1333654789301,1.4210854715202e-14
inhale,90,22.831897605773,6.3749401871607,-9.9475983006414e-14
inhale,110,22.831897605773,5.9070228023922,0
inhale,120,22.831897605773,6.1742717660611,-1.4210854715202e-14
inhale,130,22.831897605773,6.5049790882126,3.9079850466806e-13
inhale,140,22.831897605773,5.4435097694772,-7.105427357601e-15
inhale,50,22.855785609635,4.96374029813,-1.5916157281026e-12
inhale,60,22.855785609635,5.8869357561137,-1.4210854715202e-14
inhale,70,22.855785609635,6.7214553341438,1.193711796077e-12
inhale,80,22.855785609635,6.1332391241348,1.4210854715202e-14
inhale,90,22.855785609635,6.3747521587802,-2.8421709430404e-14
inhale,110,22.855785609635,5.9067895174448,0
inhale,120,22.855785609635,6.1739497935978,-2.1316282072803e-14
inhale,130,22.855785609635,6.5045840964679,4.0500935938326e-13
inhale,140,22.855785609635,5.4431674039046,-7.105427357601e-15
inhale,50,22.879673613496,4.9637105523889,-1.5205614545266e-12
inhale,60,22.879673613496,5.8868758622951,-4.2632564145606e-14
inhale,70,22.879673613496,6.7213388621207,1.193711796077e-12
inhale,80,22.879673613496,6.1331129792743,1.4210854715202e-14
inhale,90,22.879673613496,6.3745644462776,-4.2632564145606e-14
inhale,110,22.879673613496,5.9065566365536,0
inhale,120,22.879673613496,6.1736283890795,1.4210854715202e-14
inhale,130,22.879673613496,6.504189809551,4.1922021409846e-13
inhale,140,22.879673613496,5.442825667986,-2.1316282072803e-14
inhale,50,22.903561617358,4.9636808561572,-1.5631940186722e-12
inhale,60,22.903561617358,5.8868160665435,0
inhale,70,22.903561617358,6.7212225797439,1.1795009413618e-12
inhale,80,22.903561617358,6.1329870438156,-2.8421709430404e-14
inhale,90,22.903561617358,6.3743770488427,-4.2632564145606e-14
inhale,110,22.903561617358,5.9063241586502,-2.8421709430404e-14
inhale,120,22.903561617358,6.1733075509786,0
inhale,130,22.903561617358,6.5037962255462,4.1211478674086e-13
inhale,140,22.903561617358,5.442484559956,7.105427357601e-15
inhale,50,22.92744962122,4.9636512093088,-1.5347723092418e-12
inhale,60,22.92744962122,5.8867563686135,1.4210854715202e-14
inhale,70,22.92744962122,6.7211064865416,1.193711796077e-12
inhale,80,22.92744962122,6.1328613172275,0
inhale,90,22.92744962122,6.3741899656683,-1.4210854715202e-14
inhale,110,22.92744962122,5.90609208267,1.4210854715202e-14
inhale,120,22.92744962122,6.1729872777732,-7.105427357601e-15
inhale,130,22.92744962122,6.5034033425456,4.1211478674086e-13
inhale,140,22.92744962122,5.4421440780556,0
inhale,50,22.951337625082,4.9636216117181,-1.5631940186722e-12
inhale,60,22.951337625082,5.8866967682602,1.4210854715202e-14
inhale,70,22.951337625082,6.7209905820437,1.1652900866466e-12
inhale,80,22.951337625082,6.1327357989808,-1.4210854715202e-14
inhale,90,22.951337625082,6.3740031959502,-4.2632564145606e-14
inhale,110,22.951337625082,5.9058604075522,2.8421709430404e-14
inhale,120,22.951337625082,6.1726675679468,-1.4210854715202e-14
inhale,130,22.951337625082,6.5030111586478,4.2632564145606e-13
inhale,140,22.951337625082,5.4418042205327,1.4210854715202e-14
inhale,50,22.975225628943,4.9635920632599,-1.5631940186722e-12
inhale,60,22.975225628943,5.8866372652397,0
inhale,70,22.975225628943,6.7208748657817,1.1510792319314e-12
inhale,80,22.975225628943,6.1326104885478,-2.8421709430404e-14
inhale,90,22.975225628943,6.3738167388868,-1.4210854715202e-14
inhale,110,22.975225628943,5.9056291322401,-1.4210854715202e-14
inhale,120,22.975225628943,6.1723484199888,-1.4210854715202e-14
inhale,130,22.975225628943,6.5026196719588,4.3343106881366e-13
inhale,140,22.975225628943,5.441464985642,-7.105427357601e-15
inhale,50,22.999113632805,4.9635625638093,-1.5631940186722e-12
inhale,60,22.999113632805,5.8865778593089,-7.105427357601e-14
inhale,70,22.999113632805,6.7207593372886,1.1795009413618e-12
inhale,80,22.999113632805,6.1324853854032,-4.2632564145606e-14
inhale,90,22.999113632805,6.3736305936795,-1.4210854715202e-14
inhale,110,22.999113632805,5.9053982556805,1.4210854715202e-14
inhale,120,22.999113632805,6.1720298323941,-1.4210854715202e-14
inhale,130,22.999113632805,6.5022288805918,4.2632564145606e-13
inhale,140,22.999113632805,5.4411263716446,-7.105427357601e-15
inhale,50,23.023001636667,4.9635331132422,-1.5631940186722e-12
inhale,60,23.023001636667,5.8865185502257,-1.4210854715202e-14
inhale,70,23.023001636667,6.7206439960993,1.1652900866466e-12
inhale,80,23.023001636667,6.132360489023,0
inhale,90,23.023001636667,6.3734447595325,-4.2632564145606e-14
inhale,110,23.023001636667,5.9051677768244,0
inhale,120,23.023001636667,6.171711803663,-1.4210854715202e-14
inhale,130,23.023001636667,6.5018387826667,4.2632564145606e-13
inhale,140,23.023001636667,5.4407883768085,1.4210854715202e-14
inhale,50,23.046889640529,4.9635037114345,-1.5774048733874e-12
inhale,60,23.046889640529,5.8864593377485,0
inhale,70,23.046889640529,6.7205288417501,1.193711796077e-12
inhale,80,23.046889640529,6.1322357988855,-1.4210854715202e-14
inhale,90,23.046889640529,6.3732592356528,-4.2632564145606e-14
inhale,110,23.046889640529,5.9049376946263,1.4210854715202e-14
inhale,120,23.046889640529,6.1713943323015,1.4210854715202e-14
inhale,130,23.046889640529,6.5014493763105,4.1922021409846e-13
inhale,140,23.046889640529,5.4404509994082,-2.8421709430404e-14
inhale,50,23.07077764439,4.9634743582629,-1.548983163957e-12
inhale,60,23.07077764439,5.8864002216369,-1.4210854715202e-14
inhale,70,23.07077764439,6.720413873779,1.1510792319314e-12
inhale,80,23.07077764439,6.1321113144706,1.4210854715202e-14
inhale,90,23.07077764439,6.3730740212504,-2.8421709430404e-14
inhale,110,23.07077764439,5.9047080080446,-2.8421709430404e-14
inhale,120,23.07077764439,6.1710774168209,0
inhale,130,23.07077764439,6.5010606596573,4.2632564145606e-13
inhale,140,23.07077764439,5.4401142377249,-1.4210854715202e-14
inhale,50,23.094665648252,4.9634450536044,-1.548983163957e-12
inhale,60,23.094665648252,5.8863412016512,0
inhale,70,23.094665648252,6.7202990917254,1.193711796077e-12
inhale,80,23.094665648252,6.1319870352599,2.8421709430404e-14
inhale,90,23.094665648252,6.3728891155377,-5.6843418860808e-14
inhale,110,23.094665648252,5.9044787160416,1.4210854715202e-14
inhale,120,23.094665648252,6.1707610557383,7.105427357601e-15
inhale,130,23.094665648252,6.5006726308479,4.2632564145606e-13
inhale,140,23.094665648252,5.4397780900461,0
inhale,50,23.118553652114,4.9634157973363,-1.5916157281026e-12
inhale,60,23.118553652114,5.8862822775525,0
inhale,70,23.118553652114,6.7201844951305,1.193711796077e-12
inhale,80,23.118553652114,6.1318629607372,-1.4210854715202e-14
inhale,90,23.118553652114,6.3727045177301,2.8421709430404e-14
inhale,110,23.118553652114,5.9042498175832,0
inhale,120,23.118553652114,6.1704452475759,-7.105427357601e-15
inhale,130,23.118553652114,6.5002852880302,4.3343106881366e-13
inhale,140,23.118553652114,5.4394425546659,0
inhale,50,23.142441655976,4.9633865893365,-1.5774048733874e-12
inhale,60,23.142441655976,5.8862234491027,2.8421709430404e-14
inhale,70,23.142441655976,6.720070083537,1.1510792319314e-12
inhale,80,23.142441655976,6.1317390903877,-1.4210854715202e-14
inhale,90,23.142441655976,6.372520227046,1.4210854715202e-14
inhale,110,23.142441655976,5.9040213116391,-2.8421709430404e-14
inhale,120,23.142441655976,6.1701299908615,-2.1316282072803e-14
inhale,130,23.142441655976,6.4998986293587,4.4053649617126e-13
inhale,140,23.142441655976,5.4391076298851,-2.8421709430404e-14
inhale,50,23.166329659837,4.9633574294833,-1.548983163957e-12
inhale,60,23.166329659837,5.8861647160646,0
inhale,70,23.166329659837,6.7199558564893,1.1795009413618e-12
inhale,80,23.166329659837,6.1316154236988,-2.8421709430404e-14
inhale,90,23.166329659837,6.3723362427061,0
inhale,110,23.166329659837,5.9037931971827,-1.4210854715202e-14
inhale,120,23.166329659837,6.1698152841283,0
inhale,130,23.166329659837,6.499512652995,4.5474735088646e-13
inhale,140,23.166329659837,5.4387733140108,-1.4210854715202e-14
inhale,50,23.190217663699,4.9633283176554,-1.5631940186722e-12
inhale,60,23.190217663699,5.8861060782019,-1.4210854715202e-14
inhale,70,23.190217663699,6.7198418135332,1.1652900866466e-12
inhale,80,23.190217663699,6.1314919601592,0
inhale,90,23.190217663699,6.3721525639342,-1.4210854715202e-14
inhale,110,23.190217663699,5.9035654731911,1.4210854715202e-14
inhale,120,23.190217663699,6.1695011259148,-7.105427357601e-15
inhale,130,23.190217663699,6.4991273571072,4.2632564145606e-13
inhale,140,23.190217663699,5.4384396053563,-2.1316282072803e-14
inhale,50,23.214105667561,4.9632992537319,-1.5631940186722e-12
inhale,60,23.214105667561,5.8860475352788,-2.8421709430404e-14
inhale,70,23.214105667561,6.719727954216,1.1652900866466e-12
inhale,80,23.214105667561,6.1313686992598,-4.2632564145606e-14
inhale,90,23.214105667561,6.3719691899566,0
inhale,110,23.214105667561,5.9033381386451,-2.8421709430404e-14
inhale,120,23.214105667561,6.1691875147649,-1.4210854715202e-14
inhale,130,23.214105667561,6.4987427398704,4.4053649617126e-13
inhale,140,23.214105667561,5.4381065022417,-7.105427357601e-15
inhale,50,23.237993671423,4.9632702375924,-1.5774048733874e-12
inhale,60,23.237993671423,5.8859890870607,0
inhale,70,23.237993671423,6.7196142780869,1.1652900866466e-12
inhale,80,23.237993671423,6.1312456404932,-4.2632564145606e-14
inhale,90,23.237993671423,6.3717861200024,0
inhale,110,23.237993671423,5.9031111925292,-1.4210854715202e-14
inhale,120,23.237993671423,6.1688744492277,-1.4210854715202e-14
inhale,130,23.237993671423,6.4983587994664,4.4053649617126e-13
inhale,140,23.237993671423,5.4377740029932,-7.105427357601e-15
inhale,50,23.261881675284,4.9632412691168,-1.548983163957e-12
inhale,60,23.261881675284,5.8859307333135,-1.4210854715202e-14
inhale,70,23.261881675284,6.7195007846963,1.1652900866466e-12
inhale,80,23.261881675284,6.1311227833536,1.4210854715202e-14
inhale,90,23.261881675284,6.3716033533036,0
inhale,110,23.261881675284,5.9028846338316,1.4210854715202e-14
inhale,120,23.261881675284,6.1685619278578,1.4210854715202e-14
inhale,130,23.261881675284,6.4979755340835,4.3343106881366e-13
inhale,140,23.261881675284,5.4374421059434,-2.1316282072803e-14
inhale,50,23.285769679146,4.9632123481856,-1.5774048733874e-12
inhale,60,23.285769679146,5.8858724738042,4.2632564145606e-14
inhale,70,23.285769679146,6.7193874735962,1.1510792319314e-12
inhale,80,23.285769679146,6.1310001273371,0
inhale,90,23.285769679146,6.3714208890946,1.4210854715202e-14
inhale,110,23.285769679146,5.902658461544,0
inhale,120,23.285769679146,6.168249949215,-7.105427357601e-15
inhale,130,23.285769679146,6.497592941917,4.5474735088646e-13
inhale,140,23.285769679146,5.4371108094311,0
inhale,50,23.309657683008,4.9631834746795,-1.5774048733874e-12
inhale,60,23.309657683008,5.8858143083003,0
inhale,70,23.309657683008,6.7192743443403,1.2221335055074e-12
inhale,80,23.309657683008,6.1308776719414,-1.4210854715202e-14
inhale,90,23.309657683008,6.3712387266125,-2.8421709430404e-14
inhale,110,23.309657683008,5.9024326746618,1.4210854715202e-14
inhale,120,23.309657683008,6.1679385118642,-7.105427357601e-15
inhale,130,23.309657683008,6.4972110211684,4.3343106881366e-13
inhale,140,23.309657683008,5.4367801118015,-1.4210854715202e-14
inhale,50,23.33354568687,4.9631546484797,-1.548983163957e-12
inhale,60,23.33354568687,5.8857562365704,-1.4210854715202e-14
inhale,70,23.33354568687,6.7191613964836,1.1795009413618e-12
inhale,80,23.33354568687,6.1307554166662,0
inhale,90,23.33354568687,6.3710568650973,1.4210854715202e-14
inhale,110,23.33354568687,5.9022072721839,-1.4210854715202e-14
inhale,120,23.33354568687,6.1676276143757,7.105427357601e-15
inhale,130,23.33354568687,6.4968297700462,4.4764192352886e-13
inhale,140,23.33354568687,5.4364500114061,-1.4210854715202e-14
inhale,50,23.357433690732,4.963125869468,-1.6058265828178e-12
inhale,60,23.357433690732,5.8856982583835,0
inhale,70,23.357433690732,6.7190486295829,1.1795009413618e-12
inhale,80,23.357433690732,6.1306333610128,-2.8421709430404e-14
inhale,90,23.357433690732,6.3708753037915,2.8421709430404e-14
inhale,110,23.357433690732,5.9019822531131,0
inhale,120,23.357433690732,6.1673172553249,1.4210854715202e-14
inhale,130,23.357433690732,6.4964491867652,4.5474735088646e-13
inhale,140,23.357433690732,5.4361205066023,0
inhale,50,23.381321694593,4.9630971375263,-1.5774048733874e-12
inhale,60,23.381321694593,5.8856403735098,-1.4210854715202e-14
inhale,70,23.381321694593,6.7189360431963,1.1795009413618e-12
inhale,80,23.381321694593,6.130511504484,0
inhale,90,23.381321694593,6.3706940419403,0
inhale,110,23.381321694593,5.9017576164553,0
inhale,120,23.381321694593,6.1670074332925,0
inhale,130,23.381321694593,6.4960692695469,4.6895820560167e-13
inhale,140,23.381321694593,5.435791595754,-7.105427357601e-15
inhale,50,23.405209698455,4.963068452537,-1.548983163957e-12
inhale,60,23.405209698455,5.8855825817201,0
inhale,70,23.405209698455,6.7188236368834,1.193711796077e-12
inhale,80,23.405209698455,6.1303898465848,-1.4210854715202e-14
inhale,90,23.405209698455,6.3705130787915,2.8421709430404e-14
inhale,110,23.405209698455,5.9015333612204,-2.8421709430404e-14
inhale,120,23.405209698455,6.1666981468641,7.105427357601e-15
inhale,130,23.405209698455,6.4956900166193,4.3343106881366e-13
inhale,140,23.405209698455,5.435463277231,-7.105427357601e-15
inhale,50,23.429097702317,4.9630398143831,-1.5916157281026e-12
inhale,60,23.429097702317,5.885524882786,0
inhale,70,23.429097702317,6.7187114102054,1.2079226507922e-12
inhale,80,23.429097702317,6.1302683868215,1.4210854715202e-14
inhale,90,23.429097702317,6.3703324135954,4.2632564145606e-14
inhale,110,23.429097702317,5.9013094864216,-2.8421709430404e-14
inhale,120,23.429097702317,6.1663893946307,7.105427357601e-15
inhale,130,23.429097702317,6.4953114262167,4.8316906031687e-13
inhale,140,23.429097702317,5.4351355494095,-7.105427357601e-15
inhale,50,23.452985706179,4.9630112229478,-1.5631940186722e-12
inhale,60,23.452985706179,5.8854672764798,5.6843418860808e-14
inhale,70,23.452985706179,6.718599362725,1.2079226507922e-12
inhale,80,23.452985706179,6.1301471247024,0
inhale,90,23.452985706179,6.3701520456051,1.4210854715202e-14
inhale,110,23.452985706179,5.9010859910757,-2.8421709430404e-14
inhale,120,23.452985706179,6.1660811751882,7.105427357601e-15
inhale,130,23.452985706179,6.4949334965801,4.5474735088646e-13
inhale,140,23.452985706179,5.4348084106716,7.105427357601e-15
inhale,50,23.47687371004,4.9629826781148,-1.5774048733874e-12
inhale,60,23.47687371004,5.8854097625748,1.4210854715202e-14
inhale,70,23.47687371004,6.7184874940063,1.1652900866466e-12
inhale,80,23.47687371004,6.1300260597371,-2.8421709430404e-14
inhale,90,23.47687371004,6.3699719740764,0
inhale,110,23.47687371004,5.9008628742029,1.4210854715202e-14
inhale,120,23.47687371004,6.1657734871378,2.1316282072803e-14
inhale,130,23.47687371004,6.4945562259567,4.3343106881366e-13
inhale,140,23.47687371004,5.4344818594054,0
inhale,50,23.500761713902,4.9629541797681,-1.5774048733874e-12
inhale,60,23.500761713902,5.8853523408448,1.4210854715202e-14
inhale,70,23.500761713902,6.7183758036149,1.2221335055074e-12
inhale,80,23.500761713902,6.1299051914374,1.4210854715202e-14
inhale,90,23.500761713902,6.3697921982673,0
inhale,110,23.500761713902,5.9006401348269,2.8421709430404e-14
inhale,120,23.500761713902,6.1654663290855,7.105427357601e-15
inhale,130,23.500761713902,6.4941796126003,4.5474735088646e-13
inhale,140,23.500761713902,5.4341558940051,0
inhale,50,23.524649717764,4.9629257277922,-1.5774048733874e-12
inhale,60,23.524649717764,5.8852950110645,4.2632564145606e-14
inhale,70,23.524649717764,6.7182642911179,1.2221335055074e-12
inhale,80,23.524649717764,6.1297845193164,-1.4210854715202e-14
inhale,90,23.524649717764,6.3696127174387,1.4210854715202e-14
inhale,110,23.524649717764,5.9004177719752,1.4210854715202e-14
inhale,120,23.524649717764,6.1651596996424,2.1316282072803e-14
inhale,130,23.524649717764,6.4938036547708,4.5474735088646e-13
inhale,140,23.524649717764,5.4338305128711,7.105427357601e-15
inhale,50,23.548537721626,4.962897322072,-1.5774048733874e-12
inhale,60,23.548537721626,5.8852377730095,-1.4210854715202e-14
inhale,70,23.548537721626,6.7181529560839,1.1795009413618e-12
inhale,80,23.548537721626,6.129664042889,0
inhale,90,23.548537721626,6.3694335308539,-1.4210854715202e-14
inhale,110,23.548537721626,5.9001957846782,4.2632564145606e-14
inhale,120,23.548537721626,6.1648535974248,0
inhale,130,23.548537721626,6.4934283507348,4.5474735088646e-13
inhale,140,23.548537721626,5.4335057144095,0
inhale,50,23.572425725487,4.9628689624928,-1.5631940186722e-12
inhale,60,23.572425725487,5.885180626456,0
inhale,70,23.572425725487,6.7180417980829,1.1795009413618e-12
inhale,80,23.572425725487,6.1295437616718,1.4210854715202e-14
inhale,90,23.572425725487,6.3692546377789,1.4210854715202e-14
inhale,110,23.572425725487,5.8999741719702,1.4210854715202e-14
inhale,120,23.572425725487,6.1645480210539,-1.4210854715202e-14
inhale,130,23.572425725487,6.4930536987647,4.6185277824407e-13
inhale,140,23.572425725487,5.4331814970324,0
inhale,50,23.596313729349,4.9628406489402,-1.5916157281026e-12
inhale,60,23.596313729349,5.8851235711809,2.8421709430404e-14
inhale,70,23.596313729349,6.7179308166864,1.1795009413618e-12
inhale,80,23.596313729349,6.129423675183,0
inhale,90,23.596313729349,6.3690760374822,0
inhale,110,23.596313729349,5.8997529328888,-1.4210854715202e-14
inhale,120,23.596313729349,6.1642429691555,0
inhale,130,23.596313729349,6.4926796971397,4.4764192352886e-13
inhale,140,23.596313729349,5.4328578591579,0
inhale,50,23.620201733211,4.9628123813002,-1.5774048733874e-12
inhale,60,23.620201733211,5.885066606962,2.8421709430404e-14
inhale,70,23.620201733211,6.7178200114673,1.1652900866466e-12
inhale,80,23.620201733211,6.1293037829425,1.4210854715202e-14
inhale,90,23.620201733211,6.3688977292346,1.4210854715202e-14
inhale,110,23.620201733211,5.8995320664749,2.8421709430404e-14
inhale,120,23.620201733211,6.163938440361,0
inhale,130,23.620201733211,6.4923063441449,4.4764192352886e-13
inhale,140,23.620201733211,5.43253479921,0
inhale,50,23.644089737073,4.9627841594594,-1.5916157281026e-12
inhale,60,23.644089737073,5.8850097335779,2.8421709430404e-14
inhale,70,23.644089737073,6.7177093819999,1.2079226507922e-12
inhale,80,23.644089737073,6.1291840844719,-2.8421709430404e-14
inhale,90,23.644089737073,6.3687197123098,-1.4210854715202e-14
inhale,110,23.644089737073,5.8993115717729,-1.4210854715202e-14
inhale,120,23.644089737073,6.1636344333061,-2.1316282072803e-14
inhale,130,23.644089737073,6.4919336380716,4.6895820560167e-13
inhale,140,23.644089737073,5.4322123156184,-7.105427357601e-15
inhale,50,23.667977740934,4.9627559833044,-1.5631940186722e-12
inhale,60,23.667977740934,5.8849529508078,1.4210854715202e-14
inhale,70,23.667977740934,6.7175989278602,1.2079226507922e-12
inhale,80,23.667977740934,6.1290645792943,1.4210854715202e-14
inhale,90,23.667977740934,6.3685419859836,-1.4210854715202e-14
inhale,110,23.667977740934,5.8990914478306,1.4210854715202e-14
inhale,120,23.667977740934,6.1633309466319,1.4210854715202e-14
inhale,130,23.667977740934,6.4915615772175,4.4764192352886e-13
inhale,140,23.667977740934,5.4318904068189,-7.105427357601e-15
inhale,50,23.691865744796,4.9627278527227,-1.5205614545266e-12
inhale,60,23.691865744796,5.8848962584316,2.8421709430404e-14
inhale,70,23.691865744796,6.7174886486253,1.193711796077e-12
inhale,80,23.691865744796,6.1289452669344,0
inhale,90,23.691865744796,6.3683645495347,0
inhale,110,23.691865744796,5.898871693699,1.4210854715202e-14
inhale,120,23.691865744796,6.1630279789839,0
inhale,130,23.691865744796,6.4911901598863,4.6185277824407e-13
inhale,140,23.691865744796,5.4315690712529,-2.8421709430404e-14
inhale,50,23.715753748658,4.9626997676017,-1.548983163957e-12
inhale,60,23.715753748658,5.8848396562303,2.8421709430404e-14
inhale,70,23.715753748658,6.7173785438738,1.193711796077e-12
inhale,80,23.715753748658,6.1288261469188,-1.4210854715202e-14
inhale,90,23.715753748658,6.368187402244,0
inhale,110,23.715753748658,5.8986523084327,-1.4210854715202e-14
inhale,120,23.715753748658,6.1627255290128,-7.105427357601e-15
inhale,130,23.715753748658,6.490819384388,4.8316906031687e-13
inhale,140,23.715753748658,5.4312483073676,-1.4210854715202e-14
inhale,50,23.73964175252,4.9626717278295,-1.5774048733874e-12
inhale,60,23.73964175252,5.8847831439851,-1.4210854715202e-14
inhale,70,23.73964175252,6.7172686131859,1.2079226507922e-12
inhale,80,23.73964175252,6.1287072187755,1.4210854715202e-14
inhale,90,23.73964175252,6.368010543395,1.4210854715202e-14
inhale,110,23.73964175252,5.8984332910895,0
inhale,120,23.73964175252,6.162423595374,-7.105427357601e-15
inhale,130,23.73964175252,6.4904492490383,4.6895820560167e-13
inhale,140,23.73964175252,5.430928113616,0
inhale,50,23.763529756381,4.9626437332945,-1.5916157281026e-12
inhale,60,23.763529756381,5.8847267214785,2.8421709430404e-14
inhale,70,23.763529756381,6.717158856143,1.2363443602226e-12
inhale,80,23.763529756381,6.128588482034,0
inhale,90,23.763529756381,6.3678339722736,0
inhale,110,23.763529756381,5.8982146407305,-1.4210854715202e-14
inhale,120,23.763529756381,6.1621221767277,-2.1316282072803e-14
inhale,130,23.763529756381,6.4900797521595,4.8316906031687e-13
inhale,140,23.763529756381,5.4306084884568,-7.105427357601e-15
inhale,50,23.787417760243,4.9626157838853,-1.5774048733874e-12
inhale,60,23.787417760243,5.8846703884933,-2.8421709430404e-14
inhale,70,23.787417760243,6.7170492723281,1.2079226507922e-12
inhale,80,23.787417760243,6.1284699362257,1.4210854715202e-14
inhale,90,23.787417760243,6.3676576881683,1.4210854715202e-14
inhale,110,23.787417760243,5.8979963564201,0
inhale,120,23.787417760243,6.1618212717389,7.105427357601e-15
inhale,130,23.787417760243,6.4897108920796,4.5474735088646e-13
inhale,140,23.787417760243,5.4302894303545,-1.4210854715202e-14
inhale,50,23.811305764105,4.9625878794912,-1.5774048733874e-12
inhale,60,23.811305764105,5.8846141448133,0
inhale,70,23.811305764105,6.7169398613253,1.2079226507922e-12
inhale,80,23.811305764105,6.1283515808835,1.4210854715202e-14
inhale,90,23.811305764105,6.3674816903697,2.8421709430404e-14
inhale,110,23.811305764105,5.8977784372261,0
inhale,120,23.811305764105,6.1615208790774,0
inhale,130,23.811305764105,6.4893426671327,4.6895820560167e-13
inhale,140,23.811305764105,5.429970937779,0
inhale,50,23.835193767967,4.9625600200016,-1.5631940186722e-12
inhale,60,23.835193767967,5.8845579902228,-2.8421709430404e-14
inhale,70,23.835193767967,6.7168306227205,1.2221335055074e-12
inhale,80,23.835193767967,6.1282334155416,-2.8421709430404e-14
inhale,90,23.835193767967,6.3673059781713,1.4210854715202e-14
inhale,110,23.835193767967,5.8975608822194,1.4210854715202e-14
inhale,120,23.835193767967,6.1612209974176,0
inhale,130,23.835193767967,6.4889750756589,4.8316906031687e-13
inhale,140,23.835193767967,5.4296530092063,7.105427357601e-15
inhale,50,23.859081771829,4.9625322053065,-1.620037437533e-12
inhale,60,23.859081771829,5.884501924507,-1.4210854715202e-14
inhale,70,23.859081771829,6.7167215561006,1.2221335055074e-12
inhale,80,23.859081771829,6.1281154397363,2.8421709430404e-14
inhale,90,23.859081771829,6.3671305508686,0
inhale,110,23.859081771829,5.8973436904744,-2.8421709430404e-14
inhale,120,23.859081771829,6.1609216254389,1.4210854715202e-14
inhale,130,23.859081771829,6.4886081160042,4.8316906031687e-13
inhale,140,23.859081771829,5.4293356431175,-2.8421709430404e-14
inhale,50,23.88296977569,4.962504435296,-1.5916157281026e-12
inhale,60,23.88296977569,5.8844459474519,-1.4210854715202e-14
inhale,70,23.88296977569,6.7166126610541,1.2363443602226e-12
inhale,80,23.88296977569,6.127997653005,-2.8421709430404e-14
inhale,90,23.88296977569,6.3669554077597,0
inhale,110,23.88296977569,5.8971268610685,1.4210854715202e-14
inhale,120,23.88296977569,6.1606227618251,2.1316282072803e-14
inhale,130,23.88296977569,6.4882417865206,4.6185277824407e-13
inhale,140,23.88296977569,5.4290188379997,-7.105427357601e-15
inhale,50,23.906857779552,4.9624767098609,-1.5916157281026e-12
inhale,60,23.906857779552,5.8843900588439,0
inhale,70,23.906857779552,6.7165039371708,1.193711796077e-12
inhale,80,23.906857779552,6.1278800548869,1.4210854715202e-14
inhale,90,23.906857779552,6.3667805481452,0
inhale,110,23.906857779552,5.8969103930824,-1.4210854715202e-14
inhale,120,23.906857779552,6.1603244052648,0
inhale,130,23.906857779552,6.487876085566,4.8316906031687e-13
inhale,140,23.906857779552,5.4287025923454,-2.1316282072803e-14
inhale,50,23.930745783414,4.9624490288922,-1.6058265828178e-12
inhale,60,23.930745783414,5.8843342584704,-1.4210854715202e-14
inhale,70,23.930745783414,6.716395384042,1.2079226507922e-12
inhale,80,23.930745783414,6.1277626449228,1.4210854715202e-14
inhale,90,23.930745783414,6.3666059713279,2.8421709430404e-14
inhale,110,23.930745783414,5.8966942856002,0
inhale,120,23.930745783414,6.1600265544512,7.105427357601e-15
inhale,130,23.930745783414,6.4875110115043,5.1159076974727e-13
inhale,140,23.930745783414,5.4283869046525,-7.105427357601e-15
inhale,50,23.954633787276,4.9624213922812,-1.6058265828178e-12
inhale,60,23.954633787276,5.8842785461195,-2.8421709430404e-14
inhale,70,23.954633787276,6.7162870012601,1.2221335055074e-12
inhale,80,23.954633787276,6.1276454226548,0
inhale,90,23.954633787276,6.3664316766131,0
inhale,110,23.954633787276,5.896478537709,-1.4210854715202e-14
inhale,120,23.954633787276,6.1597292080823,0
inhale,130,23.954633787276,6.4871465627049,4.8316906031687e-13
inhale,140,23.954633787276,5.4280717734247,-2.8421709430404e-14
inhale,50,23.978521791137,4.9623937999196,-1.5631940186722e-12
inhale,60,23.978521791137,5.8842229215798,2.8421709430404e-14
inhale,70,23.978521791137,6.7161787884191,1.2505552149378e-12
inhale,80,23.978521791137,6.1275283876269,0
inhale,90,23.978521791137,6.3662576633083,-1.4210854715202e-14
inhale,110,23.978521791137,5.8962631484991,0
inhale,120,23.978521791137,6.1594323648606,-7.105427357601e-15
inhale,130,23.978521791137,6.4867827375434,4.7606363295927e-13
inhale,140,23.978521791137,5.4277571971709,-1.4210854715202e-14
inhale,50,24.002409794999,4.9623662516997,-1.5774048733874e-12
inhale,60,24.002409794999,5.8841673846408,0
inhale,70,24.002409794999,6.7160707451142,1.2079226507922e-12
inhale,80,24.002409794999,6.1274115393845,1.4210854715202e-14
inhale,90,24.002409794999,6.3660839307236,2.8421709430404e-14
inhale,110,24.002409794999,5.896048117064,1.4210854715202e-14
inhale,120,24.002409794999,6.1591360234931,2.1316282072803e-14
inhale,130,24.002409794999,6.486419534401,4.9737991503207e-13
inhale,140,24.002409794999,5.4274431744058,-7.105427357601e-15
inhale,50,24.026297798861,4.9623387475138,-1.6058265828178e-12
inhale,60,24.026297798861,5.8841119350926,0
inhale,70,24.026297798861,6.7159628709421,1.2363443602226e-12
inhale,80,24.026297798861,6.1272948774743,1.4210854715202e-14
inhale,90,24.026297798861,6.3659104781713,0
inhale,110,24.026297798861,5.8958334425005,-1.4210854715202e-14
inhale,120,24.026297798861,6.1588401826915,0
inhale,130,24.026297798861,6.4860569516647,4.9737991503207e-13
inhale,140,24.026297798861,5.4271297036492,-1.4210854715202e-14
inhale,50,24.050185802723,4.9623112872548,-1.5631940186722e-12
inhale,60,24.050185802723,5.8840565727261,-1.4210854715202e-14
inhale,70,24.050185802723,6.7158551655007,1.2363443602226e-12
inhale,80,24.050185802723,6.1271784014449,0
inhale,90,24.050185802723,6.365737304966,-1.4210854715202e-14
inhale,110,24.050185802723,5.8956191239083,1.4210854715202e-14
inhale,120,24.050185802723,6.158544841172,-7.105427357601e-15
inhale,130,24.050185802723,6.4856949877273,4.7606363295927e-13
inhale,140,24.050185802723,5.4268167834266,-1.4210854715202e-14
inhale,50,24.074073806584,4.9622838708159,-1.5631940186722e-12
inhale,60,24.074073806584,5.8840012973328,-1.4210854715202e-14
inhale,70,24.074073806584,6.7157476283893,1.2221335055074e-12
inhale,80,24.074073806584,6.1270621108461,-1.4210854715202e-14
inhale,90,24.074073806584,6.3655644104248,-1.4210854715202e-14
inhale,110,24.074073806584,5.8954051603905,1.4210854715202e-14
inhale,120,24.074073806584,6.1582499976553,-7.105427357601e-15
inhale,130,24.074073806584,6.4853336409873,5.1159076974727e-13
inhale,140,24.074073806584,5.4265044122686,-1.4210854715202e-14
exhale,50,9.7412714895272,4.8434064891493,-1.5631940186722e-12
exhale,60,9.7412714895272,5.7310519937716,0
exhale,70,9.7412714895272,6.5991196914029,1.8474111129763e-12
exhale,80,9.7412714895272,5.9316562405263,0
exhale,90,9.7412714895272,6.1798719259591,-1.4210854715202e-14
exhale,110,9.7412714895272,5.7514798641226,0
exhale,120,9.7412714895272,5.9491786181664,7.105427357601e-15
exhale,130,9.7412714895272,6.300829616607,3.9079850466806e-13
exhale,140,9.7412714895272,5.4120305449091,-7.105427357601e-15
exhale,50,9.7651594933889,4.8433045470433,-1.620037437533e-12
exhale,60,9.7651594933889,5.7308536337678,-1.4210854715202e-14
exhale,70,9.7651594933889,6.5987372492522,1.8047785488307e-12
exhale,80,9.7651594933889,5.9312393196571,2.8421709430404e-14
exhale,90,9.7651594933889,6.1792466869398,0
exhale,110,9.7651594933889,5.7506705482753,0
exhale,120,9.7651594933889,5.9480657408485,1.4210854715202e-14
exhale,130,9.7651594933889,6.2994456622347,3.4106051316485e-13
exhale,140,9.7651594933889,5.4107204820585,-7.105427357601e-15
exhale,50,9.7890474972507,4.8432029530043,-1.5774048733874e-12
exhale,60,9.7890474972507,5.7306559325992,-4.2632564145606e-14
exhale,70,9.7890474972507,6.5983560593193,1.8332002582611e-12
exhale,80,9.7890474972507,5.9308238153361,0
exhale,90,9.7890474972507,6.1786236067527,-1.4210854715202e-14
exhale,110,9.7890474972507,5.7498641790997,0
exhale,120,9.7890474972507,5.9469570442526,0
exhale,130,9.7890474972507,6.2980669958047,3.8369307731045e-13
exhale,140,9.7890474972507,5.4094157129962,0
exhale,50,9.8129355011125,4.8431017051359,-1.5916157281026e-12
exhale,60,9.8129355011125,5.7304588867674,-1.4210854715202e-14
exhale,70,9.8129355011125,6.5979761150652,1.8189894035459e-12
exhale,80,9.8129355011125,5.9304097199202,2.8421709430404e-14
exhale,90,9.8129355011125,6.178002673623,-1.4210854715202e-14
exhale,110,9.8129355011125,5.7490607397714,1.4210854715202e-14
exhale,120,9.8129355011125,5.9458525039097,-7.105427357601e-15
exhale,130,9.8129355011125,6.2966935859722,3.8369307731045e-13
exhale,140,9.8129355011125,5.4081162046231,-1.4210854715202e-14
exhale,50,9.8368235049742,4.8430008015564,-1.5916157281026e-12
exhale,60,9.8368235049742,5.7302624928007,1.4210854715202e-14
exhale,70,9.8368235049742,6.5975974099996,1.8332002582611e-12
exhale,80,9.8368235049742,5.9299970258247,0
exhale,90,9.8368235049742,6.1773838758666,-1.4210854715202e-14
exhale,110,9.8368235049742,5.7482602135998,-7.105427357601e-15
exhale,120,9.8368235049742,5.9447520955486,-1.4210854715202e-14
exhale,130,9.8368235049742,6.295325401648,3.9079850466806e-13
exhale,140,9.8368235049742,5.4068219241239,7.105427357601e-15
exhale,50,9.860711508836,4.8429002403989,-1.6058265828178e-12
exhale,60,9.860711508836,5.7300667472538,2.8421709430404e-14
exhale,70,9.860711508836,6.5972199376801,1.8189894035459e-12
exhale,80,9.860711508836,5.9295857255227,-1.4210854715202e-14
exhale,90,9.860711508836,6.1767672018885,0
exhale,110,9.860711508836,5.7474625840269,-7.105427357601e-15
exhale,120,9.860711508836,5.9436557950947,-7.105427357601e-15
exhale,130,9.860711508836,6.2939624119965,3.9079850466806e-13
exhale,140,9.860711508836,5.4055328389639,7.105427357601e-15
exhale,50,9.8845995126977,4.8428000198105,-1.5631940186722e-12
exhale,60,9.8845995126977,5.7298716467069,-4.2632564145606e-14
exhale,70,9.8845995126977,6.5968436917121,1.8474111129763e-12
exhale,80,9.8845995126977,5.9291758115444,1.4210854715202e-14
exhale,90,9.8845995126977,6.1761526401827,0
exhale,110,9.8845995126977,5.746667834626,0
exhale,120,9.8845995126977,5.9425635786671,1.4210854715202e-14
exhale,130,9.8845995126977,6.2926045864325,3.9079850466806e-13
exhale,140,9.8845995126977,5.4042489168862,1.4210854715202e-14
exhale,50,9.9084875165595,4.8427001379528,-1.5916157281026e-12
exhale,60,9.9084875165595,5.7296771877663,-2.8421709430404e-14
exhale,70,9.9084875165595,6.5964686657483,1.8189894035459e-12
exhale,80,9.9084875165595,5.9287672764768,1.4210854715202e-14
exhale,90,9.9084875165595,6.1755401793306,-1.4210854715202e-14
exhale,110,9.9084875165595,5.7458759491,0
exhale,120,9.9084875165595,5.9414754225772,2.1316282072803e-14
exhale,130,9.9084875165595,6.2912518946191,3.8369307731045e-13
exhale,140,9.9084875165595,5.4029701259083,-2.1316282072803e-14
exhale,50,9.9323755204213,4.8426005930015,-1.5774048733874e-12
exhale,60,9.9323755204213,5.7294833670635,-4.2632564145606e-14
exhale,70,9.9323755204213,6.5960948534881,1.8332002582611e-12
exhale,80,9.9323755204213,5.9283601129628,1.4210854715202e-14
exhale,90,9.9323755204213,6.1749298080007,0
exhale,110,9.9323755204213,5.7450869112805,7.105427357601e-15
exhale,120,9.9323755204213,5.9403913033264,-7.105427357601e-15
exhale,130,9.9323755204213,6.2899043064648,3.9079850466806e-13
exhale,140,9.9323755204213,5.4016964343194,-7.105427357601e-15
exhale,50,9.956263524283,4.8425013831462,-1.5916157281026e-12
exhale,60,9.956263524283,5.7292901812553,2.8421709430404e-14
exhale,70,9.956263524283,6.595722248677,1.8474111129763e-12
exhale,80,9.956263524283,5.9279543137012,-2.8421709430404e-14
exhale,90,9.956263524283,6.1743215149472,0
exhale,110,9.956263524283,5.7443007051264,-7.105427357601e-15
exhale,120,9.956263524283,5.9393111976045,1.4210854715202e-14
exhale,130,9.956263524283,6.2885617921212,3.9790393202566e-13
exhale,140,9.956263524283,5.4004278106773,0
exhale,50,9.9801515281448,4.8424025065902,-1.6058265828178e-12
exhale,60,9.9801515281448,5.7290976270236,0
exhale,70,9.9801515281448,6.5953508451067,1.8758328224067e-12
exhale,80,9.9801515281448,5.9275498714453,-1.4210854715202e-14
exhale,90,9.9801515281448,6.1737152890099,2.8421709430404e-14
exhale,110,9.9801515281448,5.7435173147224,0
exhale,120,9.9801515281448,5.9382350822875,1.4210854715202e-14
exhale,130,9.9801515281448,6.2872243219801,3.9790393202566e-13
exhale,140,9.9801515281448,5.3991642238059,-2.1316282072803e-14
exhale,50,10.004039532007,4.8423039615507,-1.6058265828178e-12
exhale,60,10.004039532007,5.7289057010747,1.4210854715202e-14
exhale,70,10.004039532007,6.5949806366141,1.8332002582611e-12
exhale,80,10.004039532007,5.9271467790034,2.8421709430404e-14
exhale,90,10.004039532007,6.1731111191126,1.4210854715202e-14
exhale,110,10.004039532007,5.7427367242779,-7.105427357601e-15
exhale,120,10.004039532007,5.9371629344354,1.4210854715202e-14
exhale,130,10.004039532007,6.2858918666716,3.8369307731045e-13
exhale,140,10.004039532007,5.3979056427918,7.105427357601e-15
exhale,50,10.027927535868,4.8422057462583,-1.5916157281026e-12
exhale,60,10.027927535868,5.7287144001396,0
exhale,70,10.027927535868,6.5946116170812,1.9184653865523e-12
exhale,80,10.027927535868,5.9267450292372,4.2632564145606e-14
exhale,90,10.027927535868,6.1725089942626,-2.8421709430404e-14
exhale,110,10.027927535868,5.7419589181259,-2.1316282072803e-14
exhale,120,10.027927535868,5.9360947312912,-1.4210854715202e-14
exhale,130,10.027927535868,6.2845643970613,4.4764192352886e-13
exhale,140,10.027927535868,5.3966520369819,-7.105427357601e-15
exhale,50,10.05181553973,4.8421078589572,-1.5916157281026e-12
exhale,60,10.05181553973,5.7285237209736,0
exhale,70,10.05181553973,6.5942437804345,1.8616219676915e-12
exhale,80,10.05181553973,5.9263446150621,-1.4210854715202e-14
exhale,90,10.05181553973,6.1719089035502,0
exhale,110,10.05181553973,5.7411838807212,7.105427357601e-15
exhale,120,10.05181553973,5.9350304502782,1.4210854715202e-14
exhale,130,10.05181553973,6.2832418842481,4.1922021409846e-13
exhale,140,10.05181553973,5.3954033759804,-7.105427357601e-15
exhale,50,10.075703543592,4.8420102979045,-1.5916157281026e-12
exhale,60,10.075703543592,5.7283336603557,0
exhale,70,10.075703543592,6.5938771206446,1.8758328224067e-12
exhale,80,10.075703543592,5.9259455294465,2.8421709430404e-14
exhale,90,10.075703543592,6.1713108361471,1.4210854715202e-14
exhale,110,10.075703543592,5.7404115966401,0
exhale,120,10.075703543592,5.9339700689986,-7.105427357601e-15
exhale,130,10.075703543592,6.2819242995615,4.6185277824407e-13
exhale,140,10.075703543592,5.3941596296462,-2.8421709430404e-14
exhale,50,10.099591547454,4.8419130613708,-1.5916157281026e-12
exhale,60,10.099591547454,5.7281442150889,5.6843418860808e-14
exhale,70,10.099591547454,6.593511631726,1.8758328224067e-12
exhale,80,10.099591547454,5.9255477654108,4.2632564145606e-14
exhale,90,10.099591547454,6.1707147813066,0
exhale,110,10.099591547454,5.7396420505781,1.4210854715202e-14
exhale,120,10.099591547454,5.9329135652316,7.105427357601e-15
exhale,130,10.099591547454,6.2806116145595,4.4053649617126e-13
exhale,140,10.099591547454,5.3929207680901,1.4210854715202e-14
exhale,50,10.123479551315,4.8418161476397,-1.5916157281026e-12
exhale,60,10.123479551315,5.7279553819997,0
exhale,70,10.123479551315,6.5931473077364,1.9042545318371e-12
exhale,80,10.123479551315,5.9251513160277,0
exhale,90,10.123479551315,6.1701207283621,-1.4210854715202e-14
exhale,110,10.123479551315,5.7388752273496,-7.105427357601e-15
exhale,120,10.123479551315,5.9318609169315,-7.105427357601e-15
exhale,130,10.123479551315,6.2793038010265,4.4053649617126e-13
exhale,140,10.123479551315,5.3916867616722,7.105427357601e-15
exhale,50,10.147367555177,4.8417195550074,-1.5916157281026e-12
exhale,60,10.147367555177,5.727767157938,1.4210854715202e-14
exhale,70,10.147367555177,6.5927841427763,1.9326762412675e-12
exhale,80,10.147367555177,5.9247561744209,1.4210854715202e-14
exhale,90,10.147367555177,6.1695286667263,1.4210854715202e-14
exhale,110,10.147367555177,5.7381111118864,-7.105427357601e-15
exhale,120,10.147367555177,5.9308121022262,0
exhale,130,10.147367555177,6.2780008309704,4.2632564145606e-13
exhale,140,10.147367555177,5.3904575809991,-1.4210854715202e-14
exhale,50,10.171255559039,4.8416232817833,-1.5916157281026e-12
exhale,60,10.171255559039,5.7275795397766,-2.8421709430404e-14
exhale,70,10.171255559039,6.5924221309888,1.9326762412675e-12
exhale,80,10.171255559039,5.9243623337651,1.4210854715202e-14
exhale,90,10.171255559039,6.168938585891,2.8421709430404e-14
exhale,110,10.171255559039,5.7373496892364,1.4210854715202e-14
exhale,120,10.171255559039,5.9297670994151,0
exhale,130,10.171255559039,6.276702676621,4.3343106881366e-13
exhale,140,10.171255559039,5.3892331969217,-1.4210854715202e-14
exhale,50,10.195143562901,4.841527326289,-1.6058265828178e-12
exhale,60,10.195143562901,5.7273925244113,-1.4210854715202e-14
exhale,70,10.195143562901,6.5920612665592,1.9184653865523e-12
exhale,80,10.195143562901,5.9239697872856,1.4210854715202e-14
exhale,90,10.195143562901,6.1683504754259,2.8421709430404e-14
exhale,110,10.195143562901,5.7365909445625,0
exhale,120,10.195143562901,5.9287258869678,0
exhale,130,10.195143562901,6.2754093104273,4.4053649617126e-13
exhale,140,10.195143562901,5.3880135805322,-1.4210854715202e-14
exhale,50,10.219031566762,4.8414316868591,-1.5916157281026e-12
exhale,60,10.219031566762,5.7272061087604,0
exhale,70,10.219031566762,6.5917015437144,1.9326762412675e-12
exhale,80,10.219031566762,5.9235785282572,0
exhale,90,10.219031566762,6.167764324978,-2.8421709430404e-14
exhale,110,10.219031566762,5.7358348631417,0
exhale,120,10.219031566762,5.927688443522,-2.1316282072803e-14
exhale,130,10.219031566762,6.2741207050556,4.4764192352886e-13
exhale,140,10.219031566762,5.3867987031615,-7.105427357601e-15
exhale,50,10.242919570624,4.84133636184,-1.5774048733874e-12
exhale,60,10.242919570624,5.727020289765,0
exhale,70,10.242919570624,6.5913429567225,1.9184653865523e-12
exhale,80,10.242919570624,5.9231885500045,1.4210854715202e-14
exhale,90,10.242919570624,6.1671801242706,0
exhale,110,10.242919570624,5.7350814303636,7.105427357601e-15
exhale,120,10.242919570624,5.9266547478821,-7.105427357601e-15
exhale,130,10.242919570624,6.2728368333869,4.4764192352886e-13
exhale,140,10.242919570624,5.3855885363772,7.105427357601e-15
exhale,50,10.266807574486,4.841241349591,-1.5774048733874e-12
exhale,60,10.266807574486,5.726835064388,1.4210854715202e-14
exhale,70,10.266807574486,6.5909854998929,1.9042545318371e-12
exhale,80,10.266807574486,5.9227998459008,-1.4210854715202e-14
exhale,90,10.266807574486,6.1665978631031,-2.8421709430404e-14
exhale,110,10.266807574486,5.7343306317298,2.1316282072803e-14
exhale,120,10.266807574486,5.9256247790173,-1.4210854715202e-14
exhale,130,10.266807574486,6.2715576685155,4.6185277824407e-13
exhale,140,10.266807574486,5.3843830519808,-7.105427357601e-15
exhale,50,10.290695578348,4.8411466484831,-1.5631940186722e-12
exhale,60,10.290695578348,5.7266504296146,2.8421709430404e-14
exhale,70,10.290695578348,6.5906291675751,1.8758328224067e-12
exhale,80,10.290695578348,5.922412409368,2.8421709430404e-14
exhale,90,10.290695578348,6.1660175313498,-2.8421709430404e-14
exhale,110,10.290695578348,5.7335824528521,7.105427357601e-15
exhale,120,10.290695578348,5.9245985160603,2.1316282072803e-14
exhale,130,10.290695578348,6.270283183746,4.8316906031687e-13
exhale,140,10.290695578348,5.3831822220052,-1.4210854715202e-14
exhale,50,10.314583582209,4.8410522568996,-1.5916157281026e-12
exhale,60,10.314583582209,5.7264663824517,1.4210854715202e-14
exhale,70,10.314583582209,6.590273954159,1.9042545318371e-12
exhale,80,10.314583582209,5.922026233876,-4.2632564145606e-14
exhale,90,10.314583582209,6.1654391189594,0
exhale,110,10.314583582209,5.7328368794522,-1.4210854715202e-14
exhale,120,10.314583582209,5.9235759383053,-7.105427357601e-15
exhale,130,10.314583582209,6.2690133525917,4.5474735088646e-13
exhale,140,10.314583582209,5.3819860187124,0
exhale,50,10.338471586071,4.8409581732356,-1.5916157281026e-12
exhale,60,10.338471586071,5.7262829199278,1.4210854715202e-14
exhale,70,10.338471586071,6.5899198540744,1.8900436771219e-12
exhale,80,10.338471586071,5.9216413129423,-2.8421709430404e-14
exhale,90,10.338471586071,6.1648626159542,0
exhale,110,10.338471586071,5.73209389736,0
exhale,120,10.338471586071,5.9225570252066,0
exhale,130,10.338471586071,6.2677481487726,4.6185277824407e-13
exhale,140,10.338471586071,5.3807944145912,7.105427357601e-15
exhale,50,10.362359589933,4.840864395898,-1.5774048733874e-12
exhale,60,10.362359589933,5.7261000390927,0
exhale,70,10.362359589933,6.5895668617904,1.9468870959827e-12
exhale,80,10.362359589933,5.9212576401315,-2.8421709430404e-14
exhale,90,10.362359589933,6.1642880124295,0
exhale,110,10.362359589933,5.7313534925128,-7.105427357601e-15
exhale,120,10.362359589933,5.9215417563772,-2.1316282072803e-14
exhale,130,10.362359589933,6.2664875462131,4.6895820560167e-13
exhale,140,10.362359589933,5.3796073823547,2.8421709430404e-14
exhale,50,10.386247593795,4.8407709233055,-1.6342482922482e-12
exhale,60,10.386247593795,5.7259177370176,-2.8421709430404e-14
exhale,70,10.386247593795,6.5892149718151,1.9184653865523e-12
exhale,80,10.386247593795,5.9208752090549,1.4210854715202e-14
exhale,90,10.386247593795,6.1637152985528,1.4210854715202e-14
exhale,110,10.386247593795,5.7306156509545,7.105427357601e-15
exhale,120,10.386247593795,5.9205301115868,-1.4210854715202e-14
exhale,130,10.386247593795,6.2652315190399,4.7606363295927e-13
exhale,140,10.386247593795,5.378424894938,-7.105427357601e-15
exhale,50,10.410135597657,4.8406777538884,-1.6058265828178e-12
exhale,60,10.410135597657,5.7257360107946,1.4210854715202e-14
exhale,70,10.410135597657,6.5888641786956,1.9468870959827e-12
exhale,80,10.410135597657,5.92049401337,-1.4210854715202e-14
exhale,90,10.410135597657,6.1631444645633,0
exhale,110,10.410135597657,5.7298803588339,2.8421709430404e-14
exhale,120,10.410135597657,5.9195220707606,1.4210854715202e-14
exhale,130,10.410135597657,6.2639800415804,4.9027448767447e-13
exhale,140,10.410135597657,5.3772469254959,0
exhale,50,10.434023601518,4.8405848860884,-1.6058265828178e-12
exhale,60,10.434023601518,5.7255548575366,-2.8421709430404e-14
exhale,70,10.434023601518,6.5885144770169,1.9753088054131e-12
exhale,80,10.434023601518,5.9201140467801,-2.8421709430404e-14
exhale,90,10.434023601518,6.162575500771,1.4210854715202e-14
exhale,110,10.434023601518,5.7291476024045,7.105427357601e-15
exhale,120,10.434023601518,5.9185176139776,7.105427357601e-15
exhale,130,10.434023601518,6.2627330883604,5.2580162446247e-13
exhale,140,10.434023601518,5.3760734474008,0
exhale,50,10.45791160538,4.8404923183584,-1.6058265828178e-12
exhale,60,10.45791160538,5.7253742743772,1.4210854715202e-14
exhale,70,10.45791160538,6.5881658614025,1.9326762412675e-12
exhale,80,10.45791160538,5.919735303034,-2.8421709430404e-14
exhale,90,10.45791160538,6.1620083975561,-2.8421709430404e-14
exhale,110,10.45791160538,5.7284173680227,7.105427357601e-15
exhale,120,10.45791160538,5.9175167214693,-7.105427357601e-15
exhale,130,10.45791160538,6.2614906341021,4.9027448767447e-13
exhale,140,10.45791160538,5.3749044342402,0
exhale,50,10.481799609242,4.840400049163,-1.5916157281026e-12
exhale,60,10.481799609242,5.7251942584701,2.8421709430404e-14
exhale,70,10.481799609242,6.5878183265133,1.9468870959827e-12
exhale,80,10.481799609242,5.9193577759253,1.4210854715202e-14
exhale,90,10.481799609242,6.1614431453685,-2.8421709430404e-14
exhale,110,10.481799609242,5.7276896421476,-1.4210854715202e-14
exhale,120,10.481799609242,5.9165193736179,2.1316282072803e-14
exhale,130,10.481799609242,6.2602526537225,4.8316906031687e-13
exhale,140,10.481799609242,5.3737398598149,7.105427357601e-15
exhale,50,10.505687613104,4.8403080769776,-1.6058265828178e-12
exhale,60,10.505687613104,5.7250148069897,0
exhale,70,10.505687613104,6.5874718670475,1.9753088054131e-12
exhale,80,10.505687613104,5.9189814592922,2.8421709430404e-14
exhale,90,10.505687613104,6.160879734727,-1.4210854715202e-14
exhale,110,10.505687613104,5.7269644113392,7.105427357601e-15
exhale,120,10.505687613104,5.9155255509551,7.105427357601e-15
exhale,130,10.505687613104,6.2590191223312,4.8316906031687e-13
exhale,140,10.505687613104,5.3725796981362,1.4210854715202e-14
exhale,50,10.529575616965,4.8402164002886,-1.6342482922482e-12
exhale,60,10.529575616965,5.72483591713,1.4210854715202e-14
exhale,70,10.529575616965,6.5871264777403,1.9753088054131e-12
exhale,80,10.529575616965,5.918606347017,0
exhale,90,10.529575616965,6.1603181562187,0
exhale,110,10.529575616965,5.726241662258,0
exhale,120,10.529575616965,5.9145352341606,1.4210854715202e-14
exhale,130,10.529575616965,6.2577900152285,4.9027448767447e-13
exhale,140,10.529575616965,5.3714239234243,-7.105427357601e-15
exhale,50,10.553463620827,4.8401250175937,-1.6058265828178e-12
exhale,60,10.553463620827,5.7246575861052,-2.8421709430404e-14
exhale,70,10.553463620827,6.5867821533635,1.9753088054131e-12
exhale,80,10.553463620827,5.9182324330257,0
exhale,90,10.553463620827,6.1597584004983,-1.4210854715202e-14
exhale,110,10.553463620827,5.725521381664,2.8421709430404e-14
exhale,120,10.553463620827,5.9135484040606,7.105427357601e-15
exhale,130,10.553463620827,6.256565307904,4.9027448767447e-13
exhale,140,10.553463620827,5.3702725101059,0
exhale,50,10.577351624689,4.8400339274011,-1.6058265828178e-12
exhale,60,10.577351624689,5.7244798111489,1.4210854715202e-14
exhale,70,10.577351624689,6.5864388887255,1.9895196601283e-12
exhale,80,10.577351624689,5.9178597112877,2.8421709430404e-14
exhale,90,10.577351624689,6.1592004582876,-2.8421709430404e-14
exhale,110,10.577351624689,5.7248035564155,7.105427357601e-15
exhale,120,10.577351624689,5.9125650416263,1.4210854715202e-14
exhale,130,10.577351624689,6.2553449760339,5.1159076974727e-13
exhale,140,10.577351624689,5.3691254328124,0
exhale,50,10.601239628551,4.8399431282299,-1.620037437533e-12
exhale,60,10.601239628551,5.7243025895143,-2.8421709430404e-14
exhale,70,10.601239628551,6.5860966786703,1.9610979506979e-12
exhale,80,10.601239628551,5.9174881758152,5.6843418860808e-14
exhale,90,10.601239628551,6.1586443203747,0
exhale,110,10.601239628551,5.7240881734681,7.105427357601e-15
exhale,120,10.601239628551,5.9115851279727,-7.105427357601e-15
exhale,130,10.601239628551,6.2541289954802,5.1159076974727e-13
exhale,140,10.601239628551,5.3679826663772,7.105427357601e-15
exhale,50,10.625127632412,4.8398526186098,-1.6342482922482e-12
exhale,60,10.625127632412,5.7241259184741,-2.8421709430404e-14
exhale,70,10.625127632412,6.5857555180777,2.0037305148435e-12
exhale,80,10.625127632412,5.9171178206629,2.8421709430404e-14
exhale,90,10.625127632412,6.1580899776136,1.4210854715202e-14
exhale,110,10.625127632412,5.7233752198743,0
exhale,120,10.625127632412,5.910608644357,-7.105427357601e-15
exhale,130,10.625127632412,6.252917342288,5.0448534238967e-13
exhale,140,10.625127632412,5.3668441858343,-7.105427357601e-15
exhale,50,10.649015636274,4.8397623970811,-1.620037437533e-12
exhale,60,10.649015636274,5.7239497953198,-1.4210854715202e-14
exhale,70,10.649015636274,6.5854154018628,1.9753088054131e-12
exhale,80,10.649015636274,5.9167486399276,-1.4210854715202e-14
exhale,90,10.649015636274,6.1575374209234,1.4210854715202e-14
exhale,110,10.649015636274,5.722664682782,2.1316282072803e-14
exhale,120,10.649015636274,5.9096355721775,-7.105427357601e-15
exhale,130,10.649015636274,6.2517099926844,5.3290705182008e-13
exhale,140,10.649015636274,5.3657099664161,2.8421709430404e-14
exhale,50,10.672903640136,4.8396724621944,-1.5916157281026e-12
exhale,60,10.672903640136,5.723774217362,1.4210854715202e-14
exhale,70,10.672903640136,6.5850763249759,1.9468870959827e-12
exhale,80,10.672903640136,5.916380627748,-5.6843418860808e-14
exhale,90,10.672903640136,6.1569866412878,-1.4210854715202e-14
exhale,110,10.672903640136,5.7219565494338,-1.4210854715202e-14
exhale,120,10.672903640136,5.9086658929719,0
exhale,130,10.672903640136,6.2505069230762,5.2580162446247e-13
exhale,140,10.672903640136,5.3645799835512,-7.105427357601e-15
exhale,50,10.696791643998,4.8395828125108,-1.6342482922482e-12
exhale,60,10.696791643998,5.7235991819302,2.8421709430404e-14
exhale,70,10.696791643998,6.5847382824017,2.0037305148435e-12
exhale,80,10.696791643998,5.916013778304,2.8421709430404e-14
exhale,90,10.696791643998,6.1564376297545,-1.4210854715202e-14
exhale,110,10.696791643998,5.7212508071663,2.8421709430404e-14
exhale,120,10.696791643998,5.9076995884164,7.105427357601e-15
exhale,130,10.696791643998,6.2493081100486,5.4001247917768e-13
exhale,140,10.696791643998,5.3634542128624,-1.4210854715202e-14
exhale,50,10.720679647859,4.8394934466015,-1.620037437533e-12
exhale,60,10.720679647859,5.7234246863724,1.4210854715202e-14
exhale,70,10.720679647859,6.5844012691596,2.0037305148435e-12
exhale,80,10.720679647859,5.9156480858165,-1.4210854715202e-14
exhale,90,10.720679647859,6.1558903774347,5.6843418860808e-14
exhale,110,10.720679647859,5.7205474434088,7.105427357601e-15
exhale,120,10.720679647859,5.9067366403238,7.105427357601e-15
exhale,130,10.720679647859,6.2481135303634,5.6132876125048e-13
exhale,140,10.720679647859,5.3623326301652,-7.105427357601e-15
exhale,50,10.744567651721,4.839404363048,-1.620037437533e-12
exhale,60,10.744567651721,5.723250728055,-1.4210854715202e-14
exhale,70,10.744567651721,6.5840652803028,2.0321522242739e-12
exhale,80,10.744567651721,5.9152835445469,-1.4210854715202e-14
exhale,90,10.744567651721,6.1553448755023,0
exhale,110,10.744567651721,5.719846445683,0
exhale,120,10.744567651721,5.9057770306428,0
exhale,130,10.744567651721,6.246923160957,5.5422333389288e-13
exhale,140,10.744567651721,5.3612152114654,-7.105427357601e-15
exhale,50,10.768455655583,4.8393155604417,-1.620037437533e-12
exhale,60,10.768455655583,5.7230773043628,0
exhale,70,10.768455655583,6.5837303109185,2.0179413695587e-12
exhale,80,10.768455655583,5.9149201487969,-1.4210854715202e-14
exhale,90,10.768455655583,6.1548011151934,0
exhale,110,10.768455655583,5.7191478016016,1.4210854715202e-14
exhale,120,10.768455655583,5.9048207414562,-7.105427357601e-15
exhale,130,10.768455655583,6.2457369789391,5.4001247917768e-13
exhale,140,10.768455655583,5.3601019329574,0
exhale,50,10.792343659445,4.8392270373842,-1.6342482922482e-12
exhale,60,10.792343659445,5.7229044126986,-2.8421709430404e-14
exhale,70,10.792343659445,6.5833963561273,1.9895196601283e-12
exhale,80,10.792343659445,5.9145578929082,1.4210854715202e-14
exhale,90,10.792343659445,6.154259087806,-1.4210854715202e-14
exhale,110,10.792343659445,5.7184514988675,0
exhale,120,10.792343659445,5.9038677549802,-7.105427357601e-15
exhale,130,10.792343659445,6.2445549615908,5.8264504332328e-13
exhale,140,10.792343659445,5.3589927710223,-7.105427357601e-15
exhale,50,10.816231663306,4.8391387924867,-1.5916157281026e-12
exhale,60,10.816231663306,5.7227320504833,1.4210854715202e-14
exhale,70,10.816231663306,6.583063411083,2.0321522242739e-12
exhale,80,10.816231663306,5.9141967712618,-2.8421709430404e-14
exhale,90,10.816231663306,6.1537187846989,-2.8421709430404e-14
exhale,110,10.816231663306,5.7177575252734,-1.4210854715202e-14
exhale,120,10.816231663306,5.9029180535623,-2.1316282072803e-14
exhale,130,10.816231663306,6.2433770863632,5.6132876125048e-13
exhale,140,10.816231663306,5.357887702226,-7.105427357601e-15
exhale,50,10.840119667168,4.8390508243704,-1.6058265828178e-12
exhale,60,10.840119667168,5.7225602151554,2.8421709430404e-14
exhale,70,10.840119667168,6.5827314709721,2.0463630789891e-12
exhale,80,10.840119667168,5.913836778278,1.4210854715202e-14
exhale,90,10.840119667168,6.1531801972919,1.4210854715202e-14
exhale,110,10.840119667168,5.7170658687005,7.105427357601e-15
exhale,120,10.840119667168,5.9019716196809,-1.4210854715202e-14
exhale,130,10.840119667168,6.2422033308755,5.5422333389288e-13
exhale,140,10.840119667168,5.3567867033175,-7.105427357601e-15
exhale,50,10.86400767103,4.838963131666,-1.6484591469634e-12
exhale,60,10.86400767103,5.7223889041711,1.4210854715202e-14
exhale,70,10.86400767103,6.5824005310141,2.0179413695587e-12
exhale,80,10.86400767103,5.9134779084156,-2.8421709430404e-14
exhale,90,10.86400767103,6.1526433170643,4.2632564145606e-14
exhale,110,10.86400767103,5.7163765171178,-2.1316282072803e-14
exhale,120,10.86400767103,5.9010284359437,0
exhale,130,10.86400767103,6.2410336729135,5.7553961596568e-13
exhale,140,10.86400767103,5.3556897512268,-2.1316282072803e-14
exhale,50,10.887895674892,4.838875713014,-1.6342482922482e-12
exhale,60,10.887895674892,5.7222181150042,-1.4210854715202e-14
exhale,70,10.887895674892,6.5820705864605,1.9895196601283e-12
exhale,80,10.887895674892,5.9131201561721,-1.4210854715202e-14
exhale,90,10.887895674892,6.1521081355553,0
exhale,110,10.887895674892,5.7156894585814,7.105427357601e-15
exhale,120,10.887895674892,5.9000884850863,7.105427357601e-15
exhale,130,10.887895674892,6.2398680904283,5.7553961596568e-13
exhale,140,10.887895674892,5.3545968230634,0
exhale,50,10.911783678754,4.8387885670643,-1.6342482922482e-12
exhale,60,10.911783678754,5.7220478451457,2.8421709430404e-14
exhale,70,10.911783678754,6.5817416325949,2.0463630789891e-12
exhale,80,10.911783678754,5.9127635160831,0
exhale,90,10.911783678754,6.1515746443628,0
exhale,110,10.911783678754,5.7150046812337,-7.105427357601e-15
exhale,120,10.911783678754,5.8991517499714,7.105427357601e-15
exhale,130,10.911783678754,6.2387065615343,5.7553961596568e-13
exhale,140,10.911783678754,5.3535078961144,0
exhale,50,10.935671682615,4.8387016924763,-1.6342482922482e-12
exhale,60,10.935671682615,5.7218780921036,0
exhale,70,10.935671682615,6.5814136647327,2.0179413695587e-12
exhale,80,10.935671682615,5.9124079827218,0
exhale,90,10.935671682615,6.1510428351433,0
exhale,110,10.935671682615,5.7143221733022,1.4210854715202e-14
exhale,120,10.935671682615,5.8982182135872,1.4210854715202e-14
exhale,130,10.935671682615,6.2375490645079,5.6132876125048e-13
exhale,140,10.935671682615,5.3524229478428,-7.105427357601e-15
exhale,50,10.959559686477,4.8386150879186,-1.6484591469634e-12
exhale,60,10.959559686477,5.7217088534033,0
exhale,70,10.959559686477,6.5810866782207,2.0463630789891e-12
exhale,80,10.959559686477,5.9120535506989,1.4210854715202e-14
exhale,90,10.959559686477,6.1505126996109,0
exhale,110,10.959559686477,5.7136419230994,0
exhale,120,10.959559686477,5.8972878590464,1.4210854715202e-14
exhale,130,10.959559686477,6.236395577786,5.9685589803848e-13
exhale,140,10.959559686477,5.3513419558857,-1.4210854715202e-14
exhale,50,10.983447690339,4.8385287520693,-1.6484591469634e-12
exhale,60,10.983447690339,5.7215401265868,2.8421709430404e-14
exhale,70,10.983447690339,6.5807606684369,2.0463630789891e-12
exhale,80,10.983447690339,5.9117002146621,-1.4210854715202e-14
exhale,90,10.983447690339,6.1499842295374,-1.4210854715202e-14
exhale,110,10.983447690339,5.7129639190214,-7.105427357601e-15
exhale,120,10.983447690339,5.8963606695854,-2.1316282072803e-14
exhale,130,10.983447690339,6.2352460799643,5.9685589803848e-13
exhale,140,10.983447690339,5.3502648980527,1.4210854715202e-14
exhale,50,11.007335694201,4.8384426836155,-1.620037437533e-12
exhale,60,11.007335694201,5.7213719092127,2.8421709430404e-14
exhale,70,11.007335694201,6.5804356307902,2.0463630789891e-12
exhale,80,11.007335694201,5.9113479692959,-1.4210854715202e-14
exhale,90,11.007335694201,6.1494574167512,0
exhale,110,11.007335694201,5.7122881495474,-2.1316282072803e-14
exhale,120,11.007335694201,5.8954366285624,-7.105427357601e-15
exhale,130,11.007335694201,6.234100549796,6.1106675275369e-13
exhale,140,11.007335694201,5.349191752324,7.105427357601e-15
exhale,50,11.031223698062,4.8383568812534,-1.6058265828178e-12
exhale,60,11.031223698062,5.7212041988563,2.8421709430404e-14
exhale,70,11.031223698062,6.5801115607203,2.0037305148435e-12
exhale,80,11.031223698062,5.9109968093213,-1.4210854715202e-14
exhale,90,11.031223698062,6.1489322531372,0
exhale,110,11.031223698062,5.711614603239,0
exhale,120,11.031223698062,5.8945157194568,-7.105427357601e-15
exhale,130,11.031223698062,6.2329589661904,5.9685589803848e-13
exhale,140,11.031223698062,5.3481224968489,0
exhale,50,11.055111701924,4.8382713436882,-1.6626700016786e-12
exhale,60,11.055111701924,5.7210369931095,1.4210854715202e-14
exhale,70,11.055111701924,6.5797884536972,2.0605739337043e-12
exhale,80,11.055111701924,5.9106467294953,0
exhale,90,11.055111701924,6.1484087306359,0
exhale,110,11.055111701924,5.7109432687393,7.105427357601e-15
exhale,120,11.055111701924,5.893597925868,-1.4210854715202e-14
exhale,130,11.055111701924,6.231821308211,5.9685589803848e-13
exhale,140,11.055111701924,5.3470571099444,0
exhale,50,11.078999705786,4.8381860696343,-1.6342482922482e-12
exhale,60,11.078999705786,5.72087028958,1.4210854715202e-14
exhale,70,11.078999705786,6.5794663052208,2.0889956431347e-12
exhale,80,11.078999705786,5.9102977246106,-4.2632564145606e-14
exhale,90,11.078999705786,6.1478868412435,2.8421709430404e-14
exhale,110,11.078999705786,5.7102741347721,-1.4210854715202e-14
exhale,120,11.078999705786,5.8926832315142,1.4210854715202e-14
exhale,130,11.078999705786,6.2306875550746,6.1817218011129e-13
exhale,140,11.078999705786,5.3459955700929,-1.4210854715202e-14
exhale,50,11.102887709648,4.8381010578145,-1.6484591469634e-12
exhale,60,11.102887709648,5.7207040858922,-1.4210854715202e-14
exhale,70,11.102887709648,6.5791451108213,2.0605739337043e-12
exhale,80,11.102887709648,5.9099497894954,0
exhale,90,11.102887709648,6.1473665770108,1.4210854715202e-14
exhale,110,11.102887709648,5.7096071901415,2.1316282072803e-14
exhale,120,11.102887709648,5.8917716202314,7.105427357601e-15
exhale,130,11.102887709648,6.2295576861496,6.1817218011129e-13
exhale,140,11.102887709648,5.3449378559412,-7.105427357601e-15
exhale,50,11.126775713509,4.8380163069607,-1.6484591469634e-12
exhale,60,11.126775713509,5.7205383796859,-1.4210854715202e-14
exhale,70,11.126775713509,6.5788248660582,2.0605739337043e-12
exhale,80,11.126775713509,5.9096029190133,0
exhale,90,11.126775713509,6.1468479300431,2.8421709430404e-14
exhale,110,11.126775713509,5.7089424237306,-7.105427357601e-15
exhale,120,11.126775713509,5.890863075972,-1.4210854715202e-14
exhale,130,11.126775713509,6.2284316809545,6.2527760746889e-13
exhale,140,11.126775713509,5.3438839462988,7.105427357601e-15
exhale,50,11.150663717371,4.8379318158135,-1.6342482922482e-12
exhale,60,11.150663717371,5.7203731686172,0
exhale,70,11.150663717371,6.5785055665204,2.1032064978499e-12
exhale,80,11.150663717371,5.9092571080623,0
exhale,90,11.150663717371,6.1463308924994,-1.4210854715202e-14
exhale,110,11.150663717371,5.7082798245015,7.105427357601e-15
exhale,120,11.150663717371,5.8899575828042,7.105427357601e-15
exhale,130,11.150663717371,6.2273095191568,6.1817218011129e-13
exhale,140,11.150663717371,5.342833820136,-2.1316282072803e-14
exhale,50,11.174551721233,4.8378475831218,-1.6484591469634e-12
exhale,60,11.174551721233,5.7202084503577,-2.8421709430404e-14
exhale,70,11.174551721233,6.5781872078258,2.1174173525651e-12
exhale,80,11.174551721233,5.9089123515752,-1.4210854715202e-14
exhale,90,11.174551721233,6.1458154565923,0
exhale,110,11.174551721233,5.7076193814939,-1.4210854715202e-14
exhale,120,11.174551721233,5.8890551249105,-7.105427357601e-15
exhale,130,11.174551721233,6.2261911805713,6.0396132539609e-13
exhale,140,11.174551721233,5.3417874565827,7.105427357601e-15
exhale,50,11.198439725095,4.8377636076435,-1.6626700016786e-12
exhale,60,11.198439725095,5.7200442225945,0
exhale,70,11.198439725095,6.5778697856215,2.0605739337043e-12
exhale,80,11.198439725095,5.908568644519,4.2632564145606e-14
exhale,90,11.198439725095,6.1453016145874,1.4210854715202e-14
exhale,110,11.198439725095,5.7069610838249,7.105427357601e-15
exhale,120,11.198439725095,5.8881556865872,-7.105427357601e-15
exhale,130,11.198439725095,6.225076645159,6.3238303482649e-13
exhale,140,11.198439725095,5.3407448349268,-1.4210854715202e-14
exhale,50,11.222327728956,4.8376798881445,-1.6484591469634e-12
exhale,60,11.222327728956,5.7198804830304,1.4210854715202e-14
exhale,70,11.222327728956,6.5775532955828,2.1032064978499e-12
exhale,80,11.222327728956,5.9082259818947,-1.4210854715202e-14
exhale,90,11.222327728956,6.1447893588025,0
exhale,110,11.222327728956,5.706304920688,7.105427357601e-15
exhale,120,11.222327728956,5.8872592522427,7.105427357601e-15
exhale,130,11.222327728956,6.2239658930257,6.4659388954169e-13
exhale,140,11.222327728956,5.3397059346125,-1.4210854715202e-14
exhale,50,11.246215732818,4.8375964233994,-1.6484591469634e-12
exhale,60,11.246215732818,5.7197172293831,-2.8421709430404e-14
exhale,70,11.246215732818,6.5772377334135,2.0889956431347e-12
exhale,80,11.246215732818,5.9078843587366,-1.4210854715202e-14
exhale,90,11.246215732818,6.1442786816076,1.4210854715202e-14
exhale,110,11.246215732818,5.7056508813524,2.8421709430404e-14
exhale,120,11.246215732818,5.8863658063968,1.4210854715202e-14
exhale,130,11.246215732818,6.2228589044205,6.4659388954169e-13
exhale,140,11.246215732818,5.3386707352389,1.4210854715202e-14
exhale,50,11.27010373668,4.837513212191,-1.6342482922482e-12
exhale,60,11.27010373668,5.7195544593859,-1.4210854715202e-14
exhale,70,11.27010373668,6.5769230948455,2.0747847884195e-12
exhale,80,11.27010373668,5.9075437701128,2.8421709430404e-14
exhale,90,11.27010373668,6.1437695754243,-1.4210854715202e-14
exhale,110,11.27010373668,5.7049989551625,7.105427357601e-15
exhale,120,11.27010373668,5.8854753336797,-7.105427357601e-15
exhale,130,11.27010373668,6.2217556597346,6.5369931689929e-13
exhale,140,11.27010373668,5.3376392165586,0
exhale,50,11.293991740542,4.8374302533104,-1.6484591469634e-12
exhale,60,11.293991740542,5.7193921707867,1.4210854715202e-14
exhale,70,11.293991740542,6.5766093756384,-2.1174173525651e-12
exhale,80,11.293991740542,5.907204211124,-1.4210854715202e-14
exhale,90,11.293991740542,6.1432620327253,-2.8421709430404e-14
exhale,110,11.293991740542,5.7043491315374,7.105427357601e-15
exhale,120,11.293991740542,5.8845878188312,-2.1316282072803e-14
exhale,130,11.293991740542,6.2206561395001,6.3948846218409e-13
exhale,140,11.293991740542,5.3366113584763,-1.4210854715202e-14
exhale,50,11.317879744403,4.8373475455569,-1.6626700016786e-12
exhale,60,11.317879744403,5.7192303613487,4.2632564145606e-14
exhale,70,11.317879744403,6.5762965715806,2.0889956431347e-12
exhale,80,11.317879744403,5.906865676904,2.8421709430404e-14
exhale,90,11.317879744403,6.1427560460338,2.8421709430404e-14
exhale,110,11.317879744403,5.7037013999696,-1.4210854715202e-14
exhale,120,11.317879744403,5.8837032466991,-2.8421709430404e-14
exhale,130,11.317879744403,6.2195603243886,6.6080474425689e-13
exhale,140,11.317879744403,5.3355871410471,1.4210854715202e-14
exhale,50,11.341767748265,4.8372650877377,-1.6626700016786e-12
exhale,60,11.341767748265,5.7190690288496,2.8421709430404e-14
exhale,70,11.341767748265,6.5759846784858,2.1032064978499e-12
exhale,80,11.341767748265,5.9065281626188,0
exhale,90,11.341767748265,6.1422516079234,0
exhale,110,11.341767748265,5.703055750025,7.105427357601e-15
exhale,120,11.341767748265,5.8828216022387,2.8421709430404e-14
exhale,130,11.341767748265,6.2184681952097,6.6080474425689e-13
exhale,140,11.341767748265,5.334566544475,-2.8421709430404e-14
exhale,50,11.365655752127,4.8371828786681,-1.6342482922482e-12
exhale,60,11.365655752127,5.7189081710819,0
exhale,70,11.365655752127,6.5756736921965,2.0605739337043e-12
exhale,80,11.365655752127,5.906191663467,1.4210854715202e-14
exhale,90,11.365655752127,6.1417487110175,1.4210854715202e-14
exhale,110,11.365655752127,5.7024121713417,1.4210854715202e-14
exhale,120,11.365655752127,5.881942870512,-7.105427357601e-15
exhale,130,11.365655752127,6.2173797329104,6.6791017161449e-13
exhale,140,11.365655752127,5.3335495491121,2.1316282072803e-14
exhale,50,11.389543755989,4.8371009171716,-1.6484591469634e-12
exhale,60,11.389543755989,5.7187477858525,-2.8421709430404e-14
exhale,70,11.389543755989,6.5753636085816,2.0889956431347e-12
exhale,80,11.389543755989,5.9058561746786,-4.2632564145606e-14
exhale,90,11.389543755989,6.1412473479888,-1.4210854715202e-14
exhale,110,11.389543755989,5.7017706536299,0
exhale,120,11.389543755989,5.881067036686,-1.4210854715202e-14
exhale,130,11.389543755989,6.216294918573,7.034373084025e-13
exhale,140,11.389543755989,5.3325361354565,1.4210854715202e-14
exhale,50,11.413431759851,4.8370192020794,-1.6626700016786e-12
exhale,60,11.413431759851,5.7185878709829,2.8421709430404e-14
exhale,70,11.413431759851,6.5750544235368,2.1174173525651e-12
exhale,80,11.413431759851,5.9055216915155,0
exhale,90,11.413431759851,6.1407475115588,-1.4210854715202e-14
exhale,110,11.413431759851,5.7011311866708,1.4210854715202e-14
exhale,120,11.413431759851,5.8801940860324,7.105427357601e-15
exhale,130,11.413431759851,6.2152137334147,7.034373084025e-13
exhale,140,11.413431759851,5.3315262841512,-1.4210854715202e-14
exhale,50,11.437319763712,4.8369377322303,-1.6484591469634e-12
exhale,60,11.437319763712,5.7184284243085,-1.4210854715202e-14
exhale,70,11.437319763712,6.5747461329838,-2.1174173525651e-12
exhale,80,11.437319763712,5.9051882092711,-1.4210854715202e-14
exhale,90,11.437319763712,6.1402491944977,1.4210854715202e-14
exhale,110,11.437319763712,5.7004937603163,-7.105427357601e-15
exhale,120,11.437319763712,5.8793240039267,0
exhale,130,11.437319763712,6.2141361587856,6.821210263297e-13
exhale,140,11.437319763712,5.3305199759829,-7.105427357601e-15
exhale,50,11.461207767574,4.8368565064712,-1.6342482922482e-12
exhale,60,11.461207767574,5.7182694436794,-1.4210854715202e-14
exhale,70,11.461207767574,6.5744387328721,2.1316282072803e-12
exhale,80,11.461207767574,5.9048557232697,-1.4210854715202e-14
exhale,90,11.461207767574,6.1397523896238,0
exhale,110,11.461207767574,5.6998583644879,-7.105427357601e-15
exhale,120,11.461207767574,5.8784567758466,-7.105427357601e-15
exhale,130,11.461207767574,6.2130621761683,6.892264536873e-13
exhale,140,11.461207767574,5.3295171918802,7.105427357601e-15
exhale,50,11.485095771436,4.8367755236566,-1.6342482922482e-12
exhale,60,11.485095771436,5.7181109269591,2.8421709430404e-14
exhale,70,11.485095771436,6.5741322191751,2.1174173525651e-12
exhale,80,11.485095771436,5.9045242288665,-2.8421709430404e-14
exhale,90,11.485095771436,6.139257089803,2.8421709430404e-14
exhale,110,11.485095771436,5.6992249891769,-1.4210854715202e-14
exhale,120,11.485095771436,5.8775923873719,-2.1316282072803e-14
exhale,130,11.485095771436,6.2119917671759,6.963318810449e-13
exhale,140,11.485095771436,5.3285179129128,7.105427357601e-15
exhale,50,11.508983775298,4.8366947826484,-1.6484591469634e-12
exhale,60,11.508983775298,5.7179528720256,0
exhale,70,11.508983775298,6.5738265878932,-2.1174173525651e-12
exhale,80,11.508983775298,5.9041937214472,1.4210854715202e-14
exhale,90,11.508983775298,6.1387632879485,1.4210854715202e-14
exhale,110,11.508983775298,5.6985936244429,-2.8421709430404e-14
exhale,120,11.508983775298,5.8767308241828,-1.4210854715202e-14
exhale,130,11.508983775298,6.2109249135515,6.963318810449e-13
exhale,140,11.508983775298,5.3275221202898,-1.4210854715202e-14
exhale,50,11.532871779159,4.8366142823164,-1.6342482922482e-12
exhale,60,11.532871779159,5.7177952767702,1.4210854715202e-14
exhale,70,11.532871779159,6.5735218350528,-2.1458390619955e-12
exhale,80,11.532871779159,5.9038641964279,-1.4210854715202e-14
exhale,90,11.532871779159,6.1382709770203,-1.4210854715202e-14
exhale,110,11.532871779159,5.6979642604136,1.4210854715202e-14
exhale,120,11.532871779159,5.8758720720598,0
exhale,130,11.532871779159,6.2098615971665,6.892264536873e-13
exhale,140,11.532871779159,5.3265297953587,-7.105427357601e-15
exhale,50,11.556759783021,4.8365340215376,-1.6342482922482e-12
exhale,60,11.556759783021,5.7176381390983,0
exhale,70,11.556759783021,6.5732179567051,-2.0889956431347e-12
exhale,80,11.556759783021,5.9035356492547,2.8421709430404e-14
exhale,90,11.556759783021,6.1377801500249,-1.4210854715202e-14
exhale,110,11.556759783021,5.6973368872846,-7.105427357601e-15
exhale,120,11.556759783021,5.8750161168821,0
exhale,130,11.556759783021,6.2088018000198,7.105427357601e-13
exhale,140,11.556759783021,5.3255409196036,1.4210854715202e-14
exhale,50,11.580647786883,4.8364539991965,-1.620037437533e-12
exhale,60,11.580647786883,5.7174814569286,4.2632564145606e-14
exhale,70,11.580647786883,6.5729149489263,-2.1174173525651e-12
exhale,80,11.580647786883,5.9032080754035,-1.4210854715202e-14
exhale,90,11.580647786883,6.137290800015,0
exhale,110,11.580647786883,5.6967114953178,-2.8421709430404e-14
exhale,120,11.580647786883,5.8741629446272,2.1316282072803e-14
exhale,130,11.580647786883,6.2077455042368,7.034373084025e-13
exhale,140,11.580647786883,5.3245554746444,-7.105427357601e-15
exhale,50,11.604535790745,4.836374214185,-1.6484591469634e-12
exhale,60,11.604535790745,5.7173252281932,0
exhale,70,11.604535790745,6.5726128078181,-2.1032064978499e-12
exhale,80,11.604535790745,5.9028814703798,4.2632564145606e-14
exhale,90,11.604535790745,6.1368029200887,-1.4210854715202e-14
exhale,110,11.604535790745,5.696088074842,7.105427357601e-15
exhale,120,11.604535790745,5.8733125413699,1.4210854715202e-14
exhale,130,11.604535790745,6.2066926920676,7.247535904753e-13
exhale,140,11.604535790745,5.3235734422356,-7.105427357601e-15
exhale,50,11.628423794606,4.8362946654023,-1.6768808563938e-12
exhale,60,11.628423794606,5.7171694508379,-5.6843418860808e-14
exhale,70,11.628423794606,6.5723115295067,-2.1174173525651e-12
exhale,80,11.628423794606,5.9025558297184,-1.4210854715202e-14
exhale,90,11.628423794606,6.1363165033898,1.4210854715202e-14
exhale,110,11.628423794606,5.6954666162512,-1.4210854715202e-14
exhale,120,11.628423794606,5.8724648932811,7.105427357601e-15
exhale,130,11.628423794606,6.2056433458865,7.389644451905e-13
exhale,140,11.628423794606,5.3225948042644,7.105427357601e-15
exhale,50,11.652311798468,4.8362153517547,-1.620037437533e-12
exhale,60,11.652311798468,5.7170141228212,2.8421709430404e-14
exhale,70,11.652311798468,6.5720111101429,-2.1174173525651e-12
exhale,80,11.652311798468,5.9022311489829,-2.8421709430404e-14
exhale,90,11.652311798468,6.1358315431065,0
exhale,110,11.652311798468,5.6948471100049,-7.105427357601e-15
exhale,120,11.652311798468,5.8716199866277,7.105427357601e-15
exhale,130,11.652311798468,6.2045974481908,7.389644451905e-13
exhale,140,11.652311798468,5.3216195427504,7.105427357601e-15
exhale,50,11.67619980233,4.8361362721559,-1.6484591469634e-12
exhale,60,11.67619980233,5.7168592421152,0
exhale,70,11.67619980233,6.5717115459017,-2.0747847884195e-12
exhale,80,11.67619980233,5.9019074237661,1.4210854715202e-14
exhale,90,11.67619980233,6.1353480324719,-2.8421709430404e-14
exhale,110,11.67619980233,5.6942295466272,-2.1316282072803e-14
exhale,120,11.67619980233,5.8707778077709,1.4210854715202e-14
exhale,130,11.67619980233,6.2035549815995,7.4606987254811e-13
exhale,140,11.67619980233,5.3206476398435,-7.105427357601e-15
exhale,50,11.700087806192,4.8360574255265,-1.6342482922482e-12
exhale,60,11.700087806192,5.7167048067047,-2.8421709430404e-14
exhale,70,11.700087806192,6.5714128329827,-2.0889956431347e-12
exhale,80,11.700087806192,5.901584649689,2.8421709430404e-14
exhale,90,11.700087806192,6.1348659647632,1.4210854715202e-14
exhale,110,11.700087806192,5.693613916706,7.105427357601e-15
exhale,120,11.700087806192,5.8699383431659,0
exhale,130,11.700087806192,6.2025159288524,7.4606987254811e-13
exhale,140,11.700087806192,5.3196790778233,7.105427357601e-15
exhale,50,11.723975810053,4.8359788107942,-1.6484591469634e-12
exhale,60,11.723975810053,5.7165508145875,-2.8421709430404e-14
exhale,70,11.723975810053,6.571114967609,-2.0747847884195e-12
exhale,80,11.723975810053,5.9012628224011,0
exhale,90,11.723975810053,6.1343853333013,-1.4210854715202e-14
exhale,110,11.723975810053,5.6930002108929,1.4210854715202e-14
exhale,120,11.723975810053,5.869101579361,-7.105427357601e-15
exhale,130,11.723975810053,6.2014802728089,7.6028072726331e-13
exhale,140,11.723975810053,5.3187138390976,1.4210854715202e-14
exhale,50,11.747863813915,4.8359004268938,-1.6768808563938e-12
exhale,60,11.747863813915,5.7163972637742,-2.8421709430404e-14
exhale,70,11.747863813915,6.5708179460278,-2.1174173525651e-12
exhale,80,11.747863813915,5.90094193758,1.4210854715202e-14
exhale,90,11.747863813915,6.1339061314504,0
exhale,110,11.747863813915,5.6923884199022,-2.1316282072803e-14
exhale,120,11.747863813915,5.8682675029968,-1.4210854715202e-14
exhale,130,11.747863813915,6.200447996447,7.6738615462091e-13
exhale,140,11.747863813915,5.3177519062012,0
exhale,50,11.771751817777,4.8358222727669,-1.6626700016786e-12
exhale,60,11.771751817777,5.7162441522879,0
exhale,70,11.771751817777,6.5705217645096,-2.0605739337043e-12
exhale,80,11.771751817777,5.900621990931,5.6843418860808e-14
exhale,90,11.771751817777,6.133428352618,-2.8421709430404e-14
exhale,110,11.771751817777,5.6917785345109,0
exhale,120,11.771751817777,5.867436100805,7.105427357601e-15
exhale,130,11.771751817777,6.1994190828624,7.4606987254811e-13
exhale,140,11.771751817777,5.316793261795,-2.1316282072803e-14
exhale,50,11.795639821639,4.835744347362,-1.6484591469634e-12
exhale,60,11.795639821639,5.7160914781646,0
exhale,70,11.795639821639,6.5702264193486,-2.0605739337043e-12
exhale,80,11.795639821639,5.9003029781871,-1.4210854715202e-14
exhale,90,11.795639821639,6.1329519902541,2.8421709430404e-14
exhale,110,11.795639821639,5.6911705455574,0
exhale,120,11.795639821639,5.8666073596082,-7.105427357601e-15
exhale,130,11.795639821639,6.1983935152671,7.5317529990571e-13
exhale,140,11.795639821639,5.3158378886648,7.105427357601e-15
exhale,50,11.8195278255,4.8356666496345,-1.691091711109e-12
exhale,60,11.8195278255,5.7159392394526,2.8421709430404e-14
exhale,70,11.8195278255,6.5699319068618,-2.0605739337043e-12
exhale,80,11.8195278255,5.8999848951088,0
exhale,90,11.8195278255,6.1324770378511,0
exhale,110,11.8195278255,5.6905644439419,-7.105427357601e-15
exhale,120,11.8195278255,5.8657812663188,2.1316282072803e-14
exhale,130,11.8195278255,6.1973712769889,7.5317529990571e-13
exhale,140,11.8195278255,5.3148857697197,0
exhale,50,11.843415829362,4.8355891785464,-1.6768808563938e-12
exhale,60,11.843415829362,5.7157874342124,0
exhale,70,11.843415829362,6.5696382233897,-2.0321522242739e-12
exhale,80,11.843415829362,5.8996677374835,4.2632564145606e-14
exhale,90,11.843415829362,6.1320034889434,1.4210854715202e-14
exhale,110,11.843415829362,5.689960220625,2.1316282072803e-14
exhale,120,11.843415829362,5.8649578079381,-2.1316282072803e-14
exhale,130,11.843415829362,6.1963523514699,7.8159700933611e-13
exhale,140,11.843415829362,5.3139368879915,0
exhale,50,11.867303833224,4.8355119330664,-1.6768808563938e-12
exhale,60,11.867303833224,5.715636060517,-1.4210854715202e-14
exhale,70,11.867303833224,6.569345365295,-2.0463630789891e-12
exhale,80,11.867303833224,5.8993515011257,-2.8421709430404e-14
exhale,90,11.867303833224,6.1315313371069,2.8421709430404e-14
exhale,110,11.867303833224,5.6893578666278,-2.1316282072803e-14
exhale,120,11.867303833224,5.8641369715558,2.8421709430404e-14
exhale,130,11.867303833224,6.1953367222656,7.8159700933611e-13
exhale,140,11.867303833224,5.3129912266336,-7.105427357601e-15
exhale,50,11.891191837086,4.8354349121701,-1.6768808563938e-12
exhale,60,11.891191837086,5.7154851164516,0
exhale,70,11.891191837086,6.5690533289636,-2.0321522242739e-12
exhale,80,11.891191837086,5.8990361818766,2.8421709430404e-14
exhale,90,11.891191837086,6.1310605759589,1.4210854715202e-14
exhale,110,11.891191837086,5.6887573730309,0
exhale,120,11.891191837086,5.8633187443491,-7.105427357601e-15
exhale,130,11.891191837086,6.1943243730443,7.8870243669371e-13
exhale,140,11.891191837086,5.3120487689194,7.105427357601e-15
exhale,50,11.915079840948,4.8353581148394,-1.691091711109e-12
exhale,60,11.915079840948,5.7153346001132,0
exhale,70,11.915079840948,6.5687621108035,-2.0321522242739e-12
exhale,80,11.915079840948,5.8987217756039,0
exhale,90,11.915079840948,6.1305911991577,1.4210854715202e-14
exhale,110,11.915079840948,5.6881587309745,-7.105427357601e-15
exhale,120,11.915079840948,5.8625031135818,7.105427357601e-15
exhale,130,11.915079840948,6.1933152875856,7.8870243669371e-13
exhale,140,11.915079840948,5.3111094982415,0
exhale,50,11.938967844809,4.8352815400629,-1.6626700016786e-12
exhale,60,11.938967844809,5.715184509611,2.8421709430404e-14
exhale,70,11.938967844809,6.5684717072452,-2.0463630789891e-12
exhale,80,11.938967844809,5.8984082782014,4.2632564145606e-14
exhale,90,11.938967844809,6.1301232004019,-1.4210854715202e-14
exhale,110,11.938967844809,5.6875619316572,-2.8421709430404e-14
exhale,120,11.938967844809,5.8616900666039,-2.1316282072803e-14
exhale,130,11.938967844809,6.1923094497798,8.0291329140891e-13
exhale,140,11.938967844809,5.310173398111,7.105427357601e-15
exhale,50,11.962855848671,4.8352051868355,-1.6768808563938e-12
exhale,60,11.962855848671,5.715034843066,-4.2632564145606e-14
exhale,70,11.962855848671,6.5681821147409,-2.0605739337043e-12
exhale,80,11.962855848671,5.8980956855892,0
exhale,90,11.962855848671,6.1296565734307,-7.105427357601e-14
exhale,110,11.962855848671,5.686966966336,0
exhale,120,11.962855848671,5.8608795908506,-7.105427357601e-15
exhale,130,11.962855848671,6.1913068436265,7.8870243669371e-13
exhale,140,11.962855848671,5.3092404521556,-1.4210854715202e-14
exhale,50,11.986743852533,4.8351290541588,-1.6342482922482e-12
exhale,60,11.986743852533,5.7148855986109,1.4210854715202e-14
exhale,70,11.986743852533,6.5678933297653,-2.0179413695587e-12
exhale,80,11.986743852533,5.897783993713,-2.8421709430404e-14
exhale,90,11.986743852533,6.129191312023,-2.8421709430404e-14
exhale,110,11.986743852533,5.6863738263256,0
exhale,120,11.986743852533,5.8600716738414,-2.1316282072803e-14
exhale,130,11.986743852533,6.1903074532344,8.1001871876651e-13
exhale,140,11.986743852533,5.3083106441194,-1.4210854715202e-14
exhale,50,12.010631856395,4.8350531410405,-1.6626700016786e-12
exhale,60,12.010631856395,5.7147367743902,0
exhale,70,12.010631856395,6.5676053488142,-2.0179413695587e-12
exhale,80,12.010631856395,5.8974731985442,1.4210854715202e-14
exhale,90,12.010631856395,6.1287274099974,1.4210854715202e-14
exhale,110,12.010631856395,5.6857825029979,-1.4210854715202e-14
exhale,120,12.010631856395,5.85926630318,7.105427357601e-15
exhale,130,12.010631856395,6.1893112628194,8.1712414612412e-13
exhale,140,12.010631856395,5.3073839578611,7.105427357601e-15
exhale,50,12.034519860256,4.8349774464947,-1.691091711109e-12
exhale,60,12.034519860256,5.7145883685599,0
exhale,70,12.034519860256,6.5673181684054,-2.0463630789891e-12
exhale,80,12.034519860256,5.8971632960798,2.8421709430404e-14
exhale,90,12.034519860256,6.1282648612118,-1.4210854715202e-14
exhale,110,12.034519860256,5.6851929877817,0
exhale,120,12.034519860256,5.8584634665528,1.4210854715202e-14
exhale,130,12.034519860256,6.1883182567046,8.2422957348172e-13
exhale,140,12.034519860256,5.3064603773536,-7.105427357601e-15
exhale,50,12.058407864118,4.8349019695419,-1.6626700016786e-12
exhale,60,12.058407864118,5.7144403792875,0
exhale,70,12.058407864118,6.5670317850779,-2.0037305148435e-12
exhale,80,12.058407864118,5.8968542823418,0
exhale,90,12.058407864118,6.127803659563,-2.8421709430404e-14
exhale,110,12.058407864118,5.6846052721618,0
exhale,120,12.058407864118,5.8576631517288,2.1316282072803e-14
exhale,130,12.058407864118,6.1873284193188,8.2422957348172e-13
exhale,140,12.058407864118,5.3055398866827,-2.1316282072803e-14
exhale,50,12.08229586798,4.8348267092086,-1.691091711109e-12
exhale,60,12.08229586798,5.7142928047518,-5.6843418860808e-14
exhale,70,12.08229586798,6.566746195392,-2.0321522242739e-12
exhale,80,12.08229586798,5.8965461533772,4.2632564145606e-14
exhale,90,12.08229586798,6.1273437989865,2.8421709430404e-14
exhale,110,12.08229586798,5.6840193476792,1.4210854715202e-14
exhale,120,12.08229586798,5.8568653465585,3.5527136788005e-14
exhale,130,12.08229586798,6.1863417351956,8.2422957348172e-13
exhale,140,12.08229586798,5.3046224700459,0
exhale,50,12.106183871842,4.8347516645277,-1.6484591469634e-12
exhale,60,12.106183871842,5.7141456431431,2.8421709430404e-14
exhale,70,12.106183871842,6.566461395929,-2.0321522242739e-12
exhale,80,12.106183871842,5.8962389052578,0
exhale,90,12.106183871842,6.1268852734559,0
exhale,110,12.106183871842,5.6834352059299,-1.4210854715202e-14
exhale,120,12.106183871842,5.8560700389735,-1.4210854715202e-14
exhale,130,12.106183871842,6.1853581889728,8.3133500083932e-13
exhale,140,12.106183871842,5.3037081117517,7.105427357601e-15
exhale,50,12.130071875703,4.8346768345379,-1.6484591469634e-12
exhale,60,12.130071875703,5.7139988926628,1.4210854715202e-14
exhale,70,12.130071875703,6.5661773832911,-2.0037305148435e-12
exhale,80,12.130071875703,5.8959325340802,1.4210854715202e-14
exhale,90,12.130071875703,6.1264280769831,1.4210854715202e-14
exhale,110,12.130071875703,5.6828528385649,2.1316282072803e-14
exhale,120,12.130071875703,5.8552772169856,0
exhale,130,12.130071875703,6.1843777653913,8.5265128291212e-13
exhale,140,12.130071875703,5.3027967962187,-7.105427357601e-15
exhale,50,12.153959879565,4.8346022182842,-1.6484591469634e-12
exhale,60,12.153959879565,5.7138525515234,0
exhale,70,12.153959879565,6.5658941541011,-1.9895196601283e-12
exhale,80,12.153959879565,5.8956270359651,0
exhale,90,12.153959879565,6.1259722036175,2.8421709430404e-14
exhale,110,12.153959879565,5.6822722372898,-2.1316282072803e-14
exhale,120,12.153959879565,5.8544868686863,1.4210854715202e-14
exhale,130,12.153959879565,6.1834004492944,8.5975671026972e-13
exhale,140,12.153959879565,5.3018885079741,0
exhale,50,12.177847883427,4.8345278148177,-1.6342482922482e-12
exhale,60,12.177847883427,5.7137066179484,0
exhale,70,12.177847883427,6.5656117050024,-1.9895196601283e-12
exhale,80,12.177847883427,5.8953224070575,-1.4210854715202e-14
exhale,90,12.177847883427,6.1255176474461,-1.4210854715202e-14
exhale,110,12.177847883427,5.6816933938638,7.105427357601e-15
exhale,120,12.177847883427,5.8536989822457,0
exhale,130,12.177847883427,6.1824262256265,8.5265128291212e-13
exhale,140,12.177847883427,5.3009832316532,7.105427357601e-15
exhale,50,12.201735887289,4.8344536231951,-1.6484591469634e-12
exhale,60,12.201735887289,5.7135610901724,1.4210854715202e-14
exhale,70,12.201735887289,6.565330032659,-2.0179413695587e-12
exhale,80,12.201735887289,5.8950186435266,1.4210854715202e-14
exhale,90,12.201735887289,6.1250644025926,-1.4210854715202e-14
exhale,110,12.201735887289,5.6811163000999,7.105427357601e-15
exhale,120,12.201735887289,5.8529135459126,-2.1316282072803e-14
exhale,130,12.201735887289,6.1814550794329,8.5265128291212e-13
exhale,140,12.201735887289,5.3000809519985,0
exhale,50,12.22562389115,4.8343796424793,-1.6342482922482e-12
exhale,60,12.22562389115,5.7134159664406,-2.8421709430404e-14
exhale,70,12.22562389115,6.5650491337548,-2.0037305148435e-12
exhale,80,12.22562389115,5.8947157415652,-1.4210854715202e-14
exhale,90,12.22562389115,6.1246124632178,-1.4210854715202e-14
exhale,110,12.22562389115,5.6805409478641,-2.1316282072803e-14
exhale,120,12.22562389115,5.8521305480131,-7.105427357601e-15
exhale,130,12.22562389115,6.1804869958582,8.7396756498492e-13
exhale,140,12.22562389115,5.2991816538583,-2.1316282072803e-14
exhale,50,12.249511895012,4.834305871739,-1.691091711109e-12
exhale,60,12.249511895012,5.7132712450091,-4.2632564145606e-14
exhale,70,12.249511895012,6.564769004994,-1.9753088054131e-12
exhale,80,12.249511895012,5.8944136973896,2.8421709430404e-14
exhale,90,12.249511895012,6.124161823519,0
exhale,110,12.249511895012,5.6799673290748,-7.105427357601e-15
exhale,120,12.249511895012,5.8513499769503,7.105427357601e-15
exhale,130,12.249511895012,6.1795219601462,8.6686213762732e-13
exhale,140,12.249511895012,5.2982853221861,0
exhale,50,12.273399898874,4.8342323100487,-1.6342482922482e-12
exhale,60,12.273399898874,5.7131269241449,-1.4210854715202e-14
exhale,70,12.273399898874,6.5644896431006,-1.9610979506979e-12
exhale,80,12.273399898874,5.8941125072399,2.8421709430404e-14
exhale,90,12.273399898874,6.1237124777296,4.2632564145606e-14
exhale,110,12.273399898874,5.679395435703,0
exhale,120,12.273399898874,5.8505718212035,7.105427357601e-15
exhale,130,12.273399898874,6.1785599576383,8.6686213762732e-13
exhale,140,12.273399898874,5.2973919420397,1.4210854715202e-14
exhale,50,12.297287902736,4.8341589564887,-1.691091711109e-12
exhale,60,12.297287902736,5.7129830021252,2.8421709430404e-14
exhale,70,12.297287902736,6.5642110448183,-2.0037305148435e-12
exhale,80,12.297287902736,5.8938121673791,-1.4210854715202e-14
exhale,90,12.297287902736,6.1232644201188,1.4210854715202e-14
exhale,110,12.297287902736,5.678825259771,0
exhale,120,12.297287902736,5.8497960693278,7.105427357601e-15
exhale,130,12.297287902736,6.1776009737734,8.8817841970013e-13
exhale,140,12.297287902736,5.29650149858,7.105427357601e-15
exhale,50,12.321175906597,4.834085810145,-1.6768808563938e-12
exhale,60,12.321175906597,5.7128394772379,0
exhale,70,12.321175906597,6.5639332069106,-1.9895196601283e-12
exhale,80,12.321175906597,5.8935126740935,1.4210854715202e-14
exhale,90,12.321175906597,6.1228176449915,0
exhale,110,12.321175906597,5.6782567933528,7.105427357601e-15
exhale,120,12.321175906597,5.8490227099533,-7.105427357601e-15
exhale,130,12.321175906597,6.1766449940866,8.8817841970013e-13
exhale,140,12.321175906597,5.2956139770704,-1.4210854715202e-14
exhale,50,12.345063910459,4.8340128701092,-1.691091711109e-12
exhale,60,12.345063910459,5.7126963477814,4.2632564145606e-14
exhale,70,12.345063910459,6.5636561261601,-1.9610979506979e-12
exhale,80,12.345063910459,5.893214023692,0
exhale,90,12.345063910459,6.1223721466881,-1.4210854715202e-14
exhale,110,12.345063910459,5.6776900285731,1.4210854715202e-14
exhale,120,12.345063910459,5.8482517317843,1.4210854715202e-14
exhale,130,12.345063910459,6.1756920042084,9.0238927441533e-13
exhale,140,12.345063910459,5.2947293628758,-2.8421709430404e-14
exhale,50,12.368951914321,4.8339401354787,-1.6342482922482e-12
exhale,60,12.368951914321,5.7125536120642,0
exhale,70,12.368951914321,6.5633797993691,-1.9895196601283e-12
exhale,80,12.368951914321,5.8929162125064,-1.4210854715202e-14
exhale,90,12.368951914321,6.1219279195838,-1.4210854715202e-14
exhale,110,12.368951914321,5.6771249576071,0
exhale,120,12.368951914321,5.8474831235991,-1.4210854715202e-14
exhale,130,12.368951914321,6.1747419898644,9.2370555648813e-13
exhale,140,12.368951914321,5.2938476414616,1.4210854715202e-14
exhale,50,12.392839918183,4.8338676053563,-1.691091711109e-12
exhale,60,12.392839918183,5.7124112684055,5.6843418860808e-14
exhale,70,12.392839918183,6.5631042233588,-1.9753088054131e-12
exhale,80,12.392839918183,5.8926192368909,-4.2632564145606e-14
exhale,90,12.392839918183,6.1214849580886,0
exhale,110,12.392839918183,5.6765615726802,7.105427357601e-15
exhale,120,12.392839918183,5.846716874249,0
exhale,130,12.392839918183,6.1737949368738,9.1660012913053e-13
exhale,140,12.392839918183,5.292968798393,0
exhale,50,12.416727922045,4.8337952788506,-1.6768808563938e-12
exhale,60,12.416727922045,5.7122693151341,0
exhale,70,12.416727922045,6.5628293949694,-1.9610979506979e-12
exhale,80,12.416727922045,5.8923230932222,2.8421709430404e-14
exhale,90,12.416727922045,6.121043256647,0
exhale,110,12.416727922045,5.6759998660671,1.4210854715202e-14
exhale,120,12.416727922045,5.8459529726577,0
exhale,130,12.416727922045,6.1728508311489,9.3081098384573e-13
exhale,140,12.416727922045,5.2920928193339,-7.105427357601e-15
exhale,50,12.440615925906,4.8337231550754,-1.691091711109e-12
exhale,60,12.440615925906,5.7121277505895,0
exhale,70,12.440615925906,6.5625553110599,-1.9610979506979e-12
exhale,80,12.440615925906,5.8920277778989,0
exhale,90,12.440615925906,6.120602809738,-1.4210854715202e-14
exhale,110,12.440615925906,5.6754398300922,0
exhale,120,12.440615925906,5.8451914078212,-1.4210854715202e-14
exhale,130,12.440615925906,6.1719096586947,9.3791641120333e-13
exhale,140,12.440615925906,5.2912196900463,0
exhale,50,12.464503929768,4.8336512331501,-1.6768808563938e-12
exhale,60,12.464503929768,5.7119865731207,0
exhale,70,12.464503929768,6.5622819685081,-1.9753088054131e-12
exhale,80,12.464503929768,5.8917332873416,-1.4210854715202e-14
exhale,90,12.464503929768,6.120163611874,0
exhale,110,12.464503929768,5.6748814571285,-7.105427357601e-15
exhale,120,12.464503929768,5.8444321688066,1.4210854715202e-14
exhale,130,12.464503929768,6.1709714056075,9.3791641120333e-13
exhale,140,12.464503929768,5.2903493963894,0
exhale,50,12.48839193363,4.8335795121995,-1.7053025658242e-12
exhale,60,12.48839193363,5.711845781087,0
exhale,70,12.48839193363,6.5620093642104,-1.9610979506979e-12
exhale,80,12.48839193363,5.891439617993,-1.4210854715202e-14
exhale,90,12.48839193363,6.1197256576015,0
exhale,110,12.48839193363,5.6743247395974,0
exhale,120,12.48839193363,5.8436752447516,0
exhale,130,12.48839193363,6.1700360580745,9.5923269327614e-13
exhale,140,12.48839193363,5.2894819243185,-7.105427357601e-15
exhale,50,12.512279937492,4.8335079913538,-1.6768808563938e-12
exhale,60,12.512279937492,5.7117053728573,-2.8421709430404e-14
exhale,70,12.512279937492,6.5617374950815,-1.9610979506979e-12
exhale,80,12.512279937492,5.8911467663171,1.4210854715202e-14
exhale,90,12.512279937492,6.1192889415003,-2.8421709430404e-14
exhale,110,12.512279937492,5.6737696699685,7.105427357601e-15
exhale,120,12.512279937492,5.8429206248645,-2.1316282072803e-14
exhale,130,12.512279937492,6.1691036023731,9.3791641120333e-13
exhale,140,12.512279937492,5.2886172598845,-1.4210854715202e-14
exhale,50,12.536167941353,4.8334366697484,-1.691091711109e-12
exhale,60,12.536167941353,5.7115653468106,1.4210854715202e-14
exhale,70,12.536167941353,6.5614663580544,-1.9610979506979e-12
exhale,80,12.536167941353,5.8908547287995,0
exhale,90,12.536167941353,6.1188534581832,5.6843418860808e-14
exhale,110,12.536167941353,5.6732162407589,1.4210854715202e-14
exhale,120,12.536167941353,5.8421682984227,7.105427357601e-15
exhale,130,12.536167941353,6.1681740248698,9.5923269327614e-13
exhale,140,12.536167941353,5.2877553892328,1.4210854715202e-14
exhale,50,12.560055945215,4.8333655465242,-1.7053025658242e-12
exhale,60,12.560055945215,5.7114257013353,1.4210854715202e-14
exhale,70,12.560055945215,6.5611959500801,-1.9610979506979e-12
exhale,80,12.560055945215,5.8905635019471,5.6843418860808e-14
exhale,90,12.560055945215,6.118419202296,-1.4210854715202e-14
exhale,110,12.560055945215,5.6726644445332,-7.105427357601e-15
exhale,120,12.560055945215,5.8414182547729,1.4210854715202e-14
exhale,130,12.560055945215,6.1672473120199,9.5923269327614e-13
exhale,140,12.560055945215,5.2868962986028,0
exhale,50,12.583943949077,4.8332946208271,-1.6626700016786e-12
exhale,60,12.583943949077,5.7112864348297,0
exhale,70,12.583943949077,6.5609262681279,-1.9184653865523e-12
exhale,80,12.583943949077,5.8902730822878,2.8421709430404e-14
exhale,90,12.583943949077,6.1179861685172,-1.4210854715202e-14
exhale,110,12.583943949077,5.6721142739026,-7.105427357601e-15
exhale,120,12.583943949077,5.8406704833301,0
exhale,130,12.583943949077,6.1663234503664,9.7344354799134e-13
exhale,140,12.583943949077,5.2860399743268,1.4210854715202e-14
exhale,50,12.607831952939,4.8332238918083,-1.6626700016786e-12
exhale,60,12.607831952939,5.7111475457014,-1.4210854715202e-14
exhale,70,12.607831952939,6.5606573091847,-1.9468870959827e-12
exhale,80,12.607831952939,5.8899834663706,0
exhale,90,12.607831952939,6.1175543515574,0
exhale,110,12.607831952939,5.6715657215251,-1.4210854715202e-14
exhale,120,12.607831952939,5.8399249735774,1.4210854715202e-14
exhale,130,12.607831952939,6.1654024265394,9.6633812063374e-13
exhale,140,12.607831952939,5.2851864028293,-7.105427357601e-15
exhale,50,12.6317199568,4.8331533586242,-1.691091711109e-12
exhale,60,12.6317199568,5.7110090323677,5.6843418860808e-14
exhale,70,12.6317199568,6.5603890702551,-1.9468870959827e-12
exhale,80,12.6317199568,5.8896946507651,-2.8421709430404e-14
exhale,90,12.6317199568,6.1171237461596,0
exhale,110,12.6317199568,5.6710187801046,7.105427357601e-15
exhale,120,12.6317199568,5.8391817150649,7.105427357601e-15
exhale,130,12.6317199568,6.1644842272557,9.9475983006414e-13
exhale,140,12.6317199568,5.2843355706262,-7.105427357601e-15
exhale,50,12.655607960662,4.8330830204363,-1.7053025658242e-12
exhale,60,12.655607960662,5.7108708932552,-1.4210854715202e-14
exhale,70,12.655607960662,6.5601215483614,-1.8900436771219e-12
exhale,80,12.655607960662,5.8894066320619,-2.8421709430404e-14
exhale,90,12.655607960662,6.1166943470984,0
exhale,110,12.655607960662,5.6704734423909,7.105427357601e-15
exhale,120,12.655607960662,5.8384406974098,-1.4210854715202e-14
exhale,130,12.655607960662,6.1635688393173,9.6633812063374e-13
exhale,140,12.655607960662,5.2834874643241,0
exhale,50,12.679495964524,4.8330128764111,-1.691091711109e-12
exhale,60,12.679495964524,5.7107331267999,4.2632564145606e-14
exhale,70,12.679495964524,6.5598547405433,-1.9042545318371e-12
exhale,80,12.679495964524,5.8891194068717,-1.4210854715202e-14
exhale,90,12.679495964524,6.1162661491803,1.4210854715202e-14
exhale,110,12.679495964524,5.669929701179,-7.105427357601e-15
exhale,120,12.679495964524,5.8377019102952,-2.1316282072803e-14
exhale,130,12.679495964524,6.1626562496117,9.8054897534894e-13
exhale,140,12.679495964524,5.2826420706195,-7.105427357601e-15
exhale,50,12.703383968386,4.8329429257201,-1.6626700016786e-12
exhale,60,12.703383968386,5.710595731447,0
exhale,70,12.703383968386,6.5595886438578,-1.9042545318371e-12
exhale,80,12.703383968386,5.8888329718256,0
exhale,90,12.703383968386,6.1158391472429,0
exhale,110,12.703383968386,5.6693875493093,-1.4210854715202e-14
exhale,120,12.703383968386,5.8369653434701,0
exhale,130,12.703383968386,6.1617464451104,1.0231815394945e-12
exhale,140,12.703383968386,5.2817993762979,0
exhale,50,12.727271972247,4.8328731675401,-1.6626700016786e-12
exhale,60,12.727271972247,5.710458705651,1.4210854715202e-14
exhale,70,12.727271972247,6.5593232553791,-1.8900436771219e-12
exhale,80,12.727271972247,5.8885473235749,1.4210854715202e-14
exhale,90,12.727271972247,6.1154133361549,1.4210854715202e-14
exhale,110,12.727271972247,5.6688469796664,0
exhale,120,12.727271972247,5.8362309867486,-7.105427357601e-15
exhale,130,12.727271972247,6.1608394128684,9.8054897534894e-13
exhale,140,12.727271972247,5.2809593682331,-1.4210854715202e-14
exhale,50,12.751159976109,4.8328036010524,-1.6484591469634e-12
exhale,60,12.751159976109,5.7103220478754,-1.4210854715202e-14
exhale,70,12.751159976109,6.5590585721984,-1.9042545318371e-12
exhale,80,12.751159976109,5.888262458791,4.2632564145606e-14
exhale,90,12.751159976109,6.1149887108162,-1.4210854715202e-14
exhale,110,12.751159976109,5.6683079851796,2.8421709430404e-14
exhale,120,12.751159976109,5.8354988300094,7.105427357601e-15
exhale,130,12.751159976109,6.159935140024,1.0160761121369e-12
exhale,140,12.751159976109,5.2801220333867,0
exhale,50,12.775047979971,4.8327342254436,-1.6768808563938e-12
exhale,60,12.775047979971,5.7101857565928,-2.8421709430404e-14
exhale,70,12.775047979971,6.5587945914239,-1.8616219676915e-12
exhale,80,12.775047979971,5.887978374165,1.4210854715202e-14
exhale,90,12.775047979971,6.1145652661569,0
exhale,110,12.775047979971,5.667770558822,0
exhale,120,12.775047979971,5.8347688631955,1.4210854715202e-14
exhale,130,12.775047979971,6.1590336137974,1.0373923942097e-12
exhale,140,12.775047979971,5.2792873588069,-7.105427357601e-15
exhale,50,12.798935983833,4.8326650399051,-1.6768808563938e-12
exhale,60,12.798935983833,5.7100498302849,-1.4210854715202e-14
exhale,70,12.798935983833,6.5585313101804,-1.8900436771219e-12
exhale,80,12.798935983833,5.8876950664077,2.8421709430404e-14
exhale,90,12.798935983833,6.1141429971379,0
exhale,110,12.798935983833,5.6672346936103,-7.105427357601e-15
exhale,120,12.798935983833,5.834041076313,-1.4210854715202e-14
exhale,130,12.798935983833,6.1581348214905,1.0231815394945e-12
exhale,140,12.798935983833,5.2784553316282,7.105427357601e-15
exhale,50,12.822823987694,4.8325960436329,-1.6768808563938e-12
exhale,60,12.822823987694,5.7099142674421,-2.8421709430404e-14
exhale,70,12.822823987694,6.5582687256097,-1.9184653865523e-12
exhale,80,12.822823987694,5.8874125322494,1.4210854715202e-14
exhale,90,12.822823987694,6.1137218987499,0
exhale,110,12.822823987694,5.6667003826043,2.8421709430404e-14
exhale,120,12.822823987694,5.8333154594316,7.105427357601e-15
exhale,130,12.822823987694,6.1572387504861,1.0373923942097e-12
exhale,140,12.822823987694,5.2776259390703,1.4210854715202e-14
exhale,50,12.846711991556,4.832527235828,-1.691091711109e-12
exhale,60,12.846711991556,5.7097790665638,-2.8421709430404e-14
exhale,70,12.846711991556,6.5580068348698,-1.9042545318371e-12
exhale,80,12.846711991556,5.8871307684399,-1.4210854715202e-14
exhale,90,12.846711991556,6.1133019660138,1.4210854715202e-14
exhale,110,12.846711991556,5.6661676189071,-7.105427357601e-15
exhale,120,12.846711991556,5.8325920026833,-7.105427357601e-15
exhale,130,12.846711991556,6.1563453882473,1.0373923942097e-12
exhale,140,12.846711991556,5.2767991684379,-7.105427357601e-15
exhale,50,12.870599995418,4.8324586156963,-1.691091711109e-12
exhale,60,12.870599995418,5.7096442261582,-1.4210854715202e-14
exhale,70,12.870599995418,6.5577456351354,-1.8758328224067e-12
exhale,80,12.870599995418,5.8868497717481,-1.4210854715202e-14
exhale,90,12.870599995418,6.1128831939801,0
exhale,110,12.870599995418,5.665636395664,2.1316282072803e-14
exhale,120,12.870599995418,5.8318706962621,-7.105427357601e-15
exhale,130,12.870599995418,6.1554547223166,1.0302869668521e-12
exhale,140,12.870599995418,5.2759750071192,-7.105427357601e-15
exhale,50,12.89448799928,4.8323901824481,-1.691091711109e-12
exhale,60,12.89448799928,5.7095097447422,2.8421709430404e-14
exhale,70,12.89448799928,6.5574851235972,-1.8616219676915e-12
exhale,80,12.89448799928,5.8865695389622,0
exhale,90,12.89448799928,6.1124655777287,2.8421709430404e-14
exhale,110,12.89448799928,5.6651067060627,0
exhale,120,12.89448799928,5.8311515304237,-2.1316282072803e-14
exhale,130,12.89448799928,6.1545667403158,1.0373923942097e-12
exhale,140,12.89448799928,5.2751534425859,1.4210854715202e-14
exhale,50,12.918376003142,4.8323219352987,-1.6768808563938e-12
exhale,60,12.918376003142,5.7093756208412,1.4210854715202e-14
exhale,70,12.918376003142,6.5572252974623,-1.8758328224067e-12
exhale,80,12.918376003142,5.8862900668891,2.8421709430404e-14
exhale,90,12.918376003142,6.1120491123688,1.4210854715202e-14
exhale,110,12.918376003142,5.6645785433329,0
exhale,120,12.918376003142,5.8304344954848,-1.4210854715202e-14
exhale,130,12.918376003142,6.1536814299447,1.0516032489249e-12
exhale,140,12.918376003142,5.2743344623923,0
exhale,50,12.942264007003,4.8322538734679,-1.691091711109e-12
exhale,60,12.942264007003,5.7092418529893,0
exhale,70,12.942264007003,6.5569661539537,-1.8900436771219e-12
exhale,80,12.942264007003,5.8860113523547,0
exhale,90,12.942264007003,6.1116337930387,1.4210854715202e-14
exhale,110,12.942264007003,5.6640519007455,0
exhale,120,12.942264007003,5.8297195818227,7.105427357601e-15
exhale,130,12.942264007003,6.1527987789809,1.0729195309978e-12
exhale,140,12.942264007003,5.2735180541744,-7.105427357601e-15
exhale,50,12.966152010865,4.8321859961801,-1.7195134205394e-12
exhale,60,12.966152010865,5.7091084397293,0
exhale,70,12.966152010865,6.5567076903105,-1.8758328224067e-12
exhale,80,12.966152010865,5.8857333922035,0
exhale,90,12.966152010865,6.1112196149054,1.4210854715202e-14
exhale,110,12.966152010865,5.6635267716132,-7.105427357601e-15
exhale,120,12.966152010865,5.8290067798746,-1.4210854715202e-14
exhale,130,12.966152010865,6.1519187752791,1.0658141036402e-12
exhale,140,12.966152010865,5.2727042056495,-1.4210854715202e-14
exhale,50,12.990040014727,4.8321183026644,-1.7053025658242e-12
exhale,60,12.990040014727,5.708975379612,0
exhale,70,12.990040014727,6.5564499037874,-1.8900436771219e-12
exhale,80,12.990040014727,5.8854561832983,1.4210854715202e-14
exhale,90,12.990040014727,6.1108065731644,-1.4210854715202e-14
exhale,110,12.990040014727,5.6630031492891,1.4210854715202e-14
exhale,120,12.990040014727,5.8282960801377,7.105427357601e-15
exhale,130,12.990040014727,6.1510414067705,1.0942358130706e-12
exhale,140,12.990040014727,5.2718929046154,0
exhale,50,13.013928018589,4.8320507921543,-1.7053025658242e-12
exhale,60,13.013928018589,5.7088426711971,-1.4210854715202e-14
exhale,70,13.013928018589,6.5561927916549,-1.8616219676915e-12
exhale,80,13.013928018589,5.8851797225206,2.8421709430404e-14
exhale,90,13.013928018589,6.1103946630398,0
exhale,110,13.013928018589,5.6624810271671,0
exhale,120,13.013928018589,5.827587473168,2.1316282072803e-14
exhale,130,13.013928018589,6.1501666614619,1.087130385713e-12
exhale,140,13.013928018589,5.2710841389495,-2.1316282072803e-14
exhale,50,13.03781602245,4.831983463888,-1.7053025658242e-12
exhale,60,13.03781602245,5.7087103130522,-5.6843418860808e-14
exhale,70,13.03781602245,6.5559363511992,-1.8616219676915e-12
exhale,80,13.03781602245,5.88490400677,1.4210854715202e-14
exhale,90,13.03781602245,6.1099838797835,1.4210854715202e-14
exhale,110,13.03781602245,5.6619603986816,7.105427357601e-15
exhale,120,13.03781602245,5.8268809495803,-7.105427357601e-15
exhale,130,13.03781602245,6.1492945274355,1.1013412404282e-12
exhale,140,13.03781602245,5.2702778966085,7.105427357601e-15
exhale,50,13.061704026312,4.831916317108,-1.7195134205394e-12
exhale,60,13.061704026312,5.7085783037534,-1.4210854715202e-14
exhale,70,13.061704026312,6.5556805797217,-1.8189894035459e-12
exhale,80,13.061704026312,5.8846290329641,-1.4210854715202e-14
exhale,90,13.061704026312,6.1095742186757,-2.8421709430404e-14
exhale,110,13.061704026312,5.6614412573065,2.8421709430404e-14
exhale,120,13.061704026312,5.8261765000475,2.1316282072803e-14
exhale,130,13.061704026312,6.1484249928482,1.1155520951434e-12
exhale,140,13.061704026312,5.2694741656278,7.105427357601e-15
exhale,50,13.085592030174,4.8318493510614,-1.6626700016786e-12
exhale,60,13.085592030174,5.708446641885,1.4210854715202e-14
exhale,70,13.085592030174,6.5554254745393,-1.8616219676915e-12
exhale,80,13.085592030174,5.8843547980385,-1.4210854715202e-14
exhale,90,13.085592030174,6.109165675024,0
exhale,110,13.085592030174,5.6609235965557,0
exhale,120,13.085592030174,5.8254741153005,7.105427357601e-15
exhale,130,13.085592030174,6.1475580459307,1.1155520951434e-12
exhale,140,13.085592030174,5.2686729341205,7.105427357601e-15
exhale,50,13.109480034036,4.8317825649995,-1.691091711109e-12
exhale,60,13.109480034036,5.7083153260394,0
exhale,70,13.109480034036,6.5551710329841,-1.8332002582611e-12
exhale,80,13.109480034036,5.8840812989468,0
exhale,90,13.109480034036,6.1087582441637,-1.4210854715202e-14
exhale,110,13.109480034036,5.6604074099823,-1.4210854715202e-14
exhale,120,13.109480034036,5.8247737861271,-1.4210854715202e-14
exhale,130,13.109480034036,6.1466936749873,1.1013412404282e-12
exhale,140,13.109480034036,5.2678741902767,0
exhale,50,13.133368037897,4.8317159581783,-1.691091711109e-12
exhale,60,13.133368037897,5.708184354817,1.4210854715202e-14
exhale,70,13.133368037897,6.5549172524034,-1.8758328224067e-12
exhale,80,13.133368037897,5.8838085326601,2.8421709430404e-14
exhale,90,13.133368037897,6.1083519214573,1.4210854715202e-14
exhale,110,13.133368037897,5.6598926911786,0
exhale,120,13.133368037897,5.8240755033721,7.105427357601e-15
exhale,130,13.133368037897,6.145831868395,1.1297629498586e-12
exhale,140,13.133368037897,5.2670779223633,0
exhale,50,13.157256041759,4.8316495298579,-1.7053025658242e-12
exhale,60,13.157256041759,5.7080537268263,-2.8421709430404e-14
exhale,70,13.157256041759,6.5546641301594,-1.8616219676915e-12
exhale,80,13.157256041759,5.883536496167,0
exhale,90,13.157256041759,6.1079467022944,0
exhale,110,13.157256041759,5.6593794337754,-2.8421709430404e-14
exhale,120,13.157256041759,5.8233792579369,2.1316282072803e-14
exhale,130,13.157256041759,6.1449726146034,1.1368683772162e-12
exhale,140,13.157256041759,5.2662841187232,-7.105427357601e-15
exhale,50,13.181144045621,4.8315832793025,-1.6484591469634e-12
exhale,60,13.181144045621,5.7079234406832,1.4210854715202e-14
exhale,70,13.181144045621,6.5544116636282,-1.8332002582611e-12
exhale,80,13.181144045621,5.8832651864727,-2.8421709430404e-14
exhale,90,13.181144045621,6.10754258209,-1.4210854715202e-14
exhale,110,13.181144045621,5.6588676314401,-7.105427357601e-15
exhale,120,13.181144045621,5.8226850407759,7.105427357601e-15
exhale,130,13.181144045621,6.1441159021301,1.1368683772162e-12
exhale,140,13.181144045621,5.2654927677716,-1.4210854715202e-14
exhale,50,13.205032049483,4.8315172057732,-1.6484591469634e-12
exhale,60,13.205032049483,5.707793494997,0
exhale,70,13.205032049483,6.5541598501726,-1.8047785488307e-12
exhale,80,13.205032049483,5.8829946005692,1.4210854715202e-14
exhale,90,13.205032049483,6.1071395562407,0
exhale,110,13.205032049483,5.6583572778224,1.4210854715202e-14
exhale,120,13.205032049483,5.8219928428236,7.105427357601e-15
exhale,130,13.205032049483,6.1432617194712,1.1510792319314e-12
exhale,140,13.205032049483,5.2647038579167,0
exhale,50,13.228920053344,4.8314513085276,-1.691091711109e-12
exhale,60,13.228920053344,5.7076638883683,-4.2632564145606e-14
exhale,70,13.228920053344,6.5539086871389,-1.8332002582611e-12
exhale,80,13.228920053344,5.8827247354321,1.4210854715202e-14
exhale,90,13.228920053344,6.1067376201201,1.4210854715202e-14
exhale,110,13.228920053344,5.6578483665482,-1.4210854715202e-14
exhale,120,13.228920053344,5.8213026549867,2.1316282072803e-14
exhale,130,13.228920053344,6.1424100550912,1.1652900866466e-12
exhale,140,13.228920053344,5.2639173775501,7.105427357601e-15
exhale,50,13.252808057206,4.8313855868268,-1.6768808563938e-12
exhale,60,13.252808057206,5.7075346194053,4.2632564145606e-14
exhale,70,13.252808057206,6.5536581718873,-1.8189894035459e-12
exhale,80,13.252808057206,5.882455588053,1.4210854715202e-14
exhale,90,13.252808057206,6.1063367691263,-1.4210854715202e-14
exhale,110,13.252808057206,5.657340891279,2.1316282072803e-14
exhale,120,13.252808057206,5.8206144682237,7.105427357601e-15
exhale,130,13.252808057206,6.1415608975211,1.1439738045738e-12
exhale,140,13.252808057206,5.2631333151348,-2.8421709430404e-14
exhale,50,13.276696061068,4.8313200399366,-1.7195134205394e-12
exhale,60,13.276696061068,5.707405686724,-2.8421709430404e-14
exhale,70,13.276696061068,6.5534083017926,-1.8474111129763e-12
exhale,80,13.276696061068,5.8821871554412,1.4210854715202e-14
exhale,90,13.276696061068,6.1059369986849,-1.4210854715202e-14
exhale,110,13.276696061068,5.6568348457151,7.105427357601e-15
exhale,120,13.276696061068,5.8199282735495,7.105427357601e-15
exhale,130,13.276696061068,6.1407142353642,1.158184659289e-12
exhale,140,13.276696061068,5.2623516592088,0
exhale,50,13.30058406493,4.831254667127,-1.7053025658242e-12
exhale,60,13.30058406493,5.7072770889486,-1.4210854715202e-14
exhale,70,13.30058406493,6.5531590742451,-1.8047785488307e-12
exhale,80,13.30058406493,5.8819194346234,2.8421709430404e-14
exhale,90,13.30058406493,6.1055383042483,2.8421709430404e-14
exhale,110,13.30058406493,5.6563302235951,0
exhale,120,13.30058406493,5.8192440620347,-7.105427357601e-15
exhale,130,13.30058406493,6.1398700572952,1.1510792319314e-12
exhale,140,13.30058406493,5.2615723983844,-2.1316282072803e-14
exhale,50,13.324472068791,4.8311894676723,-1.7195134205394e-12
exhale,60,13.324472068791,5.7071488247112,1.4210854715202e-14
exhale,70,13.324472068791,6.5529104866499,-1.8189894035459e-12
exhale,80,13.324472068791,5.881652422644,-1.4210854715202e-14
exhale,90,13.324472068791,6.1051406812958,0
exhale,110,13.324472068791,5.6558270186958,0
exhale,120,13.324472068791,5.8185618248054,7.105427357601e-15
exhale,130,13.324472068791,6.1390283520596,1.193711796077e-12
exhale,140,13.324472068791,5.260795521348,-1.4210854715202e-14
exhale,50,13.348360072653,4.8311244408511,-1.7053025658242e-12
exhale,60,13.348360072653,5.7070208926518,-1.4210854715202e-14
exhale,70,13.348360072653,6.5526625364268,-1.8047785488307e-12
exhale,80,13.348360072653,5.8813861165643,0
exhale,90,13.348360072653,6.1047441253333,0
exhale,110,13.348360072653,5.6553252248318,-1.4210854715202e-14
exhale,120,13.348360072653,5.8178815530423,1.4210854715202e-14
exhale,130,13.348360072653,6.1381891084732,1.193711796077e-12
exhale,140,13.348360072653,5.2600210168596,-1.4210854715202e-14
exhale,50,13.372248076515,4.8310595859461,-1.6768808563938e-12
exhale,60,13.372248076515,5.7068932914183,0
exhale,70,13.372248076515,6.5524152210105,-1.7905676941155e-12
exhale,80,13.372248076515,5.881120513463,0
exhale,90,13.372248076515,6.1043486318931,1.4210854715202e-14
exhale,110,13.372248076515,5.6548248358552,0
exhale,120,13.372248076515,5.8172032379809,7.105427357601e-15
exhale,130,13.372248076515,6.1373523154214,1.1795009413618e-12
exhale,140,13.372248076515,5.2592488737514,2.1316282072803e-14
exhale,50,13.396136080377,4.8309949022444,-1.7053025658242e-12
exhale,60,13.396136080377,5.7067660196662,-2.8421709430404e-14
exhale,70,13.396136080377,6.5521685378501,-1.8189894035459e-12
exhale,80,13.396136080377,5.8808556104355,0
exhale,90,13.396136080377,6.1039541965337,-2.8421709430404e-14
exhale,110,13.396136080377,5.6543258456553,1.4210854715202e-14
exhale,120,13.396136080377,5.8165268709103,-1.4210854715202e-14
exhale,130,13.396136080377,6.1365179618589,1.2079226507922e-12
exhale,140,13.396136080377,5.258479080928,2.8421709430404e-14
exhale,50,13.420024084239,4.8309303890371,-1.7195134205394e-12
exhale,60,13.420024084239,5.706639076059,-1.4210854715202e-14
exhale,70,13.420024084239,6.5519224844094,-1.7905676941155e-12
exhale,80,13.420024084239,5.8805914045944,1.4210854715202e-14
exhale,90,13.420024084239,6.1035608148396,0
exhale,110,13.420024084239,5.6538282481583,-1.4210854715202e-14
exhale,120,13.420024084239,5.8158524431736,1.4210854715202e-14
exhale,130,13.420024084239,6.135686036809,1.2079226507922e-12
exhale,140,13.420024084239,5.2577116273656,0
exhale,50,13.4439120881,4.8308660456194,-1.7195134205394e-12
exhale,60,13.4439120881,5.7065124592675,1.4210854715202e-14
exhale,70,13.4439120881,6.5516770581664,-1.7763568394003e-12
exhale,80,13.4439120881,5.8803278930689,0
exhale,90,13.4439120881,6.1031684824209,-1.4210854715202e-14
exhale,110,13.4439120881,5.653332037327,7.105427357601e-15
exhale,120,13.4439120881,5.8151799461669,7.105427357601e-15
exhale,130,13.4439120881,6.1348565293629,1.2150280781498e-12
exhale,140,13.4439120881,5.2569465021111,0
exhale,50,13.467800091962,4.8308018712908,-1.7053025658242e-12
exhale,60,13.467800091962,5.7063861679705,1.4210854715202e-14
exhale,70,13.467800091962,6.5514322566134,-1.8047785488307e-12
exhale,80,13.467800091962,5.8800650730047,-1.4210854715202e-14
exhale,90,13.467800091962,6.1027771949138,-1.4210854715202e-14
exhale,110,13.467800091962,5.6528372071608,-2.1316282072803e-14
exhale,120,13.467800091962,5.8145093713391,2.1316282072803e-14
exhale,130,13.467800091962,6.1340294286796,1.2150280781498e-12
exhale,140,13.467800091962,5.256183694282,-1.4210854715202e-14
exhale,50,13.491688095824,4.8307378653547,-1.7195134205394e-12
exhale,60,13.491688095824,5.7062602008541,5.6843418860808e-14
exhale,70,13.491688095824,6.551188077257,-1.8189894035459e-12
exhale,80,13.491688095824,5.8798029415643,2.8421709430404e-14
exhale,90,13.491688095824,6.1023869479794,0
exhale,110,13.491688095824,5.6523437516948,-7.105427357601e-15
exhale,120,13.491688095824,5.8138407101913,1.4210854715202e-14
exhale,130,13.491688095824,6.1332047239849,1.2221335055074e-12
exhale,140,13.491688095824,5.2554231930653,-1.4210854715202e-14
exhale,50,13.515576099686,4.8306740271186,-1.7337242752546e-12
exhale,60,13.515576099686,5.706134556612,-4.2632564145606e-14
exhale,70,13.515576099686,6.5509445176179,-1.762145984685e-12
exhale,80,13.515576099686,5.8795414959262,-1.4210854715202e-14
exhale,90,13.515576099686,6.1019977373043,1.4210854715202e-14
exhale,110,13.515576099686,5.6518516650004,-7.105427357601e-15
exhale,120,13.515576099686,5.8131739542769,-7.105427357601e-15
exhale,130,13.515576099686,6.1323824045711,1.2363443602226e-12
exhale,140,13.515576099686,5.2546649877175,-1.4210854715202e-14
exhale,50,13.539464103547,4.830610355894,-1.7337242752546e-12
exhale,60,13.539464103547,5.7060092339453,-1.4210854715202e-14
exhale,70,13.539464103547,6.5507015752304,-1.7763568394003e-12
exhale,80,13.539464103547,5.8792807332855,-1.4210854715202e-14
exhale,90,13.539464103547,6.1016095586001,0
exhale,110,13.539464103547,5.651360941184,7.105427357601e-15
exhale,120,13.539464103547,5.8125090952004,0
exhale,130,13.539464103547,6.1315624597966,1.2434497875802e-12
exhale,140,13.539464103547,5.2539090675637,7.105427357601e-15
exhale,50,13.563352107409,4.8305468509965,-1.7337242752546e-12
exhale,60,13.563352107409,5.7058842315624,1.4210854715202e-14
exhale,70,13.563352107409,6.5504592476432,-1.8047785488307e-12
exhale,80,13.563352107409,5.8790206508531,1.4210854715202e-14
exhale,90,13.563352107409,6.1012224076032,0
exhale,110,13.563352107409,5.6508715743876,1.4210854715202e-14
exhale,120,13.563352107409,5.8118461246178,7.105427357601e-15
exhale,130,13.563352107409,6.1307448790851,1.264766069653e-12
exhale,140,13.563352107409,5.2531554219968,7.105427357601e-15
exhale,50,13.587240111271,4.8304835117453,-1.7053025658242e-12
exhale,60,13.587240111271,5.7057595481793,-1.4210854715202e-14
exhale,70,13.587240111271,6.5502175324183,-1.7479351299698e-12
exhale,80,13.587240111271,5.8787612458562,0
exhale,90,13.587240111271,6.1008362800748,1.4210854715202e-14
exhale,110,13.587240111271,5.6503835587881,0
exhale,120,13.587240111271,5.8111850342356,7.105427357601e-15
exhale,130,13.587240111271,6.1299296519251,1.2789769243682e-12
exhale,140,13.587240111271,5.2524040404776,-1.4210854715202e-14
exhale,50,13.611128115133,4.830420337464,-1.7053025658242e-12
exhale,60,13.611128115133,5.7056351825189,1.4210854715202e-14
exhale,70,13.611128115133,6.5499764271317,-1.7479351299698e-12
exhale,80,13.611128115133,5.8785025155377,1.4210854715202e-14
exhale,90,13.611128115133,6.1004511718003,-1.4210854715202e-14
exhale,110,13.611128115133,5.649896888597,7.105427357601e-15
exhale,120,13.611128115133,5.8105258158107,-1.4210854715202e-14
exhale,130,13.611128115133,6.1291167678698,1.2860823517258e-12
exhale,140,13.611128115133,5.2516549125338,-1.4210854715202e-14
exhale,50,13.635016118994,4.8303573274796,-1.7195134205394e-12
exhale,60,13.635016118994,5.7055111333116,0
exhale,70,13.635016118994,6.5497359293727,-1.7479351299698e-12
exhale,80,13.635016118994,5.8782444571564,0
exhale,90,13.635016118994,6.1000670785898,-1.4210854715202e-14
exhale,110,13.635016118994,5.6494115580604,1.4210854715202e-14
exhale,120,13.635016118994,5.80986846115,0
exhale,130,13.635016118994,6.128306216536,1.2789769243682e-12
exhale,140,13.635016118994,5.2509080277594,7.105427357601e-15
exhale,50,13.658904122856,4.8302944811235,-1.7479351299698e-12
exhale,60,13.658904122856,5.705387399295,1.4210854715202e-14
exhale,70,13.658904122856,6.5494960367442,-1.7479351299698e-12
exhale,80,13.658904122856,5.8779870679867,1.4210854715202e-14
exhale,90,13.658904122856,6.0996839962771,-1.4210854715202e-14
exhale,110,13.658904122856,5.6489275614585,7.105427357601e-15
exhale,120,13.658904122856,5.8092129621099,7.105427357601e-15
exhale,130,13.658904122856,6.1274979876042,1.300293206441e-12
exhale,140,13.658904122856,5.2501633758145,-7.105427357601e-15
exhale,50,13.682792126718,4.8302317977303,-1.7337242752546e-12
exhale,60,13.682792126718,5.7052639792135,1.4210854715202e-14
exhale,70,13.682792126718,6.5492567468625,-1.7337242752546e-12
exhale,80,13.682792126718,5.8777303453185,-2.8421709430404e-14
exhale,90,13.682792126718,6.0993019207202,-2.8421709430404e-14
exhale,110,13.682792126718,5.6484448931055,-1.4210854715202e-14
exhale,120,13.682792126718,5.8085593105961,-2.1316282072803e-14
exhale,130,13.682792126718,6.1266920708177,1.3073986337986e-12
exhale,140,13.682792126718,5.2494209464246,-3.5527136788005e-14
exhale,50,13.70668013058,4.830169276639,-1.7053025658242e-12
exhale,60,13.70668013058,5.705140871819,0
exhale,70,13.70668013058,6.5490180573572,-1.7195134205394e-12
exhale,80,13.70668013058,5.8774742864571,-1.4210854715202e-14
exhale,90,13.70668013058,6.0989208478009,0
exhale,110,13.70668013058,5.6479635473492,-7.105427357601e-15
exhale,120,13.70668013058,5.807907498563,-1.4210854715202e-14
exhale,130,13.70668013058,6.1258884559821,1.3073986337986e-12
exhale,140,13.70668013058,5.2486807293799,0
exhale,50,13.730568134441,4.8301069171921,-1.7053025658242e-12
exhale,60,13.730568134441,5.70501807587,-2.8421709430404e-14
exhale,70,13.730568134441,6.5487799658708,-1.7337242752546e-12
exhale,80,13.730568134441,5.8772188887233,2.8421709430404e-14
exhale,90,13.730568134441,6.0985407734243,1.4210854715202e-14
exhale,110,13.730568134441,5.6474835185708,0
exhale,120,13.730568134441,5.8072575180133,-2.8421709430404e-14
exhale,130,13.730568134441,6.1250871329651,1.3073986337986e-12
exhale,140,13.730568134441,5.247942714535,-7.105427357601e-15
exhale,50,13.754456138303,4.8300447187357,-1.7195134205394e-12
exhale,60,13.754456138303,5.7048955901323,-2.8421709430404e-14
exhale,70,13.754456138303,6.5485424700592,-1.7479351299698e-12
exhale,80,13.754456138303,5.8769641494528,-2.8421709430404e-14
exhale,90,13.754456138303,6.0981616935192,-4.2632564145606e-14
exhale,110,13.754456138303,5.6470048011847,2.1316282072803e-14
exhale,120,13.754456138303,5.8066093609981,-1.4210854715202e-14
exhale,130,13.754456138303,6.1242880916955,-1.3073986337986e-12
exhale,140,13.754456138303,5.2472068918084,0
exhale,50,13.778344142165,4.8299826806199,-1.7195134205394e-12
exhale,60,13.778344142165,5.7047734133783,-2.8421709430404e-14
exhale,70,13.778344142165,6.5483055675912,-1.7053025658242e-12
exhale,80,13.778344142165,5.8767100659968,-4.2632564145606e-14
exhale,90,13.778344142165,6.0977836040376,0
exhale,110,13.778344142165,5.6465273896382,7.105427357601e-15
exhale,120,13.778344142165,5.8059630196159,-1.4210854715202e-14
exhale,130,13.778344142165,6.123491322164,-1.300293206441e-12
exhale,140,13.778344142165,5.2464732511818,7.105427357601e-15
exhale,50,13.802232146027,4.8299208021984,-1.7195134205394e-12
exhale,60,13.802232146027,5.7046515443876,-1.4210854715202e-14
exhale,70,13.802232146027,6.5480692561483,-1.7195134205394e-12
exhale,80,13.802232146027,5.876456635721,2.8421709430404e-14
exhale,90,13.802232146027,6.0974065009543,-1.4210854715202e-14
exhale,110,13.802232146027,5.6460512784113,-7.105427357601e-15
exhale,120,13.802232146027,5.8053184860125,2.1316282072803e-14
exhale,130,13.802232146027,6.122696814421,-1.3145040611562e-12
exhale,140,13.802232146027,5.2457417826999,-2.1316282072803e-14
exhale,50,13.826120149888,4.8298590828286,-1.6626700016786e-12
exhale,60,13.826120149888,5.7045299819463,1.4210854715202e-14
exhale,70,13.826120149888,6.5478335334251,-1.7195134205394e-12
exhale,80,13.826120149888,5.8762038560064,1.4210854715202e-14
exhale,90,13.826120149888,6.0970303802674,-2.8421709430404e-14
exhale,110,13.826120149888,5.6455764620164,-1.4210854715202e-14
exhale,120,13.826120149888,5.8046757523809,0
exhale,130,13.826120149888,6.1219045585771,-1.300293206441e-12
exhale,140,13.826120149888,5.2450124764695,0
exhale,50,13.85000815375,4.8297975218713,-1.7479351299698e-12
exhale,60,13.85000815375,5.7044087248475,-1.4210854715202e-14
exhale,70,13.85000815375,6.5475983971288,-1.691091711109e-12
exhale,80,13.85000815375,5.8759517242485,0
exhale,90,13.85000815375,6.0966552379974,2.8421709430404e-14
exhale,110,13.85000815375,5.6451029349979,7.105427357601e-15
exhale,120,13.85000815375,5.8040348109605,0
exhale,130,13.85000815375,6.1211145448026,-1.2860823517258e-12
exhale,140,13.85000815375,5.2442853226594,0
exhale,50,13.873896157612,4.8297361186912,-1.7053025658242e-12
exhale,60,13.873896157612,5.7042877718908,-4.2632564145606e-14
exhale,70,13.873896157612,6.547363844979,-1.6768808563938e-12
exhale,80,13.873896157612,5.8757002378574,0
exhale,90,13.873896157612,6.0962810701875,1.4210854715202e-14
exhale,110,13.873896157612,5.6446306919324,1.4210854715202e-14
exhale,120,13.873896157612,5.803395654037,-7.105427357601e-15
exhale,130,13.873896157612,6.1203267633268,-1.2931877790834e-12
exhale,140,13.873896157612,5.2435603114995,-1.4210854715202e-14
exhale,50,13.897784161474,4.8296748726566,-1.691091711109e-12
exhale,60,13.897784161474,5.7041671218827,1.4210854715202e-14
exhale,70,13.897784161474,6.5471298747081,-1.691091711109e-12
exhale,80,13.897784161474,5.8754493942581,-1.4210854715202e-14
exhale,90,13.897784161474,6.0959078729033,0
exhale,110,13.897784161474,5.644159727428,0
exhale,120,13.897784161474,5.8027582739421,-1.4210854715202e-14
exhale,130,13.897784161474,6.119541204438,-1.264766069653e-12
exhale,140,13.897784161474,5.2428374332808,7.105427357601e-15
exhale,50,13.921672165336,4.8296137831391,-1.7195134205394e-12
exhale,60,13.921672165336,5.7040467736361,-2.8421709430404e-14
exhale,70,13.921672165336,6.5468964840609,-1.7337242752546e-12
exhale,80,13.921672165336,5.8751991908896,0
exhale,90,13.921672165336,6.0955356422327,-1.4210854715202e-14
exhale,110,13.921672165336,5.6436900361243,-7.105427357601e-15
exhale,120,13.921672165336,5.8021226630527,1.4210854715202e-14
exhale,130,13.921672165336,6.1187578584822,-1.2718714970106e-12
exhale,140,13.921672165336,5.2421166783544,0
exhale,50,13.945560169197,4.829552849514,-1.7053025658242e-12
exhale,60,13.945560169197,5.7039267259707,0
exhale,70,13.945560169197,6.5466636707944,-1.691091711109e-12
exhale,80,13.945560169197,5.8749496252055,0
exhale,90,13.945560169197,6.0951643742856,2.8421709430404e-14
exhale,110,13.945560169197,5.6432216126921,-7.105427357601e-15
exhale,120,13.945560169197,5.8014888137913,-7.105427357601e-15
exhale,130,13.945560169197,6.1179767158637,-1.2505552149378e-12
exhale,140,13.945560169197,5.2413980371315,0
exhale,50,13.969448173059,4.8294920711602,-1.7337242752546e-12
exhale,60,13.969448173059,5.7038069777124,0
exhale,70,13.969448173059,6.5464314326781,-1.7195134205394e-12
exhale,80,13.969448173059,5.8747006946736,-1.4210854715202e-14
exhale,90,13.969448173059,6.0947940651937,1.4210854715202e-14
exhale,110,13.969448173059,5.6427544518332,0
exhale,120,13.969448173059,5.8008567186251,7.105427357601e-15
exhale,130,13.969448173059,6.1171977670439,-1.2576606422954e-12
exhale,140,13.969448173059,5.2406815000826,0
exhale,50,13.993336176921,4.8294314474598,-1.7479351299698e-12
exhale,60,13.993336176921,5.7036875276939,1.4210854715202e-14
exhale,70,13.993336176921,6.5461997674933,-1.7195134205394e-12
exhale,80,13.993336176921,5.8744523967758,-1.4210854715202e-14
exhale,90,13.993336176921,6.0944247111106,-1.4210854715202e-14
exhale,110,13.993336176921,5.6422885482803,2.8421709430404e-14
exhale,120,13.993336176921,5.8002263700657,-7.105427357601e-15
exhale,130,13.993336176921,6.1164210025411,-1.2434497875802e-12
exhale,140,13.993336176921,5.2399670577371,-2.8421709430404e-14
exhale,50,14.017224180783,4.8293709777986,-1.7053025658242e-12
exhale,60,14.017224180783,5.7035683747542,-2.8421709430404e-14
exhale,70,14.017224180783,6.5459686730339,-1.691091711109e-12
exhale,80,14.017224180783,5.874204729008,-1.4210854715202e-14
exhale,90,14.017224180783,6.0940563082115,0
exhale,110,14.017224180783,5.6418238967962,-1.4210854715202e-14
exhale,120,14.017224180783,5.7995977606691,-1.4210854715202e-14
exhale,130,14.017224180783,6.1156464129301,-1.229238932865e-12
exhale,140,14.017224180783,5.239254700683,-7.105427357601e-15
exhale,50,14.041112184644,4.8293106615659,-1.7195134205394e-12
exhale,60,14.041112184644,5.7034495177386,0
exhale,70,14.041112184644,6.5457381471053,-1.691091711109e-12
exhale,80,14.041112184644,5.87395768888,1.4210854715202e-14
exhale,90,14.041112184644,6.093688852693,0
exhale,110,14.041112184644,5.6413604921745,-7.105427357601e-15
exhale,120,14.041112184644,5.7989708830349,-1.4210854715202e-14
exhale,130,14.041112184644,6.1148739888418,-1.2221335055074e-12
exhale,140,14.041112184644,5.2385444195662,-7.105427357601e-15
exhale,50,14.065000188506,4.8292504981541,-1.7337242752546e-12
exhale,60,14.065000188506,5.7033309554988,2.8421709430404e-14
exhale,70,14.065000188506,6.5455081875251,-1.6768808563938e-12
exhale,80,14.065000188506,5.8737112739157,0
exhale,90,14.065000188506,6.093322340773,-2.8421709430404e-14
exhale,110,14.065000188506,5.6408983292386,1.4210854715202e-14
exhale,120,14.065000188506,5.7983457298064,2.1316282072803e-14
exhale,130,14.065000188506,6.1141037209626,-1.2150280781498e-12
exhale,140,14.065000188506,5.2378362050901,2.1316282072803e-14
exhale,50,14.088888192368,4.8291904869592,-1.7195134205394e-12
exhale,60,14.088888192368,5.7032126868929,0
exhale,70,14.088888192368,6.5452787921227,-1.6626700016786e-12
exhale,80,14.088888192368,5.8734654816522,0
exhale,90,14.088888192368,6.0929567686905,-2.8421709430404e-14
exhale,110,14.088888192368,5.6404374028417,-1.4210854715202e-14
exhale,120,14.088888192368,5.7977222936701,-2.1316282072803e-14
exhale,130,14.088888192368,6.1133356000343,-1.2008172234346e-12
exhale,140,14.088888192368,5.2371300480156,7.105427357601e-15
exhale,50,14.11277619623,4.8291306273805,-1.7479351299698e-12
exhale,60,14.11277619623,5.7030947107851,-1.4210854715202e-14
exhale,70,14.11277619623,6.5450499587392,-1.691091711109e-12
exhale,80,14.11277619623,5.8732203096407,-1.4210854715202e-14
exhale,90,14.11277619623,6.0925921327055,1.4210854715202e-14
exhale,110,14.11277619623,5.6399777078667,-1.4210854715202e-14
exhale,120,14.11277619623,5.7971005673553,7.105427357601e-15
exhale,130,14.11277619623,6.1125696168533,-1.1866063687194e-12
exhale,140,14.11277619623,5.2364259391597,-7.105427357601e-15
exhale,50,14.136664200091,4.8290709188206,-1.7479351299698e-12
exhale,60,14.136664200091,5.7029770260459,1.4210854715202e-14
exhale,70,14.136664200091,6.5448216852275,-1.6768808563938e-12
exhale,80,14.136664200091,5.8729757554458,1.4210854715202e-14
exhale,90,14.136664200091,6.0922284290989,-1.4210854715202e-14
exhale,110,14.136664200091,5.6395192392261,-1.4210854715202e-14
exhale,120,14.136664200091,5.7964805436338,-1.4210854715202e-14
exhale,130,14.136664200091,6.1118057622704,-1.193711796077e-12
exhale,140,14.136664200091,5.2357238693961,7.105427357601e-15
exhale,50,14.160552203953,4.8290113606856,-1.7479351299698e-12
exhale,60,14.160552203953,5.7028596315519,-1.4210854715202e-14
exhale,70,14.160552203953,6.5445939694518,-1.6768808563938e-12
exhale,80,14.160552203953,5.8727318166454,1.4210854715202e-14
exhale,90,14.160552203953,6.091865654172,0
exhale,110,14.160552203953,5.6390619918612,7.105427357601e-15
exhale,120,14.160552203953,5.7958622153196,2.1316282072803e-14
exhale,130,14.160552203953,6.1110440271905,-1.193711796077e-12
exhale,140,14.160552203953,5.235023829654,-7.105427357601e-15
exhale,50,14.184440207815,4.8289519523847,-1.7195134205394e-12
exhale,60,14.184440207815,5.7027425261858,0
exhale,70,14.184440207815,6.5443668092881,-1.6484591469634e-12
exhale,80,14.184440207815,5.8724884908309,0
exhale,90,14.184440207815,6.0915038042471,-1.4210854715202e-14
exhale,110,14.184440207815,5.6386059607426,-1.4210854715202e-14
exhale,120,14.184440207815,5.7952455752688,-2.1316282072803e-14
exhale,130,14.184440207815,6.1102844025718,-1.1510792319314e-12
exhale,140,14.184440207815,5.2343258109181,7.105427357601e-15
exhale,50,14.208328211677,4.8288926933303,-1.7195134205394e-12
exhale,60,14.208328211677,5.7026257088364,0
exhale,70,14.208328211677,6.5441402026237,-1.6768808563938e-12
exhale,80,14.208328211677,5.8722457756069,-1.4210854715202e-14
exhale,90,14.208328211677,6.0911428756664,0
exhale,110,14.208328211677,5.6381511408696,-2.8421709430404e-14
exhale,120,14.208328211677,5.7946306163789,0
exhale,130,14.208328211677,6.1095268794259,-1.1723955140042e-12
exhale,140,14.208328211677,5.2336298042279,-2.8421709430404e-14
exhale,50,14.232216215538,4.8288335829382,-1.762145984685e-12
exhale,60,14.232216215538,5.7025091783986,0
exhale,70,14.232216215538,6.5439141473573,-1.6768808563938e-12
exhale,80,14.232216215538,5.872003668591,0
exhale,90,14.232216215538,6.0907828647926,0
exhale,110,14.232216215538,5.6376975272699,-1.4210854715202e-14
exhale,120,14.232216215538,5.7940173315889,-1.4210854715202e-14
exhale,130,14.232216215538,6.108771448817,-1.1652900866466e-12
exhale,140,14.232216215538,5.2329358006776,-1.4210854715202e-14
exhale,50,14.2561042194,4.8287746206274,-1.7337242752546e-12
exhale,60,14.2561042194,5.7023929337732,2.8421709430404e-14
exhale,70,14.2561042194,6.5436886413987,-1.6484591469634e-12
exhale,80,14.2561042194,5.8717621674141,2.8421709430404e-14
exhale,90,14.2561042194,6.0904237680086,-1.4210854715202e-14
exhale,110,14.2561042194,5.6372451149996,-1.4210854715202e-14
exhale,120,14.2561042194,5.7934057138786,7.105427357601e-15
exhale,130,14.2561042194,6.1080181018617,-1.1510792319314e-12
exhale,140,14.2561042194,5.2322437914153,1.4210854715202e-14
exhale,50,14.279992223262,4.82871580582,-1.691091711109e-12
exhale,60,14.279992223262,5.7022769738669,0
exhale,70,14.279992223262,6.5434636826691,-1.6342482922482e-12
exhale,80,14.279992223262,5.8715212697199,-1.4210854715202e-14
exhale,90,14.279992223262,6.0900655817169,-1.4210854715202e-14
exhale,110,14.279992223262,5.6367938991432,-7.105427357601e-15
exhale,120,14.279992223262,5.7927957562684,0
exhale,130,14.279992223262,6.1072668297286,-1.1368683772162e-12
exhale,140,14.279992223262,5.2315537676428,-7.105427357601e-15
exhale,50,14.303880227124,4.8286571379414,-1.7337242752546e-12
exhale,60,14.303880227124,5.7021612975925,-4.2632564145606e-14
exhale,70,14.303880227124,6.5432392691007,-1.6342482922482e-12
exhale,80,14.303880227124,5.871280973165,2.8421709430404e-14
exhale,90,14.303880227124,6.0897083023401,-2.8421709430404e-14
exhale,110,14.303880227124,5.6363438748128,0
exhale,120,14.303880227124,5.7921874518195,1.4210854715202e-14
exhale,130,14.303880227124,6.1065176236379,-1.1439738045738e-12
exhale,140,14.303880227124,5.2308657206152,1.4210854715202e-14
exhale,50,14.327768230985,4.8285986164201,-1.7479351299698e-12
exhale,60,14.327768230985,5.7020459038685,1.4210854715202e-14
exhale,70,14.327768230985,6.5430153986368,-1.6484591469634e-12
exhale,80,14.327768230985,5.8710412754189,-4.2632564145606e-14
exhale,90,14.327768230985,6.0893519263204,0
exhale,110,14.327768230985,5.6358950371483,1.4210854715202e-14
exhale,120,14.327768230985,5.7915807936326,7.105427357601e-15
exhale,130,14.327768230985,6.1057704748609,-1.1084466677858e-12
exhale,140,14.327768230985,5.2301796416403,1.4210854715202e-14
exhale,50,14.351656234847,4.8285402406876,-1.7479351299698e-12
exhale,60,14.351656234847,5.7019307916192,0
exhale,70,14.351656234847,6.5427920692315,-1.6342482922482e-12
exhale,80,14.351656234847,5.8708021741635,-1.4210854715202e-14
exhale,90,14.351656234847,6.0889964501195,-1.4210854715202e-14
exhale,110,14.351656234847,5.6354473813173,7.105427357601e-15
exhale,120,14.351656234847,5.7909757748487,-2.1316282072803e-14
exhale,130,14.351656234847,6.1050253747199,-1.1297629498586e-12
exhale,140,14.351656234847,5.2294955220786,-1.4210854715202e-14
exhale,50,14.375544238709,4.8284820101786,-1.7337242752546e-12
exhale,60,14.375544238709,5.7018159597748,-2.8421709430404e-14
exhale,70,14.375544238709,6.54256927885,-1.6342482922482e-12
exhale,80,14.375544238709,5.8705636670937,-1.4210854715202e-14
exhale,90,14.375544238709,6.0886418702185,0
exhale,110,14.375544238709,5.6350009025145,-7.105427357601e-15
exhale,120,14.375544238709,5.790372388648,1.4210854715202e-14
exhale,130,14.375544238709,6.1042823145874,-1.0942358130706e-12
exhale,140,14.375544238709,5.2288133533423,-7.105427357601e-15
exhale,50,14.399432242571,4.828423924331,-1.7337242752546e-12
exhale,60,14.399432242571,5.7017014072712,0
exhale,70,14.399432242571,6.5423470254682,-1.6058265828178e-12
exhale,80,14.399432242571,5.8703257519166,-1.4210854715202e-14
exhale,90,14.399432242571,6.0882881831177,1.4210854715202e-14
exhale,110,14.399432242571,5.6345555959618,0
exhale,120,14.399432242571,5.78977062825,2.8421709430404e-14
exhale,130,14.399432242571,6.1035412858861,-1.0800249583554e-12
exhale,140,14.399432242571,5.2281331268954,0
exhale,50,14.423320246433,4.8283659825855,-1.762145984685e-12
exhale,60,14.423320246433,5.7015871330498,-4.2632564145606e-14
exhale,70,14.423320246433,6.5421253070726,-1.620037437533e-12
exhale,80,14.423320246433,5.8700884263518,0
exhale,90,14.423320246433,6.0879353853366,-4.2632564145606e-14
exhale,110,14.423320246433,5.6341114569082,-2.1316282072803e-14
exhale,120,14.423320246433,5.789170486913,-7.105427357601e-15
exhale,130,14.423320246433,6.1028022800883,-1.0942358130706e-12
exhale,140,14.423320246433,5.2274548342533,-2.1316282072803e-14
exhale,50,14.447208250294,4.8283081843861,-1.7479351299698e-12
exhale,60,14.447208250294,5.7014731360581,0
exhale,70,14.447208250294,6.5419041216606,-1.6058265828178e-12
exhale,80,14.447208250294,5.8698516881313,1.4210854715202e-14
exhale,90,14.447208250294,6.0875834734137,-4.2632564145606e-14
exhale,110,14.447208250294,5.6336684806291,1.4210854715202e-14
exhale,120,14.447208250294,5.7885719579341,-7.105427357601e-15
exhale,130,14.447208250294,6.1020652887159,-1.087130385713e-12
exhale,140,14.447208250294,5.2267784669819,0
exhale,50,14.471096254156,4.8282505291797,-1.7195134205394e-12
exhale,60,14.471096254156,5.7013594152488,1.4210854715202e-14
exhale,70,14.471096254156,6.5416834672401,-1.5774048733874e-12
exhale,80,14.471096254156,5.8696155349994,1.4210854715202e-14
exhale,90,14.471096254156,6.0872324439062,1.4210854715202e-14
exhale,110,14.471096254156,5.6332266624268,7.105427357601e-15
exhale,120,14.471096254156,5.7879750346486,-7.105427357601e-15
exhale,130,14.471096254156,6.1013303033394,-1.0800249583554e-12
exhale,140,14.471096254156,5.2261040166979,-7.105427357601e-15
exhale,50,14.494984258018,4.8281930164162,-1.691091711109e-12
exhale,60,14.494984258018,5.7012459695804,-2.8421709430404e-14
exhale,70,14.494984258018,6.5414633418294,-1.5774048733874e-12
exhale,80,14.494984258018,5.8693799647123,4.2632564145606e-14
exhale,90,14.494984258018,6.0868822933901,-2.8421709430404e-14
exhale,110,14.494984258018,5.6327859976298,-7.105427357601e-15
exhale,120,14.494984258018,5.7873797104299,-3.5527136788005e-14
exhale,130,14.494984258018,6.1005973155782,-1.0587086762825e-12
exhale,140,14.494984258018,5.2254314750677,0
exhale,50,14.51887226188,4.8281356455485,-1.7337242752546e-12
exhale,60,14.51887226188,5.7011327980169,-2.8421709430404e-14
exhale,70,14.51887226188,6.5412437434574,-1.620037437533e-12
exhale,80,14.51887226188,5.8691449750386,2.8421709430404e-14
exhale,90,14.51887226188,6.0865330184601,-1.4210854715202e-14
exhale,110,14.51887226188,5.6323464815927,1.4210854715202e-14
exhale,120,14.51887226188,5.7867859786894,-7.105427357601e-15
exhale,130,14.51887226188,6.0998663170998,-1.0444978215673e-12
exhale,140,14.51887226188,5.2247608338078,0
exhale,50,14.542760265741,4.8280784160323,-1.762145984685e-12
exhale,60,14.542760265741,5.7010198995278,-1.4210854715202e-14
exhale,70,14.542760265741,6.5410246701632,-1.5916157281026e-12
exhale,80,14.542760265741,5.8689105637587,4.2632564145606e-14
exhale,90,14.542760265741,6.0861846157293,-1.4210854715202e-14
exhale,110,14.542760265741,5.6319081096961,0
exhale,120,14.542760265741,5.7861938328756,7.105427357601e-15
exhale,130,14.542760265741,6.0991372996195,-1.0444978215673e-12
exhale,140,14.542760265741,5.2240920846837,-7.105427357601e-15
exhale,50,14.566648269603,4.8280213273265,-1.7763568394003e-12
exhale,60,14.566648269603,5.700907273088,2.8421709430404e-14
exhale,70,14.566648269603,6.5408061199963,-1.5774048733874e-12
exhale,80,14.566648269603,5.868676728665,0
exhale,90,14.566648269603,6.0858370818289,0
exhale,110,14.566648269603,5.6314708773465,-7.105427357601e-15
exhale,120,14.566648269603,5.7856032664747,3.5527136788005e-14
exhale,130,14.566648269603,6.0984102549004,-1.0160761121369e-12
exhale,140,14.566648269603,5.22342521951,0
exhale,50,14.590536273465,4.8279643788928,-1.7195134205394e-12
exhale,60,14.590536273465,5.7007949176779,2.8421709430404e-14
exhale,70,14.590536273465,6.5405880910165,-1.6058265828178e-12
exhale,80,14.590536273465,5.8684434675617,1.4210854715202e-14
exhale,90,14.590536273465,6.0854904134087,0
exhale,110,14.590536273465,5.6310347799758,-7.105427357601e-15
exhale,120,14.590536273465,5.7850142730093,-7.105427357601e-15
exhale,130,14.590536273465,6.0976851747525,-1.0160761121369e-12
exhale,140,14.590536273465,5.2227602301498,-7.105427357601e-15
exhale,50,14.614424277327,4.8279075701956,-1.7053025658242e-12
exhale,60,14.614424277327,5.7006828322833,1.4210854715202e-14
exhale,70,14.614424277327,6.5403705812936,-1.5916157281026e-12
exhale,80,14.614424277327,5.8682107782648,1.4210854715202e-14
exhale,90,14.614424277327,6.0851446071362,-1.4210854715202e-14
exhale,110,14.614424277327,5.6305998130416,7.105427357601e-15
exhale,120,14.614424277327,5.7844268460394,-7.105427357601e-15
exhale,130,14.614424277327,6.096962051033,-1.0231815394945e-12
exhale,140,14.614424277327,5.2220971085146,-2.1316282072803e-14
exhale,50,14.638312281188,4.8278509007025,-1.7195134205394e-12
exhale,60,14.638312281188,5.7005710158954,2.8421709430404e-14
exhale,70,14.638312281188,6.5401535889076,-1.5774048733874e-12
exhale,80,14.638312281188,5.8679786586018,-2.8421709430404e-14
exhale,90,14.638312281188,6.084799659697,2.8421709430404e-14
exhale,110,14.638312281188,5.6301659720266,1.4210854715202e-14
exhale,120,14.638312281188,5.7838409791608,1.4210854715202e-14
exhale,130,14.638312281188,6.0962408756452,-1.0018652574217e-12
exhale,140,14.638312281188,5.2214358465634,0
exhale,50,14.66220028505,4.8277943698838,-1.7337242752546e-12
exhale,60,14.66220028505,5.7004594675106,1.4210854715202e-14
exhale,70,14.66220028505,6.5399371119485,-1.5916157281026e-12
exhale,80,14.66220028505,5.8677471064121,-1.4210854715202e-14
exhale,90,14.66220028505,6.0844555677946,-1.4210854715202e-14
exhale,110,14.66220028505,5.6297332524384,0
exhale,120,14.66220028505,5.7832566660058,7.105427357601e-15
exhale,130,14.66220028505,6.095521640539,-1.0089706847793e-12
exhale,140,14.66220028505,5.220776436303,7.105427357601e-15
exhale,50,14.686088288912,4.8277379772125,-1.7479351299698e-12
exhale,60,14.686088288912,5.7003481861307,5.6843418860808e-14
exhale,70,14.686088288912,6.5397211485163,-1.5916157281026e-12
exhale,80,14.686088288912,5.8675161195462,-2.8421709430404e-14
exhale,90,14.686088288912,6.0841123281502,-1.4210854715202e-14
exhale,110,14.686088288912,5.6293016498097,-1.4210854715202e-14
exhale,120,14.686088288912,5.7826739002426,0
exhale,130,14.686088288912,6.0948043377097,-9.9475983006414e-13
exhale,140,14.686088288912,5.2201188697872,-7.105427357601e-15
exhale,50,14.709976292774,4.8276817221647,-1.7337242752546e-12
exhale,60,14.709976292774,5.7002371707626,0
exhale,70,14.709976292774,6.5395056967206,-1.5916157281026e-12
exhale,80,14.709976292774,5.8672856958664,0
exhale,90,14.709976292774,6.0837699375023,0
exhale,110,14.709976292774,5.6288711596979,1.4210854715202e-14
exhale,120,14.709976292774,5.782092675575,7.105427357601e-15
exhale,130,14.709976292774,6.0940889591985,-9.7344354799134e-13
exhale,140,14.709976292774,5.2194631391166,-1.4210854715202e-14
exhale,50,14.733864296635,4.827625604219,-1.7763568394003e-12
exhale,60,14.733864296635,5.7001264204186,2.8421709430404e-14
exhale,70,14.733864296635,6.5392907546813,-1.548983163957e-12
exhale,80,14.733864296635,5.8670558332461,1.4210854715202e-14
exhale,90,14.733864296635,6.0834283926072,2.8421709430404e-14
exhale,110,14.733864296635,5.6284417776848,-7.105427357601e-15
exhale,120,14.733864296635,5.7815129857422,1.4210854715202e-14
exhale,130,14.733864296635,6.0933754970915,-9.5212726591853e-13
exhale,140,14.733864296635,5.2188092364382,-7.105427357601e-15
exhale,50,14.757752300497,4.827569622857,-1.7337242752546e-12
exhale,60,14.757752300497,5.7000159341161,-1.4210854715202e-14
exhale,70,14.757752300497,6.5390763205276,-1.5631940186722e-12
exhale,80,14.757752300497,5.8668265295701,2.8421709430404e-14
exhale,90,14.757752300497,6.0830876902384,0
exhale,110,14.757752300497,5.6280134993767,0
exhale,120,14.757752300497,5.7809348245184,0
exhale,130,14.757752300497,6.0926639435197,-9.4502183856093e-13
exhale,140,14.757752300497,5.218157153945,-7.105427357601e-15
exhale,50,14.781640304359,4.827513777563,-1.7479351299698e-12
exhale,60,14.781640304359,5.6999057108774,0
exhale,70,14.781640304359,6.5388623923987,-1.5347723092418e-12
exhale,80,14.781640304359,5.8665977827345,1.4210854715202e-14
exhale,90,14.781640304359,6.0827478271865,2.8421709430404e-14
exhale,110,14.781640304359,5.6275863204039,-1.4210854715202e-14
exhale,120,14.781640304359,5.780358185713,0
exhale,130,14.781640304359,6.0919542906587,-9.3791641120333e-13
exhale,140,14.781640304359,5.217506883876,-7.105427357601e-15
exhale,50,14.805528308221,4.8274580678239,-1.7337242752546e-12
exhale,60,14.805528308221,5.6997957497304,-1.4210854715202e-14
exhale,70,14.805528308221,6.5386489684433,-1.5347723092418e-12
exhale,80,14.805528308221,5.8663695906461,2.8421709430404e-14
exhale,90,14.805528308221,6.0824088002594,2.8421709430404e-14
exhale,110,14.805528308221,5.627160236421,0
exhale,120,14.805528308221,5.7797830631698,0
exhale,130,14.805528308221,6.0912465307282,-9.3081098384573e-13
exhale,140,14.805528308221,5.2168584185153,-2.8421709430404e-14
exhale,50,14.829416312082,4.8274024931295,-1.7479351299698e-12
exhale,60,14.829416312082,5.6996860497076,1.4210854715202e-14
exhale,70,14.829416312082,6.5384360468197,-1.5631940186722e-12
exhale,80,14.829416312082,5.8661419512232,-1.4210854715202e-14
exhale,90,14.829416312082,6.0820706062819,-1.4210854715202e-14
exhale,110,14.829416312082,5.626735243106,-2.1316282072803e-14
exhale,120,14.829416312082,5.7792094507671,-7.105427357601e-15
exhale,130,14.829416312082,6.0905406559919,-9.3081098384573e-13
exhale,140,14.829416312082,5.2162117501922,-2.1316282072803e-14
exhale,50,14.853304315944,4.8273470529722,-1.7337242752546e-12
exhale,60,14.853304315944,5.6995766098469,0
exhale,70,14.853304315944,6.5382236256955,-1.5631940186722e-12
exhale,80,14.853304315944,5.8659148623949,1.4210854715202e-14
exhale,90,14.853304315944,6.0817332420955,-1.4210854715202e-14
exhale,110,14.853304315944,5.6263113361611,7.105427357601e-15
exhale,120,14.853304315944,5.7786373424172,1.4210854715202e-14
exhale,130,14.853304315944,6.089836658757,-9.3791641120333e-13
exhale,140,14.853304315944,5.2155668712807,7.105427357601e-15
exhale,50,14.877192319806,4.8272917468471,-1.7479351299698e-12
exhale,60,14.877192319806,5.6994674291908,-1.4210854715202e-14
exhale,70,14.877192319806,6.538011703248,-1.548983163957e-12
exhale,80,14.877192319806,5.8656883221011,1.4210854715202e-14
exhale,90,14.877192319806,6.0813967045587,1.4210854715202e-14
exhale,110,14.877192319806,5.6258885113116,0
exhale,120,14.877192319806,5.7780667320665,-2.1316282072803e-14
exhale,130,14.877192319806,6.089134531374,-9.3081098384573e-13
exhale,140,14.877192319806,5.2149237741992,0
exhale,50,14.901080323668,4.827236574252,-1.762145984685e-12
exhale,60,14.901080323668,5.6993585067872,0
exhale,70,14.901080323668,6.5378002776638,-1.4921397450962e-12
exhale,80,14.901080323668,5.8654623282927,1.4210854715202e-14
exhale,90,14.901080323668,6.0810609905465,2.8421709430404e-14
exhale,110,14.901080323668,5.6254667643064,1.4210854715202e-14
exhale,120,14.901080323668,5.777497613695,2.1316282072803e-14
exhale,130,14.901080323668,6.0884342662361,-9.1660012913053e-13
exhale,140,14.901080323668,5.2142824514102,7.105427357601e-15
exhale,50,14.92496832753,4.8271815346872,-1.7337242752546e-12
exhale,60,14.92496832753,5.6992498416887,-2.8421709430404e-14
exhale,70,14.92496832753,6.5375893471386,-1.548983163957e-12
exhale,80,14.92496832753,5.8652368789311,1.4210854715202e-14
exhale,90,14.92496832753,6.0807260969504,1.4210854715202e-14
exhale,110,14.92496832753,5.6250460909174,-1.4210854715202e-14
exhale,120,14.92496832753,5.7769299813159,7.105427357601e-15
exhale,130,14.92496832753,6.0877358557796,-8.8817841970013e-13
exhale,140,14.92496832753,5.2136428954199,0
exhale,50,14.948856331391,4.8271266276559,-1.7479351299698e-12
exhale,60,14.948856331391,5.6991414329527,-1.4210854715202e-14
exhale,70,14.948856331391,6.5373789098777,-1.548983163957e-12
exhale,80,14.948856331391,5.8650119719886,0
exhale,90,14.948856331391,6.0803920206785,-2.8421709430404e-14
exhale,110,14.948856331391,5.6246264869397,-1.4210854715202e-14
exhale,120,14.948856331391,5.776363828976,0
exhale,130,14.948856331391,6.0870392924826,-8.8107299234252e-13
exhale,140,14.948856331391,5.2130050987778,-1.4210854715202e-14
exhale,50,14.972744335253,4.8270718526637,-1.7195134205394e-12
exhale,60,14.972744335253,5.6990332796418,1.4210854715202e-14
exhale,70,14.972744335253,6.5371689640952,-1.5205614545266e-12
exhale,80,14.972744335253,5.864787605448,0
exhale,90,14.972744335253,6.0800587586549,1.4210854715202e-14
exhale,110,14.972744335253,5.6242079481911,0
exhale,120,14.972744335253,5.7757991507548,0
exhale,130,14.972744335253,6.0863445688657,-8.6686213762732e-13
exhale,140,14.972744335253,5.2123690540767,0
exhale,50,14.996632339115,4.8270172092187,-1.7479351299698e-12
exhale,60,14.996632339115,5.6989253808232,-1.4210854715202e-14
exhale,70,14.996632339115,6.5369595080146,-1.5063505998114e-12
exhale,80,14.996632339115,5.8645637773026,-1.4210854715202e-14
exhale,90,14.996632339115,6.07972630782,-1.4210854715202e-14
exhale,110,14.996632339115,5.6237904705122,7.105427357601e-15
exhale,120,14.996632339115,5.7752359407644,7.105427357601e-15
exhale,130,14.996632339115,6.0856516774909,-8.6686213762732e-13
exhale,140,14.996632339115,5.2117347539521,-1.4210854715202e-14
exhale,50,15.020520342977,4.8269626968319,-1.7195134205394e-12
exhale,60,15.020520342977,5.6988177355688,1.4210854715202e-14
exhale,70,15.020520342977,6.5367505398684,-1.5063505998114e-12
exhale,80,15.020520342977,5.8643404855563,0
exhale,90,15.020520342977,6.0793946651305,0
exhale,110,15.020520342977,5.6233740497661,-7.105427357601e-15
exhale,120,15.020520342977,5.7746741931496,0
exhale,130,15.020520342977,6.0849606109618,-8.4554585555452e-13
exhale,140,15.020520342977,5.2111021910818,0
exhale,50,15.044408346838,4.8269083150165,-1.7337242752546e-12
exhale,60,15.044408346838,5.6987103429556,1.4210854715202e-14
exhale,70,15.044408346838,6.536542057898,-1.5347723092418e-12
exhale,80,15.044408346838,5.8641177282232,0
exhale,90,15.044408346838,6.0790638275587,-1.4210854715202e-14
exhale,110,15.044408346838,5.6229586818382,-7.105427357601e-15
exhale,120,15.044408346838,5.7741139020874,-7.105427357601e-15
exhale,130,15.044408346838,6.0842713619232,-8.4554585555452e-13
exhale,140,15.044408346838,5.2104713581861,-1.4210854715202e-14
exhale,50,15.0682963507,4.8268540632886,-1.762145984685e-12
exhale,60,15.0682963507,5.6986032020651,-1.4210854715202e-14
exhale,70,15.0682963507,6.5363340603537,-1.548983163957e-12
exhale,80,15.0682963507,5.8638955033279,-1.4210854715202e-14
exhale,90,15.0682963507,6.078733792093,-1.4210854715202e-14
exhale,110,15.0682963507,5.6225443626364,-2.8421709430404e-14
exhale,120,15.0682963507,5.7735550617869,7.105427357601e-15
exhale,130,15.0682963507,6.0835839230604,-8.4554585555452e-13
exhale,140,15.0682963507,5.2098422480268,-1.4210854715202e-14
exhale,50,15.092184354562,4.8267999411664,-1.7763568394003e-12
exhale,60,15.092184354562,5.6984963119835,-1.4210854715202e-14
exhale,70,15.092184354562,6.536126545495,-1.5063505998114e-12
exhale,80,15.092184354562,5.863673808905,0
exhale,90,15.092184354562,6.0784045557374,0
exhale,110,15.092184354562,5.6221310880903,1.4210854715202e-14
exhale,120,15.092184354562,5.7729976664888,0
exhale,130,15.092184354562,6.0828982870998,-8.3133500083932e-13
exhale,140,15.092184354562,5.2092148534074,-7.105427357601e-15
exhale,50,15.116072358424,4.826745948171,-1.7905676941155e-12
exhale,60,15.116072358424,5.6983896718019,0
exhale,70,15.116072358424,6.53591951159,-1.5205614545266e-12
exhale,80,15.116072358424,5.8634526429995,-1.4210854715202e-14
exhale,90,15.116072358424,6.0780761155117,1.4210854715202e-14
exhale,110,15.116072358424,5.6217188541518,-7.105427357601e-15
exhale,120,15.116072358424,5.7724417104656,-2.8421709430404e-14
exhale,130,15.116072358424,6.0822144468075,-8.2422957348172e-13
exhale,140,15.116072358424,5.2085891671727,0
exhale,50,15.139960362285,4.8266920838258,-1.7763568394003e-12
exhale,60,15.139960362285,5.6982832806158,2.8421709430404e-14
exhale,70,15.139960362285,6.5357129569153,-1.4921397450962e-12
exhale,80,15.139960362285,5.8632320036665,1.4210854715202e-14
exhale,90,15.139960362285,6.0777484684512,0
exhale,110,15.139960362285,5.6213076567942,-2.8421709430404e-14
exhale,120,15.139960362285,5.771887188021,-1.4210854715202e-14
exhale,130,15.139960362285,6.08153239499,-8.0291329140891e-13
exhale,140,15.139960362285,5.2079651822083,-7.105427357601e-15
exhale,50,15.163848366147,4.8266383476566,-1.7479351299698e-12
exhale,60,15.163848366147,5.6981771375254,-4.2632564145606e-14
exhale,70,15.163848366147,6.5355068797568,-1.477928890381e-12
exhale,80,15.163848366147,5.8630118889709,-2.8421709430404e-14
exhale,90,15.163848366147,6.0774216116065,2.8421709430404e-14
exhale,110,15.163848366147,5.6208974920129,1.4210854715202e-14
exhale,120,15.163848366147,5.77133409349,-2.1316282072803e-14
exhale,130,15.163848366147,6.0808521244933,-8.1001871876651e-13
exhale,140,15.163848366147,5.2073428914405,0
exhale,50,15.187736370009,4.8265847391917,-1.762145984685e-12
exhale,60,15.187736370009,5.6980712416355,2.8421709430404e-14
exhale,70,15.187736370009,6.5353012784086,-1.4637180356658e-12
exhale,80,15.187736370009,5.862792296988,-1.4210854715202e-14
exhale,90,15.187736370009,6.0770955420436,-1.4210854715202e-14
exhale,110,15.187736370009,5.6204883558242,7.105427357601e-15
exhale,120,15.187736370009,5.7707824212384,-2.8421709430404e-14
exhale,130,15.187736370009,6.080173628203,-7.8870243669371e-13
exhale,140,15.187736370009,5.2067222878359,7.105427357601e-15
exhale,50,15.211624373871,4.8265312579621,-1.8189894035459e-12
exhale,60,15.211624373871,5.6979655920554,1.4210854715202e-14
exhale,70,15.211624373871,6.5350961511735,-1.477928890381e-12
exhale,80,15.211624373871,5.8625732258026,2.8421709430404e-14
exhale,90,15.211624373871,6.076770256844,1.4210854715202e-14
exhale,110,15.211624373871,5.6200802442662,-7.105427357601e-15
exhale,120,15.211624373871,5.7702321656626,0
exhale,130,15.211624373871,6.0794968990437,-7.9580786405131e-13
exhale,140,15.211624373871,5.2061033644012,0
exhale,50,15.235512377732,4.8264779035008,-1.7479351299698e-12
exhale,60,15.235512377732,5.6978601878991,2.8421709430404e-14
exhale,70,15.235512377732,6.5348914963629,-1.5063505998114e-12
exhale,80,15.235512377732,5.8623546735095,1.4210854715202e-14
exhale,90,15.235512377732,6.0764457531038,0
exhale,110,15.235512377732,5.6196731533979,-7.105427357601e-15
exhale,120,15.235512377732,5.7696833211899,7.105427357601e-15
exhale,130,15.235512377732,6.0788219299788,-7.6028072726331e-13
exhale,140,15.235512377732,5.2054861141829,-7.105427357601e-15
exhale,50,15.259400381594,4.8264246753435,-1.762145984685e-12
exhale,60,15.259400381594,5.697755028285,-2.8421709430404e-14
exhale,70,15.259400381594,6.5346873122966,-1.4921397450962e-12
exhale,80,15.259400381594,5.8621366382134,-2.8421709430404e-14
exhale,90,15.259400381594,6.0761220279346,0
exhale,110,15.259400381594,5.6192670792995,-7.105427357601e-15
exhale,120,15.259400381594,5.7691358822774,-1.4210854715202e-14
exhale,130,15.259400381594,6.0781487140106,-7.6028072726331e-13
exhale,140,15.259400381594,5.2048705302668,-1.4210854715202e-14
exhale,50,15.283288385456,4.8263715730282,-1.8047785488307e-12
exhale,60,15.283288385456,5.6976501123357,1.4210854715202e-14
exhale,70,15.283288385456,6.534483597303,-1.4921397450962e-12
exhale,80,15.283288385456,5.8619191180286,-2.8421709430404e-14
exhale,90,15.283288385456,6.0757990784626,1.4210854715202e-14
exhale,110,15.283288385456,5.6188620180719,0
exhale,120,15.283288385456,5.7685898434127,0
exhale,130,15.283288385456,6.0774772441794,-7.6738615462091e-13
exhale,140,15.283288385456,5.2042566057781,-7.105427357601e-15
exhale,50,15.307176389318,4.8263185960952,-1.762145984685e-12
exhale,60,15.307176389318,5.6975454391787,1.4210854715202e-14
exhale,70,15.307176389318,6.5342803497186,-1.4495071809506e-12
exhale,80,15.307176389318,5.8617021110789,0
exhale,90,15.307176389318,6.0754769018291,2.8421709430404e-14
exhale,110,15.307176389318,5.618457965837,0
exhale,120,15.307176389318,5.7680451991129,0
exhale,130,15.307176389318,6.0768075135637,-7.4606987254811e-13
exhale,140,15.307176389318,5.2036443338807,0
exhale,50,15.331064393179,4.8262657440869,-1.7479351299698e-12
exhale,60,15.331064393179,5.6974410079447,0
exhale,70,15.331064393179,6.5340775678868,-1.4921397450962e-12
exhale,80,15.331064393179,5.8614856154963,-1.4210854715202e-14
exhale,90,15.331064393179,6.0751554951875,-1.4210854715202e-14
exhale,110,15.331064393179,5.6180549187343,0
exhale,120,15.331064393179,5.7675019439211,1.4210854715202e-14
exhale,130,15.331064393179,6.0761395152752,-7.105427357601e-13
exhale,140,15.331064393179,5.2030337077734,7.105427357601e-15
exhale,50,15.354952397041,4.8262130165445,-1.7763568394003e-12
exhale,60,15.354952397041,5.6973368177617,1.4210854715202e-14
exhale,70,15.354952397041,6.5338752501445,-1.4637180356658e-12
exhale,80,15.354952397041,5.8612696294069,2.8421709430404e-14
exhale,90,15.354952397041,6.074834855683,0
exhale,110,15.354952397041,5.6176528728964,1.4210854715202e-14
exhale,120,15.354952397041,5.7669600723732,-7.105427357601e-15
exhale,130,15.354952397041,6.0754732424176,-7.4606987254811e-13
exhale,140,15.354952397041,5.2024247206557,1.4210854715202e-14
exhale,50,15.378840400903,4.8261604130095,-1.7337242752546e-12
exhale,60,15.378840400903,5.6972328677576,0
exhale,70,15.378840400903,6.5336733948284,-1.4495071809506e-12
exhale,80,15.378840400903,5.8610541509376,1.4210854715202e-14
exhale,90,15.378840400903,6.0745149804629,1.4210854715202e-14
exhale,110,15.378840400903,5.6172518244616,-7.105427357601e-15
exhale,120,15.378840400903,5.7664195790146,7.105427357601e-15
exhale,130,15.378840400903,6.0748086881074,-7.247535904753e-13
exhale,140,15.378840400903,5.2018173657451,-7.105427357601e-15
exhale,50,15.402728404765,4.8261079330258,-1.762145984685e-12
exhale,60,15.402728404765,5.6971291570649,-1.4210854715202e-14
exhale,70,15.402728404765,6.5334720002836,-1.4637180356658e-12
exhale,80,15.402728404765,5.8608391782252,2.8421709430404e-14
exhale,90,15.402728404765,6.074195866689,0
exhale,110,15.402728404765,5.6168517695886,-7.105427357601e-15
exhale,120,15.402728404765,5.7658804584203,0
exhale,130,15.402728404765,6.0741458454987,-7.105427357601e-13
exhale,140,15.402728404765,5.2012116362971,0
exhale,50,15.426616408627,4.8260555761397,-1.8047785488307e-12
exhale,60,15.426616408627,5.6970256848206,-1.4210854715202e-14
exhale,70,15.426616408627,6.5332710648637,-1.4352963262354e-12
exhale,80,15.426616408627,5.8606247094157,2.8421709430404e-14
exhale,90,15.426616408627,6.0738775115381,1.4210854715202e-14
exhale,110,15.426616408627,5.6164527044568,7.105427357601e-15
exhale,120,15.426616408627,5.7653427051944,0
exhale,130,15.426616408627,6.0734847077833,-6.963318810449e-13
exhale,140,15.426616408627,5.2006075256056,0
exhale,50,15.450504412488,4.8260033418998,-1.7337242752546e-12
exhale,60,15.450504412488,5.6969224501658,-1.4210854715202e-14
exhale,70,15.450504412488,6.5330705869305,-1.4637180356658e-12
exhale,80,15.450504412488,5.8604107426651,2.8421709430404e-14
exhale,90,15.450504412488,6.0735599122015,-1.4210854715202e-14
exhale,110,15.450504412488,5.6160546252658,0
exhale,120,15.450504412488,5.7648063139706,-1.4210854715202e-14
exhale,130,15.450504412488,6.07282526819,-6.821210263297e-13
exhale,140,15.450504412488,5.2000050270025,-7.105427357601e-15
exhale,50,15.47439241635,4.8259512298569,-1.7195134205394e-12
exhale,60,15.47439241635,5.6968194522462,0
exhale,70,15.47439241635,6.5328705648539,-1.4495071809506e-12
exhale,80,15.47439241635,5.8601972761385,1.4210854715202e-14
exhale,90,15.47439241635,6.073243065885,0
exhale,110,15.47439241635,5.6156575282354,0
exhale,120,15.47439241635,5.7642712794116,7.105427357601e-15
exhale,130,15.47439241635,6.0721675199849,-6.750155989721e-13
exhale,140,15.47439241635,5.1994041338572,-2.8421709430404e-14
exhale,50,15.498280420212,4.8258992395643,-1.7337242752546e-12
exhale,60,15.498280420212,5.6967166902118,-1.4210854715202e-14
exhale,70,15.498280420212,6.5326709970122,-1.4495071809506e-12
exhale,80,15.498280420212,5.8599843080104,4.2632564145606e-14
exhale,90,15.498280420212,6.0729269698087,0
exhale,110,15.498280420212,5.6152614096056,-1.4210854715202e-14
exhale,120,15.498280420212,5.763737596209,-1.4210854715202e-14
exhale,130,15.498280420212,6.0715114564707,-6.750155989721e-13
exhale,140,15.498280420212,5.1988048395766,-1.4210854715202e-14
exhale,50,15.522168424074,4.8258473705775,-1.762145984685e-12
exhale,60,15.522168424074,5.6966141632166,-2.8421709430404e-14
exhale,70,15.522168424074,6.5324718817916,-1.4637180356658e-12
exhale,80,15.522168424074,5.8597718364648,-1.4210854715202e-14
exhale,90,15.522168424074,6.0726116212073,-1.4210854715202e-14
exhale,110,15.522168424074,5.6148662656363,-7.105427357601e-15
exhale,120,15.522168424074,5.7632052590829,-3.5527136788005e-14
exhale,130,15.522168424074,6.0708570709869,-6.3948846218409e-13
exhale,140,15.522168424074,5.1982071376045,7.105427357601e-15
exhale,50,15.546056427935,4.8257956224543,-1.762145984685e-12
exhale,60,15.546056427935,5.6965118704194,-1.4210854715202e-14
exhale,70,15.546056427935,6.5322732175865,-1.4210854715202e-12
exhale,80,15.546056427935,5.8595598596949,-1.4210854715202e-14
exhale,90,15.546056427935,6.0722970173295,1.4210854715202e-14
exhale,110,15.546056427935,5.6144720926073,7.105427357601e-15
exhale,120,15.546056427935,5.7626742627822,7.105427357601e-15
exhale,130,15.546056427935,6.0702043569088,-6.6791017161449e-13
exhale,140,15.546056427935,5.1976110214219,7.105427357601e-15
exhale,50,15.569944431797,4.8257439947548,-1.7905676941155e-12
exhale,60,15.569944431797,5.6964098109827,2.8421709430404e-14
exhale,70,15.569944431797,6.5320750027995,-1.3926637620898e-12
exhale,80,15.569944431797,5.8593483759031,0
exhale,90,15.569944431797,6.0719831554384,0
exhale,110,15.569944431797,5.614078886818,1.4210854715202e-14
exhale,120,15.569944431797,5.7621446020837,7.105427357601e-15
exhale,130,15.569944431797,6.0695533076482,-6.3948846218409e-13
exhale,140,15.569944431797,5.1970164845462,-1.4210854715202e-14
exhale,50,15.593832435659,4.8256924870411,-1.762145984685e-12
exhale,60,15.593832435659,5.6963079840736,0
exhale,70,15.593832435659,6.5318772358407,-1.406874616805e-12
exhale,80,15.593832435659,5.8591373833009,2.8421709430404e-14
exhale,90,15.593832435659,6.0716700328107,0
exhale,110,15.593832435659,5.6136866445873,-1.4210854715202e-14
exhale,120,15.593832435659,5.7616162717926,-1.4210854715202e-14
exhale,130,15.593832435659,6.0689039166523,-6.3948846218409e-13
exhale,140,15.593832435659,5.196423520531,-1.4210854715202e-14
exhale,50,15.617720439521,4.8256410988778,-1.8189894035459e-12
exhale,60,15.617720439521,5.6962063888631,0
exhale,70,15.617720439521,6.5316799151286,-1.4352963262354e-12
exhale,80,15.617720439521,5.8589268801089,1.4210854715202e-14
exhale,90,15.617720439521,6.0713576467376,-2.8421709430404e-14
exhale,110,15.617720439521,5.6132953622536,-7.105427357601e-15
exhale,120,15.617720439521,5.7610892667419,1.4210854715202e-14
exhale,130,15.617720439521,6.0682561774041,-6.2527760746889e-13
exhale,140,15.617720439521,5.1958321229663,-1.4210854715202e-14
exhale,50,15.641608443382,4.8255898298316,-1.7479351299698e-12
exhale,60,15.641608443382,5.6961050245267,-2.8421709430404e-14
exhale,70,15.641608443382,6.5314830390894,-1.406874616805e-12
exhale,80,15.641608443382,5.8587168645569,1.4210854715202e-14
exhale,90,15.641608443382,6.0710459945238,-1.4210854715202e-14
exhale,110,15.641608443382,5.6129050361747,7.105427357601e-15
exhale,120,15.641608443382,5.7605635817922,7.105427357601e-15
exhale,130,15.641608443382,6.0676100834217,-6.1106675275369e-13
exhale,140,15.641608443382,5.1952422854777,7.105427357601e-15
exhale,50,15.665496447244,4.8255386794715,-1.7905676941155e-12
exhale,60,15.665496447244,5.6960038902436,1.4210854715202e-14
exhale,70,15.665496447244,6.5312866061569,-1.3500311979442e-12
exhale,80,15.665496447244,5.8585073348835,2.8421709430404e-14
exhale,90,15.665496447244,6.0707350734877,-1.4210854715202e-14
exhale,110,15.665496447244,5.6125156627274,-7.105427357601e-15
exhale,120,15.665496447244,5.7600392118317,0
exhale,130,15.665496447244,6.0669656282582,-5.8264504332328e-13
exhale,140,15.665496447244,5.1946540017264,-1.4210854715202e-14
exhale,50,15.689384451106,4.8254876473685,-1.762145984685e-12
exhale,60,15.689384451106,5.6959029851974,0
exhale,70,15.689384451106,6.5310906147729,-1.4495071809506e-12
exhale,80,15.689384451106,5.8582982893362,0
exhale,90,15.689384451106,6.0704248809618,0
exhale,110,15.689384451106,5.6121272383076,-1.4210854715202e-14
exhale,120,15.689384451106,5.7595161517759,-7.105427357601e-15
exhale,130,15.689384451106,6.0663228055018,-5.8264504332328e-13
exhale,140,15.689384451106,5.1940672654089,-1.4210854715202e-14
exhale,50,15.713272454968,4.825436733096,-1.7479351299698e-12
exhale,60,15.713272454968,5.6958023085758,1.4210854715202e-14
exhale,70,15.713272454968,6.530895063387,-1.3642420526594e-12
exhale,80,15.713272454968,5.8580897261714,2.8421709430404e-14
exhale,90,15.713272454968,6.0701154142917,2.8421709430404e-14
exhale,110,15.713272454968,5.6117397593301,-3.5527136788005e-14
exhale,120,15.713272454968,5.7589943965676,-1.4210854715202e-14
exhale,130,15.713272454968,6.0656816087748,-5.5422333389288e-13
exhale,140,15.713272454968,5.1934820702568,0
exhale,50,15.737160458829,4.8253859362294,-1.762145984685e-12
exhale,60,15.737160458829,5.6957018595703,1.4210854715202e-14
exhale,70,15.737160458829,6.5306999504562,-1.406874616805e-12
exhale,80,15.737160458829,5.8578816436543,2.8421709430404e-14
exhale,90,15.737160458829,6.0698066708369,-1.4210854715202e-14
exhale,110,15.737160458829,5.6113532222283,0
exhale,120,15.737160458829,5.7584739411762,-7.105427357601e-15
exhale,130,15.737160458829,6.0650420317341,-5.8264504332328e-13
exhale,140,15.737160458829,5.1928984100364,-7.105427357601e-15
exhale,50,15.761048462691,4.8253352563462,-1.7763568394003e-12
exhale,60,15.761048462691,5.6956016373767,1.4210854715202e-14
exhale,70,15.761048462691,6.5305052744452,-1.3784529073746e-12
exhale,80,15.761048462691,5.8576740400589,1.4210854715202e-14
exhale,90,15.761048462691,6.0694986479701,2.8421709430404e-14
exhale,110,15.761048462691,5.6109676234545,-2.1316282072803e-14
exhale,120,15.761048462691,5.7579547805982,1.4210854715202e-14
exhale,130,15.761048462691,6.0644040680707,-5.6132876125048e-13
exhale,140,15.761048462691,5.1923162785487,-7.105427357601e-15
exhale,50,15.784936466553,4.8252846930262,-1.762145984685e-12
exhale,60,15.784936466553,5.6955016411945,-1.4210854715202e-14
exhale,70,15.784936466553,6.5303110338265,-1.3926637620898e-12
exhale,80,15.784936466553,5.8574669136677,-1.4210854715202e-14
exhale,90,15.784936466553,6.0691913430773,0
exhale,110,15.784936466553,5.6105829594795,-7.105427357601e-15
exhale,120,15.784936466553,5.7574369098565,1.4210854715202e-14
exhale,130,15.784936466553,6.0637677115092,-5.3290705182008e-13
exhale,140,15.784936466553,5.1917356696291,-2.1316282072803e-14
exhale,50,15.808824470415,4.8252342458512,-1.7763568394003e-12
exhale,60,15.808824470415,5.6954018702276,-2.8421709430404e-14
exhale,70,15.808824470415,6.5301172270798,-1.3784529073746e-12
exhale,80,15.808824470415,5.857260262772,-2.8421709430404e-14
exhale,90,15.808824470415,6.0688847535578,-5.6843418860808e-14
exhale,110,15.808824470415,5.6101992267924,-1.4210854715202e-14
exhale,120,15.808824470415,5.7569203240006,7.105427357601e-15
exhale,130,15.808824470415,6.0631329558081,-5.4001247917768e-13
exhale,140,15.808824470415,5.1911565771467,-7.105427357601e-15
exhale,50,15.832712474276,4.8251839144051,-1.8047785488307e-12
exhale,60,15.832712474276,5.6953023236834,1.4210854715202e-14
exhale,70,15.832712474276,6.5299238526924,-1.3784529073746e-12
exhale,80,15.832712474276,5.8570540856717,4.2632564145606e-14
exhale,90,15.832712474276,6.0685788768241,1.4210854715202e-14
exhale,110,15.832712474276,5.6098164219006,7.105427357601e-15
exhale,120,15.832712474276,5.756405018106,-7.105427357601e-15
exhale,130,15.832712474276,6.0624997947592,-5.3290705182008e-13
exhale,140,15.832712474276,5.190578995005,0
exhale,50,15.856600478138,4.8251336982739,-1.7763568394003e-12
exhale,60,15.856600478138,5.6952030007735,-4.2632564145606e-14
exhale,70,15.856600478138,6.5297309091591,-1.406874616805e-12
exhale,80,15.856600478138,5.8568483806749,1.4210854715202e-14
exhale,90,15.856600478138,6.0682737103018,-2.8421709430404e-14
exhale,110,15.856600478138,5.6094345413296,0
exhale,120,15.856600478138,5.7558909872743,1.4210854715202e-14
exhale,130,15.856600478138,6.0618682221872,-5.0448534238967e-13
exhale,140,15.856600478138,5.1900029171406,-1.4210854715202e-14
exhale,50,15.880488482,4.8250835970458,-1.762145984685e-12
exhale,60,15.880488482,5.6951039007134,2.8421709430404e-14
exhale,70,15.880488482,6.5295383949821,-1.335820343229e-12
exhale,80,15.880488482,5.8566431460986,1.4210854715202e-14
exhale,90,15.880488482,6.0679692514292,0
exhale,110,15.880488482,5.609053581623,0
exhale,120,15.880488482,5.7553782266331,7.105427357601e-15
exhale,130,15.880488482,6.0612382319502,-5.1159076974727e-13
exhale,140,15.880488482,5.1894283375237,-1.4210854715202e-14
exhale,50,15.904376485862,4.8250336103108,-1.7905676941155e-12
exhale,60,15.904376485862,5.6950050227222,-2.8421709430404e-14
exhale,70,15.904376485862,6.5293463086706,-1.3500311979442e-12
exhale,80,15.904376485862,5.8564383802678,-1.4210854715202e-14
exhale,90,15.904376485862,6.0676654976578,0
exhale,110,15.904376485862,5.6086735393424,-7.105427357601e-15
exhale,120,15.904376485862,5.7548667313357,7.105427357601e-15
exhale,130,15.904376485862,6.0606098179386,-5.1159076974727e-13
exhale,140,15.904376485862,5.1888552501577,7.105427357601e-15
exhale,50,15.928264489724,4.8249837376612,-1.7479351299698e-12
exhale,60,15.928264489724,5.6949063660231,-1.4210854715202e-14
exhale,70,15.928264489724,6.5291546487415,-1.3642420526594e-12
exhale,80,15.928264489724,5.8562340815161,4.2632564145606e-14
exhale,90,15.928264489724,6.0673624464518,0
exhale,110,15.928264489724,5.6082944110671,-1.4210854715202e-14
exhale,120,15.928264489724,5.7543564965607,2.1316282072803e-14
exhale,130,15.928264489724,6.0599829740755,-5.0448534238967e-13
exhale,140,15.928264489724,5.1882836490788,-7.105427357601e-15
exhale,50,15.952152493585,4.8249339786912,-1.7763568394003e-12
exhale,60,15.952152493585,5.694807929843,1.4210854715202e-14
exhale,70,15.952152493585,6.5289634137188,-1.3642420526594e-12
exhale,80,15.952152493585,5.8560302481854,1.4210854715202e-14
exhale,90,15.952152493585,6.0670600952881,0
exhale,110,15.952152493585,5.607916193394,2.8421709430404e-14
exhale,120,15.952152493585,5.7538475175124,-7.105427357601e-15
exhale,130,15.952152493585,6.0593576943161,-4.8316906031687e-13
exhale,140,15.952152493585,5.1877135283557,-1.4210854715202e-14
exhale,50,15.976040497447,4.8248843329971,-1.7905676941155e-12
exhale,60,15.976040497447,5.6947097134128,2.8421709430404e-14
exhale,70,15.976040497447,6.5287726021335,-1.3216094885138e-12
exhale,80,15.976040497447,5.8558268786257,4.2632564145606e-14
exhale,90,15.976040497447,6.0667584416563,1.4210854715202e-14
exhale,110,15.976040497447,5.6075388829377,2.1316282072803e-14
exhale,120,15.976040497447,5.7533397894199,-7.105427357601e-15
exhale,130,15.976040497447,6.0587339726479,-4.6185277824407e-13
exhale,140,15.976040497447,5.18714488209,0
exhale,50,15.999928501309,4.824834800177,-1.8189894035459e-12
exhale,60,15.999928501309,5.694611715967,0
exhale,70,15.999928501309,6.5285822125241,-1.3642420526594e-12
exhale,80,15.999928501309,5.8556239711953,2.8421709430404e-14
exhale,90,15.999928501309,6.0664574830586,0
exhale,110,15.999928501309,5.6071624763303,2.1316282072803e-14
exhale,120,15.999928501309,5.7528333075376,0
exhale,130,15.999928501309,6.05811180309,-4.8316906031687e-13
exhale,140,15.999928501309,5.1865777044151,1.4210854715202e-14
exhale,50,16.023816505171,4.8247853798313,-1.7763568394003e-12
exhale,60,16.023816505171,5.6945139367438,2.8421709430404e-14
exhale,70,16.023816505171,6.5283922434358,-1.3500311979442e-12
exhale,80,16.023816505171,5.8554215242606,0
exhale,90,16.023816505171,6.0661572170096,-2.8421709430404e-14
exhale,110,16.023816505171,5.6067869702209,0
exhale,120,16.023816505171,5.7523280671448,-7.105427357601e-15
exhale,130,16.023816505171,6.0574911796932,-4.3343106881366e-13
exhale,140,16.023816505171,5.1860119894966,-1.4210854715202e-14
exhale,50,16.047704509032,4.8247360715622,-1.7905676941155e-12
exhale,60,16.047704509032,5.6944163749852,1.4210854715202e-14
exhale,70,16.047704509032,6.5282026934213,-1.3500311979442e-12
exhale,80,16.047704509032,5.855219536196,0
exhale,90,16.047704509032,6.0658576410363,-1.4210854715202e-14
exhale,110,16.047704509032,5.6064123612762,0
exhale,120,16.047704509032,5.7518240635451,1.4210854715202e-14
exhale,130,16.047704509032,6.0568720965396,-4.3343106881366e-13
exhale,140,16.047704509032,5.1854477315318,-7.105427357601e-15
exhale,50,16.071592512894,4.8246868749739,-1.8189894035459e-12
exhale,60,16.071592512894,5.6943190299369,2.8421709430404e-14
exhale,70,16.071592512894,6.5280135610398,-1.3500311979442e-12
exhale,80,16.071592512894,5.8550180053841,-1.4210854715202e-14
exhale,90,16.071592512894,6.0655587526781,-1.4210854715202e-14
exhale,110,16.071592512894,5.6060386461798,0
exhale,120,16.071592512894,5.7513212920671,7.105427357601e-15
exhale,130,16.071592512894,6.0562545477428,-4.1922021409846e-13
exhale,140,16.071592512894,5.1848849247496,0
exhale,50,16.095480516756,4.8246377896726,-1.762145984685e-12
exhale,60,16.095480516756,5.6942219008484,0
exhale,70,16.095480516756,6.527824844858,-1.3500311979442e-12
exhale,80,16.095480516756,5.8548169302153,2.8421709430404e-14
exhale,90,16.095480516756,6.0652605494865,-1.4210854715202e-14
exhale,110,16.095480516756,5.6056658216323,1.4210854715202e-14
exhale,120,16.095480516756,5.7508197480633,7.105427357601e-15
exhale,130,16.095480516756,6.055638527447,-4.1211478674086e-13
exhale,140,16.095480516756,5.1843235634103,-1.4210854715202e-14
exhale,50,16.119368520618,4.8245888152664,-1.7763568394003e-12
exhale,60,16.119368520618,5.6941249869726,2.8421709430404e-14
exhale,70,16.119368520618,6.5276365434492,-1.3642420526594e-12
exhale,80,16.119368520618,5.8546163090882,-1.4210854715202e-14
exhale,90,16.119368520618,6.0649630290254,0
exhale,110,16.119368520618,5.6052938843512,0
exhale,120,16.119368520618,5.7503194269109,0
exhale,130,16.119368520618,6.0550240298273,-3.9790393202566e-13
exhale,140,16.119368520618,5.1837636418051,-7.105427357601e-15
exhale,50,16.143256524479,4.8245399513653,-1.8047785488307e-12
exhale,60,16.143256524479,5.6940282875662,-5.6843418860808e-14
exhale,70,16.143256524479,6.5274486553936,-1.3216094885138e-12
exhale,80,16.143256524479,5.854416140409,-1.4210854715202e-14
exhale,90,16.143256524479,6.0646661888706,0
exhale,110,16.143256524479,5.6049228310709,7.105427357601e-15
exhale,120,16.143256524479,5.7498203240105,-2.1316282072803e-14
exhale,130,16.143256524479,6.0544110490896,-3.8369307731045e-13
exhale,140,16.143256524479,5.1832051542563,1.4210854715202e-14
exhale,50,16.167144528341,4.8244911975813,-1.8189894035459e-12
exhale,60,16.167144528341,5.6939318018896,-1.4210854715202e-14
exhale,70,16.167144528341,6.5272611792783,-1.2789769243682e-12
exhale,80,16.167144528341,5.8542164225919,2.8421709430404e-14
exhale,90,16.167144528341,6.06437002661,-1.4210854715202e-14
exhale,110,16.167144528341,5.6045526585421,0
exhale,120,16.167144528341,5.7493224347872,-1.4210854715202e-14
exhale,130,16.167144528341,6.0537995794699,-3.8369307731045e-13
exhale,140,16.167144528341,5.1826480951169,-7.105427357601e-15
exhale,50,16.191032532203,4.8244425535282,-1.7905676941155e-12
exhale,60,16.191032532203,5.6938355292066,2.8421709430404e-14
exhale,70,16.191032532203,6.5270741136973,-1.3216094885138e-12
exhale,80,16.191032532203,5.8540171540587,-2.8421709430404e-14
exhale,90,16.191032532203,6.0640745398434,1.4210854715202e-14
exhale,110,16.191032532203,5.6041833635325,7.105427357601e-15
exhale,120,16.191032532203,5.7488257546894,-7.105427357601e-15
exhale,130,16.191032532203,6.0531896152343,-3.7658764995285e-13
exhale,140,16.191032532203,5.1820924587704,1.4210854715202e-14
exhale,50,16.214920536065,4.8243940188219,-1.7479351299698e-12
exhale,60,16.214920536065,5.6937394687845,-4.2632564145606e-14
exhale,70,16.214920536065,6.5268874572512,-1.3073986337986e-12
exhale,80,16.214920536065,5.8538183332392,2.8421709430404e-14
exhale,90,16.214920536065,6.0637797261825,0
exhale,110,16.214920536065,5.603814942826,3.5527136788005e-14
exhale,120,16.214920536065,5.7483302791893,-2.1316282072803e-14
exhale,130,16.214920536065,6.0525811506791,-3.6237679523765e-13
exhale,140,16.214920536065,5.1815382396303,7.105427357601e-15
exhale,50,16.238808539926,4.8243455930799,-1.7763568394003e-12
exhale,60,16.238808539926,5.6936436198945,2.8421709430404e-14
exhale,70,16.238808539926,6.5267012085472,-1.3073986337986e-12
exhale,80,16.238808539926,5.8536199585707,1.4210854715202e-14
exhale,90,16.238808539926,6.0634855832506,-1.4210854715202e-14
exhale,110,16.238808539926,5.6034473932227,7.105427357601e-15
exhale,120,16.238808539926,5.7478360037823,7.105427357601e-15
exhale,130,16.238808539926,6.0519741801303,-3.5527136788005e-13
exhale,140,16.238808539926,5.1809854321405,-7.105427357601e-15
exhale,50,16.262696543788,4.8242972759218,-1.8047785488307e-12
exhale,60,16.262696543788,5.693547981811,2.8421709430404e-14
exhale,70,16.262696543788,6.5265153661996,-1.2931877790834e-12
exhale,80,16.262696543788,5.8534220284982,1.4210854715202e-14
exhale,90,16.262696543788,6.0631921086831,0
exhale,110,16.262696543788,5.6030807115393,7.105427357601e-15
exhale,120,16.262696543788,5.7473429239871,1.4210854715202e-14
exhale,130,16.262696543788,6.0513686979433,-3.1263880373444e-13
exhale,140,16.262696543788,5.1804340307746,-7.105427357601e-15
exhale,50,16.28658454765,4.8242490669689,-1.8047785488307e-12
exhale,60,16.28658454765,5.693452553812,1.4210854715202e-14
exhale,70,16.28658454765,6.5263299288288,-1.3500311979442e-12
exhale,80,16.28658454765,5.8532245414742,-2.8421709430404e-14
exhale,90,16.28658454765,6.0628993001266,0
exhale,110,16.28658454765,5.6027148946082,-7.105427357601e-15
exhale,120,16.28658454765,5.7468510353456,0
exhale,130,16.28658454765,6.050764698503,-3.2684965844965e-13
exhale,140,16.28658454765,5.1798840300359,-1.4210854715202e-14
exhale,50,16.310472551512,4.8242009658446,-1.7763568394003e-12
exhale,60,16.310472551512,5.693357335179,-4.2632564145606e-14
exhale,70,16.310472551512,6.5261448950623,-1.3073986337986e-12
exhale,80,16.310472551512,5.8530274959588,1.4210854715202e-14
exhale,90,16.310472551512,6.0626071552395,2.8421709430404e-14
exhale,110,16.310472551512,5.6023499392782,7.105427357601e-15
exhale,120,16.310472551512,5.7463603334226,1.4210854715202e-14
exhale,130,16.310472551512,6.0501621762236,-3.0553337637684e-13
exhale,140,16.310472551512,5.1793354244572,0
exhale,50,16.334360555373,4.8241529721738,-1.7479351299698e-12
exhale,60,16.334360555373,5.6932623251969,-4.2632564145606e-14
exhale,70,16.334360555373,6.5259602635337,-1.2931877790834e-12
exhale,80,16.334360555373,5.8528308904196,-2.8421709430404e-14
exhale,90,16.334360555373,6.0623156716917,0
exhale,110,16.334360555373,5.6019858424137,-7.105427357601e-15
exhale,120,16.334360555373,5.7458708138056,1.4210854715202e-14
exhale,130,16.334360555373,6.0495611255479,-2.9842794901924e-13
exhale,140,16.334360555373,5.1787882086004,-7.105427357601e-15
exhale,50,16.358248559235,4.8241050855835,-1.7763568394003e-12
exhale,60,16.358248559235,5.693167523154,4.2632564145606e-14
exhale,70,16.358248559235,6.5257760328834,-1.2789769243682e-12
exhale,80,16.358248559235,5.8526347233317,0
exhale,90,16.358248559235,6.0620248471645,-2.8421709430404e-14
exhale,110,16.358248559235,5.6016226008952,-7.105427357601e-15
exhale,120,16.358248559235,5.7453824721049,7.105427357601e-15
exhale,130,16.358248559235,6.0489615409478,-2.8421709430404e-13
exhale,140,16.358248559235,5.1782423770565,-7.105427357601e-15
exhale,50,16.382136563097,4.8240573057023,-1.8189894035459e-12
exhale,60,16.382136563097,5.6930729283422,-5.6843418860808e-14
exhale,70,16.382136563097,6.5255922017581,-1.3216094885138e-12
exhale,80,16.382136563097,5.8524389931775,-1.4210854715202e-14
exhale,90,16.382136563097,6.0617346793504,0
exhale,110,16.382136563097,5.6012602116186,7.105427357601e-15
exhale,120,16.382136563097,5.7448953039531,7.105427357601e-15
exhale,130,16.382136563097,6.0483634169238,-2.7711166694644e-13
exhale,140,16.382136563097,5.1776979244456,0
exhale,50,16.406024566959,4.8240096321607,-1.8189894035459e-12
exhale,60,16.406024566959,5.6929785400566,1.4210854715202e-14
exhale,70,16.406024566959,6.5254087688111,-1.3073986337986e-12
exhale,80,16.406024566959,5.8522436984468,1.4210854715202e-14
exhale,90,16.406024566959,6.0614451659533,-2.8421709430404e-14
exhale,110,16.406024566959,5.6008986714957,-2.8421709430404e-14
exhale,120,16.406024566959,5.7444093050054,0
exhale,130,16.406024566959,6.0477667480046,-2.7711166694644e-13
exhale,140,16.406024566959,5.1771548454161,-7.105427357601e-15
exhale,50,16.429912570821,4.8239620645912,-1.7905676941155e-12
exhale,60,16.429912570821,5.6928843575958,-1.4210854715202e-14
exhale,70,16.429912570821,6.5252257327018,-1.3216094885138e-12
exhale,80,16.429912570821,5.8520488376366,-4.2632564145606e-14
exhale,90,16.429912570821,6.0611563046882,-2.8421709430404e-14
exhale,110,16.429912570821,5.6005379774536,7.105427357601e-15
exhale,120,16.429912570821,5.7439244709388,7.105427357601e-15
exhale,130,16.429912570821,6.0471715287472,-2.7711166694644e-13
exhale,140,16.429912570821,5.1766131346452,-7.105427357601e-15
exhale,50,16.453800574682,4.8239146026276,-1.7763568394003e-12
exhale,60,16.453800574682,5.6927903802616,-2.8421709430404e-14
exhale,70,16.453800574682,6.5250430920964,-1.2221335055074e-12
exhale,80,16.453800574682,5.8518544092514,0
exhale,90,16.453800574682,6.0608680932815,0
exhale,110,16.453800574682,5.6001781264348,7.105427357601e-15
exhale,120,16.453800574682,5.7434407974529,1.4210854715202e-14
exhale,130,16.453800574682,6.0465777537368,-2.4868995751604e-13
exhale,140,16.453800574682,5.1760727868381,-2.8421709430404e-14
exhale,50,16.477688578544,4.8238672459059,-1.7763568394003e-12
exhale,60,16.477688578544,5.6926966073592,2.8421709430404e-14
exhale,70,16.477688578544,6.5248608456669,-1.3073986337986e-12
exhale,80,16.477688578544,5.8516604118027,0
exhale,90,16.477688578544,6.0605805294704,1.4210854715202e-14
exhale,110,16.477688578544,5.5998191153974,2.1316282072803e-14
exhale,120,16.477688578544,5.7429582802687,7.105427357601e-15
exhale,130,16.477688578544,6.0459854175862,-2.1316282072803e-13
exhale,140,16.477688578544,5.1755337967282,0
exhale,50,16.501576582406,4.8238199940637,-1.7905676941155e-12
exhale,60,16.501576582406,5.6926030381972,0
exhale,70,16.501576582406,6.524678992092,-1.2505552149378e-12
exhale,80,16.501576582406,5.8514668438092,-1.4210854715202e-14
exhale,90,16.501576582406,6.0602936110031,0
exhale,110,16.501576582406,5.5994609413143,0
exhale,120,16.501576582406,5.7424769151292,-7.105427357601e-15
exhale,130,16.501576582406,6.0453945149361,-2.0605739337043e-13
exhale,140,16.501576582406,5.1749961590768,0
exhale,50,16.525464586268,4.8237728467404,-1.7905676941155e-12
exhale,60,16.525464586268,5.6925096720873,0
exhale,70,16.525464586268,6.5244975300563,-1.264766069653e-12
exhale,80,16.525464586268,5.8512737037968,0
exhale,90,16.525464586268,6.0600073356387,0
exhale,110,16.525464586268,5.5991036011739,1.4210854715202e-14
exhale,120,16.525464586268,5.7419966977991,7.105427357601e-15
exhale,130,16.525464586268,6.0448050404545,-2.1316282072803e-13
exhale,140,16.525464586268,5.1744598686729,7.105427357601e-15
exhale,50,16.549352590129,4.8237258035769,-1.762145984685e-12
exhale,60,16.549352590129,5.6924165083447,-1.4210854715202e-14
exhale,70,16.549352590129,6.5243164582508,-1.2789769243682e-12
exhale,80,16.549352590129,5.8510809902985,0
exhale,90,16.549352590129,6.0597217011475,-2.8421709430404e-14
exhale,110,16.549352590129,5.5987470919793,7.105427357601e-15
exhale,120,16.549352590129,5.7415176240645,1.4210854715202e-14
exhale,130,16.549352590129,6.0442169888368,-1.9184653865523e-13
exhale,140,16.549352590129,5.1739249203331,7.105427357601e-15
exhale,50,16.573240593991,4.8236788642161,-1.762145984685e-12
exhale,60,16.573240593991,5.6923235462877,2.8421709430404e-14
exhale,70,16.573240593991,6.5241357753727,-1.2789769243682e-12
exhale,80,16.573240593991,5.8508887018542,4.2632564145606e-14
exhale,90,16.573240593991,6.0594367053101,-1.4210854715202e-14
exhale,110,16.573240593991,5.5983914107486,1.4210854715202e-14
exhale,120,16.573240593991,5.7410396897328,-7.105427357601e-15
exhale,130,16.573240593991,6.0436303548055,-1.4921397450962e-13
exhale,140,16.573240593991,5.1733913089012,1.4210854715202e-14
exhale,50,16.597128597853,4.8236320283026,-1.8189894035459e-12
exhale,60,16.597128597853,5.6922307852377,4.2632564145606e-14
exhale,70,16.597128597853,6.523955480125,-1.2505552149378e-12
exhale,80,16.597128597853,5.850696837011,-2.8421709430404e-14
exhale,90,16.597128597853,6.0591523459182,-2.8421709430404e-14
exhale,110,16.597128597853,5.598036554515,7.105427357601e-15
exhale,120,16.597128597853,5.7405628906327,-1.4210854715202e-14
exhale,130,16.597128597853,6.04304513311,-1.6342482922482e-13
exhale,140,16.597128597853,5.1728590292482,-7.105427357601e-15
exhale,50,16.621016601715,4.8235852954826,-1.8047785488307e-12
exhale,60,16.621016601715,5.6921382245197,0
exhale,70,16.621016601715,6.5237755712171,-1.2079226507922e-12
exhale,80,16.621016601715,5.8505053943226,-1.4210854715202e-14
exhale,90,16.621016601715,6.0588686207738,5.6843418860808e-14
exhale,110,16.621016601715,5.597682520326,7.105427357601e-15
exhale,120,16.621016601715,5.7400872226138,-3.5527136788005e-14
exhale,130,16.621016601715,6.0424613185267,-1.6342482922482e-13
exhale,140,16.621016601715,5.1723280762722,7.105427357601e-15
exhale,50,16.644904605576,4.8235386654039,-1.7763568394003e-12
exhale,60,16.644904605576,5.6920458634615,0
exhale,70,16.644904605576,6.5235960473644,-1.2505552149378e-12
exhale,80,16.644904605576,5.85031437235,-2.8421709430404e-14
exhale,90,16.644904605576,6.0585855276899,0
exhale,110,16.644904605576,5.5973293052439,2.8421709430404e-14
exhale,120,16.644904605576,5.739612681547,0
exhale,130,16.644904605576,6.0418789058583,-1.6342482922482e-13
exhale,140,16.644904605576,5.1717984448977,-2.1316282072803e-14
exhale,50,16.668792609438,4.8234921377162,-1.8332002582611e-12
exhale,60,16.668792609438,5.6919537013942,1.4210854715202e-14
exhale,70,16.668792609438,6.5234169072883,-1.2505552149378e-12
exhale,80,16.668792609438,5.8501237696609,0
exhale,90,16.668792609438,6.0583030644897,0
exhale,110,16.668792609438,5.5969769063458,-7.105427357601e-15
exhale,120,16.668792609438,5.7391392633236,0
exhale,130,16.668792609438,6.0412978899341,-1.1368683772162e-13
exhale,140,16.668792609438,5.1712701300764,-2.1316282072803e-14
exhale,50,16.6926806133,4.8234457120708,-1.8189894035459e-12
exhale,60,16.6926806133,5.691861737652,1.4210854715202e-14
exhale,70,16.6926806133,6.5232381497159,-1.264766069653e-12
exhale,80,16.6926806133,5.8499335848298,0
exhale,90,16.6926806133,6.058021229007,1.4210854715202e-14
exhale,110,16.6926806133,5.5966253207229,-1.4210854715202e-14
exhale,120,16.6926806133,5.7386669638558,7.105427357601e-15
exhale,130,16.6926806133,6.0407182656097,-1.2789769243682e-13
exhale,140,16.6926806133,5.1707431267859,-2.1316282072803e-14
exhale,50,16.716568617162,4.8233993881206,-1.762145984685e-12
exhale,60,16.716568617162,5.6917699715725,0
exhale,70,16.716568617162,6.5230597733806,-1.2221335055074e-12
exhale,80,16.716568617162,5.849743816438,1.4210854715202e-14
exhale,90,16.716568617162,6.057740019086,1.4210854715202e-14
exhale,110,16.716568617162,5.596274545481,7.105427357601e-15
exhale,120,16.716568617162,5.7381957790762,7.105427357601e-15
exhale,130,16.716568617162,6.0401400277667,-1.2079226507922e-13
exhale,140,16.716568617162,5.1702174300304,-7.105427357601e-15
exhale,50,16.740456621023,4.8233531655201,-1.8047785488307e-12
exhale,60,16.740456621023,5.6916784024961,1.4210854715202e-14
exhale,70,16.740456621023,6.5228817770216,-1.2221335055074e-12
exhale,80,16.740456621023,5.8495544630735,0
exhale,90,16.740456621023,6.057459432581,-1.4210854715202e-14
exhale,110,16.740456621023,5.5959245777399,-5.6843418860808e-14
exhale,120,16.740456621023,5.737725704938,1.4210854715202e-14
exhale,130,16.740456621023,6.0395631713125,-1.0658141036402e-13
exhale,140,16.740456621023,5.16969303484,-2.1316282072803e-14
exhale,50,16.764344624885,4.8233070439257,-1.7905676941155e-12
exhale,60,16.764344624885,5.6915870297663,0
exhale,70,16.764344624885,6.5227041593839,-1.264766069653e-12
exhale,80,16.764344624885,5.8493655233311,2.8421709430404e-14
exhale,90,16.764344624885,6.057179467357,-1.4210854715202e-14
exhale,110,16.764344624885,5.5955754146339,-4.9737991503207e-14
exhale,120,16.764344624885,5.7372567374145,0
exhale,130,16.764344624885,6.0389876911805,-8.5265128291212e-14
exhale,140,16.764344624885,5.1691699362708,-1.4210854715202e-14
exhale,50,16.788232628747,4.8232610229952,-1.8189894035459e-12
exhale,60,16.788232628747,5.6914958527299,4.2632564145606e-14
exhale,70,16.788232628747,6.5225269192183,-1.2079226507922e-12
exhale,80,16.788232628747,5.8491769958122,-1.4210854715202e-14
exhale,90,16.788232628747,6.0569001212888,2.8421709430404e-14
exhale,110,16.788232628747,5.5952270533111,-3.5527136788005e-14
exhale,120,16.788232628747,5.7367888724992,-1.4210854715202e-14
exhale,130,16.788232628747,6.0384135823296,-1.1368683772162e-13
exhale,140,16.788232628747,5.1686481294047,-2.8421709430404e-14
exhale,50,16.812120632609,4.823215102388,-1.8189894035459e-12
exhale,60,16.812120632609,5.6914048707366,-1.4210854715202e-14
exhale,70,16.812120632609,6.5223500552815,-1.264766069653e-12
exhale,80,16.812120632609,5.8489888791247,-1.4210854715202e-14
exhale,90,16.812120632609,6.0566213922615,0
exhale,110,16.812120632609,5.5948794909339,-8.5265128291212e-14
exhale,120,16.812120632609,5.7363221062055,0
exhale,130,16.812120632609,6.0378408397441,-8.5265128291212e-14
exhale,140,16.812120632609,5.1681276093489,-7.105427357601e-15
exhale,50,16.83600863647,4.8231692817652,-1.8047785488307e-12
exhale,60,16.83600863647,5.6913140831391,-2.8421709430404e-14
exhale,70,16.83600863647,6.5221735663359,-1.2221335055074e-12
exhale,80,16.83600863647,5.8488011718834,0
exhale,90,16.83600863647,6.0563432781703,1.4210854715202e-14
exhale,110,16.83600863647,5.5945327246784,-2.1316282072803e-14
exhale,120,16.83600863647,5.735856434567,7.105427357601e-15
exhale,130,16.83600863647,6.0372694584335,-6.3948846218409e-14
exhale,140,16.83600863647,5.1676083712363,-2.8421709430404e-14
exhale,50,16.859896640332,4.8231235607896,-1.8332002582611e-12
exhale,60,16.859896640332,5.6912234892932,0
exhale,70,16.859896640332,6.5219974511496,-1.2221335055074e-12
exhale,80,16.859896640332,5.8486138727092,-1.4210854715202e-14
exhale,90,16.859896640332,6.0560657769204,-1.4210854715202e-14
exhale,110,16.859896640332,5.5941867517345,-6.3948846218409e-14
exhale,120,16.859896640332,5.7353918536367,-2.1316282072803e-14
exhale,130,16.859896640332,6.0366994334325,-4.9737991503207e-14
exhale,140,16.859896640332,5.1670904102249,-1.4210854715202e-14
exhale,50,16.883784644194,4.8230779391255,-1.8189894035459e-12
exhale,60,16.883784644194,5.6911330885577,2.8421709430404e-14
exhale,70,16.883784644194,6.5218217084964,-1.2221335055074e-12
exhale,80,16.883784644194,5.8484269802299,-2.8421709430404e-14
exhale,90,16.883784644194,6.0557888864268,1.4210854715202e-14
exhale,110,16.883784644194,5.593841569306,-7.8159700933611e-14
exhale,120,16.883784644194,5.7349283594875,-7.105427357601e-15
exhale,130,16.883784644194,6.0361307598007,-5.6843418860808e-14
exhale,140,16.883784644194,5.1665737214978,-1.4210854715202e-14
exhale,50,16.907672648056,4.8230324164386,-1.8047785488307e-12
exhale,60,16.907672648056,5.6910428802944,-1.4210854715202e-14
exhale,70,16.907672648056,6.5216463371559,-1.2079226507922e-12
exhale,80,16.907672648056,5.8482404930795,-1.4210854715202e-14
exhale,90,16.907672648056,6.0555126046147,1.4210854715202e-14
exhale,110,16.907672648056,5.5934971746102,-7.105427357601e-14
exhale,120,16.907672648056,5.7344659482116,0
exhale,130,16.907672648056,6.0355634326224,-2.1316282072803e-14
exhale,140,16.907672648056,5.1660583002629,7.105427357601e-15
exhale,50,16.931560651918,4.8229869923965,-1.8189894035459e-12
exhale,60,16.931560651918,5.6909528638679,-1.4210854715202e-14
exhale,70,16.931560651918,6.5214713359131,-1.193711796077e-12
exhale,80,16.931560651918,5.8480544098985,-1.4210854715202e-14
exhale,90,16.931560651918,6.0552369294189,0
exhale,110,16.931560651918,5.5931535648781,-6.3948846218409e-14
exhale,120,16.931560651918,5.7340046159207,-7.105427357601e-15
exhale,130,16.931560651918,6.0349974470066,-2.1316282072803e-14
exhale,140,16.931560651918,5.165544141753,0
exhale,50,16.955448655779,4.8229416666682,-1.7763568394003e-12
exhale,60,16.955448655779,5.6908630386459,1.4210854715202e-14
exhale,70,16.955448655779,6.5212967035587,-1.2079226507922e-12
exhale,80,16.955448655779,5.8478687293338,-4.2632564145606e-14
exhale,90,16.955448655779,6.054961858784,-1.4210854715202e-14
exhale,110,16.955448655779,5.5928107373541,-4.2632564145606e-14
exhale,120,16.955448655779,5.7335443587459,7.105427357601e-15
exhale,130,16.955448655779,6.0344327980868,0
exhale,140,16.955448655779,5.1650312412254,-1.4210854715202e-14
exhale,50,16.979336659641,4.8228964389241,-1.8332002582611e-12
exhale,60,16.979336659641,5.690773403999,-2.8421709430404e-14
exhale,70,16.979336659641,6.521122438889,-1.1795009413618e-12
exhale,80,16.979336659641,5.8476834500386,2.8421709430404e-14
exhale,90,16.979336659641,6.0546873906643,0
exhale,110,16.979336659641,5.5924686892961,-6.3948846218409e-14
exhale,120,16.979336659641,5.7330851728371,7.105427357601e-15
exhale,130,16.979336659641,6.0338694810207,7.105427357601e-15
exhale,140,16.979336659641,5.1645195939618,-1.4210854715202e-14
exhale,50,17.003224663503,4.8228513088365,-1.8047785488307e-12
exhale,60,17.003224663503,5.6906839593008,2.8421709430404e-14
exhale,70,17.003224663503,6.5209485407057,-1.1368683772162e-12
exhale,80,17.003224663503,5.8474985706724,2.8421709430404e-14
exhale,90,17.003224663503,6.0544135230238,-1.4210854715202e-14
exhale,110,17.003224663503,5.5921274179751,-7.105427357601e-14
exhale,120,17.003224663503,5.7326270543636,0
exhale,130,17.003224663503,6.0333074909903,7.105427357601e-15
exhale,140,17.003224663503,5.164009195268,-7.105427357601e-15
exhale,50,17.027112667365,4.8228062760789,-1.7905676941155e-12
exhale,60,17.027112667365,5.6905947039276,2.8421709430404e-14
exhale,70,17.027112667365,6.5207750078161,-1.2079226507922e-12
exhale,80,17.027112667365,5.847314089901,-1.4210854715202e-14
exhale,90,17.027112667365,6.0541402538362,1.4210854715202e-14
exhale,110,17.027112667365,5.5917869206755,-4.9737991503207e-14
exhale,120,17.027112667365,5.7321699995133,7.105427357601e-15
exhale,130,17.027112667365,6.0327468232013,7.105427357601e-15
exhale,140,17.027112667365,5.1635000404732,7.105427357601e-15
exhale,50,17.051000671226,4.8227613403265,-1.7763568394003e-12
exhale,60,17.051000671226,5.6905056372587,0
exhale,70,17.051000671226,6.520601839033,-1.1795009413618e-12
exhale,80,17.051000671226,5.8471300063965,1.4210854715202e-14
exhale,90,17.051000671226,6.0538675810845,-1.4210854715202e-14
exhale,110,17.051000671226,5.5914471946949,-6.3948846218409e-14
exhale,120,17.051000671226,5.731714004493,1.4210854715202e-14
exhale,130,17.051000671226,6.0321874728835,0
exhale,140,17.051000671226,5.1629921249301,7.105427357601e-15
exhale,50,17.074888675088,4.822716501256,-1.7905676941155e-12
exhale,60,17.074888675088,5.6904167586763,5.6843418860808e-14
exhale,70,17.074888675088,6.5204290331744,-1.1652900866466e-12
exhale,80,17.074888675088,5.8469463188369,2.8421709430404e-14
exhale,90,17.074888675088,6.0535955027613,1.4210854715202e-14
exhale,110,17.074888675088,5.5911082373438,-4.9737991503207e-14
exhale,120,17.074888675088,5.7312590655281,-7.105427357601e-15
exhale,130,17.074888675088,6.0316294352905,7.105427357601e-15
exhale,140,17.074888675088,5.1624854440152,-1.4210854715202e-14
exhale,50,17.09877667895,4.8226717585456,-1.7905676941155e-12
exhale,60,17.09877667895,5.6903280675652,4.2632564145606e-14
exhale,70,17.09877667895,6.5202565890639,-1.2079226507922e-12
exhale,80,17.09877667895,5.8467630259066,1.4210854715202e-14
exhale,90,17.09877667895,6.0533240168688,0
exhale,110,17.09877667895,5.5907700459458,-5.6843418860808e-14
exhale,120,17.09877667895,5.7308051788628,-1.4210854715202e-14
exhale,130,17.09877667895,6.0310727056991,2.1316282072803e-14
exhale,140,17.09877667895,5.1619799931286,-7.105427357601e-15
exhale,50,17.122664682812,4.822627111875,-1.762145984685e-12
exhale,60,17.122664682812,5.6902395633133,0
exhale,70,17.122664682812,6.5200845055305,-1.1510792319314e-12
exhale,80,17.122664682812,5.8465801262962,0
exhale,90,17.122664682812,6.0530531214182,1.4210854715202e-14
exhale,110,17.122664682812,5.5904326178374,-4.2632564145606e-14
exhale,120,17.122664682812,5.7303523407594,-7.105427357601e-15
exhale,130,17.122664682812,6.0305172794097,0
exhale,140,17.122664682812,5.1614757676941,-3.5527136788005e-14
exhale,50,17.146552686673,4.8225825609253,-1.7905676941155e-12
exhale,60,17.146552686673,5.6901512453113,-2.8421709430404e-14
exhale,70,17.146552686673,6.5199127814082,-1.1510792319314e-12
exhale,80,17.146552686673,5.8463976187021,1.4210854715202e-14
exhale,90,17.146552686673,6.0527828144302,1.4210854715202e-14
exhale,110,17.146552686673,5.5900959503679,-4.9737991503207e-14
exhale,120,17.146552686673,5.7299005474987,-7.105427357601e-15
exhale,130,17.146552686673,6.0299631517459,7.105427357601e-15
exhale,140,17.146552686673,5.1609727631585,-1.4210854715202e-14
exhale,50,17.170440690535,4.8225381053792,-1.7905676941155e-12
exhale,60,17.170440690535,5.6900631129525,-1.4210854715202e-14
exhale,70,17.170440690535,6.5197414155367,-1.1510792319314e-12
exhale,80,17.170440690535,5.846215501827,0
exhale,90,17.170440690535,6.0525130939348,-1.4210854715202e-14
exhale,110,17.170440690535,5.5897600408994,-7.105427357601e-14
exhale,120,17.170440690535,5.7294497953796,-7.105427357601e-15
exhale,130,17.170440690535,6.0294103180544,0
exhale,140,17.170440690535,5.1604709749921,-7.105427357601e-15
exhale,50,17.194328694397,4.8224937449209,-1.8189894035459e-12
exhale,60,17.194328694397,5.689975165633,0
exhale,70,17.194328694397,6.5195704067608,-1.1368683772162e-12
exhale,80,17.194328694397,5.8460337743793,0
exhale,90,17.194328694397,6.0522439579712,0
exhale,110,17.194328694397,5.5894248868066,-4.9737991503207e-14
exhale,120,17.194328694397,5.7290000807192,-7.105427357601e-15
exhale,130,17.194328694397,6.028858773705,2.1316282072803e-14
exhale,140,17.194328694397,5.1599703986881,0
exhale,50,17.218216698259,4.8224494792358,-1.8189894035459e-12
exhale,60,17.218216698259,5.6898874027518,1.4210854715202e-14
exhale,70,17.218216698259,6.5193997539305,-1.1510792319314e-12
exhale,80,17.218216698259,5.8458524350738,1.4210854715202e-14
exhale,90,17.218216698259,6.0519754045876,1.4210854715202e-14
exhale,110,17.218216698259,5.5890904854768,-4.9737991503207e-14
exhale,120,17.218216698259,5.7285513998525,0
exhale,130,17.218216698259,6.02830851409,0
exhale,140,17.218216698259,5.1594710297625,-2.8421709430404e-14
exhale,50,17.24210470212,4.8224053080111,-1.762145984685e-12
exhale,60,17.24210470212,5.6897998237107,-4.2632564145606e-14
exhale,70,17.24210470212,6.519229455901,-1.1510792319314e-12
exhale,80,17.24210470212,5.8456714826307,0
exhale,90,17.24210470212,6.0517074318414,-4.2632564145606e-14
exhale,110,17.24210470212,5.5887568343098,-4.2632564145606e-14
exhale,120,17.24210470212,5.7281037491323,0
exhale,130,17.24210470212,6.0277595346247,0
exhale,140,17.24210470212,5.1589728637543,7.105427357601e-15
exhale,50,17.265992705982,4.8223612309352,-1.8474111129763e-12
exhale,60,17.265992705982,5.6897124279139,1.4210854715202e-14
exhale,70,17.265992705982,6.5190595115327,-1.1084466677858e-12
exhale,80,17.265992705982,5.8454909157767,-1.4210854715202e-14
exhale,90,17.265992705982,6.051440037799,1.4210854715202e-14
exhale,110,17.265992705982,5.588423930718,-7.8159700933611e-14
exhale,120,17.265992705982,5.7276571249293,0
exhale,130,17.265992705982,6.0272118307467,0
exhale,140,17.265992705982,5.1584758962248,-7.105427357601e-15
exhale,50,17.289880709844,4.8223172476981,-1.8047785488307e-12
exhale,60,17.289880709844,5.6896252147686,1.4210854715202e-14
exhale,70,17.289880709844,6.5188899196912,-1.1795009413618e-12
exhale,80,17.289880709844,5.8453107332438,-1.4210854715202e-14
exhale,90,17.289880709844,6.0511732205358,1.4210854715202e-14
exhale,110,17.289880709844,5.588091772126,-7.8159700933611e-14
exhale,120,17.289880709844,5.7272115236317,-1.4210854715202e-14
exhale,130,17.289880709844,6.026665397916,7.105427357601e-15
exhale,140,17.289880709844,5.157980122758,-2.1316282072803e-14
exhale,50,17.313768713706,4.8222733579911,-1.8189894035459e-12
exhale,60,17.313768713706,5.6895381836846,0
exhale,70,17.313768713706,6.5187206792472,-1.122657522501e-12
exhale,80,17.313768713706,5.8451309337702,-1.4210854715202e-14
exhale,90,17.313768713706,6.0509069781361,1.4210854715202e-14
exhale,110,17.313768713706,5.5877603559707,-4.9737991503207e-14
exhale,120,17.313768713706,5.7267669416454,-7.105427357601e-15
exhale,130,17.313768713706,6.0261202316149,-7.105427357601e-15
exhale,140,17.313768713706,5.15748553896,-1.4210854715202e-14
exhale,50,17.337656717567,4.8222295615069,-1.8047785488307e-12
exhale,60,17.337656717567,5.6894513340744,2.8421709430404e-14
exhale,70,17.337656717567,6.5185517890764,-1.122657522501e-12
exhale,80,17.337656717567,5.8449515160997,0
exhale,90,17.337656717567,6.050641308693,-2.8421709430404e-14
exhale,110,17.337656717567,5.5874296797012,-4.2632564145606e-14
exhale,120,17.337656717567,5.7263233753935,7.105427357601e-15
exhale,130,17.337656717567,6.0255763273479,-2.8421709430404e-14
exhale,140,17.337656717567,5.1569921404592,0
exhale,50,17.361544721429,4.8221858579399,-1.8474111129763e-12
exhale,60,17.361544721429,5.6893646653531,1.4210854715202e-14
exhale,70,17.361544721429,6.5183832480596,-1.0942358130706e-12
exhale,80,17.361544721429,5.844772478982,-2.8421709430404e-14
exhale,90,17.361544721429,6.0503762103085,1.4210854715202e-14
exhale,110,17.361544721429,5.5870997407788,-4.9737991503207e-14
exhale,120,17.361544721429,5.7258808213166,0
exhale,130,17.361544721429,6.0250336806413,1.4210854715202e-14
exhale,140,17.361544721429,5.1564999229059,-7.105427357601e-15
exhale,50,17.385432725291,4.8221422469855,-1.8474111129763e-12
exhale,60,17.385432725291,5.6892781769385,0
exhale,70,17.385432725291,6.5182150550827,-1.0942358130706e-12
exhale,80,17.385432725291,5.8445938211725,0
exhale,90,17.385432725291,6.0501116810935,-1.4210854715202e-14
exhale,110,17.385432725291,5.5867705366769,-5.6843418860808e-14
exhale,120,17.385432725291,5.7254392758724,7.105427357601e-15
exhale,130,17.385432725291,6.0244922870432,0
exhale,140,17.385432725291,5.1560088819724,-1.4210854715202e-14
exhale,50,17.409320729153,4.8220987283407,-1.8332002582611e-12
exhale,60,17.409320729153,5.6891918682511,-2.8421709430404e-14
exhale,70,17.409320729153,6.5180472090364,-1.1084466677858e-12
exhale,80,17.409320729153,5.8444155414321,1.4210854715202e-14
exhale,90,17.409320729153,6.0498477191673,-1.4210854715202e-14
exhale,110,17.409320729153,5.5864420648807,-2.8421709430404e-14
exhale,120,17.409320729153,5.7249987355358,-7.105427357601e-15
exhale,130,17.409320729153,6.0239521421237,7.105427357601e-15
exhale,140,17.409320729153,5.1555190133526,-7.105427357601e-15
exhale,50,17.433208733015,4.8220553017039,-1.8332002582611e-12
exhale,60,17.433208733015,5.6891057387138,1.4210854715202e-14
exhale,70,17.433208733015,6.5178797088167,-1.1084466677858e-12
exhale,80,17.433208733015,5.8442376385277,-1.4210854715202e-14
exhale,90,17.433208733015,6.0495843226582,1.4210854715202e-14
exhale,110,17.433208733015,5.5861143228876,-7.105427357601e-14
exhale,120,17.433208733015,5.7245591967986,-2.1316282072803e-14
exhale,130,17.433208733015,6.0234132414741,-7.105427357601e-15
exhale,140,17.433208733015,5.1550303127622,7.105427357601e-15
exhale,50,17.457096736876,4.8220119667749,-1.8047785488307e-12
exhale,60,17.457096736876,5.6890197877523,-1.4210854715202e-14
exhale,70,17.457096736876,6.5177125533243,-1.0942358130706e-12
exhale,80,17.457096736876,5.8440601112314,-2.8421709430404e-14
exhale,90,17.457096736876,6.0493214897027,0
exhale,110,17.457096736876,5.5857873082065,-4.9737991503207e-14
exhale,120,17.457096736876,5.7241206561694,-1.4210854715202e-14
exhale,130,17.457096736876,6.0228755807073,-7.105427357601e-15
exhale,140,17.457096736876,5.1545427759382,0
exhale,50,17.480984740738,4.8219687232547,-1.8047785488307e-12
exhale,60,17.480984740738,5.6889340147948,0
exhale,70,17.480984740738,6.5175457414647,-1.0658141036402e-12
exhale,80,17.480984740738,5.8438829583214,0
exhale,90,17.480984740738,6.0490592184464,-5.6843418860808e-14
exhale,110,17.480984740738,5.5854610183584,-7.105427357601e-14
exhale,120,17.480984740738,5.7236831101739,7.105427357601e-15
exhale,130,17.480984740738,6.0223391554575,0
exhale,140,17.480984740738,5.1540563986389,-7.105427357601e-15
exhale,50,17.5048727446,4.8219255708458,-1.8474111129763e-12
exhale,60,17.5048727446,5.6888484192721,2.8421709430404e-14
exhale,70,17.5048727446,6.5173792721485,-1.0942358130706e-12
exhale,80,17.5048727446,5.8437061785809,-1.4210854715202e-14
exhale,90,17.5048727446,6.0487975070429,-1.4210854715202e-14
exhale,110,17.5048727446,5.5851354508758,-6.3948846218409e-14
exhale,120,17.5048727446,5.7232465553541,-7.105427357601e-15
exhale,130,17.5048727446,6.0218039613799,0
exhale,140,17.5048727446,5.153571176644,-1.4210854715202e-14
exhale,50,17.528760748462,4.8218825092521,-1.8047785488307e-12
exhale,60,17.528760748462,5.6887630006176,0
exhale,70,17.528760748462,6.5172131442912,-1.0516032489249e-12
exhale,80,17.528760748462,5.8435297707991,0
exhale,90,17.528760748462,6.0485363536545,-1.4210854715202e-14
exhale,110,17.528760748462,5.5848106033029,-5.6843418860808e-14
exhale,120,17.528760748462,5.722810988269,1.4210854715202e-14
exhale,130,17.528760748462,6.0212699941511,0
exhale,140,17.528760748462,5.1530871057539,-1.4210854715202e-14
exhale,50,17.552648752323,4.8218395381788,-1.8474111129763e-12
exhale,60,17.552648752323,5.6886777582672,-4.2632564145606e-14
exhale,70,17.552648752323,6.5170473568129,-1.0942358130706e-12
exhale,80,17.552648752323,5.8433537337705,-2.8421709430404e-14
exhale,90,17.552648752323,6.048275756452,1.4210854715202e-14
exhale,110,17.552648752323,5.5844864731955,-4.2632564145606e-14
exhale,120,17.552648752323,5.7223764054936,0
exhale,130,17.552648752323,6.0207372494681,7.105427357601e-15
exhale,140,17.552648752323,5.1526041817903,-7.105427357601e-15
exhale,50,17.576536756185,4.8217966573322,-1.8047785488307e-12
exhale,60,17.576536756185,5.6885926916592,-4.2632564145606e-14
exhale,70,17.576536756185,6.5168819086386,-1.1084466677858e-12
exhale,80,17.576536756185,5.843178066295,1.4210854715202e-14
exhale,90,17.576536756185,6.0480157136143,1.4210854715202e-14
exhale,110,17.576536756185,5.5841630581208,-7.105427357601e-14
exhale,120,17.576536756185,5.7219428036198,7.105427357601e-15
exhale,130,17.576536756185,6.0202057230491,0
exhale,140,17.576536756185,5.1521224005955,-1.4210854715202e-14
exhale,50,17.600424760047,4.8217538664204,-1.8047785488307e-12
exhale,60,17.600424760047,5.6885078002346,-1.4210854715202e-14
exhale,70,17.600424760047,6.5167167986982,-1.0658141036402e-12
exhale,80,17.600424760047,5.843002767178,2.8421709430404e-14
exhale,90,17.600424760047,6.0477562233287,-2.8421709430404e-14
exhale,110,17.600424760047,5.5838403556574,-6.3948846218409e-14
exhale,120,17.600424760047,5.7215101792553,0
exhale,130,17.600424760047,6.0196754106327,2.8421709430404e-14
exhale,140,17.600424760047,5.1516417580324,0
exhale,50,17.624312763909,4.8217111651524,-1.7905676941155e-12
exhale,60,17.624312763909,5.6884230834368,-2.8421709430404e-14
exhale,70,17.624312763909,6.516552025926,-1.0658141036402e-12
exhale,80,17.624312763909,5.8428278352303,1.4210854715202e-14
exhale,90,17.624312763909,6.047497283791,0
exhale,110,17.624312763909,5.5835183633954,-4.2632564145606e-14
exhale,120,17.624312763909,5.7210785290242,2.8421709430404e-14
exhale,130,17.624312763909,6.0191463079782,-7.105427357601e-15
exhale,140,17.624312763909,5.1511622499846,2.1316282072803e-14
exhale,50,17.64820076777,4.8216685532387,-1.8474111129763e-12
exhale,60,17.64820076777,5.6883385407118,0
exhale,70,17.64820076777,6.5163875892615,-1.0800249583554e-12
exhale,80,17.64820076777,5.8426532692681,1.4210854715202e-14
exhale,90,17.64820076777,6.0472388932049,-1.4210854715202e-14
exhale,110,17.64820076777,5.5831970789361,-5.6843418860808e-14
exhale,120,17.64820076777,5.7206478495668,-7.105427357601e-15
exhale,130,17.64820076777,6.018618410865,-7.105427357601e-15
exhale,140,17.64820076777,5.1506838723559,-7.105427357601e-15
exhale,50,17.672088771632,4.8216260303912,-1.8047785488307e-12
exhale,60,17.672088771632,5.6882541715078,1.4210854715202e-14
exhale,70,17.672088771632,6.5162234876485,-1.0800249583554e-12
exhale,80,17.672088771632,5.8424790681129,-1.4210854715202e-14
exhale,90,17.672088771632,6.0469810497824,-1.4210854715202e-14
exhale,110,17.672088771632,5.5828764998919,-6.3948846218409e-14
exhale,120,17.672088771632,5.7202181375392,-7.105427357601e-15
exhale,130,17.672088771632,6.0180917150931,7.105427357601e-15
exhale,140,17.672088771632,5.1502066210705,-1.4210854715202e-14
exhale,50,17.695976775494,4.8215835963229,-1.8189894035459e-12
exhale,60,17.695976775494,5.6881699752757,1.4210854715202e-14
exhale,70,17.695976775494,6.5160597200355,-1.0942358130706e-12
exhale,80,17.695976775494,5.8423052305914,2.8421709430404e-14
exhale,90,17.695976775494,6.0467237517436,0
exhale,110,17.695976775494,5.5825566238867,-7.105427357601e-14
exhale,120,17.695976775494,5.7197893896135,1.4210854715202e-14
exhale,130,17.695976775494,6.0175662164824,0
exhale,140,17.695976775494,5.1497304920727,-7.105427357601e-15
exhale,50,17.719864779356,4.8215412507481,-1.8616219676915e-12
exhale,60,17.719864779356,5.6880859514688,1.4210854715202e-14
exhale,70,17.719864779356,6.5158962853759,-1.0942358130706e-12
exhale,80,17.719864779356,5.8421317555358,0
exhale,90,17.719864779356,6.0464669973167,-1.4210854715202e-14
exhale,110,17.719864779356,5.582237448555,-5.6843418860808e-14
exhale,120,17.719864779356,5.7193616024774,1.4210854715202e-14
exhale,130,17.719864779356,6.0170419108729,-2.1316282072803e-14
exhale,140,17.719864779356,5.1492554813269,-3.5527136788005e-14
exhale,50,17.743752783217,4.8214989933826,-1.8047785488307e-12
exhale,60,17.743752783217,5.6880020995428,-2.8421709430404e-14
exhale,70,17.743752783217,6.5157331826275,-1.0231815394945e-12
exhale,80,17.743752783217,5.8419586417833,-4.2632564145606e-14
exhale,90,17.743752783217,6.0462107847379,0
exhale,110,17.743752783217,5.5819189715427,-6.3948846218409e-14
exhale,120,17.743752783217,5.7189347728345,2.1316282072803e-14
exhale,130,17.743752783217,6.0165187941246,0
exhale,140,17.743752783217,5.1487815848172,-1.4210854715202e-14
exhale,50,17.767640787079,4.8214568239432,-1.8047785488307e-12
exhale,60,17.767640787079,5.6879184189557,1.4210854715202e-14
exhale,70,17.767640787079,6.5155704107526,-1.0516032489249e-12
exhale,80,17.767640787079,5.8417858881766,0
exhale,90,17.767640787079,6.0459551122514,1.4210854715202e-14
exhale,110,17.767640787079,5.5816011905065,-4.2632564145606e-14
exhale,120,17.767640787079,5.7185088974039,1.4210854715202e-14
exhale,130,17.767640787079,6.0159968621171,0
exhale,140,17.767640787079,5.1483087985476,-1.4210854715202e-14
exhale,50,17.791528790941,4.8214147421483,-1.8332002582611e-12
exhale,60,17.791528790941,5.6878349091682,2.8421709430404e-14
exhale,70,17.791528790941,6.5154079687182,-1.0800249583554e-12
exhale,80,17.791528790941,5.8416134935633,1.4210854715202e-14
exhale,90,17.791528790941,6.0456999781091,0
exhale,110,17.791528790941,5.581284103114,-6.3948846218409e-14
exhale,120,17.791528790941,5.7180839729202,-1.4210854715202e-14
exhale,130,17.791528790941,6.0154761107498,-7.105427357601e-15
exhale,140,17.791528790941,5.1478371185417,-1.4210854715202e-14
exhale,50,17.815416794803,4.8213727477171,-1.8616219676915e-12
exhale,60,17.815416794803,5.6877515696428,0
exhale,70,17.815416794803,6.5152458554957,-1.0658141036402e-12
exhale,80,17.815416794803,5.841441456796,1.4210854715202e-14
exhale,90,17.815416794803,6.0454453805709,-1.4210854715202e-14
exhale,110,17.815416794803,5.5809677070433,-4.9737991503207e-14
exhale,120,17.815416794803,5.7176599961332,-2.1316282072803e-14
exhale,130,17.815416794803,6.014956535941,-1.4210854715202e-14
exhale,140,17.815416794803,5.1473665408423,-7.105427357601e-15
exhale,50,17.839304798664,4.8213308403687,-1.8332002582611e-12
exhale,60,17.839304798664,5.6876683998409,-1.4210854715202e-14
exhale,70,17.839304798664,6.5150840700526,-1.0373923942097e-12
exhale,80,17.839304798664,5.8412697767244,2.8421709430404e-14
exhale,90,17.839304798664,6.0451913178919,-1.4210854715202e-14
exhale,110,17.839304798664,5.580651999969,-7.105427357601e-14
exhale,120,17.839304798664,5.7172369637887,-7.105427357601e-15
exhale,130,17.839304798664,6.014438133605,7.105427357601e-15
exhale,140,17.839304798664,5.1468970614929,-7.105427357601e-15
exhale,50,17.863192802526,4.8212890198205,-1.8047785488307e-12
exhale,60,17.863192802526,5.6875853992204,0
exhale,70,17.863192802526,6.5149226113497,-1.0373923942097e-12
exhale,80,17.863192802526,5.8410984521918,-2.8421709430404e-14
exhale,90,17.863192802526,6.0449377883186,-1.4210854715202e-14
exhale,110,17.863192802526,5.5803369795576,-6.3948846218409e-14
exhale,120,17.863192802526,5.7168148726227,7.105427357601e-15
exhale,130,17.863192802526,6.0139208996439,-7.105427357601e-15
exhale,140,17.863192802526,5.146428676532,-1.4210854715202e-14
exhale,50,17.887080806388,4.8212472857913,-1.8474111129763e-12
exhale,60,17.887080806388,5.6875025672414,1.4210854715202e-14
exhale,70,17.887080806388,6.5147614783517,-1.0373923942097e-12
exhale,80,17.887080806388,5.840927482046,2.8421709430404e-14
exhale,90,17.887080806388,6.044684790104,-1.4210854715202e-14
exhale,110,17.887080806388,5.5800226434851,-6.3948846218409e-14
exhale,120,17.887080806388,5.716393719385,7.105427357601e-15
exhale,130,17.887080806388,6.0134048299775,-1.4210854715202e-14
exhale,140,17.887080806388,5.1459613820157,-7.105427357601e-15
exhale,50,17.91096881025,4.8212056380012,-1.8474111129763e-12
exhale,60,17.91096881025,5.6874199033665,-1.4210854715202e-14
exhale,70,17.91096881025,6.5146006700279,-9.9475983006414e-13
exhale,80,17.91096881025,5.8407568651403,2.8421709430404e-14
exhale,90,17.91096881025,6.0444323215095,0
exhale,110,17.91096881025,5.5797089894383,-7.8159700933611e-14
exhale,120,17.91096881025,5.7159735008408,-7.105427357601e-15
exhale,130,17.91096881025,6.0128899205451,-1.4210854715202e-14
exhale,140,17.91096881025,5.1454951740196,-2.1316282072803e-14
exhale,50,17.934856814112,4.8211640761713,-1.8189894035459e-12
exhale,60,17.934856814112,5.6873374070605,-2.8421709430404e-14
exhale,70,17.934856814112,6.5144401853521,-9.9475983006414e-13
exhale,80,17.934856814112,5.8405866003329,2.8421709430404e-14
exhale,90,17.934856814112,6.0441803808041,0
exhale,110,17.934856814112,5.5793960151148,-5.6843418860808e-14
exhale,120,17.934856814112,5.7155542137706,1.4210854715202e-14
exhale,130,17.934856814112,6.0123761673053,1.4210854715202e-14
exhale,140,17.934856814112,5.1450300486385,-7.105427357601e-15
exhale,50,17.958744817973,4.8211226000242,-1.8332002582611e-12
exhale,60,17.958744817973,5.6872550777907,2.8421709430404e-14
exhale,70,17.958744817973,6.5142800233027,-1.0516032489249e-12
exhale,80,17.958744817973,5.8404166864872,0
exhale,90,17.958744817973,6.0439289662648,2.8421709430404e-14
exhale,110,17.958744817973,5.5790837182232,-4.9737991503207e-14
exhale,120,17.958744817973,5.7151358549703,0
exhale,130,17.958744817973,6.0118635662364,7.105427357601e-15
exhale,140,17.958744817973,5.1445660019868,1.4210854715202e-14
exhale,50,17.982632821835,4.8210812092837,-1.7905676941155e-12
exhale,60,17.982632821835,5.6871729150268,-4.2632564145606e-14
exhale,70,17.982632821835,6.5141201828627,-1.0373923942097e-12
exhale,80,17.982632821835,5.8402471224717,0
exhale,90,17.982632821835,6.0436780761764,0
exhale,110,17.982632821835,5.5787720964824,-6.3948846218409e-14
exhale,120,17.982632821835,5.7147184212508,-7.105427357601e-15
exhale,130,17.982632821835,6.0113521133356,-1.4210854715202e-14
exhale,140,17.982632821835,5.1441030301976,0
exhale,50,18.006520825697,4.8210399036747,-1.8900436771219e-12
exhale,60,18.006520825697,5.6870909182409,2.8421709430404e-14
exhale,70,18.006520825697,6.5139606630194,-1.0373923942097e-12
exhale,80,18.006520825697,5.8400779071601,2.8421709430404e-14
exhale,90,18.006520825697,6.0434277088315,0
exhale,110,18.006520825697,5.5784611476222,-6.3948846218409e-14
exhale,120,18.006520825697,5.7143019094383,-1.4210854715202e-14
exhale,130,18.006520825697,6.0108418046194,7.105427357601e-15
exhale,140,18.006520825697,5.1436411294232,-1.4210854715202e-14
exhale,50,18.030408829559,4.8209986829236,-1.8047785488307e-12
exhale,60,18.030408829559,5.6870090869072,-1.4210854715202e-14
exhale,70,18.030408829559,6.5138014627647,-1.0231815394945e-12
exhale,80,18.030408829559,5.839909039431,1.4210854715202e-14
exhale,90,18.030408829559,6.0431778625303,-1.4210854715202e-14
exhale,110,18.030408829559,5.5781508693829,-6.3948846218409e-14
exhale,120,18.030408829559,5.7138863163739,-1.4210854715202e-14
exhale,130,18.030408829559,6.0103326361233,0
exhale,140,18.030408829559,5.1431802958347,-2.1316282072803e-14
exhale,50,18.05429683342,4.8209575467577,-1.8616219676915e-12
exhale,60,18.05429683342,5.6869274205024,-1.4210854715202e-14
exhale,70,18.05429683342,6.513642581095,-1.0089706847793e-12
exhale,80,18.05429683342,5.8397405181681,2.8421709430404e-14
exhale,90,18.05429683342,6.0429285355809,1.4210854715202e-14
exhale,110,18.05429683342,5.5778412595151,-7.105427357601e-14
exhale,120,18.05429683342,5.7134716389136,-7.105427357601e-15
exhale,130,18.05429683342,6.0098246039018,7.105427357601e-15
exhale,140,18.05429683342,5.1427205256219,-1.4210854715202e-14
exhale,50,18.078184837282,4.8209164949058,-1.8189894035459e-12
exhale,60,18.078184837282,5.6868459185056,-1.4210854715202e-14
exhale,70,18.078184837282,6.513484017011,-1.0089706847793e-12
exhale,80,18.078184837282,5.8395723422602,1.4210854715202e-14
exhale,90,18.078184837282,6.0426797262989,-1.4210854715202e-14
exhale,110,18.078184837282,5.5775323157801,-4.2632564145606e-14
exhale,120,18.078184837282,5.7130578739282,0
exhale,130,18.078184837282,6.0093177040278,-7.105427357601e-15
exhale,140,18.078184837282,5.1422618149933,-7.105427357601e-15
exhale,50,18.102072841144,4.8208755270978,-1.8616219676915e-12
exhale,60,18.102072841144,5.6867645803981,-1.4210854715202e-14
exhale,70,18.102072841144,6.5133257695178,-1.0089706847793e-12
exhale,80,18.102072841144,5.8394045106009,2.8421709430404e-14
exhale,90,18.102072841144,6.0424314330075,2.8421709430404e-14
exhale,110,18.102072841144,5.5772240359493,-5.6843418860808e-14
exhale,120,18.102072841144,5.7126450183034,0
exhale,130,18.102072841144,6.0088119325933,1.4210854715202e-14
exhale,140,18.102072841144,5.1418041601759,7.105427357601e-15
exhale,50,18.125960845006,4.8208346430647,-1.8332002582611e-12
exhale,60,18.125960845006,5.6866834056634,-2.8421709430404e-14
exhale,70,18.125960845006,6.5131678376249,-9.6633812063374e-13
exhale,80,18.125960845006,5.8392370220889,4.2632564145606e-14
exhale,90,18.125960845006,6.0421836540375,-1.4210854715202e-14
exhale,110,18.125960845006,5.5769164178047,-7.105427357601e-14
exhale,120,18.125960845006,5.7122330689393,-1.4210854715202e-14
exhale,130,18.125960845006,6.0083072857085,1.4210854715202e-14
exhale,140,18.125960845006,5.1413475574151,-1.4210854715202e-14
exhale,50,18.149848848867,4.8207938425388,-1.8616219676915e-12
exhale,60,18.149848848867,5.6866023937874,1.4210854715202e-14
exhale,70,18.149848848867,6.5130102203461,-1.0089706847793e-12
exhale,80,18.149848848867,5.8390698756276,-2.8421709430404e-14
exhale,90,18.149848848867,6.0419363877272,0
exhale,110,18.149848848867,5.5766094591384,-7.105427357601e-14
exhale,120,18.149848848867,5.7118220227508,-2.8421709430404e-14
exhale,130,18.149848848867,6.0078037595024,1.4210854715202e-14
exhale,140,18.149848848867,5.1408920029745,-1.4210854715202e-14
exhale,50,18.173736852729,4.8207531252537,-1.8332002582611e-12
exhale,60,18.173736852729,5.6865215442583,5.6843418860808e-14
exhale,70,18.173736852729,6.5128529166997,-9.8054897534894e-13
exhale,80,18.173736852729,5.8389030701255,0
exhale,90,18.173736852729,6.0416896324223,1.4210854715202e-14
exhale,110,18.173736852729,5.5763031577525,-5.6843418860808e-14
exhale,120,18.173736852729,5.711411876667,-1.4210854715202e-14
exhale,130,18.173736852729,6.0073013501219,1.4210854715202e-14
exhale,140,18.173736852729,5.1404374931359,0
exhale,50,18.197624856591,4.8207124909441,-1.8189894035459e-12
exhale,60,18.197624856591,5.6864408565664,2.8421709430404e-14
exhale,70,18.197624856591,6.5126959257081,-9.8054897534894e-13
exhale,80,18.197624856591,5.8387366044958,0
exhale,90,18.197624856591,6.0414433864762,0
exhale,110,18.197624856591,5.5759975114595,-4.9737991503207e-14
exhale,120,18.197624856591,5.7110026276316,7.105427357601e-15
exhale,130,18.197624856591,6.0068000537324,0
exhale,140,18.197624856591,5.1399840241993,-1.4210854715202e-14
exhale,50,18.221512860453,4.8206719393457,-1.8900436771219e-12
exhale,60,18.221512860453,5.6863603302044,-2.8421709430404e-14
exhale,70,18.221512860453,6.5125392463979,-1.0231815394945e-12
exhale,80,18.221512860453,5.8385704776566,0
exhale,90,18.221512860453,6.0411976482492,0
exhale,110,18.221512860453,5.5756925180818,-6.3948846218409e-14
exhale,120,18.221512860453,5.7105942726025,-7.105427357601e-15
exhale,130,18.221512860453,6.0062998665175,-1.4210854715202e-14
exhale,140,18.221512860453,5.1395315924824,-1.4210854715202e-14
exhale,50,18.245400864314,4.8206314701956,-1.8189894035459e-12
exhale,60,18.245400864314,5.6862799646671,5.6843418860808e-14
exhale,70,18.245400864314,6.5123828778002,-9.6633812063374e-13
exhale,80,18.245400864314,5.8384046885309,1.4210854715202e-14
exhale,90,18.245400864314,6.0409524161093,0
exhale,110,18.245400864314,5.5753881754519,-6.3948846218409e-14
exhale,120,18.245400864314,5.7101868085519,-1.4210854715202e-14
exhale,130,18.245400864314,6.0058007846784,1.4210854715202e-14
exhale,140,18.245400864314,5.1390801943209,7.105427357601e-15
exhale,50,18.269288868176,4.820591083232,-1.8332002582611e-12
exhale,60,18.269288868176,5.6861997594516,0
exhale,70,18.269288868176,6.5122268189501,-1.0089706847793e-12
exhale,80,18.269288868176,5.8382392360463,2.8421709430404e-14
exhale,90,18.269288868176,6.0407076884318,0
exhale,110,18.269288868176,5.5750844814122,-7.105427357601e-14
exhale,120,18.269288868176,5.7097802324661,0
exhale,130,18.269288868176,6.0053028044346,1.4210854715202e-14
exhale,140,18.269288868176,5.1386298260683,-1.4210854715202e-14
exhale,50,18.293176872038,4.8205507781942,-1.8474111129763e-12
exhale,60,18.293176872038,5.6861197140571,0
exhale,70,18.293176872038,6.512071068887,-9.9475983006414e-13
exhale,80,18.293176872038,5.8380741191352,-1.4210854715202e-14
exhale,90,18.293176872038,6.040463463599,0
exhale,110,18.293176872038,5.5747814338149,-7.105427357601e-14
exhale,120,18.293176872038,5.7093745413452,2.1316282072803e-14
exhale,130,18.293176872038,6.0048059220231,-7.105427357601e-15
exhale,140,18.293176872038,5.1381804840955,-2.1316282072803e-14
exhale,50,18.3170648759,4.8205105548228,-1.8332002582611e-12
exhale,60,18.3170648759,5.6860398279852,-1.4210854715202e-14
exhale,70,18.3170648759,6.5119156266545,-9.5212726591853e-13
exhale,80,18.3170648759,5.8379093367348,-2.8421709430404e-14
exhale,90,18.3170648759,6.0402197400007,1.4210854715202e-14
exhale,110,18.3170648759,5.5744790305223,-7.105427357601e-14
exhale,120,18.3170648759,5.7089697322036,-7.105427357601e-15
exhale,130,18.3170648759,6.0043101336988,0
exhale,140,18.3170648759,5.137732164791,-1.4210854715202e-14
exhale,50,18.340952879761,4.8204704128593,-1.8189894035459e-12
exhale,60,18.340952879761,5.6859601007394,-1.4210854715202e-14
exhale,70,18.340952879761,6.5117604913004,-9.3791641120333e-13
exhale,80,18.340952879761,5.837744887787,-1.4210854715202e-14
exhale,90,18.340952879761,6.0399765160337,-2.8421709430404e-14
exhale,110,18.340952879761,5.5741772694061,-7.8159700933611e-14
exhale,120,18.340952879761,5.7085658020694,1.4210854715202e-14
exhale,130,18.340952879761,6.0038154357339,-1.4210854715202e-14
exhale,140,18.340952879761,5.1372848645608,-7.105427357601e-15
exhale,50,18.364840883623,4.8204303520467,-1.8332002582611e-12
exhale,60,18.364840883623,5.6858805318254,1.4210854715202e-14
exhale,70,18.364840883623,6.5116056618763,-9.8054897534894e-13
exhale,80,18.364840883623,5.8375807712381,-2.8421709430404e-14
exhale,90,18.364840883623,6.0397337901019,-4.2632564145606e-14
exhale,110,18.364840883623,5.573876148348,-5.6843418860808e-14
exhale,120,18.364840883623,5.7081627479846,2.1316282072803e-14
exhale,130,18.364840883623,6.0033218244183,2.1316282072803e-14
exhale,140,18.364840883623,5.1368385798281,0
exhale,50,18.388728887485,4.8203903721286,-1.8474111129763e-12
exhale,60,18.388728887485,5.6858011207514,1.4210854715202e-14
exhale,70,18.388728887485,6.5114511374384,-9.2370555648813e-13
exhale,80,18.388728887485,5.8374169860393,0
exhale,90,18.388728887485,6.0394915606164,2.8421709430404e-14
exhale,110,18.388728887485,5.5735756652393,-3.5527136788005e-14
exhale,120,18.388728887485,5.7077605670048,7.105427357601e-15
exhale,130,18.388728887485,6.0028292960591,-1.4210854715202e-14
exhale,140,18.388728887485,5.1363933070331,-7.105427357601e-15
exhale,50,18.412616891347,4.8203504728504,-1.8616219676915e-12
exhale,60,18.412616891347,5.6857218670272,-2.8421709430404e-14
exhale,70,18.412616891347,6.5112969170465,-9.2370555648813e-13
exhale,80,18.412616891347,5.8372535311465,0
exhale,90,18.412616891347,6.0392498259953,-1.4210854715202e-14
exhale,110,18.412616891347,5.5732758179808,-7.105427357601e-14
exhale,120,18.412616891347,5.7073592561992,-1.4210854715202e-14
exhale,130,18.412616891347,6.0023378469809,-7.105427357601e-15
exhale,140,18.412616891347,5.1359490426336,-2.1316282072803e-14
exhale,50,18.436504895209,4.8203106539579,-1.8758328224067e-12
exhale,60,18.436504895209,5.6856427701652,0
exhale,70,18.436504895209,6.5111429997648,-9.0949470177293e-13
exhale,80,18.436504895209,5.8370904055199,-1.4210854715202e-14
exhale,90,18.436504895209,6.0390085846638,0
exhale,110,18.436504895209,5.5729766044828,-7.8159700933611e-14
exhale,120,18.436504895209,5.7069588126507,1.4210854715202e-14
exhale,130,18.436504895209,6.0018474735251,0
exhale,140,18.436504895209,5.1355057831038,-1.4210854715202e-14
exhale,50,18.46039289907,4.8202709151987,-1.8332002582611e-12
exhale,60,18.46039289907,5.6855638296797,1.4210854715202e-14
exhale,70,18.46039289907,6.5109893846614,-9.3791641120333e-13
exhale,80,18.46039289907,5.8369276081244,0
exhale,90,18.46039289907,6.0387678350539,-1.4210854715202e-14
exhale,110,18.46039289907,5.5726780226654,-8.5265128291212e-14
exhale,120,18.46039289907,5.7065592334556,0
exhale,130,18.46039289907,6.0013581720504,7.105427357601e-15
exhale,140,18.46039289907,5.1350635249352,-7.105427357601e-15
exhale,50,18.484280902932,4.8202312563209,-1.8474111129763e-12
exhale,60,18.484280902932,5.6854850450871,1.4210854715202e-14
exhale,70,18.484280902932,6.5108360708085,-9.0949470177293e-13
exhale,80,18.484280902932,5.8367651379294,4.2632564145606e-14
exhale,90,18.484280902932,6.0385275756047,0
exhale,110,18.484280902932,5.5723800704578,-5.6843418860808e-14
exhale,120,18.484280902932,5.7061605157236,0
exhale,130,18.484280902932,6.0008699389324,-7.105427357601e-15
exhale,140,18.484280902932,5.1346222646357,-1.4210854715202e-14
exhale,50,18.508168906794,4.8201916770741,-1.9042545318371e-12
exhale,60,18.508168906794,5.6854064159058,-1.4210854715202e-14
exhale,70,18.508168906794,6.5106830572821,-9.3791641120333e-13
exhale,80,18.508168906794,5.836602993909,1.4210854715202e-14
exhale,90,18.508168906794,6.038287804762,1.4210854715202e-14
exhale,110,18.508168906794,5.5720827457987,-7.8159700933611e-14
exhale,120,18.508168906794,5.7057626565776,-7.105427357601e-15
exhale,130,18.508168906794,6.0003827705635,1.4210854715202e-14
exhale,140,18.508168906794,5.1341819987303,7.105427357601e-15
exhale,50,18.532056910656,4.8201521772089,-1.8332002582611e-12
exhale,60,18.532056910656,5.6853279416566,0
exhale,70,18.532056910656,6.5105303431623,-9.5212726591853e-13
exhale,80,18.532056910656,5.8364411750416,0
exhale,90,18.532056910656,6.0380485209785,-4.2632564145606e-14
exhale,110,18.532056910656,5.5717860466363,-4.9737991503207e-14
exhale,120,18.532056910656,5.705365653154,-7.105427357601e-15
exhale,130,18.532056910656,5.9998966633529,-2.8421709430404e-14
exhale,140,18.532056910656,5.1337427237603,-1.4210854715202e-14
exhale,50,18.555944914517,4.820112756477,-1.8189894035459e-12
exhale,60,18.555944914517,5.685249621862,-4.2632564145606e-14
exhale,70,18.555944914517,6.5103779275333,-9.2370555648813e-13
exhale,80,18.555944914517,5.83627968031,4.2632564145606e-14
exhale,90,18.555944914517,6.037809722714,-1.4210854715202e-14
exhale,110,18.555944914517,5.5714899709277,-7.8159700933611e-14
exhale,120,18.555944914517,5.704969502602,7.105427357601e-15
exhale,130,18.555944914517,5.9994116137265,-2.1316282072803e-14
exhale,140,18.555944914517,5.1333044362834,-1.4210854715202e-14
exhale,50,18.579832918379,4.8200734146309,-1.8758328224067e-12
exhale,60,18.579832918379,5.6851714560469,-2.8421709430404e-14
exhale,70,18.579832918379,6.5102258094829,-9.3791641120333e-13
exhale,80,18.579832918379,5.8361185087015,0
exhale,90,18.579832918379,6.0375714084347,-4.2632564145606e-14
exhale,110,18.579832918379,5.5711945166395,-5.6843418860808e-14
exhale,120,18.579832918379,5.7045742020842,-7.105427357601e-15
exhale,130,18.579832918379,5.9989276181266,-7.105427357601e-15
exhale,140,18.579832918379,5.1328671328739,-7.105427357601e-15
exhale,50,18.603720922241,4.8200341514247,-1.8332002582611e-12
exhale,60,18.603720922241,5.6850934437379,-2.8421709430404e-14
exhale,70,18.603720922241,6.510073988103,-9.2370555648813e-13
exhale,80,18.603720922241,5.8359576592079,2.8421709430404e-14
exhale,90,18.603720922241,6.0373335766137,-1.4210854715202e-14
exhale,110,18.603720922241,5.5708996817474,-6.3948846218409e-14
exhale,120,18.603720922241,5.704179748776,0
exhale,130,18.603720922241,5.9984446730121,7.105427357601e-15
exhale,140,18.603720922241,5.1324308101222,-1.4210854715202e-14
exhale,50,18.627608926103,4.8199949666131,-1.8474111129763e-12
exhale,60,18.627608926103,5.6850155844638,-1.4210854715202e-14
exhale,70,18.627608926103,6.5099224624894,-8.9528384705773e-13
exhale,80,18.627608926103,5.8357971308253,2.8421709430404e-14
exhale,90,18.627608926103,6.0370962257308,1.4210854715202e-14
exhale,110,18.627608926103,5.5706054642361,-4.9737991503207e-14
exhale,120,18.627608926103,5.7037861398658,-2.8421709430404e-14
exhale,130,18.627608926103,5.9979627748581,0
exhale,140,18.627608926103,5.1319954646349,1.4210854715202e-14
exhale,50,18.651496929964,4.8199558599522,-1.8616219676915e-12
exhale,60,18.651496929964,5.6849378777556,2.8421709430404e-14
exhale,70,18.651496929964,6.5097712317417,-9.2370555648813e-13
exhale,80,18.651496929964,5.8356369225543,0
exhale,90,18.651496929964,6.0368593542724,-2.8421709430404e-14
exhale,110,18.651496929964,5.5703118620997,-5.6843418860808e-14
exhale,120,18.651496929964,5.7033933725549,7.105427357601e-15
exhale,130,18.651496929964,5.9974819201562,-7.105427357601e-15
exhale,140,18.651496929964,5.1315610930348,-2.1316282072803e-14
exhale,50,18.675384933826,4.8199168311988,-1.8332002582611e-12
exhale,60,18.675384933826,5.6848603231459,-1.4210854715202e-14
exhale,70,18.675384933826,6.5096202949633,-9.3791641120333e-13
exhale,80,18.675384933826,5.8354770333995,1.4210854715202e-14
exhale,90,18.675384933826,6.0366229607316,-1.4210854715202e-14
exhale,110,18.675384933826,5.5700188733408,-8.5265128291212e-14
exhale,120,18.675384933826,5.7030014440573,0
exhale,130,18.675384933826,5.9970021054139,0
exhale,140,18.675384933826,5.1311276919606,-2.8421709430404e-14
exhale,50,18.699272937688,4.8198778801111,-1.8474111129763e-12
exhale,60,18.699272937688,5.6847829201698,-1.4210854715202e-14
exhale,70,18.699272937688,6.5094696512615,-9.2370555648813e-13
exhale,80,18.699272937688,5.8353174623701,-1.4210854715202e-14
exhale,90,18.699272937688,6.036387043608,-1.4210854715202e-14
exhale,110,18.699272937688,5.5697264959715,-7.105427357601e-14
exhale,120,18.699272937688,5.7026103515997,-1.4210854715202e-14
exhale,130,18.699272937688,5.996523327155,0
exhale,140,18.699272937688,5.1306952580667,-1.4210854715202e-14
exhale,50,18.72316094155,4.8198390064483,-1.8616219676915e-12
exhale,60,18.72316094155,5.6847056683639,0
exhale,70,18.72316094155,6.5093192997474,-9.0949470177293e-13
exhale,80,18.72316094155,5.8351582084796,1.4210854715202e-14
exhale,90,18.72316094155,6.0361516014079,2.8421709430404e-14
exhale,110,18.72316094155,5.5694347280122,-6.3948846218409e-14
exhale,120,18.72316094155,5.7022200924215,7.105427357601e-15
exhale,130,18.72316094155,5.9960455819192,1.4210854715202e-14
exhale,140,18.72316094155,5.1302637880236,-2.1316282072803e-14
exhale,50,18.747048945411,4.8198002099703,-1.8332002582611e-12
exhale,60,18.747048945411,5.6846285672671,-1.4210854715202e-14
exhale,70,18.747048945411,6.5091692395357,-8.9528384705773e-13
exhale,80,18.747048945411,5.8349992707457,7.105427357601e-14
exhale,90,18.747048945411,6.0359166326438,1.4210854715202e-14
exhale,110,18.747048945411,5.5691435674928,-4.9737991503207e-14
exhale,120,18.747048945411,5.7018306637745,2.1316282072803e-14
exhale,130,18.747048945411,5.9955688662619,-2.8421709430404e-14
exhale,140,18.747048945411,5.1298332785173,0
exhale,50,18.770936949273,4.8197614904384,-1.8189894035459e-12
exhale,60,18.770936949273,5.6845516164202,0
exhale,70,18.770936949273,6.5090194697452,-8.9528384705773e-13
exhale,80,18.770936949273,5.8348406481901,0
exhale,90,18.770936949273,6.0356821358351,1.4210854715202e-14
exhale,110,18.770936949273,5.5688530124514,-4.2632564145606e-14
exhale,120,18.770936949273,5.7014420629233,-7.105427357601e-15
exhale,130,18.770936949273,5.9950931767546,7.105427357601e-15
exhale,140,18.770936949273,5.1294037262494,-7.105427357601e-15
exhale,50,18.794824953135,4.8197228476149,-1.8474111129763e-12
exhale,60,18.794824953135,5.6844748153658,0
exhale,70,18.794824953135,6.5088699894981,-9.2370555648813e-13
exhale,80,18.794824953135,5.8346823398392,0
exhale,90,18.794824953135,6.0354481095073,0
exhale,110,18.794824953135,5.5685630609354,-6.3948846218409e-14
exhale,120,18.794824953135,5.7010542871445,7.105427357601e-15
exhale,130,18.794824953135,5.9946185099843,1.4210854715202e-14
exhale,140,18.794824953135,5.1289751279371,-2.1316282072803e-14
exhale,50,18.818712956997,4.8196842812629,-1.8332002582611e-12
exhale,60,18.818712956997,5.6843981636488,-2.8421709430404e-14
exhale,70,18.818712956997,6.5087207979205,-9.0949470177293e-13
exhale,80,18.818712956997,5.8345243447231,2.8421709430404e-14
exhale,90,18.818712956997,6.0352145521924,0
exhale,110,18.818712956997,5.5682737110004,-6.3948846218409e-14
exhale,120,18.818712956997,5.7006673337273,0
exhale,130,18.818712956997,5.9941448625536,2.8421709430404e-14
exhale,140,18.818712956997,5.1285474803129,-1.4210854715202e-14
exhale,50,18.842600960858,4.8196457911466,-1.8474111129763e-12
exhale,60,18.842600960858,5.6843216608156,-1.4210854715202e-14
exhale,70,18.842600960858,6.5085718941421,-8.6686213762732e-13
exhale,80,18.842600960858,5.8343666618764,1.4210854715202e-14
exhale,90,18.842600960858,6.0349814624289,1.4210854715202e-14
exhale,110,18.842600960858,5.567984960711,-7.8159700933611e-14
exhale,120,18.842600960858,5.7002811999732,0
exhale,130,18.842600960858,5.9936722310808,-7.105427357601e-15
exhale,140,18.842600960858,5.1281207801248,-1.4210854715202e-14
exhale,50,18.86648896472,4.8196073770315,-1.8616219676915e-12
exhale,60,18.86648896472,5.6842453064148,0
exhale,70,18.86648896472,6.5084232772964,-8.6686213762732e-13
exhale,80,18.86648896472,5.8342092903378,1.4210854715202e-14
exhale,90,18.86648896472,6.0347488387614,0
exhale,110,18.86648896472,5.5676968081403,-7.105427357601e-14
exhale,120,18.86648896472,5.6998958831956,0
exhale,130,18.86648896472,5.9932006121993,-1.4210854715202e-14
exhale,140,18.86648896472,5.1276950241359,-2.8421709430404e-14
exhale,50,18.890376968582,4.8195690386836,-1.8474111129763e-12
exhale,60,18.890376968582,5.6841690999969,-1.4210854715202e-14
exhale,70,18.890376968582,6.5082749465204,-8.9528384705773e-13
exhale,80,18.890376968582,5.83405222915,2.8421709430404e-14
exhale,90,18.890376968582,6.034516679741,0
exhale,110,18.890376968582,5.56740925137,-6.3948846218409e-14
exhale,120,18.890376968582,5.6995113807204,-1.4210854715202e-14
exhale,130,18.890376968582,5.9927300025582,7.105427357601e-15
exhale,140,18.890376968582,5.1272702091243,-2.1316282072803e-14
exhale,50,18.914264972444,4.8195307758703,-1.8332002582611e-12
exhale,60,18.914264972444,5.6840930411142,-1.4210854715202e-14
exhale,70,18.914264972444,6.5081269009547,-9.3791641120333e-13
exhale,80,18.914264972444,5.8338954773599,0
exhale,90,18.914264972444,6.034284983925,-2.8421709430404e-14
exhale,110,18.914264972444,5.5671222884901,-5.6843418860808e-14
exhale,120,18.914264972444,5.6991276898854,2.8421709430404e-14
exhale,130,18.914264972444,5.9922603988217,-7.105427357601e-15
exhale,140,18.914264972444,5.1268463318833,-7.105427357601e-15
exhale,50,18.938152976306,4.8194925883599,-1.8616219676915e-12
exhale,60,18.938152976306,5.6840171293209,1.4210854715202e-14
exhale,70,18.938152976306,6.5079791397439,-8.6686213762732e-13
exhale,80,18.938152976306,5.8337390340184,0
exhale,90,18.938152976306,6.0340537498768,2.8421709430404e-14
exhale,110,18.938152976306,5.5668359175994,-6.3948846218409e-14
exhale,120,18.938152976306,5.6987448080402,0
exhale,130,18.938152976306,5.991791797669,2.1316282072803e-14
exhale,140,18.938152976306,5.1264233892214,0
exhale,50,18.962040980167,4.8194544759215,-1.8616219676915e-12
exhale,60,18.962040980167,5.6839413641733,0
exhale,70,18.962040980167,6.5078316620356,-8.6686213762732e-13
exhale,80,18.962040980167,5.8335828981805,1.4210854715202e-14
exhale,90,18.962040980167,6.0338229761662,1.4210854715202e-14
exhale,110,18.962040980167,5.5665501368048,-7.8159700933611e-14
exhale,120,18.962040980167,5.6983627325466,0
exhale,130,18.962040980167,5.9913241957946,0
exhale,140,18.962040980167,5.1260013779615,-1.4210854715202e-14
exhale,50,18.985928984029,4.8194164383254,-1.8616219676915e-12
exhale,60,18.985928984029,5.6838657452292,-1.4210854715202e-14
exhale,70,18.985928984029,6.5076844669815,-8.5265128291212e-13
exhale,80,18.985928984029,5.8334270689053,1.4210854715202e-14
exhale,90,18.985928984029,6.0335926613691,2.8421709430404e-14
exhale,110,18.985928984029,5.5662649442217,-9.2370555648813e-14
exhale,120,18.985928984029,5.6979814607781,-1.4210854715202e-14
exhale,130,18.985928984029,5.9908575899078,7.105427357601e-15
exhale,140,18.985928984029,5.1255802949415,-1.4210854715202e-14
exhale,50,19.009816987891,4.8193784753429,-1.8474111129763e-12
exhale,60,19.009816987891,5.6837902720486,1.4210854715202e-14
exhale,70,19.009816987891,6.5075375537365,-8.3844042819692e-13
exhale,80,19.009816987891,5.8332715452558,0
exhale,90,19.009816987891,6.0333628040673,1.4210854715202e-14
exhale,110,19.009816987891,5.5659803379738,-7.105427357601e-14
exhale,120,19.009816987891,5.6976009901201,-1.4210854715202e-14
exhale,130,19.009816987891,5.990391976733,-1.4210854715202e-14
exhale,140,19.009816987891,5.1251601370141,-1.4210854715202e-14
exhale,50,19.033704991753,4.8193405867461,-1.8616219676915e-12
exhale,60,19.033704991753,5.6837149441931,0
exhale,70,19.033704991753,6.5073909214594,-8.3844042819692e-13
exhale,80,19.033704991753,5.8331163262991,1.4210854715202e-14
exhale,90,19.033704991753,6.033133402849,2.8421709430404e-14
exhale,110,19.033704991753,5.5656963161931,-7.105427357601e-14
exhale,120,19.033704991753,5.6972213179695,-7.105427357601e-15
exhale,130,19.033704991753,5.9899273530093,7.105427357601e-15
exhale,140,19.033704991753,5.1247409010466,-7.105427357601e-15
exhale,50,19.057592995614,4.8193027723082,-1.8474111129763e-12
exhale,60,19.057592995614,5.6836397612264,1.4210854715202e-14
exhale,70,19.057592995614,6.507244569312,-8.9528384705773e-13
exhale,80,19.057592995614,5.8329614111062,0
exhale,90,19.057592995614,6.0329044563084,1.4210854715202e-14
exhale,110,19.057592995614,5.5654128770197,-4.9737991503207e-14
exhale,120,19.057592995614,5.696842441735,2.1316282072803e-14
exhale,130,19.057592995614,5.9894637154904,0
exhale,140,19.057592995614,5.1243225839205,-3.5527136788005e-14
exhale,50,19.081480999476,4.8192650318033,-1.8758328224067e-12
exhale,60,19.081480999476,5.6835647227138,2.8421709430404e-14
exhale,70,19.081480999476,6.5070984964601,-8.2422957348172e-13
exhale,80,19.081480999476,5.8328067987519,0
exhale,90,19.081480999476,6.0326759630454,0
exhale,110,19.081480999476,5.5651300186021,-5.6843418860808e-14
exhale,120,19.081480999476,5.6964643588369,-7.105427357601e-15
exhale,130,19.081480999476,5.9890010609449,7.105427357601e-15
exhale,140,19.081480999476,5.1239051825321,7.105427357601e-15
exhale,50,19.105369003338,4.8192273650064,-1.8332002582611e-12
exhale,60,19.105369003338,5.6834898282226,0
exhale,70,19.105369003338,6.5069527020728,-8.5265128291212e-13
exhale,80,19.105369003338,5.8326524883153,-1.4210854715202e-14
exhale,90,19.105369003338,6.0324479216664,-1.4210854715202e-14
exhale,110,19.105369003338,5.5648477390967,-7.105427357601e-14
exhale,120,19.105369003338,5.6960870667069,-7.105427357601e-15
exhale,130,19.105369003338,5.9885393861558,-2.1316282072803e-14
exhale,140,19.105369003338,5.1234886937919,-1.4210854715202e-14
exhale,50,19.1292570072,4.8191897716936,-1.8758328224067e-12
exhale,60,19.1292570072,5.6834150773217,-1.4210854715202e-14
exhale,70,19.1292570072,6.5068071853225,-8.3844042819692e-13
exhale,80,19.1292570072,5.832498478879,1.4210854715202e-14
exhale,90,19.1292570072,6.0322203307834,0
exhale,110,19.1292570072,5.5645660366681,-4.9737991503207e-14
exhale,120,19.1292570072,5.6957105627883,1.4210854715202e-14
exhale,130,19.1292570072,5.9880786879205,0
exhale,140,19.1292570072,5.1230731146248,-1.4210854715202e-14
exhale,50,19.153145011061,4.8191522516419,-1.8189894035459e-12
exhale,60,19.153145011061,5.6833404695819,-1.4210854715202e-14
exhale,70,19.153145011061,6.5066619453853,-8.2422957348172e-13
exhale,80,19.153145011061,5.8323447695298,0
exhale,90,19.153145011061,6.0319931890144,0
exhale,110,19.153145011061,5.564284909489,-9.9475983006414e-14
exhale,120,19.153145011061,5.6953348445357,-7.105427357601e-15
exhale,130,19.153145011061,5.9876189630511,-1.4210854715202e-14
exhale,140,19.153145011061,5.1226584419696,-1.4210854715202e-14
exhale,50,19.177033014923,4.8191148046291,-1.8616219676915e-12
exhale,60,19.177033014923,5.683266004576,2.8421709430404e-14
exhale,70,19.177033014923,6.5065169814405,-8.1001871876651e-13
exhale,80,19.177033014923,5.8321913593581,0
exhale,90,19.177033014923,6.0317664949833,-1.4210854715202e-14
exhale,110,19.177033014923,5.5640043557398,-7.8159700933611e-14
exhale,120,19.177033014923,5.694959909415,-7.105427357601e-15
exhale,130,19.177033014923,5.9871602083735,-7.105427357601e-15
exhale,140,19.177033014923,5.1222446727794,-2.1316282072803e-14
exhale,50,19.200921018785,4.8190774304342,-1.8900436771219e-12
exhale,60,19.200921018785,5.6831916818783,-2.8421709430404e-14
exhale,70,19.200921018785,6.506372292671,-8.3844042819692e-13
exhale,80,19.200921018785,5.8320382474584,2.8421709430404e-14
exhale,90,19.200921018785,6.03154024732,0
exhale,110,19.200921018785,5.5637243736093,-6.3948846218409e-14
exhale,120,19.200921018785,5.6945857549033,0
exhale,130,19.200921018785,5.9867024207284,-7.105427357601e-15
exhale,140,19.200921018785,5.1218318040214,-1.4210854715202e-14
exhale,50,19.224809022647,4.8190401288369,-1.8616219676915e-12
exhale,60,19.224809022647,5.683117501065,-1.4210854715202e-14
exhale,70,19.224809022647,6.5062278782629,-8.6686213762732e-13
exhale,80,19.224809022647,5.8318854329288,1.4210854715202e-14
exhale,90,19.224809022647,6.0313144446599,-1.4210854715202e-14
exhale,110,19.224809022647,5.5634449612938,-5.6843418860808e-14
exhale,120,19.224809022647,5.6942123784891,7.105427357601e-15
exhale,130,19.224809022647,5.9862455969702,0
exhale,140,19.224809022647,5.1214198326765,-7.105427357601e-15
exhale,50,19.248697026508,4.8190028996179,-1.8474111129763e-12
exhale,60,19.248697026508,5.6830434617141,0
exhale,70,19.248697026508,6.5060837374059,-7.9580786405131e-13
exhale,80,19.248697026508,5.8317329148713,0
exhale,90,19.248697026508,6.0310890856446,2.8421709430404e-14
exhale,110,19.248697026508,5.5631661169977,-5.6843418860808e-14
exhale,120,19.248697026508,5.6938397776718,-7.105427357601e-15
exhale,130,19.248697026508,5.9857897339676,2.1316282072803e-14
exhale,140,19.248697026508,5.1210087557397,-2.1316282072803e-14
exhale,50,19.27258503037,4.8189657425588,-1.8616219676915e-12
exhale,60,19.27258503037,5.6829695634051,-1.4210854715202e-14
exhale,70,19.27258503037,6.5059398692929,-7.9580786405131e-13
exhale,80,19.27258503037,5.8315806923916,-4.2632564145606e-14
exhale,90,19.27258503037,6.0308641689212,1.4210854715202e-14
exhale,110,19.27258503037,5.5628878389331,-7.8159700933611e-14
exhale,120,19.27258503037,5.693467949962,1.4210854715202e-14
exhale,130,19.27258503037,5.9853348286031,7.105427357601e-15
exhale,140,19.27258503037,5.1205985702195,-2.8421709430404e-14
exhale,50,19.296473034232,4.8189286574423,-1.8474111129763e-12
exhale,60,19.296473034232,5.6828958057197,1.4210854715202e-14
exhale,70,19.296473034232,6.50579627312,-8.3844042819692e-13
exhale,80,19.296473034232,5.8314287645993,-2.8421709430404e-14
exhale,90,19.296473034232,6.0306396931425,4.2632564145606e-14
exhale,110,19.296473034232,5.5626101253199,-7.105427357601e-14
exhale,120,19.296473034232,5.6930968928812,0
exhale,130,19.296473034232,5.9848808777735,1.4210854715202e-14
exhale,140,19.296473034232,5.1201892731384,-2.1316282072803e-14
exhale,50,19.320361038094,4.8188916440517,-1.8474111129763e-12
exhale,60,19.320361038094,5.6828221882409,-2.8421709430404e-14
exhale,70,19.320361038094,6.5056529480869,-8.1001871876651e-13
exhale,80,19.320361038094,5.8312771306076,-1.4210854715202e-14
exhale,90,19.320361038094,6.0304156569672,0
exhale,110,19.320361038094,5.5623329743858,-6.3948846218409e-14
exhale,120,19.320361038094,5.692726603962,-1.4210854715202e-14
exhale,130,19.320361038094,5.9844278783888,-1.4210854715202e-14
exhale,140,19.320361038094,5.1197808615323,-1.4210854715202e-14
exhale,50,19.344249041955,4.8188547021715,-1.8332002582611e-12
exhale,60,19.344249041955,5.6827487105536,1.4210854715202e-14
exhale,70,19.344249041955,6.5055098933965,-7.8159700933611e-13
exhale,80,19.344249041955,5.8311257895334,0
exhale,90,19.344249041955,6.0301920590595,0
exhale,110,19.344249041955,5.5620563843661,-8.5265128291212e-14
exhale,120,19.344249041955,5.6923570807476,0
exhale,130,19.344249041955,5.9839758273734,-1.4210854715202e-14
exhale,140,19.344249041955,5.1193733324507,0
exhale,50,19.368137045817,4.8188178315868,-1.8900436771219e-12
exhale,60,19.368137045817,5.6826753722446,0
exhale,70,19.368137045817,6.5053671082548,-7.6738615462091e-13
exhale,80,19.368137045817,5.8309747404976,0
exhale,90,19.368137045817,6.0299688980894,-2.8421709430404e-14
exhale,110,19.368137045817,5.5617803535037,-6.3948846218409e-14
exhale,120,19.368137045817,5.6919883207924,-2.1316282072803e-14
exhale,130,19.368137045817,5.9835247216649,-2.1316282072803e-14
exhale,140,19.368137045817,5.1189666829565,-2.1316282072803e-14
exhale,50,19.392025049679,4.8187810320839,-1.8616219676915e-12
exhale,60,19.392025049679,5.682602172902,-2.8421709430404e-14
exhale,70,19.392025049679,6.5052245918713,-8.1001871876651e-13
exhale,80,19.392025049679,5.8308239826243,0
exhale,90,19.392025049679,6.0297461727324,-1.4210854715202e-14
exhale,110,19.392025049679,5.5615048800493,-6.3948846218409e-14
exhale,120,19.392025049679,5.6916203216613,0
exhale,130,19.392025049679,5.9830745582146,0
exhale,140,19.392025049679,5.1185609101261,0
exhale,50,19.415913053541,4.8187443034499,-1.9042545318371e-12
exhale,60,19.415913053541,5.6825291121161,1.4210854715202e-14
exhale,70,19.415913053541,6.5050823434587,-7.8159700933611e-13
exhale,80,19.415913053541,5.8306735150416,1.4210854715202e-14
exhale,90,19.415913053541,6.0295238816695,0
exhale,110,19.415913053541,5.561229962261,-5.6843418860808e-14
exhale,120,19.415913053541,5.6912530809299,-1.4210854715202e-14
exhale,130,19.415913053541,5.9826253339876,-1.4210854715202e-14
exhale,140,19.415913053541,5.1181560110491,-2.1316282072803e-14
exhale,50,19.439801057403,4.8187076454726,-1.8758328224067e-12
exhale,60,19.439801057403,5.6824561894783,1.4210854715202e-14
exhale,70,19.439801057403,6.5049403622328,-7.8159700933611e-13
exhale,80,19.439801057403,5.8305233368811,1.4210854715202e-14
exhale,90,19.439801057403,6.0293020235875,-1.4210854715202e-14
exhale,110,19.439801057403,5.5609555984044,-5.6843418860808e-14
exhale,120,19.439801057403,5.6908865961845,-2.8421709430404e-14
exhale,130,19.439801057403,5.982177045962,2.1316282072803e-14
exhale,140,19.439801057403,5.1177519828284,-2.1316282072803e-14
exhale,50,19.463689061264,4.8186710579408,-1.8616219676915e-12
exhale,60,19.463689061264,5.6823834045823,-2.8421709430404e-14
exhale,70,19.463689061264,6.5047986474127,-8.1001871876651e-13
exhale,80,19.463689061264,5.8303734472781,4.2632564145606e-14
exhale,90,19.463689061264,6.0290805971784,0
exhale,110,19.463689061264,5.5606817867526,-7.105427357601e-14
exhale,120,19.463689061264,5.690520865022,1.4210854715202e-14
exhale,130,19.463689061264,5.9817296911295,0
exhale,140,19.463689061264,5.1173488225799,-2.1316282072803e-14
exhale,50,19.487577065126,4.8186345406444,-1.8616219676915e-12
exhale,60,19.487577065126,5.682310757023,0
exhale,70,19.487577065126,6.5046571982208,-7.8159700933611e-13
exhale,80,19.487577065126,5.8302238453714,0
exhale,90,19.487577065126,6.0288596011399,0
exhale,110,19.487577065126,5.5604085255863,-7.105427357601e-14
exhale,120,19.487577065126,5.6901558850497,0
exhale,130,19.487577065126,5.9812832664952,7.105427357601e-15
exhale,140,19.487577065126,5.1169465274328,-1.4210854715202e-14
exhale,50,19.511465068988,4.8185980933739,-1.8616219676915e-12
exhale,60,19.511465068988,5.6822382463972,1.4210854715202e-14
exhale,70,19.511465068988,6.5045160138824,-7.5317529990571e-13
exhale,80,19.511465068988,5.8300745303035,0
exhale,90,19.511465068988,6.0286390341752,-2.8421709430404e-14
exhale,110,19.511465068988,5.5601358131933,-7.8159700933611e-14
exhale,120,19.511465068988,5.6897916538855,-2.1316282072803e-14
exhale,130,19.511465068988,5.9808377690771,0
exhale,140,19.511465068988,5.116545094529,-2.1316282072803e-14
exhale,50,19.53535307285,4.8185617159207,-1.8332002582611e-12
exhale,60,19.53535307285,5.6821658723033,0
exhale,70,19.53535307285,6.5043750936263,-7.389644451905e-13
exhale,80,19.53535307285,5.8299255012204,1.4210854715202e-14
exhale,90,19.53535307285,6.0284188949928,0
exhale,110,19.53535307285,5.5598636478691,-4.9737991503207e-14
exhale,120,19.53535307285,5.6894281691576,-7.105427357601e-15
exhale,130,19.53535307285,5.9803931959066,0
exhale,140,19.53535307285,5.1161445210237,-2.8421709430404e-14
exhale,50,19.559241076711,4.8185254080771,-1.8758328224067e-12
exhale,60,19.559241076711,5.6820936343413,0
exhale,70,19.559241076711,6.5042344366841,-7.5317529990571e-13
exhale,80,19.559241076711,5.8297767572715,-4.2632564145606e-14
exhale,90,19.559241076711,6.0281991823067,0
exhale,110,19.559241076711,5.5595920279161,-4.9737991503207e-14
exhale,120,19.559241076711,5.6890654285046,0
exhale,130,19.559241076711,5.9799495440281,0
exhale,140,19.559241076711,5.1157448040846,-1.4210854715202e-14
exhale,50,19.583129080573,4.8184891696363,-1.8758328224067e-12
exhale,60,19.583129080573,5.6820215321128,2.8421709430404e-14
exhale,70,19.583129080573,6.5040940422909,-7.5317529990571e-13
exhale,80,19.583129080573,5.82962829761,4.2632564145606e-14
exhale,90,19.583129080573,6.027979894836,0
exhale,110,19.583129080573,5.5593209516444,-6.3948846218409e-14
exhale,120,19.583129080573,5.6887034295755,-7.105427357601e-15
exhale,130,19.583129080573,5.9795068104989,7.105427357601e-15
exhale,140,19.583129080573,5.1153459408923,0
exhale,50,19.607017084435,4.8184530003924,-1.8616219676915e-12
exhale,60,19.607017084435,5.6819495652213,0
exhale,70,19.607017084435,6.5039539096845,-7.6738615462091e-13
exhale,80,19.607017084435,5.8294801213923,1.4210854715202e-14
exhale,90,19.607017084435,6.0277610313056,1.4210854715202e-14
exhale,110,19.607017084435,5.559050417371,-5.6843418860808e-14
exhale,120,19.607017084435,5.6883421700291,-1.4210854715202e-14
exhale,130,19.607017084435,5.9790649923894,-7.105427357601e-15
exhale,140,19.607017084435,5.1149479286402,-2.8421709430404e-14
exhale,50,19.630905088297,4.8184169001401,-1.8474111129763e-12
exhale,60,19.630905088297,5.6818777332716,0
exhale,70,19.630905088297,6.5038140381061,-7.389644451905e-13
exhale,80,19.630905088297,5.8293322277786,0
exhale,90,19.630905088297,6.0275425904454,1.4210854715202e-14
exhale,110,19.630905088297,5.5587804234202,-8.5265128291212e-14
exhale,120,19.630905088297,5.687981647535,-7.105427357601e-15
exhale,130,19.630905088297,5.9786240867826,1.4210854715202e-14
exhale,140,19.630905088297,5.1145507645342,-2.8421709430404e-14
exhale,50,19.654793092158,4.8183808686753,-1.8758328224067e-12
exhale,60,19.654793092158,5.6818060358703,-4.2632564145606e-14
exhale,70,19.654793092158,6.5036744267999,-7.5317529990571e-13
exhale,80,19.654793092158,5.8291846159324,1.4210854715202e-14
exhale,90,19.654793092158,6.0273245709906,0
exhale,110,19.654793092158,5.5585109681236,-7.8159700933611e-14
exhale,120,19.654793092158,5.6876218597723,0
exhale,130,19.654793092158,5.9781840907745,1.4210854715202e-14
exhale,140,19.654793092158,5.1141544457928,-1.4210854715202e-14
exhale,50,19.67868109602,4.8183449057945,-1.8474111129763e-12
exhale,60,19.67868109602,5.6817344726254,-2.8421709430404e-14
exhale,70,19.67868109602,6.5035350750132,-7.247535904753e-13
exhale,80,19.67868109602,5.8290372850205,2.8421709430404e-14
exhale,90,19.67868109602,6.0271069716817,0
exhale,110,19.67868109602,5.5582420498198,-6.3948846218409e-14
exhale,120,19.67868109602,5.6872628044307,7.105427357601e-15
exhale,130,19.67868109602,5.9777450014737,1.4210854715202e-14
exhale,140,19.67868109602,5.1137589696469,-1.4210854715202e-14
exhale,50,19.702569099882,4.8183090112951,-1.8474111129763e-12
exhale,60,19.702569099882,5.6816630431468,1.4210854715202e-14
exhale,70,19.702569099882,6.5033959819962,-7.389644451905e-13
exhale,80,19.702569099882,5.8288902342135,0
exhale,90,19.702569099882,6.0268897912646,0
exhale,110,19.702569099882,5.5579736668543,-7.8159700933611e-14
exhale,120,19.702569099882,5.6869044792094,0
exhale,130,19.702569099882,5.9773068160014,1.4210854715202e-14
exhale,140,19.702569099882,5.11336433334,-2.1316282072803e-14
exhale,50,19.726457103744,4.8182731849753,-1.8758328224067e-12
exhale,60,19.726457103744,5.6815917470458,1.4210854715202e-14
exhale,70,19.726457103744,6.5032571470023,-7.5317529990571e-13
exhale,80,19.726457103744,5.828743462685,-2.8421709430404e-14
exhale,90,19.726457103744,6.0266730284901,1.4210854715202e-14
exhale,110,19.726457103744,5.55770581758,-7.105427357601e-14
exhale,120,19.726457103744,5.6865468818179,2.1316282072803e-14
exhale,130,19.726457103744,5.9768695314915,0
exhale,140,19.726457103744,5.1129705341278,-2.1316282072803e-14
exhale,50,19.750345107605,4.8182374266342,-1.8474111129763e-12
exhale,60,19.750345107605,5.6815205839351,0
exhale,70,19.750345107605,6.5031185692877,-7.247535904753e-13
exhale,80,19.750345107605,5.8285969696123,0
exhale,90,19.750345107605,6.0264566821144,-4.2632564145606e-14
exhale,110,19.750345107605,5.5574385003565,-7.105427357601e-14
exhale,120,19.750345107605,5.6861900099755,-7.105427357601e-15
exhale,130,19.750345107605,5.9764331450902,-7.105427357601e-15
exhale,140,19.750345107605,5.1125775692784,-1.4210854715202e-14
exhale,50,19.774233111467,4.8182017360717,-1.8758328224067e-12
exhale,60,19.774233111467,5.6814495534294,2.8421709430404e-14
exhale,70,19.774233111467,6.5029802481119,-7.5317529990571e-13
exhale,80,19.774233111467,5.828450754176,1.4210854715202e-14
exhale,90,19.774233111467,6.0262407508988,4.2632564145606e-14
exhale,110,19.774233111467,5.5571717135504,-7.105427357601e-14
exhale,120,19.774233111467,5.6858338614114,-1.4210854715202e-14
exhale,130,19.774233111467,5.9759976539563,3.5527136788005e-14
exhale,140,19.774233111467,5.1121854360718,-2.1316282072803e-14
exhale,50,19.798121115329,4.8181661130884,-1.8758328224067e-12
exhale,60,19.798121115329,5.6813786551447,0
exhale,70,19.798121115329,6.5028421827372,-7.247535904753e-13
exhale,80,19.798121115329,5.8283048155599,-4.2632564145606e-14
exhale,90,19.798121115329,6.0260252336096,0
exhale,110,19.798121115329,5.5569054555355,-5.6843418860808e-14
exhale,120,19.798121115329,5.6854784338643,1.4210854715202e-14
exhale,130,19.798121115329,5.9755630552608,-7.105427357601e-15
exhale,140,19.798121115329,5.1117941318004,-2.1316282072803e-14
exhale,50,19.822009119191,4.8181305574859,-1.8758328224067e-12
exhale,60,19.822009119191,5.6813078886984,-4.2632564145606e-14
exhale,70,19.822009119191,6.5027043724288,-7.247535904753e-13
exhale,80,19.822009119191,5.8281591529514,0
exhale,90,19.822009119191,6.0258101290183,0
exhale,110,19.822009119191,5.5566397246921,-5.6843418860808e-14
exhale,120,19.822009119191,5.685123725083,0
exhale,130,19.822009119191,5.9751293461872,7.105427357601e-15
exhale,140,19.822009119191,5.1114036537687,-7.105427357601e-15
exhale,50,19.845897123052,4.8180950690666,-1.8758328224067e-12
exhale,60,19.845897123052,5.6812372537098,2.8421709430404e-14
exhale,70,19.845897123052,6.502566816455,-7.247535904753e-13
exhale,80,19.845897123052,5.828013765541,1.4210854715202e-14
exhale,90,19.845897123052,6.0255954359015,0
exhale,110,19.845897123052,5.5563745194077,-6.3948846218409e-14
exhale,120,19.845897123052,5.6847697328258,-2.1316282072803e-14
exhale,130,19.845897123052,5.9746965239309,-7.105427357601e-15
exhale,140,19.845897123052,5.1110139992931,-1.4210854715202e-14
exhale,50,19.869785126914,4.8180596476334,-1.8900436771219e-12
exhale,60,19.869785126914,5.6811667497996,-1.4210854715202e-14
exhale,70,19.869785126914,6.502429514087,-7.247535904753e-13
exhale,80,19.869785126914,5.8278686525226,-1.4210854715202e-14
exhale,90,19.869785126914,6.0253811530408,1.4210854715202e-14
exhale,110,19.869785126914,5.5561098380762,-6.3948846218409e-14
exhale,120,19.869785126914,5.6844164548606,7.105427357601e-15
exhale,130,19.869785126914,5.9742645856998,0
exhale,140,19.869785126914,5.1106251657018,-1.4210854715202e-14
exhale,50,19.893673130776,4.8180242929905,-1.8616219676915e-12
exhale,60,19.893673130776,5.6810963765898,-2.8421709430404e-14
exhale,70,19.893673130776,6.5022924645989,-7.105427357601e-13
exhale,80,19.893673130776,5.8277238130933,4.2632564145606e-14
exhale,90,19.893673130776,6.0251672792227,-1.4210854715202e-14
exhale,110,19.893673130776,5.5558456790988,-5.6843418860808e-14
exhale,120,19.893673130776,5.684063888965,1.4210854715202e-14
exhale,130,19.893673130776,5.9738335287136,2.1316282072803e-14
exhale,140,19.893673130776,5.1102371503351,-2.1316282072803e-14
exhale,50,19.917561134638,4.8179890049425,-1.9042545318371e-12
exhale,60,19.917561134638,5.6810261337043,-2.8421709430404e-14
exhale,70,19.917561134638,6.5021556672677,-6.6791017161449e-13
exhale,80,19.917561134638,5.8275792464538,-1.4210854715202e-14
exhale,90,19.917561134638,6.0249538132389,2.8421709430404e-14
exhale,110,19.917561134638,5.5555820408829,-9.2370555648813e-14
exhale,120,19.917561134638,5.6837120329259,-2.8421709430404e-14
exhale,130,19.917561134638,5.9734033502043,0
exhale,140,19.917561134638,5.1098499505449,-2.1316282072803e-14
exhale,50,19.9414491385,4.8179537832949,-1.8758328224067e-12
exhale,60,19.9414491385,5.6809560207682,1.4210854715202e-14
exhale,70,19.9414491385,6.5020191213732,-7.105427357601e-13
exhale,80,19.9414491385,5.8274349518075,0
exhale,90,19.9414491385,6.0247407538858,-1.4210854715202e-14
exhale,110,19.9414491385,5.555318921843,-7.8159700933611e-14
exhale,120,19.9414491385,5.6833608845398,7.105427357601e-15
exhale,130,19.9414491385,5.9729740474155,-7.105427357601e-15
exhale,140,19.9414491385,5.109463563695,-1.4210854715202e-14
exhale,50,19.965337142361,4.8179186278541,-1.8758328224067e-12
exhale,60,19.965337142361,5.6808860374082,2.8421709430404e-14
exhale,70,19.965337142361,6.5018828261984,-6.821210263297e-13
exhale,80,19.965337142361,5.8272909283615,-2.8421709430404e-14
exhale,90,19.965337142361,6.024528099965,-1.4210854715202e-14
exhale,110,19.965337142361,5.5550563204001,-7.105427357601e-14
exhale,120,19.965337142361,5.6830104416128,-1.4210854715202e-14
exhale,130,19.965337142361,5.9725456176029,3.5527136788005e-14
exhale,140,19.965337142361,5.1090779871607,-7.105427357601e-15
exhale,50,19.989225146223,4.8178835384272,-1.8616219676915e-12
exhale,60,19.989225146223,5.6808161832527,-2.8421709430404e-14
exhale,70,19.989225146223,6.5017467810287,-6.821210263297e-13
exhale,80,19.989225146223,5.827147175326,0
exhale,90,19.989225146223,6.0243158502828,2.8421709430404e-14
exhale,110,19.989225146223,5.5547942349818,-9.2370555648813e-14
exhale,120,19.989225146223,5.68266070196,7.105427357601e-15
exhale,130,19.989225146223,5.9721180580341,-7.105427357601e-15
exhale,140,19.989225146223,5.1086932183289,-2.1316282072803e-14
exhale,50,20.013113150085,4.8178485148221,-1.8758328224067e-12
exhale,60,20.013113150085,5.6807464579313,-1.4210854715202e-14
exhale,70,20.013113150085,6.5016109851528,-6.821210263297e-13
exhale,80,20.013113150085,5.8270036919143,0
exhale,90,20.013113150085,6.0241040036505,2.8421709430404e-14
exhale,110,20.013113150085,5.5545326640225,-6.3948846218409e-14
exhale,120,20.013113150085,5.682311663406,-7.105427357601e-15
exhale,130,20.013113150085,5.9716913659883,7.105427357601e-15
exhale,140,20.013113150085,5.1083092545982,-2.1316282072803e-14
exhale,50,20.037001153947,4.8178135568473,-1.8758328224067e-12
exhale,60,20.037001153947,5.6806768610753,1.4210854715202e-14
exhale,70,20.037001153947,6.5014754378619,-7.105427357601e-13
exhale,80,20.037001153947,5.8268604773429,1.4210854715202e-14
exhale,90,20.037001153947,6.0238925588842,0
exhale,110,20.037001153947,5.5542716059628,-8.5265128291212e-14
exhale,120,20.037001153947,5.6819633237848,0
exhale,130,20.037001153947,5.9712655387563,1.4210854715202e-14
exhale,140,20.037001153947,5.1079260933786,-3.5527136788005e-14
exhale,50,20.060889157808,4.8177786643124,-1.8900436771219e-12
exhale,60,20.060889157808,5.6806073923173,1.4210854715202e-14
exhale,70,20.060889157808,6.5013401384502,-6.963318810449e-13
exhale,80,20.060889157808,5.8267175308315,1.4210854715202e-14
exhale,90,20.060889157808,6.0236815148049,-2.8421709430404e-14
exhale,110,20.060889157808,5.5540110592502,-6.3948846218409e-14
exhale,120,20.060889157808,5.6816156809393,-1.4210854715202e-14
exhale,130,20.060889157808,5.9708405736409,-2.8421709430404e-14
exhale,140,20.060889157808,5.1075437320913,-2.1316282072803e-14
exhale,50,20.08477716167,4.8177438370276,-1.9042545318371e-12
exhale,60,20.08477716167,5.6805380512914,2.8421709430404e-14
exhale,70,20.08477716167,6.5012050862145,-6.6791017161449e-13
exhale,80,20.08477716167,5.8265748516031,-1.4210854715202e-14
exhale,90,20.08477716167,6.0234708702382,0
exhale,110,20.08477716167,5.5537510223384,-6.3948846218409e-14
exhale,120,20.08477716167,5.6812687327218,-7.105427357601e-15
exhale,130,20.08477716167,5.970416467956,-2.1316282072803e-14
exhale,140,20.08477716167,5.1071621681691,-1.4210854715202e-14
exhale,50,20.108665165532,4.8177090748038,-1.8616219676915e-12
exhale,60,20.108665165532,5.6804688376332,-1.4210854715202e-14
exhale,70,20.108665165532,6.5010702804547,-6.963318810449e-13
exhale,80,20.108665165532,5.8264324388836,-1.4210854715202e-14
exhale,90,20.108665165532,6.0232606240149,-2.8421709430404e-14
exhale,110,20.108665165532,5.5534914936878,-7.8159700933611e-14
exhale,120,20.108665165532,5.6809224769937,7.105427357601e-15
exhale,130,20.108665165532,5.9699932190274,-2.1316282072803e-14
exhale,140,20.108665165532,5.106781399056,0
exhale,50,20.132553169394,4.8176743774527,-1.8616219676915e-12
exhale,60,20.132553169394,5.6803997509799,0
exhale,70,20.132553169394,6.5009357204733,-6.3948846218409e-13
exhale,80,20.132553169394,5.8262902919021,1.4210854715202e-14
exhale,90,20.132553169394,6.02305077497,-1.4210854715202e-14
exhale,110,20.132553169394,5.5532324717649,-7.8159700933611e-14
exhale,120,20.132553169394,5.6805769116253,0
exhale,130,20.132553169394,5.969570824192,1.4210854715202e-14
exhale,140,20.132553169394,5.1064014222072,-3.5527136788005e-14
exhale,50,20.156441173255,4.8176397447869,-1.8758328224067e-12
exhale,60,20.156441173255,5.6803307909699,4.2632564145606e-14
exhale,70,20.156441173255,6.5008014055755,-6.963318810449e-13
exhale,80,20.156441173255,5.8261484098909,2.8421709430404e-14
exhale,90,20.156441173255,6.0228413219437,0
exhale,110,20.156441173255,5.552973955043,-4.9737991503207e-14
exhale,120,20.156441173255,5.6802320344961,-2.1316282072803e-14
exhale,130,20.156441173255,5.9691492807984,0
exhale,140,20.156441173255,5.1060222350888,-7.105427357601e-15
exhale,50,20.180329177117,4.8176051766196,-1.8900436771219e-12
exhale,60,20.180329177117,5.6802619572431,0
exhale,70,20.180329177117,6.5006673350694,-6.821210263297e-13
exhale,80,20.180329177117,5.8260067920853,0
exhale,90,20.180329177117,6.0226322637807,-1.4210854715202e-14
exhale,110,20.180329177117,5.5527159420015,-7.8159700933611e-14
exhale,120,20.180329177117,5.6798878434944,0
exhale,130,20.180329177117,5.9687285862062,7.105427357601e-15
exhale,140,20.180329177117,5.1056438351785,-7.105427357601e-15
exhale,50,20.204217180979,4.8175706727648,-1.8758328224067e-12
exhale,60,20.204217180979,5.6801932494409,-1.4210854715202e-14
exhale,70,20.204217180979,6.5005335082656,-6.5369931689929e-13
exhale,80,20.204217180979,5.8258654377236,4.2632564145606e-14
exhale,90,20.204217180979,6.0224235993303,2.8421709430404e-14
exhale,110,20.204217180979,5.5524584311261,-9.2370555648813e-14
exhale,120,20.204217180979,5.6795443365176,-1.4210854715202e-14
exhale,130,20.204217180979,5.9683087377865,-1.4210854715202e-14
exhale,140,20.204217180979,5.1052662199647,-1.4210854715202e-14
exhale,50,20.228105184841,4.8175362330372,-1.8900436771219e-12
exhale,60,20.228105184841,5.6801246672062,1.4210854715202e-14
exhale,70,20.228105184841,6.5003999244777,-6.3948846218409e-13
exhale,80,20.228105184841,5.8257243460474,1.4210854715202e-14
exhale,90,20.228105184841,6.0222153274467,4.2632564145606e-14
exhale,110,20.228105184841,5.5522014209087,-4.9737991503207e-14
exhale,120,20.228105184841,5.6792015114718,7.105427357601e-15
exhale,130,20.228105184841,5.9678897329215,-7.105427357601e-15
exhale,140,20.228105184841,5.1048893869466,-2.1316282072803e-14
exhale,50,20.251993188702,4.8175018572523,-1.8758328224067e-12
exhale,60,20.251993188702,5.680056210183,2.8421709430404e-14
exhale,70,20.251993188702,6.5002665830219,-6.6791017161449e-13
exhale,80,20.251993188702,5.8255835163011,0
exhale,90,20.251993188702,6.0220074469885,-2.8421709430404e-14
exhale,110,20.251993188702,5.5519449098479,-7.8159700933611e-14
exhale,120,20.251993188702,5.6788593662721,7.105427357601e-15
exhale,130,20.251993188702,5.9674715690044,-2.8421709430404e-14
exhale,140,20.251993188702,5.1045133336348,0
exhale,50,20.275881192564,4.8174675452263,-1.8900436771219e-12
exhale,60,20.275881192564,5.6799878780171,2.8421709430404e-14
exhale,70,20.275881192564,6.5001334832169,-6.5369931689929e-13
exhale,80,20.275881192564,5.8254429477321,0
exhale,90,20.275881192564,6.021799956819,-1.4210854715202e-14
exhale,110,20.275881192564,5.5516888964479,-5.6843418860808e-14
exhale,120,20.275881192564,5.6785178988421,0
exhale,130,20.275881192564,5.9670542434397,0
exhale,140,20.275881192564,5.1041380575502,-1.4210854715202e-14
exhale,50,20.299769196426,4.8174332967761,-1.9042545318371e-12
exhale,60,20.299769196426,5.6799196703553,1.4210854715202e-14
exhale,70,20.299769196426,6.5000006243844,-6.821210263297e-13
exhale,80,20.299769196426,5.8253026395911,-2.8421709430404e-14
exhale,90,20.299769196426,6.0215928558061,0
exhale,110,20.299769196426,5.5514333792196,-7.8159700933611e-14
exhale,120,20.299769196426,5.6781771071144,7.105427357601e-15
exhale,130,20.299769196426,5.9666377536428,0
exhale,140,20.299769196426,5.1037635562249,-1.4210854715202e-14
exhale,50,20.323657200288,4.8173991117195,-1.8616219676915e-12
exhale,60,20.323657200288,5.6798515868462,1.4210854715202e-14
exhale,70,20.323657200288,6.4998680058485,-6.5369931689929e-13
exhale,80,20.323657200288,5.8251625911315,1.4210854715202e-14
exhale,90,20.323657200288,6.0213861428222,-1.4210854715202e-14
exhale,110,20.323657200288,5.5511783566798,-9.2370555648813e-14
exhale,120,20.323657200288,5.6778369890302,7.105427357601e-15
exhale,130,20.323657200288,5.9662220970399,-2.1316282072803e-14
exhale,140,20.323657200288,5.1033898272015,-7.105427357601e-15
exhale,50,20.347545204149,4.8173649898749,-1.8900436771219e-12
exhale,60,20.347545204149,5.6797836271395,-2.8421709430404e-14
exhale,70,20.347545204149,6.4997356269362,-6.3948846218409e-13
exhale,80,20.347545204149,5.8250228016099,0
exhale,90,20.347545204149,6.0211798167444,0
exhale,110,20.347545204149,5.5509238273514,-5.6843418860808e-14
exhale,120,20.347545204149,5.6774975425392,-7.105427357601e-15
exhale,130,20.347545204149,5.9658072710685,-7.105427357601e-15
exhale,140,20.347545204149,5.1030168680333,-7.105427357601e-15
exhale,50,20.371433208011,4.8173309310614,-1.8900436771219e-12
exhale,60,20.371433208011,5.6797157908864,0
exhale,70,20.371433208011,6.4996034869768,-6.5369931689929e-13
exhale,80,20.371433208011,5.8248832702856,2.8421709430404e-14
exhale,90,20.371433208011,6.020973876454,-1.4210854715202e-14
exhale,110,20.371433208011,5.5506697897636,-9.2370555648813e-14
exhale,120,20.371433208011,5.6771587655999,-7.105427357601e-15
exhale,130,20.371433208011,5.9653932731764,-2.1316282072803e-14
exhale,140,20.371433208011,5.1026446762842,-2.1316282072803e-14
exhale,50,20.395321211873,4.8172969350988,-1.9326762412675e-12
exhale,60,20.395321211873,5.6796480777395,-1.4210854715202e-14
exhale,70,20.395321211873,6.4994715853026,-6.5369931689929e-13
exhale,80,20.395321211873,5.824743996421,1.4210854715202e-14
exhale,90,20.395321211873,6.0207683208372,1.4210854715202e-14
exhale,110,20.395321211873,5.5504162424513,-7.105427357601e-14
exhale,120,20.395321211873,5.6768206561792,2.1316282072803e-14
exhale,130,20.395321211873,5.9649801008226,7.105427357601e-15
exhale,140,20.395321211873,5.1022732495288,-2.1316282072803e-14
exhale,50,20.419209215735,4.8172630018077,-1.8758328224067e-12
exhale,60,20.419209215735,5.6795804873525,0
exhale,70,20.419209215735,6.4993399212483,-6.3948846218409e-13
exhale,80,20.419209215735,5.8246049792816,0
exhale,90,20.419209215735,6.0205631487843,0
exhale,110,20.419209215735,5.5501631839558,-7.8159700933611e-14
exhale,120,20.419209215735,5.6764832122526,0
exhale,130,20.419209215735,5.9645677514766,-7.105427357601e-15
exhale,140,20.419209215735,5.101902585352,0
exhale,50,20.443097219597,4.8172291310094,-1.8758328224067e-12
exhale,60,20.443097219597,5.6795130193809,0
exhale,70,20.443097219597,6.4992084941511,-6.1106675275369e-13
exhale,80,20.443097219597,5.8244662181354,-2.8421709430404e-14
exhale,90,20.443097219597,6.0203583591903,-1.4210854715202e-14
exhale,110,20.443097219597,5.5499106128241,-8.5265128291212e-14
exhale,120,20.443097219597,5.6761464318038,7.105427357601e-15
exhale,130,20.443097219597,5.9641562226187,-1.4210854715202e-14
exhale,140,20.443097219597,5.1015326813492,0
exhale,50,20.466985223458,4.8171953225259,-1.9184653865523e-12
exhale,60,20.466985223458,5.6794456734812,0
exhale,70,20.466985223458,6.499077303351,-6.1106675275369e-13
exhale,80,20.466985223458,5.8243277122538,-1.4210854715202e-14
exhale,90,20.466985223458,6.0201539509544,0
exhale,110,20.466985223458,5.5496585276094,-9.2370555648813e-14
exhale,120,20.466985223458,5.6758103128253,1.4210854715202e-14
exhale,130,20.466985223458,5.9637455117396,-7.105427357601e-15
exhale,140,20.466985223458,5.1011635351262,-1.4210854715202e-14
exhale,50,20.49087322732,4.8171615761798,-1.8758328224067e-12
exhale,60,20.49087322732,5.6793784493114,-2.8421709430404e-14
exhale,70,20.49087322732,6.4989463481905,-6.5369931689929e-13
exhale,80,20.49087322732,5.8241894609107,-1.4210854715202e-14
exhale,90,20.49087322732,6.0199499229804,2.8421709430404e-14
exhale,110,20.49087322732,5.5494069268706,-7.8159700933611e-14
exhale,120,20.49087322732,5.6754748533177,0
exhale,130,20.49087322732,5.9633356163408,-7.105427357601e-15
exhale,140,20.49087322732,5.1007951442989,-2.1316282072803e-14
exhale,50,20.514761231182,4.8171278917946,-1.9184653865523e-12
exhale,60,20.514761231182,5.6793113465308,-1.4210854715202e-14
exhale,70,20.514761231182,6.4988156280146,-6.2527760746889e-13
exhale,80,20.514761231182,5.824051463383,-1.4210854715202e-14
exhale,90,20.514761231182,6.0197462741763,0
exhale,110,20.514761231182,5.5491558091728,-7.105427357601e-14
exhale,120,20.514761231182,5.6751400512899,-7.105427357601e-15
exhale,130,20.514761231182,5.962926533934,-1.4210854715202e-14
exhale,140,20.514761231182,5.1004275064939,-7.105427357601e-15
exhale,50,20.538649235044,4.8170942691943,-1.8900436771219e-12
exhale,60,20.538649235044,5.6792443648,-1.4210854715202e-14
exhale,70,20.538649235044,6.4986851421709,-6.3948846218409e-13
exhale,80,20.538649235044,5.8239137189505,5.6843418860808e-14
exhale,90,20.538649235044,6.0195430034546,1.4210854715202e-14
exhale,110,20.538649235044,5.5489051730866,-8.5265128291212e-14
exhale,120,20.538649235044,5.6748059047591,-2.1316282072803e-14
exhale,130,20.538649235044,5.9625182620416,0
exhale,140,20.538649235044,5.1000606193476,-4.2632564145606e-14
exhale,50,20.562537238905,4.8170607082038,-1.9042545318371e-12
exhale,60,20.562537238905,5.679177503781,-2.8421709430404e-14
exhale,70,20.562537238905,6.4985548900096,-6.1106675275369e-13
exhale,80,20.562537238905,5.8237762268959,0
exhale,90,20.562537238905,6.0193401097322,5.6843418860808e-14
exhale,110,20.562537238905,5.5486550171887,-7.105427357601e-14
exhale,120,20.562537238905,5.6744724117509,-2.1316282072803e-14
exhale,130,20.562537238905,5.9621107981962,-1.4210854715202e-14
exhale,140,20.562537238905,5.0996944805067,0
exhale,50,20.586425242767,4.8170272086485,-1.8900436771219e-12
exhale,60,20.586425242767,5.6791107631371,-2.8421709430404e-14
exhale,70,20.586425242767,6.4984248708832,-5.9685589803848e-13
exhale,80,20.586425242767,5.8236389865044,-1.4210854715202e-14
exhale,90,20.586425242767,6.0191375919299,-1.4210854715202e-14
exhale,110,20.586425242767,5.5484053400615,-7.105427357601e-14
exhale,120,20.586425242767,5.6741395702989,-7.105427357601e-15
exhale,130,20.586425242767,5.9617041399408,0
exhale,140,20.586425242767,5.0993290876281,-1.4210854715202e-14
exhale,50,20.610313246629,4.8169937703545,-1.9184653865523e-12
exhale,60,20.610313246629,5.6790441425327,-1.4210854715202e-14
exhale,70,20.610313246629,6.498295084147,-6.1106675275369e-13
exhale,80,20.610313246629,5.8235019970646,2.8421709430404e-14
exhale,90,20.610313246629,6.0189354489734,-2.8421709430404e-14
exhale,110,20.610313246629,5.5481561402932,-7.105427357601e-14
exhale,120,20.610313246629,5.6738073784449,7.105427357601e-15
exhale,130,20.610313246629,5.9612982848286,-7.105427357601e-15
exhale,140,20.610313246629,5.0989644383785,-2.1316282072803e-14
exhale,50,20.634201250491,4.8169603931487,-1.8900436771219e-12
exhale,60,20.634201250491,5.678977641634,0
exhale,70,20.634201250491,6.4981655291585,-5.9685589803848e-13
exhale,80,20.634201250491,5.8233652578672,1.4210854715202e-14
exhale,90,20.634201250491,6.018733679792,1.4210854715202e-14
exhale,110,20.634201250491,5.5479074164777,-7.8159700933611e-14
exhale,120,20.634201250491,5.6734758342388,7.105427357601e-15
exhale,130,20.634201250491,5.9608932304231,2.1316282072803e-14
exhale,140,20.634201250491,5.0986005304348,-2.1316282072803e-14
exhale,50,20.658089254352,4.8169270768587,-1.9184653865523e-12
exhale,60,20.658089254352,5.6789112601079,0
exhale,70,20.658089254352,6.4980362052779,-5.8264504332328e-13
exhale,80,20.658089254352,5.8232287682063,4.2632564145606e-14
exhale,90,20.658089254352,6.0185322833199,-1.4210854715202e-14
exhale,110,20.658089254352,5.5476591672148,-7.8159700933611e-14
exhale,120,20.658089254352,5.6731449357386,0
exhale,130,20.658089254352,5.960488974298,1.4210854715202e-14
exhale,140,20.658089254352,5.0982373614837,-7.105427357601e-15
exhale,50,20.681977258214,4.8168938213126,-1.9184653865523e-12
exhale,60,20.681977258214,5.678844997623,0
exhale,70,20.681977258214,6.4979071118678,-5.9685589803848e-13
exhale,80,20.681977258214,5.8230925273785,1.4210854715202e-14
exhale,90,20.681977258214,6.0183312584949,-1.4210854715202e-14
exhale,110,20.681977258214,5.5474113911098,-9.2370555648813e-14
exhale,120,20.681977258214,5.6728146810101,1.4210854715202e-14
exhale,130,20.681977258214,5.9600855140369,7.105427357601e-15
exhale,140,20.681977258214,5.0978749292218,-7.105427357601e-15
exhale,50,20.705865262076,4.8168606263393,-1.8758328224067e-12
exhale,60,20.705865262076,5.6787788538491,2.8421709430404e-14
exhale,70,20.705865262076,6.4977782482932,-5.6843418860808e-13
exhale,80,20.705865262076,5.822956534683,2.8421709430404e-14
exhale,90,20.705865262076,6.0181306042595,-2.8421709430404e-14
exhale,110,20.705865262076,5.5471640867736,-1.0658141036402e-13
exhale,120,20.705865262076,5.6724850681275,7.105427357601e-15
exhale,130,20.705865262076,5.9596828472335,0
exhale,140,20.705865262076,5.0975132313556,-1.4210854715202e-14
exhale,50,20.729753265938,4.8168274917684,-1.8758328224067e-12
exhale,60,20.729753265938,5.6787128284572,-1.4210854715202e-14
exhale,70,20.729753265938,6.4976496139216,-5.9685589803848e-13
exhale,80,20.729753265938,5.8228207894221,-1.4210854715202e-14
exhale,90,20.729753265938,6.0179303195602,4.2632564145606e-14
exhale,110,20.729753265938,5.5469172528229,-9.2370555648813e-14
exhale,120,20.729753265938,5.6721560951724,-1.4210854715202e-14
exhale,130,20.729753265938,5.9592809714918,-7.105427357601e-15
exhale,140,20.729753265938,5.0971522656012,-1.4210854715202e-14
exhale,50,20.753641269799,4.81679441743,-1.8900436771219e-12
exhale,60,20.753641269799,5.6786469211197,0
exhale,70,20.753641269799,6.497521208123,-5.5422333389288e-13
exhale,80,20.753641269799,5.8226852909006,-1.4210854715202e-14
exhale,90,20.753641269799,6.0177304033475,1.4210854715202e-14
exhale,110,20.753641269799,5.54667088788,-8.5265128291212e-14
exhale,120,20.753641269799,5.6718277602347,0
exhale,130,20.753641269799,5.9588798844252,-7.105427357601e-15
exhale,140,20.753641269799,5.0967920296846,-2.1316282072803e-14
exhale,50,20.777529273661,4.8167614031551,-1.8758328224067e-12
exhale,60,20.777529273661,5.67858113151,-2.8421709430404e-14
exhale,70,20.777529273661,6.4973930302698,-5.6843418860808e-13
exhale,80,20.777529273661,5.822550038426,0
exhale,90,20.777529273661,6.0175308545762,1.4210854715202e-14
exhale,110,20.777529273661,5.5464249905726,-6.3948846218409e-14
exhale,120,20.777529273661,5.671500061412,-2.1316282072803e-14
exhale,130,20.777529273661,5.9584795836575,-7.105427357601e-15
exhale,140,20.777529273661,5.0964325213414,0
exhale,50,20.801417277523,4.8167284487752,-1.9184653865523e-12
exhale,60,20.801417277523,5.6785154593031,-1.4210854715202e-14
exhale,70,20.801417277523,6.4972650797366,-5.6843418860808e-13
exhale,80,20.801417277523,5.8224150313087,0
exhale,90,20.801417277523,6.0173316722053,-1.4210854715202e-14
exhale,110,20.801417277523,5.5461795595341,-8.5265128291212e-14
exhale,120,20.801417277523,5.6711729968096,0
exhale,130,20.801417277523,5.9580800668222,0
exhale,140,20.801417277523,5.0960737383168,-1.4210854715202e-14
exhale,50,20.825305281385,4.8166955541224,-1.8758328224067e-12
exhale,60,20.825305281385,5.678449904175,1.4210854715202e-14
exhale,70,20.825305281385,6.4971373559007,-5.6843418860808e-13
exhale,80,20.825305281385,5.8222802688615,-1.4210854715202e-14
exhale,90,20.825305281385,6.0171328551977,-2.8421709430404e-14
exhale,110,20.825305281385,5.5459345934034,-7.8159700933611e-14
exhale,120,20.825305281385,5.6708465645409,7.105427357601e-15
exhale,130,20.825305281385,5.9576813315623,0
exhale,140,20.825305281385,5.0957156783655,-7.105427357601e-15
exhale,50,20.849193285246,4.8166627190297,-1.8900436771219e-12
exhale,60,20.849193285246,5.6783844658032,-4.2632564145606e-14
exhale,70,20.849193285246,6.4970098581416,-5.5422333389288e-13
exhale,80,20.849193285246,5.8221457504002,0
exhale,90,20.849193285246,6.0169344025205,-1.4210854715202e-14
exhale,110,20.849193285246,5.5456900908247,-9.9475983006414e-14
exhale,120,20.849193285246,5.6705207627265,-1.4210854715202e-14
exhale,130,20.849193285246,5.9572833755308,0
exhale,140,20.849193285246,5.0953583392518,-2.8421709430404e-14
exhale,50,20.873081289108,4.8166299433304,-1.8900436771219e-12
exhale,60,20.873081289108,5.6783191438661,-2.8421709430404e-14
exhale,70,20.873081289108,6.4968825858413,-5.6843418860808e-13
exhale,80,20.873081289108,5.822011475243,-1.4210854715202e-14
exhale,90,20.873081289108,6.0167363131447,1.4210854715202e-14
exhale,110,20.873081289108,5.5454460504479,-9.9475983006414e-14
exhale,120,20.873081289108,5.6701955894952,-1.4210854715202e-14
exhale,130,20.873081289108,5.9568861963905,-7.105427357601e-15
exhale,140,20.873081289108,5.0950017187494,-3.5527136788005e-14
exhale,50,20.89696929297,4.8165972268588,-1.9042545318371e-12
exhale,60,20.89696929297,5.6782539380435,1.4210854715202e-14
exhale,70,20.89696929297,6.4967555383839,-5.8264504332328e-13
exhale,80,20.89696929297,5.8218774427108,0
exhale,90,20.89696929297,6.0165385860456,1.4210854715202e-14
exhale,110,20.89696929297,5.5452024709282,-7.105427357601e-14
exhale,120,20.89696929297,5.6698710429832,2.1316282072803e-14
exhale,130,20.89696929297,5.9564897918135,0
exhale,140,20.89696929297,5.0946458146414,-2.1316282072803e-14
exhale,50,20.920857296832,4.8165645694496,-1.9326762412675e-12
exhale,60,20.920857296832,5.6781888480167,-5.6843418860808e-14
exhale,70,20.920857296832,6.4966287151562,-5.4001247917768e-13
exhale,80,20.920857296832,5.8217436521274,-1.4210854715202e-14
exhale,90,20.920857296832,6.0163412202023,0
exhale,110,20.920857296832,5.5449593509261,-9.2370555648813e-14
exhale,120,20.920857296832,5.6695471213342,-7.105427357601e-15
exhale,130,20.920857296832,5.9560941594817,-1.4210854715202e-14
exhale,140,20.920857296832,5.0942906247203,-1.4210854715202e-14
exhale,50,20.944745300694,4.8165319709383,-1.9042545318371e-12
exhale,60,20.944745300694,5.6781238734677,2.8421709430404e-14
exhale,70,20.944745300694,6.4965021155471,-5.6843418860808e-13
exhale,80,20.944745300694,5.8216101028188,0
exhale,90,20.944745300694,6.016144214598,0
exhale,110,20.944745300694,5.5447166891078,-8.5265128291212e-14
exhale,120,20.944745300694,5.6692238226997,7.105427357601e-15
exhale,130,20.944745300694,5.9556992970865,-7.105427357601e-15
exhale,140,20.944745300694,5.093936146788,-1.4210854715202e-14
exhale,50,20.968633304555,4.8164994311608,-1.9042545318371e-12
exhale,60,20.968633304555,5.6780590140802,-1.4210854715202e-14
exhale,70,20.968633304555,6.4963757389479,-5.2580162446247e-13
exhale,80,20.968633304555,5.8214767941139,-1.4210854715202e-14
exhale,90,20.968633304555,6.0159475682197,1.4210854715202e-14
exhale,110,20.968633304555,5.5444744841446,-8.5265128291212e-14
exhale,120,20.968633304555,5.6689011452386,1.4210854715202e-14
exhale,130,20.968633304555,5.9553052023288,1.4210854715202e-14
exhale,140,20.968633304555,5.0935823786553,-2.1316282072803e-14
exhale,50,20.992521308417,4.816466949954,-1.9184653865523e-12
exhale,60,20.992521308417,5.6779942695387,2.8421709430404e-14
exhale,70,20.992521308417,6.4962495847522,-5.5422333389288e-13
exhale,80,20.992521308417,5.8213437253442,0
exhale,90,20.992521308417,6.0157512800586,1.4210854715202e-14
exhale,110,20.992521308417,5.544232734713,-9.9475983006414e-14
exhale,120,20.992521308417,5.6685790871173,-7.105427357601e-15
exhale,130,20.992521308417,5.9549118729188,-7.105427357601e-15
exhale,140,20.992521308417,5.0932293181427,-3.5527136788005e-14
exhale,50,21.016409312279,4.8164345271551,-1.9184653865523e-12
exhale,60,21.016409312279,5.6779296395292,0
exhale,70,21.016409312279,6.496123652356,-5.5422333389288e-13
exhale,80,21.016409312279,5.8212108958435,2.8421709430404e-14
exhale,90,21.016409312279,6.0155553491097,2.8421709430404e-14
exhale,110,21.016409312279,5.543991439495,-1.0658141036402e-13
exhale,120,21.016409312279,5.6682576465096,0
exhale,130,21.016409312279,5.9545193065763,7.105427357601e-15
exhale,140,21.016409312279,5.0928769630794,-1.4210854715202e-14
exhale,50,21.040297316141,4.8164021626021,-1.8900436771219e-12
exhale,60,21.040297316141,5.6778651237389,4.2632564145606e-14
exhale,70,21.040297316141,6.4959979411575,-5.4001247917768e-13
exhale,80,21.040297316141,5.8210783049486,-1.4210854715202e-14
exhale,90,21.040297316141,6.0153597743718,-1.4210854715202e-14
exhale,110,21.040297316141,5.5437505971779,-7.8159700933611e-14
exhale,120,21.040297316141,5.6679368215969,0
exhale,130,21.040297316141,5.9541275010302,0
exhale,140,21.040297316141,5.092525311304,-2.1316282072803e-14
exhale,50,21.064185320002,4.8163698561336,-1.8900436771219e-12
exhale,60,21.064185320002,5.6778007218559,2.8421709430404e-14
exhale,70,21.064185320002,6.4958724505572,-5.5422333389288e-13
exhale,80,21.064185320002,5.8209459519985,1.4210854715202e-14
exhale,90,21.064185320002,6.0151645548479,-1.4210854715202e-14
exhale,110,21.064185320002,5.5435102064541,-1.0658141036402e-13
exhale,120,21.064185320002,5.6676166105676,-7.105427357601e-15
exhale,130,21.064185320002,5.9537364540189,-2.1316282072803e-14
exhale,140,21.064185320002,5.092174360664,-2.8421709430404e-14
exhale,50,21.088073323864,4.8163376075887,-1.9326762412675e-12
exhale,60,21.088073323864,5.6777364335698,1.4210854715202e-14
exhale,70,21.088073323864,6.4957471799577,-5.4001247917768e-13
exhale,80,21.088073323864,5.8208138363349,-1.4210854715202e-14
exhale,90,21.088073323864,6.0149696895446,0
exhale,110,21.088073323864,5.5432702660212,-8.5265128291212e-14
exhale,120,21.088073323864,5.6672970116179,7.105427357601e-15
exhale,130,21.088073323864,5.9533461632899,1.4210854715202e-14
exhale,140,21.088073323864,5.0918241090161,-3.5527136788005e-14
exhale,50,21.111961327726,4.8163054168073,-1.8900436771219e-12
exhale,60,21.111961327726,5.6776722585712,0
exhale,70,21.111961327726,6.4956221287643,-5.1159076974727e-13
exhale,80,21.111961327726,5.820681957302,-2.8421709430404e-14
exhale,90,21.111961327726,6.0147751774725,1.4210854715202e-14
exhale,110,21.111961327726,5.5430307745821,-7.8159700933611e-14
exhale,120,21.111961327726,5.6669780229509,0
exhale,130,21.111961327726,5.9529566265999,-2.8421709430404e-14
exhale,140,21.111961327726,5.0914745542257,-1.4210854715202e-14
exhale,50,21.135849331588,4.8162732836298,-1.9042545318371e-12
exhale,60,21.135849331588,5.677608196552,2.8421709430404e-14
exhale,70,21.135849331588,6.4954972963841,-5.1159076974727e-13
exhale,80,21.135849331588,5.8205503142466,-1.4210854715202e-14
exhale,90,21.135849331588,6.0145810176459,-2.8421709430404e-14
exhale,110,21.135849331588,5.5427917308447,-9.2370555648813e-14
exhale,120,21.135849331588,5.6666596427771,-2.1316282072803e-14
exhale,130,21.135849331588,5.9525678417148,0
exhale,140,21.135849331588,5.0911256941674,-2.1316282072803e-14
exhale,50,21.159737335449,4.8162412078973,-1.9042545318371e-12
exhale,60,21.159737335449,5.6775442472052,-2.8421709430404e-14
exhale,70,21.159737335449,6.4953726822266,-5.5422333389288e-13
exhale,80,21.159737335449,5.8204189065178,-2.8421709430404e-14
exhale,90,21.159737335449,6.014387209083,2.8421709430404e-14
exhale,110,21.159737335449,5.5425531335222,-7.105427357601e-14
exhale,120,21.159737335449,5.6663418693143,0
exhale,130,21.159737335449,5.9521798064096,7.105427357601e-15
exhale,140,21.159737335449,5.0907775267244,-7.105427357601e-15
exhale,50,21.183625339311,4.8162091894513,-1.9184653865523e-12
exhale,60,21.183625339311,5.6774804102249,0
exhale,70,21.183625339311,6.4952482857037,-5.1159076974727e-13
exhale,80,21.183625339311,5.8202877334675,-1.4210854715202e-14
exhale,90,21.183625339311,6.0141937508059,-1.4210854715202e-14
exhale,110,21.183625339311,5.5423149813327,-7.105427357601e-14
exhale,120,21.183625339311,5.6660247007875,1.4210854715202e-14
exhale,130,21.183625339311,5.9517925184681,-7.105427357601e-15
exhale,140,21.183625339311,5.090430049789,-2.8421709430404e-14
exhale,50,21.207513343173,4.8161772281343,-1.9184653865523e-12
exhale,60,21.207513343173,5.6774166853065,1.4210854715202e-14
exhale,70,21.207513343173,6.4951241062292,-4.8316906031687e-13
exhale,80,21.207513343173,5.8201567944499,0
exhale,90,21.207513343173,6.0140006418403,1.4210854715202e-14
exhale,110,21.207513343173,5.5420772729997,-1.1368683772162e-13
exhale,120,21.207513343173,5.6657081354285,-2.1316282072803e-14
exhale,130,21.207513343173,5.9514059756836,-1.4210854715202e-14
exhale,140,21.207513343173,5.0900832612619,-1.4210854715202e-14
exhale,50,21.231401347035,4.8161453237889,-1.8900436771219e-12
exhale,60,21.231401347035,5.6773530721465,2.8421709430404e-14
exhale,70,21.231401347035,6.4950001432193,-5.4001247917768e-13
exhale,80,21.231401347035,5.8200260888216,0
exhale,90,21.231401347035,6.0138078812158,1.4210854715202e-14
exhale,110,21.231401347035,5.5418400072514,-7.8159700933611e-14
exhale,120,21.231401347035,5.6653921714767,0
exhale,130,21.231401347035,5.9510201758579,-7.105427357601e-15
exhale,140,21.231401347035,5.0897371590529,-1.4210854715202e-14
exhale,50,21.255289350896,4.8161134762588,-1.9042545318371e-12
exhale,60,21.255289350896,5.6772895704425,0
exhale,70,21.255289350896,6.4948763960925,-5.2580162446247e-13
exhale,80,21.255289350896,5.8198956159418,-4.2632564145606e-14
exhale,90,21.255289350896,6.0136154679657,0
exhale,110,21.255289350896,5.5416031828212,-8.5265128291212e-14
exhale,120,21.255289350896,5.6650768071783,-7.105427357601e-15
exhale,130,21.255289350896,5.9506351168019,-7.105427357601e-15
exhale,140,21.255289350896,5.0893917410802,-2.8421709430404e-14
exhale,50,21.279177354758,4.8160816853879,-1.8900436771219e-12
exhale,60,21.279177354758,5.6772261798932,0
exhale,70,21.279177354758,6.4947528642691,-4.6895820560167e-13
exhale,80,21.279177354758,5.8197653751721,0
exhale,90,21.279177354758,6.0134234011269,2.8421709430404e-14
exhale,110,21.279177354758,5.5413667984475,-9.2370555648813e-14
exhale,120,21.279177354758,5.6647620407864,7.105427357601e-15
exhale,130,21.279177354758,5.9502507963353,0
exhale,140,21.279177354758,5.0890470052709,-1.4210854715202e-14
exhale,50,21.30306535862,4.816049951021,-1.9468870959827e-12
exhale,60,21.30306535862,5.6771629001986,1.4210854715202e-14
exhale,70,21.30306535862,6.494629547172,-4.4053649617126e-13
exhale,80,21.30306535862,5.8196353658765,2.8421709430404e-14
exhale,90,21.30306535862,6.0132316797402,0
exhale,110,21.30306535862,5.5411308528737,-1.0658141036402e-13
exhale,120,21.30306535862,5.6644478705615,0
exhale,130,21.30306535862,5.9498672122866,7.105427357601e-15
exhale,140,21.30306535862,5.0887029495605,-2.8421709430404e-14
exhale,50,21.326953362482,4.8160182730032,-1.9326762412675e-12
exhale,60,21.326953362482,5.6770997310596,2.8421709430404e-14
exhale,70,21.326953362482,6.494506444226,-4.8316906031687e-13
exhale,80,21.326953362482,5.8195055874215,1.4210854715202e-14
exhale,90,21.326953362482,6.0130403028499,-1.4210854715202e-14
exhale,110,21.326953362482,5.540895344848,-8.5265128291212e-14
exhale,120,21.326953362482,5.6641342947707,7.105427357601e-15
exhale,130,21.326953362482,5.9494843624933,7.105427357601e-15
exhale,140,21.326953362482,5.0883595718931,-1.4210854715202e-14
exhale,50,21.350841366343,4.8159866511803,-1.9042545318371e-12
exhale,60,21.350841366343,5.6770366721786,0
exhale,70,21.350841366343,6.4943835548582,-4.9737991503207e-13
exhale,80,21.350841366343,5.819376039176,-1.4210854715202e-14
exhale,90,21.350841366343,6.0128492695042,-2.8421709430404e-14
exhale,110,21.350841366343,5.5406602731237,-9.2370555648813e-14
exhale,120,21.350841366343,5.6638213116883,-2.1316282072803e-14
exhale,130,21.350841366343,5.9491022448012,7.105427357601e-15
exhale,140,21.350841366343,5.0880168702213,-3.5527136788005e-14
exhale,50,21.374729370205,4.8159550853989,-1.9184653865523e-12
exhale,60,21.374729370205,5.6769737232587,1.4210854715202e-14
exhale,70,21.374729370205,6.4942608784976,-4.8316906031687e-13
exhale,80,21.374729370205,5.8192467205112,1.4210854715202e-14
exhale,90,21.374729370205,6.0126585787546,-2.8421709430404e-14
exhale,110,21.374729370205,5.540425636459,-8.5265128291212e-14
exhale,120,21.374729370205,5.6635089195951,-1.4210854715202e-14
exhale,130,21.374729370205,5.9487208570652,7.105427357601e-15
exhale,140,21.374729370205,5.0876748425061,-1.4210854715202e-14
exhale,50,21.398617374067,4.8159235755059,-1.9326762412675e-12
exhale,60,21.398617374067,5.6769108840043,4.2632564145606e-14
exhale,70,21.398617374067,6.4941384145757,-5.1159076974727e-13
exhale,80,21.398617374067,5.8191176308008,2.8421709430404e-14
exhale,90,21.398617374067,6.0124682296567,-1.4210854715202e-14
exhale,110,21.398617374067,5.5401914336168,-9.2370555648813e-14
exhale,120,21.398617374067,5.6631971167793,7.105427357601e-15
exhale,130,21.398617374067,5.9483401971486,0
exhale,140,21.398617374067,5.087333486717,-1.4210854715202e-14
exhale,50,21.422505377929,4.815892121349,-1.9468870959827e-12
exhale,60,21.422505377929,5.6768481541209,0
exhale,70,21.422505377929,6.4940161625259,-4.6895820560167e-13
exhale,80,21.422505377929,5.8189887694208,-1.4210854715202e-14
exhale,90,21.422505377929,6.0122782212694,1.4210854715202e-14
exhale,110,21.422505377929,5.539957663365,-7.105427357601e-14
exhale,120,21.422505377929,5.6628859015355,0
exhale,130,21.422505377929,5.9479602629233,7.105427357601e-15
exhale,140,21.422505377929,5.0869928008319,-7.105427357601e-15
exhale,50,21.446393381791,4.8158607227761,-1.8900436771219e-12
exhale,60,21.446393381791,5.6767855333152,-2.8421709430404e-14
exhale,70,21.446393381791,6.4938941217837,-5.2580162446247e-13
exhale,80,21.446393381791,5.8188601357496,0
exhale,90,21.446393381791,6.0120885526551,0
exhale,110,21.446393381791,5.5397243244763,-9.2370555648813e-14
exhale,120,21.446393381791,5.6625752721652,7.105427357601e-15
exhale,130,21.446393381791,5.9475810522698,-1.4210854715202e-14
exhale,140,21.446393381791,5.0866527828368,-1.4210854715202e-14
exhale,50,21.470281385652,4.8158293796362,-1.8900436771219e-12
exhale,60,21.470281385652,5.6767230212949,0
exhale,70,21.470281385652,6.4937722917867,-4.8316906031687e-13
exhale,80,21.470281385652,5.818731729168,-1.4210854715202e-14
exhale,90,21.470281385652,6.0118992228801,-2.8421709430404e-14
exhale,110,21.470281385652,5.5394914157282,-8.5265128291212e-14
exhale,120,21.470281385652,5.6622652269768,-7.105427357601e-15
exhale,130,21.470281385652,5.9472025630772,1.4210854715202e-14
exhale,140,21.470281385652,5.0863134307263,-4.9737991503207e-14
exhale,50,21.494169389514,4.8157980917785,-1.9184653865523e-12
exhale,60,21.494169389514,5.6766606177686,2.8421709430404e-14
exhale,70,21.494169389514,6.4936506719747,-4.6895820560167e-13
exhale,80,21.494169389514,5.8186035490591,1.4210854715202e-14
exhale,90,21.494169389514,6.011710231014,2.8421709430404e-14
exhale,110,21.494169389514,5.539258935903,-9.2370555648813e-14
exhale,120,21.494169389514,5.6619557642852,-1.4210854715202e-14
exhale,130,21.494169389514,5.9468247932428,0
exhale,140,21.494169389514,5.085974742503,-7.105427357601e-15
exhale,50,21.518057393376,4.8157668590528,-1.9326762412675e-12
exhale,60,21.518057393376,5.6765983224464,0
exhale,70,21.518057393376,6.4935292617894,-4.6895820560167e-13
exhale,80,21.518057393376,5.8184755948082,2.8421709430404e-14
exhale,90,21.518057393376,6.0115215761302,2.8421709430404e-14
exhale,110,21.518057393376,5.5390268837876,-9.9475983006414e-14
exhale,120,21.518057393376,5.6616468824121,3.5527136788005e-14
exhale,130,21.518057393376,5.9464477406726,7.105427357601e-15
exhale,140,21.518057393376,5.0856367161777,-2.8421709430404e-14
exhale,50,21.541945397238,4.8157356813097,-1.9042545318371e-12
exhale,60,21.541945397238,5.6765361350392,-1.4210854715202e-14
exhale,70,21.541945397238,6.4934080606748,-4.8316906031687e-13
exhale,80,21.541945397238,5.8183478658031,-2.8421709430404e-14
exhale,90,21.541945397238,6.0113332573052,-2.8421709430404e-14
exhale,110,21.541945397238,5.5387952581739,-8.5265128291212e-14
exhale,120,21.541945397238,5.6613385796858,-7.105427357601e-15
exhale,130,21.541945397238,5.9460714032807,1.4210854715202e-14
exhale,140,21.541945397238,5.0852993497694,-1.4210854715202e-14
exhale,50,21.565833401099,4.8157045584,-1.9184653865523e-12
exhale,60,21.565833401099,5.6764740552591,-1.4210854715202e-14
exhale,70,21.565833401099,6.4932870680768,-4.5474735088646e-13
exhale,80,21.565833401099,5.8182203614339,4.2632564145606e-14
exhale,90,21.565833401099,6.0111452736195,-2.8421709430404e-14
exhale,110,21.565833401099,5.5385640578583,-9.2370555648813e-14
exhale,120,21.565833401099,5.6610308544414,1.4210854715202e-14
exhale,130,21.565833401099,5.9456957789899,7.105427357601e-15
exhale,140,21.565833401099,5.0849626413054,-2.8421709430404e-14
exhale,50,21.589721404961,4.8156734901755,-1.9184653865523e-12
exhale,60,21.589721404961,5.676412082819,-1.4210854715202e-14
exhale,70,21.589721404961,6.4931662834435,-4.4053649617126e-13
exhale,80,21.589721404961,5.8180930810929,-2.8421709430404e-14
exhale,90,21.589721404961,6.0109576241568,1.4210854715202e-14
exhale,110,21.589721404961,5.5383332816421,-6.3948846218409e-14
exhale,120,21.589721404961,5.6607237050203,0
exhale,130,21.589721404961,5.9453208657308,7.105427357601e-15
exhale,140,21.589721404961,5.0846265888207,-2.1316282072803e-14
exhale,50,21.613609408823,4.8156424764882,-1.9042545318371e-12
exhale,60,21.613609408823,5.6763502174333,-1.4210854715202e-14
exhale,70,21.613609408823,6.4930457062247,-4.4053649617126e-13
exhale,80,21.613609408823,5.8179660241748,1.4210854715202e-14
exhale,90,21.613609408823,6.0107703080044,-1.4210854715202e-14
exhale,110,21.613609408823,5.5381029283309,-7.8159700933611e-14
exhale,120,21.613609408823,5.6604171297707,0
exhale,130,21.613609408823,5.9449466614427,-7.105427357601e-15
exhale,140,21.613609408823,5.0842911903586,-1.4210854715202e-14
exhale,50,21.637497412685,4.8156115171908,-1.8900436771219e-12
exhale,60,21.637497412685,5.6762884588172,0
exhale,70,21.637497412685,6.4929253358727,-4.6895820560167e-13
exhale,80,21.637497412685,5.8178391900764,2.8421709430404e-14
exhale,90,21.637497412685,6.0105833242529,1.4210854715202e-14
exhale,110,21.637497412685,5.5378729967353,-9.9475983006414e-14
exhale,120,21.637497412685,5.6601111270472,-7.105427357601e-15
exhale,130,21.637497412685,5.9445731640729,1.4210854715202e-14
exhale,140,21.637497412685,5.0839564439703,-2.1316282072803e-14
exhale,50,21.661385416546,4.8155806121365,-1.9326762412675e-12
exhale,60,21.661385416546,5.676226806687,1.4210854715202e-14
exhale,70,21.661385416546,6.4928051718415,-4.2632564145606e-13
exhale,80,21.661385416546,5.8177125781969,-2.8421709430404e-14
exhale,90,21.661385416546,6.0103966719965,0
exhale,110,21.661385416546,5.5376434856703,-6.3948846218409e-14
exhale,120,21.661385416546,5.6598056952108,0
exhale,130,21.661385416546,5.9442003715767,0
exhale,140,21.661385416546,5.0836223477149,-2.8421709430404e-14
exhale,50,21.685273420408,4.815549761179,-1.9184653865523e-12
exhale,60,21.685273420408,5.6761652607599,-5.9685589803848e-13
exhale,70,21.685273420408,6.4926852135871,-4.2632564145606e-13
exhale,80,21.685273420408,5.8175861879378,-1.4210854715202e-14
exhale,90,21.685273420408,6.0102103503328,0
exhale,110,21.685273420408,5.5374143939555,-9.2370555648813e-14
exhale,120,21.685273420408,5.6595008326291,3.5527136788005e-14
exhale,130,21.685273420408,5.943828281918,-2.1316282072803e-14
exhale,140,21.685273420408,5.0832888996594,-1.4210854715202e-14
exhale,50,21.70916142427,4.8155189641729,-1.9610979506979e-12
exhale,60,21.70916142427,5.6761038207544,-5.8264504332328e-13
exhale,70,21.70916142427,6.4925654605678,-4.2632564145606e-13
exhale,80,21.70916142427,5.8174600187027,-1.4210854715202e-14
exhale,90,21.70916142427,6.0100243583627,1.4210854715202e-14
exhale,110,21.70916142427,5.5371857204154,-1.0658141036402e-13
exhale,120,21.70916142427,5.6591965376761,-1.4210854715202e-14
exhale,130,21.70916142427,5.9434568930682,7.105427357601e-15
exhale,140,21.70916142427,5.0829560978788,-2.1316282072803e-14
exhale,50,21.733049428132,4.8154882209728,-1.9326762412675e-12
exhale,60,21.733049428132,5.6760424863901,-6.5369931689929e-13
exhale,70,21.733049428132,6.4924459122436,-4.4053649617126e-13
exhale,80,21.733049428132,5.8173340698975,0
exhale,90,21.733049428132,6.0098386951906,-2.8421709430404e-14
exhale,110,21.733049428132,5.5369574638785,-7.8159700933611e-14
exhale,120,21.733049428132,5.6588928087321,7.105427357601e-15
exhale,130,21.733049428132,5.9430862030072,2.1316282072803e-14
exhale,140,21.733049428132,5.0826239404557,-7.105427357601e-15
exhale,50,21.756937431993,4.8154575314342,-1.9184653865523e-12
exhale,60,21.756937431993,5.6759812573872,-6.2527760746889e-13
exhale,70,21.756937431993,6.4923265680766,-4.2632564145606e-13
exhale,80,21.756937431993,5.8172083409302,-4.2632564145606e-14
exhale,90,21.756937431993,6.0096533599244,1.4210854715202e-14
exhale,110,21.756937431993,5.5367296231782,-8.5265128291212e-14
exhale,120,21.756937431993,5.6585896441839,-2.1316282072803e-14
exhale,130,21.756937431993,5.9427162097226,1.4210854715202e-14
exhale,140,21.756937431993,5.0822924254806,-2.1316282072803e-14
exhale,50,21.780825435855,4.8154268954131,-1.8900436771219e-12
exhale,60,21.780825435855,5.6759201334674,-6.3948846218409e-13
exhale,70,21.780825435855,6.4922074275308,-3.9790393202566e-13
exhale,80,21.780825435855,5.8170828312114,1.4210854715202e-14
exhale,90,21.780825435855,6.0094683516749,-1.4210854715202e-14
exhale,110,21.780825435855,5.5365021971523,-7.8159700933611e-14
exhale,120,21.780825435855,5.6582870424245,-7.105427357601e-15
exhale,130,21.780825435855,5.9423469112102,-7.105427357601e-15
exhale,140,21.780825435855,5.0819615510519,-2.8421709430404e-14
exhale,50,21.804713439717,4.8153963127659,-1.9042545318371e-12
exhale,60,21.804713439717,5.6758591143531,-6.2527760746889e-13
exhale,70,21.804713439717,6.4920884900724,-4.5474735088646e-13
exhale,80,21.804713439717,5.8169575401533,1.4210854715202e-14
exhale,90,21.804713439717,6.0092836695569,0
exhale,110,21.804713439717,5.5362751846432,-9.2370555648813e-14
exhale,120,21.804713439717,5.6579850018533,-1.4210854715202e-14
exhale,130,21.804713439717,5.9419783054735,7.105427357601e-15
exhale,140,21.804713439717,5.0816313152752,-4.9737991503207e-14
exhale,50,21.828601443579,4.8153657833498,-1.9042545318371e-12
exhale,60,21.828601443579,5.675798199768,-5.9685589803848e-13
exhale,70,21.828601443579,6.4919697551691,-4.1211478674086e-13
exhale,80,21.828601443579,5.8168324671708,0
exhale,90,21.828601443579,6.0090993126879,1.4210854715202e-14
exhale,110,21.828601443579,5.5360485844974,-7.8159700933611e-14
exhale,120,21.828601443579,5.6576835208757,-7.105427357601e-15
exhale,130,21.828601443579,5.941610390524,7.105427357601e-15
exhale,140,21.828601443579,5.0813017162644,-2.8421709430404e-14
exhale,50,21.852489447441,4.8153353070221,-1.9042545318371e-12
exhale,60,21.852489447441,5.6757373894365,-6.2527760746889e-13
exhale,70,21.852489447441,6.4918512222911,-4.1211478674086e-13
exhale,80,21.852489447441,5.8167076116808,-4.2632564145606e-14
exhale,90,21.852489447441,6.0089152801891,0
exhale,110,21.852489447441,5.5358223955664,-1.0658141036402e-13
exhale,120,21.852489447441,5.6573825979037,0
exhale,130,21.852489447441,5.9412431643811,0
exhale,140,21.852489447441,5.0809727521406,-2.1316282072803e-14
exhale,50,21.876377451302,4.8153048836411,-1.9610979506979e-12
exhale,60,21.876377451302,5.6756766830843,-6.3948846218409e-13
exhale,70,21.876377451302,6.4917328909101,-3.9790393202566e-13
exhale,80,21.876377451302,5.8165829731023,-1.4210854715202e-14
exhale,90,21.876377451302,6.0087315711849,1.4210854715202e-14
exhale,110,21.876377451302,5.5355966167055,-7.105427357601e-14
exhale,120,21.876377451302,5.6570822313553,7.105427357601e-15
exhale,130,21.876377451302,5.9408766250718,-2.1316282072803e-14
exhale,140,21.876377451302,5.0806444210324,-1.4210854715202e-14
exhale,50,21.900265455164,4.8152745130653,-1.8758328224067e-12
exhale,60,21.900265455164,5.6756160804379,-6.3948846218409e-13
exhale,70,21.900265455164,6.4916147604999,-3.8369307731045e-13
exhale,80,21.900265455164,5.8164585508565,-2.8421709430404e-14
exhale,90,21.900265455164,6.0085481848028,0
exhale,110,21.900265455164,5.5353712467748,-9.9475983006414e-14
exhale,120,21.900265455164,5.6567824196547,-7.105427357601e-15
exhale,130,21.900265455164,5.940510770631,0
exhale,140,21.900265455164,5.0803167210764,-2.1316282072803e-14
exhale,50,21.924153459026,4.8152441951539,-1.9042545318371e-12
exhale,60,21.924153459026,5.675555581225,-5.8264504332328e-13
exhale,70,21.924153459026,6.4914968305363,-3.9790393202566e-13
exhale,80,21.924153459026,5.8163343443668,1.4210854715202e-14
exhale,90,21.924153459026,6.008365120174,0
exhale,110,21.924153459026,5.5351462846388,-9.2370555648813e-14
exhale,120,21.924153459026,5.6564831612322,-1.4210854715202e-14
exhale,130,21.924153459026,5.9401455991014,1.4210854715202e-14
exhale,140,21.924153459026,5.0799896504163,-3.5527136788005e-14
exhale,50,21.948041462888,4.8152139297664,-1.9184653865523e-12
exhale,60,21.948041462888,5.6754951851741,-6.1106675275369e-13
exhale,70,21.948041462888,6.4913791004969,-3.9790393202566e-13
exhale,80,21.948041462888,5.8162103530587,1.4210854715202e-14
exhale,90,21.948041462888,6.0081823764324,1.4210854715202e-14
exhale,110,21.948041462888,5.534921729166,-9.9475983006414e-14
exhale,120,21.948041462888,5.6561844545242,7.105427357601e-15
exhale,130,21.948041462888,5.9397811085331,-7.105427357601e-15
exhale,140,21.948041462888,5.0796632072034,-2.8421709430404e-14
exhale,50,21.971929466749,4.8151837167632,-1.9184653865523e-12
exhale,60,21.971929466749,5.6754348920149,-6.6791017161449e-13
exhale,70,21.971929466749,6.4912615698612,-3.8369307731045e-13
exhale,80,21.971929466749,5.8160865763597,0
exhale,90,21.971929466749,6.0079999527156,-1.4210854715202e-14
exhale,110,21.971929466749,5.5346975792295,-7.8159700933611e-14
exhale,120,21.971929466749,5.6558862979733,0
exhale,130,21.971929466749,5.9394172969842,1.4210854715202e-14
exhale,140,21.971929466749,5.0793373895964,-2.1316282072803e-14
exhale,50,21.995817470611,4.8151535560049,-1.9610979506979e-12
exhale,60,21.995817470611,5.6753747014778,-6.5369931689929e-13
exhale,70,21.995817470611,6.4911442381106,-3.9790393202566e-13
exhale,80,21.995817470611,5.8159630136997,0
exhale,90,21.995817470611,6.0078178481641,0
exhale,110,21.995817470611,5.5344738337067,-9.2370555648813e-14
exhale,120,21.995817470611,5.655588690028,2.1316282072803e-14
exhale,130,21.995817470611,5.9390541625201,-7.105427357601e-15
exhale,140,21.995817470611,5.0790121957614,-2.8421709430404e-14
exhale,50,22.019705474473,4.8151234473527,-1.9042545318371e-12
exhale,60,22.019705474473,5.6753146132944,-5.8264504332328e-13
exhale,70,22.019705474473,6.4910271047284,-3.6948222259525e-13
exhale,80,22.019705474473,5.8158396645104,-1.4210854715202e-14
exhale,90,22.019705474473,6.0076360619218,-1.4210854715202e-14
exhale,110,22.019705474473,5.5342504914792,-9.9475983006414e-14
exhale,120,22.019705474473,5.6552916291429,-1.4210854715202e-14
exhale,130,22.019705474473,5.938691703214,1.4210854715202e-14
exhale,140,22.019705474473,5.0786876238719,-1.4210854715202e-14
exhale,50,22.043593478335,4.8150933906683,-1.9326762412675e-12
exhale,60,22.043593478335,5.6752546271974,-6.3948846218409e-13
exhale,70,22.043593478335,6.4909101691997,-3.6948222259525e-13
exhale,80,22.043593478335,5.8157165282259,-1.4210854715202e-14
exhale,90,22.043593478335,6.0074545931356,1.4210854715202e-14
exhale,110,22.043593478335,5.5340275514328,-9.9475983006414e-14
exhale,120,22.043593478335,5.6549951137786,-1.4210854715202e-14
exhale,130,22.043593478335,5.9383299171465,-1.4210854715202e-14
exhale,140,22.043593478335,5.0783636721086,-2.1316282072803e-14
exhale,50,22.067481482196,4.8150633858139,-1.8900436771219e-12
exhale,60,22.067481482196,5.6751947429201,-6.2527760746889e-13
exhale,70,22.067481482196,6.4907934310118,-3.8369307731045e-13
exhale,80,22.067481482196,5.8155936042821,0
exhale,90,22.067481482196,6.0072734409558,0
exhale,110,22.067481482196,5.5338050124578,-9.9475983006414e-14
exhale,120,22.067481482196,5.6546991424016,0
exhale,130,22.067481482196,5.9379688024057,7.105427357601e-15
exhale,140,22.067481482196,5.0780403386596,-4.2632564145606e-14
exhale,50,22.091369486058,4.8150334326523,-1.9184653865523e-12
exhale,60,22.091369486058,5.6751349601971,-6.6791017161449e-13
exhale,70,22.091369486058,6.4906768896533,-3.6948222259525e-13
exhale,80,22.091369486058,5.8154708921172,0
exhale,90,22.091369486058,6.0070926045356,1.4210854715202e-14
exhale,110,22.091369486058,5.5335828734485,-1.0658141036402e-13
exhale,120,22.091369486058,5.6544037134843,-2.8421709430404e-14
exhale,130,22.091369486058,5.9376083570872,-4.2632564145606e-14
exhale,140,22.091369486058,5.0777176217202,-1.4210854715202e-14
exhale,50,22.11525748992,4.8150035310467,-1.9468870959827e-12
exhale,60,22.11525748992,5.6750752787637,-6.5369931689929e-13
exhale,70,22.11525748992,6.4905605446151,-4.1211478674086e-13
exhale,80,22.11525748992,5.8153483911713,2.8421709430404e-14
exhale,90,22.11525748992,6.0069120830316,0
exhale,110,22.11525748992,5.5333611333035,-8.5265128291212e-14
exhale,120,22.11525748992,5.6541088255051,1.4210854715202e-14
exhale,130,22.11525748992,5.937248579294,0
exhale,140,22.11525748992,5.0773955194929,-2.8421709430404e-14
exhale,50,22.139145493782,4.8149736808609,-1.8900436771219e-12
exhale,60,22.139145493782,5.6750156983565,-5.8264504332328e-13
exhale,70,22.139145493782,6.4904443953898,-2.9842794901924e-13
exhale,80,22.139145493782,5.8152261008866,-1.4210854715202e-14
exhale,90,22.139145493782,6.0067318756033,2.8421709430404e-14
exhale,110,22.139145493782,5.5331397909254,-7.105427357601e-14
exhale,120,22.139145493782,5.6538144769483,7.105427357601e-15
exhale,130,22.139145493782,5.9368894671365,2.8421709430404e-14
exhale,140,22.139145493782,5.0770740301873,-2.1316282072803e-14
exhale,50,22.163033497643,4.8149438819591,-1.9468870959827e-12
exhale,60,22.163033497643,5.6749562187127,-6.5369931689929e-13
exhale,70,22.163033497643,6.4903284414717,-3.5527136788005e-13
exhale,80,22.163033497643,5.8151040207074,0
exhale,90,22.163033497643,6.0065519814134,-2.8421709430404e-14
exhale,110,22.163033497643,5.5329188452213,-1.1368683772162e-13
exhale,120,22.163033497643,5.6535206663038,7.105427357601e-15
exhale,130,22.163033497643,5.9365310187324,-7.105427357601e-15
exhale,140,22.163033497643,5.0767531520201,-2.1316282072803e-14
exhale,50,22.186921501505,4.814914134206,-1.9468870959827e-12
exhale,60,22.186921501505,5.6748968395708,-6.2527760746889e-13
exhale,70,22.186921501505,6.4902126823572,-3.5527136788005e-13
exhale,80,22.186921501505,5.8149821500801,0
exhale,90,22.186921501505,6.0063723996278,0
exhale,110,22.186921501505,5.5326982951022,-9.9475983006414e-14
exhale,120,22.186921501505,5.6532273920676,2.1316282072803e-14
exhale,130,22.186921501505,5.9361732322068,7.105427357601e-15
exhale,140,22.186921501505,5.0764328832153,-3.5527136788005e-14
exhale,50,22.210809505367,4.8148844374668,-1.9184653865523e-12
exhale,60,22.210809505367,5.6748375606698,-6.1106675275369e-13
exhale,70,22.210809505367,6.4900971175442,-3.5527136788005e-13
exhale,80,22.210809505367,5.8148604884529,-1.4210854715202e-14
exhale,90,22.210809505367,6.0061931294153,-2.8421709430404e-14
exhale,110,22.210809505367,5.5324781394832,-7.8159700933611e-14
exhale,120,22.210809505367,5.6529346527413,-7.105427357601e-15
exhale,130,22.210809505367,5.935816105692,7.105427357601e-15
exhale,140,22.210809505367,5.0761132220038,-2.8421709430404e-14
exhale,50,22.234697509229,4.8148547916074,-1.9468870959827e-12
exhale,60,22.234697509229,5.6747783817501,-6.6791017161449e-13
exhale,70,22.234697509229,6.4899817465326,-3.6948222259525e-13
exhale,80,22.234697509229,5.8147390352763,2.8421709430404e-14
exhale,90,22.234697509229,6.0060141699479,0
exhale,110,22.234697509229,5.5322583772837,-7.8159700933611e-14
exhale,120,22.234697509229,5.6526424468323,-7.105427357601e-15
exhale,130,22.234697509229,5.9354596373274,1.4210854715202e-14
exhale,140,22.234697509229,5.0757941666236,-2.8421709430404e-14
exhale,50,22.25858551309,4.8148251964938,-1.9184653865523e-12
exhale,60,22.25858551309,5.6747193025527,-5.9685589803848e-13
exhale,70,22.25858551309,6.4898665688241,-3.5527136788005e-13
exhale,80,22.25858551309,5.8146177900025,1.4210854715202e-14
exhale,90,22.25858551309,6.0058355204006,1.4210854715202e-14
exhale,110,22.25858551309,5.5320390074269,-9.9475983006414e-14
exhale,120,22.25858551309,5.6523507728538,-1.4210854715202e-14
exhale,130,22.25858551309,5.93510382526,0
exhale,140,22.25858551309,5.0754757153195,-3.5527136788005e-14
exhale,50,22.282473516952,4.8147956519929,-1.9610979506979e-12
exhale,60,22.282473516952,5.6746603228198,-5.9685589803848e-13
exhale,70,22.282473516952,6.4897515839222,-3.4106051316485e-13
exhale,80,22.282473516952,5.814496752086,1.4210854715202e-14
exhale,90,22.282473516952,6.0056571799514,1.4210854715202e-14
exhale,110,22.282473516952,5.5318200288404,-7.8159700933611e-14
exhale,120,22.282473516952,5.6520596293246,-7.105427357601e-15
exhale,130,22.282473516952,5.9347486676435,7.105427357601e-15
exhale,140,22.282473516952,5.0751578663435,-1.4210854715202e-14
exhale,50,22.306361520814,4.8147661579718,-1.9184653865523e-12
exhale,60,22.306361520814,5.6746014422944,-6.2527760746889e-13
exhale,70,22.306361520814,6.489636791332,-3.4106051316485e-13
exhale,80,22.306361520814,5.814375920983,0
exhale,90,22.306361520814,6.0054791477813,-2.8421709430404e-14
exhale,110,22.306361520814,5.5316014404556,-9.9475983006414e-14
exhale,120,22.306361520814,5.6517690147692,0
exhale,130,22.306361520814,5.934394162639,0
exhale,140,22.306361520814,5.0748406179544,-2.8421709430404e-14
exhale,50,22.330249524676,4.8147367142981,-1.8900436771219e-12
exhale,60,22.330249524676,5.6745426607203,-5.9685589803848e-13
exhale,70,22.330249524676,6.4895221905606,-2.9842794901924e-13
exhale,80,22.330249524676,5.814255296152,1.4210854715202e-14
exhale,90,22.330249524676,6.0053014230745,1.4210854715202e-14
exhale,110,22.330249524676,5.5313832412079,-7.105427357601e-14
exhale,120,22.330249524676,5.6514789277178,-2.1316282072803e-14
exhale,130,22.330249524676,5.9340403084148,2.1316282072803e-14
exhale,140,22.330249524676,5.0745239684178,-1.4210854715202e-14
exhale,50,22.354137528537,4.8147073208401,-1.9184653865523e-12
exhale,60,22.354137528537,5.6744839778425,-6.2527760746889e-13
exhale,70,22.354137528537,6.4894077811167,-3.5527136788005e-13
exhale,80,22.354137528537,5.8141348770533,4.2632564145606e-14
exhale,90,22.354137528537,6.0051240050181,0
exhale,110,22.354137528537,5.5311654300369,-6.3948846218409e-14
exhale,120,22.354137528537,5.6511893667062,0
exhale,130,22.354137528537,5.9336871031459,0
exhale,140,22.354137528537,5.0742079160064,-3.5527136788005e-14
exhale,50,22.378025532399,4.8146779774663,-1.9326762412675e-12
exhale,60,22.378025532399,5.6744253934067,-6.3948846218409e-13
exhale,70,22.378025532399,6.4892935625109,-3.4106051316485e-13
exhale,80,22.378025532399,5.8140146631491,-1.4210854715202e-14
exhale,90,22.378025532399,6.0049468928019,-2.8421709430404e-14
exhale,110,22.378025532399,5.5309480058861,-6.3948846218409e-14
exhale,120,22.378025532399,5.6509003302756,7.105427357601e-15
exhale,130,22.378025532399,5.9333345450146,0
exhale,140,22.378025532399,5.0738924589994,-2.1316282072803e-14
exhale,50,22.401913536261,4.8146486840459,-1.9468870959827e-12
exhale,60,22.401913536261,5.6743669071595,-6.2527760746889e-13
exhale,70,22.401913536261,6.4891795342554,-3.4106051316485e-13
exhale,80,22.401913536261,5.8138946539036,0
exhale,90,22.401913536261,6.0047700856192,-2.8421709430404e-14
exhale,110,22.401913536261,5.5307309677029,-7.8159700933611e-14
exhale,120,22.401913536261,5.6506118169731,7.105427357601e-15
exhale,130,22.401913536261,5.9329826322101,1.4210854715202e-14
exhale,140,22.401913536261,5.0735775956829,-3.5527136788005e-14
exhale,50,22.425801540123,4.8146194404485,-1.9326762412675e-12
exhale,60,22.425801540123,5.6743085188487,-6.1106675275369e-13
exhale,70,22.425801540123,6.4890656958642,-3.2684965844965e-13
exhale,80,22.425801540123,5.813774848783,1.4210854715202e-14
exhale,90,22.425801540123,6.0045935826658,0
exhale,110,22.425801540123,5.5305143144387,-7.105427357601e-14
exhale,120,22.425801540123,5.6503238253511,1.4210854715202e-14
exhale,130,22.425801540123,5.9326313629287,-7.105427357601e-15
exhale,140,22.425801540123,5.0732633243499,-3.5527136788005e-14
exhale,50,22.449689543985,4.814590246544,-1.9468870959827e-12
exhale,60,22.449689543985,5.6742502282225,-6.2527760746889e-13
exhale,70,22.449689543985,6.4889520468531,-3.1263880373444e-13
exhale,80,22.449689543985,5.8136552472553,-2.8421709430404e-14
exhale,90,22.449689543985,6.0044173831407,0
exhale,110,22.449689543985,5.5302980450488,-8.5265128291212e-14
exhale,120,22.449689543985,5.6500363539675,-7.105427357601e-15
exhale,130,22.449689543985,5.9322807353734,-1.4210854715202e-14
exhale,140,22.449689543985,5.0729496433,-2.8421709430404e-14
exhale,50,22.473577547846,4.8145611022031,-1.9326762412675e-12
exhale,60,22.473577547846,5.6741920350306,-5.8264504332328e-13
exhale,70,22.473577547846,6.4888385867395,-3.1263880373444e-13
exhale,80,22.473577547846,5.8135358487908,2.8421709430404e-14
exhale,90,22.473577547846,6.0042414862456,2.8421709430404e-14
exhale,110,22.473577547846,5.5300821584924,-7.8159700933611e-14
exhale,120,22.473577547846,5.6497494013858,-7.105427357601e-15
exhale,130,22.473577547846,5.9319307477542,0
exhale,140,22.473577547846,5.0726365508393,-3.5527136788005e-14
exhale,50,22.497465551708,4.8145320072968,-1.9326762412675e-12
exhale,60,22.497465551708,5.6741339390231,-6.2527760746889e-13
exhale,70,22.497465551708,6.4887253150426,-3.2684965844965e-13
exhale,80,22.497465551708,5.8134166528611,1.4210854715202e-14
exhale,90,22.497465551708,6.0040658911854,-1.4210854715202e-14
exhale,110,22.497465551708,5.5298666537327,-9.2370555648813e-14
exhale,120,22.497465551708,5.6494629661749,0
exhale,130,22.497465551708,5.9315813982879,-7.105427357601e-15
exhale,140,22.497465551708,5.0723240452808,-1.4210854715202e-14
exhale,50,22.52135355557,4.8145029616964,-1.8900436771219e-12
exhale,60,22.52135355557,5.6740759399512,-6.2527760746889e-13
exhale,70,22.52135355557,6.4886122312834,-3.1263880373444e-13
exhale,80,22.52135355557,5.8132976589403,1.4210854715202e-14
exhale,90,22.52135355557,6.0038905971676,-2.8421709430404e-14
exhale,110,22.52135355557,5.5296515297367,-9.2370555648813e-14
exhale,120,22.52135355557,5.6491770469091,7.105427357601e-15
exhale,130,22.52135355557,5.9312326851983,1.4210854715202e-14
exhale,140,22.52135355557,5.0720121249439,-2.8421709430404e-14
exhale,50,22.545241559432,4.8144739652739,-1.9326762412675e-12
exhale,60,22.545241559432,5.6740180375671,-6.5369931689929e-13
exhale,70,22.545241559432,6.4884993349844,-3.1263880373444e-13
exhale,80,22.545241559432,5.8131788665041,-1.4210854715202e-14
exhale,90,22.545241559432,6.0037156034028,-1.4210854715202e-14
exhale,110,22.545241559432,5.5294367854752,-9.9475983006414e-14
exhale,120,22.545241559432,5.6488916421682,-7.105427357601e-15
exhale,130,22.545241559432,5.9308846067157,-2.1316282072803e-14
exhale,140,22.545241559432,5.0717007881549,-2.1316282072803e-14
exhale,50,22.569129563293,4.8144450179018,-1.9042545318371e-12
exhale,60,22.569129563293,5.6739602316235,-6.3948846218409e-13
exhale,70,22.569129563293,6.4883866256698,-3.2684965844965e-13
exhale,80,22.569129563293,5.8130602750301,1.4210854715202e-14
exhale,90,22.569129563293,6.0035409091043,2.8421709430404e-14
exhale,110,22.569129563293,5.5292224199229,-7.8159700933611e-14
exhale,120,22.569129563293,5.6486067505372,-1.4210854715202e-14
exhale,130,22.569129563293,5.9305371610774,-2.1316282072803e-14
exhale,140,22.569129563293,5.0713900332463,-7.105427357601e-15
exhale,50,22.593017567155,4.8144161194528,-1.9468870959827e-12
exhale,60,22.593017567155,5.6739025218745,-6.1106675275369e-13
exhale,70,22.593017567155,6.4882741028657,-3.1263880373444e-13
exhale,80,22.593017567155,5.8129418839977,1.4210854715202e-14
exhale,90,22.593017567155,6.0033665134885,-1.4210854715202e-14
exhale,110,22.593017567155,5.5290084320582,-1.1368683772162e-13
exhale,120,22.593017567155,5.6483223706066,7.105427357601e-15
exhale,130,22.593017567155,5.9301903465274,0
exhale,140,22.593017567155,5.0710798585572,-2.1316282072803e-14
exhale,50,22.616905571017,4.8143872698002,-1.9326762412675e-12
exhale,60,22.616905571017,5.6738449080746,-6.6791017161449e-13
exhale,70,22.616905571017,6.4881617660997,-2.8421709430404e-13
exhale,80,22.616905571017,5.8128236928886,-2.8421709430404e-14
exhale,90,22.616905571017,6.0031924157744,-1.4210854715202e-14
exhale,110,22.616905571017,5.5287948208636,-9.2370555648813e-14
exhale,120,22.616905571017,5.6480385009722,-3.5527136788005e-14
exhale,130,22.616905571017,5.9298441613162,7.105427357601e-15
exhale,140,22.616905571017,5.0707702624333,-4.2632564145606e-14
exhale,50,22.640793574879,4.8143584688179,-1.9326762412675e-12
exhale,60,22.640793574879,5.6737873899796,-6.5369931689929e-13
exhale,70,22.640793574879,6.4880496149012,-3.1263880373444e-13
exhale,80,22.640793574879,5.8127057011857,4.2632564145606e-14
exhale,90,22.640793574879,6.003018615184,0
exhale,110,22.640793574879,5.528581585325,-9.2370555648813e-14
exhale,120,22.640793574879,5.647755140235,7.105427357601e-15
exhale,130,22.640793574879,5.9294986037012,-1.4210854715202e-14
exhale,140,22.640793574879,5.0704612432267,-3.5527136788005e-14
exhale,50,22.66468157874,4.8143297163799,-1.9895196601283e-12
exhale,60,22.66468157874,5.6737299673457,-6.3948846218409e-13
exhale,70,22.66468157874,6.487937648801,-2.9842794901924e-13
exhale,80,22.66468157874,5.8125879083744,1.4210854715202e-14
exhale,90,22.66468157874,6.0028451109419,1.4210854715202e-14
exhale,110,22.66468157874,5.5283687244323,-8.5265128291212e-14
exhale,120,22.66468157874,5.6474722870015,1.4210854715202e-14
exhale,130,22.66468157874,5.9291536719463,-7.105427357601e-15
exhale,140,22.66468157874,5.0701527992958,-2.8421709430404e-14
exhale,50,22.688569582602,4.8143010123611,-1.9610979506979e-12
exhale,60,22.688569582602,5.6736726399304,-6.1106675275369e-13
exhale,70,22.688569582602,6.4878258673319,-2.9842794901924e-13
exhale,80,22.688569582602,5.8124703139415,-1.4210854715202e-14
exhale,90,22.688569582602,6.0026719022757,0
exhale,110,22.688569582602,5.5281562371791,-9.2370555648813e-14
exhale,120,22.688569582602,5.6471899398831,0
exhale,130,22.688569582602,5.9288093643219,2.1316282072803e-14
exhale,140,22.688569582602,5.0698449290056,-2.8421709430404e-14
exhale,50,22.712457586464,4.8142723566364,-1.9184653865523e-12
exhale,60,22.712457586464,5.6736154074917,-6.1106675275369e-13
exhale,70,22.712457586464,6.4877142700281,-3.1263880373444e-13
exhale,80,22.712457586464,5.8123529173759,-1.4210854715202e-14
exhale,90,22.712457586464,6.0024989884159,-2.8421709430404e-14
exhale,110,22.712457586464,5.5279441225627,-1.0658141036402e-13
exhale,120,22.712457586464,5.6469080974967,-7.105427357601e-15
exhale,130,22.712457586464,5.9284656791051,0
exhale,140,22.712457586464,5.0695376307272,-2.8421709430404e-14
exhale,50,22.736345590326,4.8142437490815,-1.8900436771219e-12
exhale,60,22.736345590326,5.6735582697888,-6.5369931689929e-13
exhale,70,22.736345590326,6.4876028564256,-2.7000623958884e-13
exhale,80,22.736345590326,5.8122357181681,1.4210854715202e-14
exhale,90,22.736345590326,6.0023263685954,-4.2632564145606e-14
exhale,110,22.736345590326,5.5277323795841,-1.0658141036402e-13
exhale,120,22.736345590326,5.6466267584644,-1.4210854715202e-14
exhale,130,22.736345590326,5.9281226145796,1.4210854715202e-14
exhale,140,22.736345590326,5.0692309028383,-1.4210854715202e-14
exhale,50,22.760233594187,4.8142151895724,-1.9326762412675e-12
exhale,60,22.760233594187,5.6735012265815,-6.5369931689929e-13
exhale,70,22.760233594187,6.4874916260618,-2.8421709430404e-13
exhale,80,22.760233594187,5.8121187158107,0
exhale,90,22.760233594187,6.0021540420502,0
exhale,110,22.760233594187,5.527521007248,-7.8159700933611e-14
exhale,120,22.760233594187,5.6463459214133,1.4210854715202e-14
exhale,130,22.760233594187,5.9277801690354,2.8421709430404e-14
exhale,140,22.760233594187,5.0689247437226,-2.8421709430404e-14
exhale,50,22.784121598049,4.8141866779854,-1.9468870959827e-12
exhale,60,22.784121598049,5.6734442776305,-6.3948846218409e-13
exhale,70,22.784121598049,6.487380578476,-2.5579538487364e-13
exhale,80,22.784121598049,5.8120019097978,0
exhale,90,22.784121598049,6.0019820080189,-2.8421709430404e-14
exhale,110,22.784121598049,5.5273100045629,-1.0658141036402e-13
exhale,120,22.784121598049,5.6460655849757,0
exhale,130,22.784121598049,5.9274383407691,0
exhale,140,22.784121598049,5.0686191517702,-2.8421709430404e-14
exhale,50,22.808009601911,4.8141582141975,-1.9326762412675e-12
exhale,60,22.808009601911,5.6733874226975,-6.5369931689929e-13
exhale,70,22.808009601911,6.487269713209,-2.5579538487364e-13
exhale,80,22.808009601911,5.8118852996256,-1.4210854715202e-14
exhale,90,22.808009601911,6.0018102657428,0
exhale,110,22.808009601911,5.5270993705407,-1.0658141036402e-13
exhale,120,22.808009601911,5.6457857477891,1.4210854715202e-14
exhale,130,22.808009601911,5.9270971280838,0
exhale,140,22.808009601911,5.0683141253775,-2.1316282072803e-14
exhale,50,22.831897605773,4.814129798086,-1.9184653865523e-12
exhale,60,22.831897605773,5.6733306615447,-6.5369931689929e-13
exhale,70,22.831897605773,6.4871590298032,-2.5579538487364e-13
exhale,80,22.831897605773,5.811768884792,0
exhale,90,22.831897605773,6.0016388144662,-1.4210854715202e-14
exhale,110,22.831897605773,5.5268891041972,-9.2370555648813e-14
exhale,120,22.831897605773,5.6455064084961,-1.4210854715202e-14
exhale,130,22.831897605773,5.9267565292887,7.105427357601e-15
exhale,140,22.831897605773,5.0680096629471,-2.8421709430404e-14
exhale,50,22.855785609635,4.8141014295286,-1.9468870959827e-12
exhale,60,22.855785609635,5.6732739939355,-6.5369931689929e-13
exhale,70,22.855785609635,6.4870485278025,-2.4158453015843e-13
exhale,80,22.855785609635,5.8116526647965,4.2632564145606e-14
exhale,90,22.855785609635,6.0014676534358,0
exhale,110,22.855785609635,5.5266792045516,-1.0658141036402e-13
exhale,120,22.855785609635,5.6452275657443,1.4210854715202e-14
exhale,130,22.855785609635,5.9264165426997,7.105427357601e-15
exhale,140,22.855785609635,5.0677057628875,-7.105427357601e-15
exhale,50,22.879673613496,4.8140731084036,-1.9468870959827e-12
exhale,60,22.879673613496,5.6732174196339,-6.3948846218409e-13
exhale,70,22.879673613496,6.4869382067527,-2.7000623958884e-13
exhale,80,22.879673613496,5.8115366391406,-1.4210854715202e-14
exhale,90,22.879673613496,6.001296781901,4.2632564145606e-14
exhale,110,22.879673613496,5.5264696706269,-9.2370555648813e-14
exhale,120,22.879673613496,5.6449492181863,-1.4210854715202e-14
exhale,130,22.879673613496,5.9260771666389,1.4210854715202e-14
exhale,140,22.879673613496,5.0674024236136,-2.8421709430404e-14
exhale,50,22.903561617358,4.8140448345896,-1.9468870959827e-12
exhale,60,22.903561617358,5.6731609384049,-6.3948846218409e-13
exhale,70,22.903561617358,6.4868280662008,-2.7000623958884e-13
exhale,80,22.903561617358,5.8114208073275,-1.4210854715202e-14
exhale,90,22.903561617358,6.0011261991142,-2.8421709430404e-14
exhale,110,22.903561617358,5.5262605014496,-9.2370555648813e-14
exhale,120,22.903561617358,5.6446713644799,0
exhale,130,22.903561617358,5.9257383994347,0
exhale,140,22.903561617358,5.0670996435464,-3.5527136788005e-14
exhale,50,22.92744962122,4.8140166079657,-1.9468870959827e-12
exhale,60,22.92744962122,5.6731045500141,-6.3948846218409e-13
exhale,70,22.92744962122,6.4867181056956,-2.4158453015843e-13
exhale,80,22.92744962122,5.8113051688622,-1.4210854715202e-14
exhale,90,22.92744962122,6.0009559043303,-1.4210854715202e-14
exhale,110,22.92744962122,5.5260516960497,-1.2789769243682e-13
exhale,120,22.92744962122,5.6443940032878,-7.105427357601e-15
exhale,130,22.92744962122,5.9254002394219,1.4210854715202e-14
exhale,140,22.92744962122,5.0667974211129,-2.1316282072803e-14
exhale,50,22.951337625082,4.8139884284112,-1.9184653865523e-12
exhale,60,22.951337625082,5.6730482542282,-6.5369931689929e-13
exhale,70,22.951337625082,6.4866083247876,-2.5579538487364e-13
exhale,80,22.951337625082,5.8111897232514,-1.4210854715202e-14
exhale,90,22.951337625082,6.0007858968067,4.2632564145606e-14
exhale,110,22.951337625082,5.5258432534609,-9.9475983006414e-14
exhale,120,22.951337625082,5.6441171332776,0
exhale,130,22.951337625082,5.9250626849415,7.105427357601e-15
exhale,140,22.951337625082,5.0664957547462,-2.1316282072803e-14
exhale,50,22.975225628943,4.8139602958062,-1.9326762412675e-12
exhale,60,22.975225628943,5.6729920508144,-6.2527760746889e-13
exhale,70,22.975225628943,6.4864987230286,-2.2737367544323e-13
exhale,80,22.975225628943,5.8110744700035,-2.8421709430404e-14
exhale,90,22.975225628943,6.0006161758037,-1.4210854715202e-14
exhale,110,22.975225628943,5.5256351727203,-9.2370555648813e-14
exhale,120,22.975225628943,5.6438407531221,7.105427357601e-15
exhale,130,22.975225628943,5.9247257343405,0
exhale,140,22.975225628943,5.0661946428853,-2.8421709430404e-14
exhale,50,22.999113632805,4.813932210031,-1.9468870959827e-12
exhale,60,22.999113632805,5.6729359395411,-6.5369931689929e-13
exhale,70,22.999113632805,6.486389299972,-2.7000623958884e-13
exhale,80,22.999113632805,5.8109594086289,1.4210854715202e-14
exhale,90,22.999113632805,6.0004467405841,0
exhale,110,22.999113632805,5.5254274528686,-9.9475983006414e-14
exhale,120,22.999113632805,5.6435648614987,2.1316282072803e-14
exhale,130,22.999113632805,5.9243893859725,-7.105427357601e-15
exhale,140,22.999113632805,5.0658940839752,-1.4210854715202e-14
exhale,50,23.023001636667,4.8139041709663,-1.9468870959827e-12
exhale,60,23.023001636667,5.6728799201772,-6.3948846218409e-13
exhale,70,23.023001636667,6.486280055173,-2.1316282072803e-13
exhale,80,23.023001636667,5.8108445386394,-1.4210854715202e-14
exhale,90,23.023001636667,6.0002775904134,4.2632564145606e-14
exhale,110,23.023001636667,5.5252200929501,-8.5265128291212e-14
exhale,120,23.023001636667,5.6432894570899,7.105427357601e-15
exhale,130,23.023001636667,5.924053638197,7.105427357601e-15
exhale,140,23.023001636667,5.0655940764671,-1.4210854715202e-14
exhale,50,23.046889640529,4.8138761784933,-1.9326762412675e-12
exhale,60,23.046889640529,5.6728239924924,-6.3948846218409e-13
exhale,70,23.046889640529,6.4861709881881,-2.4158453015843e-13
exhale,80,23.046889640529,5.8107298595486,0
exhale,90,23.046889640529,6.0001087245597,-1.4210854715202e-14
exhale,110,23.046889640529,5.5250130920123,-1.2789769243682e-13
exhale,120,23.046889640529,5.6430145385831,-7.105427357601e-15
exhale,130,23.046889640529,5.9237184893796,7.105427357601e-15
exhale,140,23.046889640529,5.0652946188179,-2.8421709430404e-14
exhale,50,23.07077764439,4.8138482324936,-1.9326762412675e-12
exhale,60,23.07077764439,5.6727681562574,-6.1106675275369e-13
exhale,70,23.07077764439,6.4860620985754,-2.5579538487364e-13
exhale,80,23.07077764439,5.8106153708721,-1.4210854715202e-14
exhale,90,23.07077764439,5.9999401422937,0
exhale,110,23.07077764439,5.5248064491066,-9.2370555648813e-14
exhale,120,23.07077764439,5.6427401046706,7.105427357601e-15
exhale,130,23.07077764439,5.9233839378921,0
exhale,140,23.07077764439,5.0649957094904,-2.1316282072803e-14
exhale,50,23.094665648252,4.8138203328493,-1.9468870959827e-12
exhale,60,23.094665648252,5.6727124112437,-6.5369931689929e-13
exhale,70,23.094665648252,6.4859533858945,-2.1316282072803e-13
exhale,80,23.094665648252,5.8105010721268,0
exhale,90,23.094665648252,5.9997718428886,0
exhale,110,23.094665648252,5.5246001632873,-9.2370555648813e-14
exhale,120,23.094665648252,5.6424661540494,1.4210854715202e-14
exhale,130,23.094665648252,5.9230499821125,7.105427357601e-15
exhale,140,23.094665648252,5.0646973469534,-2.8421709430404e-14
exhale,50,23.118553652114,4.8137924794428,-1.9610979506979e-12
exhale,60,23.118553652114,5.6726567572233,-5.9685589803848e-13
exhale,70,23.118553652114,6.4858448497067,-2.4158453015843e-13
exhale,80,23.118553652114,5.8103869628316,-1.4210854715202e-14
exhale,90,23.118553652114,5.9996038256204,1.4210854715202e-14
exhale,110,23.118553652114,5.5243942336127,-7.105427357601e-14
exhale,120,23.118553652114,5.6421926854213,-2.8421709430404e-14
exhale,130,23.118553652114,5.9227166204246,0
exhale,140,23.118553652114,5.0643995296815,-2.8421709430404e-14
exhale,50,23.142441655976,4.8137646721568,-1.9326762412675e-12
exhale,60,23.142441655976,5.6726011939694,-6.3948846218409e-13
exhale,70,23.142441655976,6.4857364895745,-2.4158453015843e-13
exhale,80,23.142441655976,5.810273042507,-1.4210854715202e-14
exhale,90,23.142441655976,5.9994360897676,0
exhale,110,23.142441655976,5.5241886591442,-9.9475983006414e-14
exhale,120,23.142441655976,5.641919697493,1.4210854715202e-14
exhale,130,23.142441655976,5.9223838512183,2.8421709430404e-14
exhale,140,23.142441655976,5.064102256155,-3.5527136788005e-14
exhale,50,23.166329659837,4.8137369108748,-1.9610979506979e-12
exhale,60,23.166329659837,5.6725457212556,-6.5369931689929e-13
exhale,70,23.166329659837,6.4856283050623,-1.9895196601283e-13
exhale,80,23.166329659837,5.8101593106751,0
exhale,90,23.166329659837,5.9992686346109,0
exhale,110,23.166329659837,5.5239834389467,-9.9475983006414e-14
exhale,120,23.166329659837,5.6416471889761,0
exhale,130,23.166329659837,5.9220516728897,2.8421709430404e-14
exhale,140,23.166329659837,5.0638055248602,-2.1316282072803e-14
exhale,50,23.190217663699,4.8137091954802,-1.9468870959827e-12
exhale,60,23.190217663699,5.6724903388566,-6.2527760746889e-13
exhale,70,23.190217663699,6.4855202957357,-2.4158453015843e-13
exhale,80,23.190217663699,5.8100457668597,0
exhale,90,23.190217663699,5.9991014594342,0
exhale,110,23.190217663699,5.5237785720885,-9.2370555648813e-14
exhale,120,23.190217663699,5.6413751585865,0
exhale,130,23.190217663699,5.9217200838405,7.105427357601e-15
exhale,140,23.190217663699,5.0635093342889,-2.1316282072803e-14
exhale,50,23.214105667561,4.8136815258573,-1.9326762412675e-12
exhale,60,23.214105667561,5.6724350465476,-6.1106675275369e-13
exhale,70,23.214105667561,6.4854124611619,-2.2737367544323e-13
exhale,80,23.214105667561,5.8099324105865,0
exhale,90,23.214105667561,5.9989345635233,-4.2632564145606e-14
exhale,110,23.214105667561,5.5235740576412,-9.9475983006414e-14
exhale,120,23.214105667561,5.6411036050454,7.105427357601e-15
exhale,130,23.214105667561,5.9213890824786,-7.105427357601e-15
exhale,140,23.214105667561,5.0632136829389,-3.5527136788005e-14
exhale,50,23.237993671423,4.8136539018905,-1.9610979506979e-12
exhale,60,23.237993671423,5.6723798441049,-6.3948846218409e-13
exhale,70,23.237993671423,6.4853048009096,-2.1316282072803e-13
exhale,80,23.237993671423,5.8098192413825,1.4210854715202e-14
exhale,90,23.237993671423,5.9987679461669,-2.8421709430404e-14
exhale,110,23.237993671423,5.5233698946798,-9.2370555648813e-14
exhale,120,23.237993671423,5.6408325270782,-2.1316282072803e-14
exhale,130,23.237993671423,5.9210586672177,-7.105427357601e-15
exhale,140,23.237993671423,5.0629185693135,-3.5527136788005e-14
exhale,50,23.261881675284,4.8136263234647,-1.9895196601283e-12
exhale,60,23.261881675284,5.6723247313054,-6.3948846218409e-13
exhale,70,23.261881675284,6.485197314549,-1.7053025658242e-13
exhale,80,23.261881675284,5.8097062587767,0
exhale,90,23.261881675284,5.9986016066562,-2.8421709430404e-14
exhale,110,23.261881675284,5.5231660822827,-9.9475983006414e-14
exhale,120,23.261881675284,5.6405619234154,7.105427357601e-15
exhale,130,23.261881675284,5.9207288364774,0
exhale,140,23.261881675284,5.0626239919218,-2.1316282072803e-14
exhale,50,23.285769679146,4.8135987904652,-1.9753088054131e-12
exhale,60,23.285769679146,5.6722697079266,-6.2527760746889e-13
exhale,70,23.285769679146,6.4850900016517,-1.9895196601283e-13
exhale,80,23.285769679146,5.8095934622995,1.4210854715202e-14
exhale,90,23.285769679146,5.9984355442847,2.8421709430404e-14
exhale,110,23.285769679146,5.5229626195316,-1.1368683772162e-13
exhale,120,23.285769679146,5.6402917927917,-1.4210854715202e-14
exhale,130,23.285769679146,5.9203995886832,0
exhale,140,23.285769679146,5.0623299492784,-1.4210854715202e-14
exhale,50,23.309657683008,4.8135713027776,-1.9610979506979e-12
exhale,60,23.309657683008,5.6722147737471,-6.5369931689929e-13
exhale,70,23.309657683008,6.484982861791,-1.9895196601283e-13
exhale,80,23.309657683008,5.809480851483,2.8421709430404e-14
exhale,90,23.309657683008,5.9982697583486,0
exhale,110,23.309657683008,5.5227595055115,-7.8159700933611e-14
exhale,120,23.309657683008,5.6400221339469,2.1316282072803e-14
exhale,130,23.309657683008,5.9200709222663,7.105427357601e-15
exhale,140,23.309657683008,5.0620364399038,-3.5527136788005e-14
exhale,50,23.33354568687,4.813543860288,-1.9326762412675e-12
exhale,60,23.33354568687,5.672159928546,-6.2527760746889e-13
exhale,70,23.33354568687,6.4848758945413,-1.5631940186722e-13
exhale,80,23.33354568687,5.8093684258609,-2.8421709430404e-14
exhale,90,23.33354568687,5.9981042481463,1.4210854715202e-14
exhale,110,23.33354568687,5.5225567393107,-9.2370555648813e-14
exhale,120,23.33354568687,5.6397529456252,7.105427357601e-15
exhale,130,23.33354568687,5.9197428356638,-2.1316282072803e-14
exhale,140,23.33354568687,5.0617434623238,-2.1316282072803e-14
exhale,50,23.357433690732,4.813516462883,-1.9468870959827e-12
exhale,60,23.357433690732,5.6721051721034,-6.3948846218409e-13
exhale,70,23.357433690732,6.4847690994788,-1.8474111129763e-13
exhale,80,23.357433690732,5.8092561849688,-2.8421709430404e-14
exhale,90,23.357433690732,5.997939012979,1.4210854715202e-14
exhale,110,23.357433690732,5.5223543200208,-7.105427357601e-14
exhale,120,23.357433690732,5.6394842265753,0
exhale,130,23.357433690732,5.9194153273186,7.105427357601e-15
exhale,140,23.357433690732,5.06145101507,-2.1316282072803e-14
exhale,50,23.381321694593,4.8134891104494,-1.9326762412675e-12
exhale,60,23.381321694593,5.6720505041999,-6.6791017161449e-13
exhale,70,23.381321694593,6.4846624761809,-2.1316282072803e-13
exhale,80,23.381321694593,5.8091441283435,-4.2632564145606e-14
exhale,90,23.381321694593,5.9977740521502,2.8421709430404e-14
exhale,110,23.381321694593,5.5221522467367,-9.9475983006414e-14
exhale,120,23.381321694593,5.6392159755506,0
exhale,130,23.381321694593,5.9190883956791,2.1316282072803e-14
exhale,140,23.381321694593,5.0611590966793,-4.2632564145606e-14
exhale,50,23.405209698455,4.8134618028745,-1.9610979506979e-12
exhale,60,23.405209698455,5.671995924617,-6.3948846218409e-13
exhale,70,23.405209698455,6.4845560242267,-1.8474111129763e-13
exhale,80,23.405209698455,5.8090322555237,-2.8421709430404e-14
exhale,90,23.405209698455,5.9976093649658,1.4210854715202e-14
exhale,110,23.405209698455,5.5219505185565,-1.1368683772162e-13
exhale,120,23.405209698455,5.6389481913091,0
exhale,130,23.405209698455,5.9187620391998,1.4210854715202e-14
exhale,140,23.405209698455,5.0608677056943,-3.5527136788005e-14
exhale,50,23.429097702317,4.8134345400459,-1.9468870959827e-12
exhale,60,23.429097702317,5.671941433137,-6.1106675275369e-13
exhale,70,23.429097702317,6.4844497431964,-1.9895196601283e-13
exhale,80,23.429097702317,5.8089205660497,2.8421709430404e-14
exhale,90,23.429097702317,5.9974449507341,0
exhale,110,23.429097702317,5.5217491345815,-1.0658141036402e-13
exhale,120,23.429097702317,5.6386808726132,0
exhale,130,23.429097702317,5.9184362563405,0
exhale,140,23.429097702317,5.060576840663,-4.2632564145606e-14
exhale,50,23.452985706179,4.8134073218517,-1.9468870959827e-12
exhale,60,23.452985706179,5.6718870295428,-6.6791017161449e-13
exhale,70,23.452985706179,6.4843436326719,-1.7053025658242e-13
exhale,80,23.452985706179,5.8088090594631,0
exhale,90,23.452985706179,5.9972808087661,1.4210854715202e-14
exhale,110,23.452985706179,5.5215480939163,-7.8159700933611e-14
exhale,120,23.452985706179,5.6384140182298,1.4210854715202e-14
exhale,130,23.452985706179,5.9181110455669,7.105427357601e-15
exhale,140,23.452985706179,5.060286500139,-2.8421709430404e-14
exhale,50,23.47687371004,4.8133801481804,-1.9468870959827e-12
exhale,60,23.47687371004,5.6718327136182,-6.6791017161449e-13
exhale,70,23.47687371004,6.4842376922366,-1.5631940186722e-13
exhale,80,23.47687371004,5.8086977353075,1.4210854715202e-14
exhale,90,23.47687371004,5.9971169383748,1.4210854715202e-14
exhale,110,23.47687371004,5.5213473956687,-9.2370555648813e-14
exhale,120,23.47687371004,5.6381476269305,0
exhale,130,23.47687371004,5.9177864053503,-7.105427357601e-15
exhale,140,23.47687371004,5.0599966826811,-1.4210854715202e-14
exhale,50,23.500761713902,4.8133530189208,-1.9326762412675e-12
exhale,60,23.500761713902,5.6717784851476,-6.6791017161449e-13
exhale,70,23.500761713902,6.484131921475,-1.5631940186722e-13
exhale,80,23.500761713902,5.8085865931278,-1.4210854715202e-14
exhale,90,23.500761713902,5.9969533388759,0
exhale,110,23.500761713902,5.5211470389497,-1.1368683772162e-13
exhale,120,23.500761713902,5.6378816974912,-7.105427357601e-15
exhale,130,23.500761713902,5.9174623341676,1.4210854715202e-14
exhale,140,23.500761713902,5.0597073868538,-2.1316282072803e-14
exhale,50,23.524649717764,4.813325933962,-1.9468870959827e-12
exhale,60,23.524649717764,5.6717243439162,-6.821210263297e-13
exhale,70,23.524649717764,6.4840263199732,-1.8474111129763e-13
exhale,80,23.524649717764,5.8084756324705,-1.4210854715202e-14
exhale,90,23.524649717764,5.9967900095875,-2.8421709430404e-14
exhale,110,23.524649717764,5.5209470228735,-9.9475983006414e-14
exhale,120,23.524649717764,5.6376162286922,-7.105427357601e-15
exhale,130,23.524649717764,5.9171388305011,-7.105427357601e-15
exhale,140,23.524649717764,5.0594186112267,-3.5527136788005e-14
exhale,50,23.548537721626,4.8132988931937,-1.9184653865523e-12
exhale,60,23.548537721626,5.67167028971,-6.1106675275369e-13
exhale,70,23.548537721626,6.4839208873187,-1.7053025658242e-13
exhale,80,23.548537721626,5.8083648528839,0
exhale,90,23.548537721626,5.9966269498298,0
exhale,110,23.548537721626,5.5207473465574,-1.1368683772162e-13
exhale,120,23.548537721626,5.6373512193183,2.1316282072803e-14
exhale,130,23.548537721626,5.9168158928389,-7.105427357601e-15
exhale,140,23.548537721626,5.0591303543749,-1.4210854715202e-14
exhale,50,23.572425725487,4.8132718965059,-1.9468870959827e-12
exhale,60,23.572425725487,5.6716163223156,-6.821210263297e-13
exhale,70,23.572425725487,6.4838156231005,-1.2789769243682e-13
exhale,80,23.572425725487,5.8082542539176,0
exhale,90,23.572425725487,5.9964641589257,-2.8421709430404e-14
exhale,110,23.572425725487,5.5205480091218,-9.9475983006414e-14
exhale,120,23.572425725487,5.6370866681587,-1.4210854715202e-14
exhale,130,23.572425725487,5.9164935196746,1.4210854715202e-14
exhale,140,23.572425725487,5.0588426148789,-2.8421709430404e-14
exhale,50,23.596313729349,4.8132449437888,-1.9610979506979e-12
exhale,60,23.596313729349,5.6715624415204,-6.3948846218409e-13
exhale,70,23.596313729349,6.4837105269089,-1.5631940186722e-13
exhale,80,23.596313729349,5.8081438351228,2.8421709430404e-14
exhale,90,23.596313729349,5.9963016362002,1.4210854715202e-14
exhale,110,23.596313729349,5.5203490096904,-1.2079226507922e-13
exhale,120,23.596313729349,5.6368225740071,-7.105427357601e-15
exhale,130,23.596313729349,5.9161717095072,-1.4210854715202e-14
exhale,140,23.596313729349,5.0585553913243,-2.8421709430404e-14
exhale,50,23.620201733211,4.8132180349334,-1.9610979506979e-12
exhale,60,23.620201733211,5.6715086471126,-6.2527760746889e-13
exhale,70,23.620201733211,6.4836055983354,-1.7053025658242e-13
exhale,80,23.620201733211,5.8080335960524,-1.4210854715202e-14
exhale,90,23.620201733211,5.9961393809808,1.4210854715202e-14
exhale,110,23.620201733211,5.52015034739,-1.3500311979442e-13
exhale,120,23.620201733211,5.6365589356613,-2.1316282072803e-14
exhale,130,23.620201733211,5.9158504608411,7.105427357601e-15
exhale,140,23.620201733211,5.0582686823023,-3.5527136788005e-14
exhale,50,23.644089737073,4.8131911698306,-1.9326762412675e-12
exhale,60,23.644089737073,5.6714549388809,-6.2527760746889e-13
exhale,70,23.644089737073,6.4835008369733,-1.7053025658242e-13
exhale,80,23.644089737073,5.8079235362607,1.4210854715202e-14
exhale,90,23.644089737073,5.9959773925973,-1.4210854715202e-14
exhale,110,23.644089737073,5.5199520213503,-1.0658141036402e-13
exhale,120,23.644089737073,5.6362957519237,-7.105427357601e-15
exhale,130,23.644089737073,5.9155297721865,0
exhale,140,23.644089737073,5.057982486409,-2.8421709430404e-14
exhale,50,23.667977740934,4.8131643483719,-1.9753088054131e-12
exhale,60,23.667977740934,5.671401316615,-6.3948846218409e-13
exhale,70,23.667977740934,6.4833962424169,-1.5631940186722e-13
exhale,80,23.667977740934,5.8078136553035,1.4210854715202e-14
exhale,90,23.667977740934,5.9958156703818,1.4210854715202e-14
exhale,110,23.667977740934,5.5197540307044,-9.9475983006414e-14
exhale,120,23.667977740934,5.6360330216009,7.105427357601e-15
exhale,130,23.667977740934,5.9152096420586,2.1316282072803e-14
exhale,140,23.667977740934,5.0576968022459,-1.4210854715202e-14
exhale,50,23.691865744796,4.8131375704492,-1.9753088054131e-12
exhale,60,23.691865744796,5.6713477801051,-6.1106675275369e-13
exhale,70,23.691865744796,6.4832918142621,-1.5631940186722e-13
exhale,80,23.691865744796,5.8077039527382,-1.4210854715202e-14
exhale,90,23.691865744796,5.9956542136687,-2.8421709430404e-14
exhale,110,23.691865744796,5.5195563745882,-1.0658141036402e-13
exhale,120,23.691865744796,5.6357707435038,0
exhale,130,23.691865744796,5.9148900689783,-2.1316282072803e-14
exhale,140,23.691865744796,5.0574116284199,-2.8421709430404e-14
exhale,50,23.715753748658,4.8131108359548,-1.9753088054131e-12
exhale,60,23.715753748658,5.6712943291422,-6.5369931689929e-13
exhale,70,23.715753748658,6.483187552106,-1.5631940186722e-13
exhale,80,23.715753748658,5.8075944281238,1.4210854715202e-14
exhale,90,23.715753748658,5.9954930217948,0
exhale,110,23.715753748658,5.5193590521409,-1.0658141036402e-13
exhale,120,23.715753748658,5.6355089164476,-7.105427357601e-15
exhale,130,23.715753748658,5.9145710514717,-7.105427357601e-15
exhale,140,23.715753748658,5.0571269635427,-2.1316282072803e-14
exhale,50,23.73964175252,4.8130841447812,-1.9326762412675e-12
exhale,60,23.73964175252,5.671240963518,-6.2527760746889e-13
exhale,70,23.73964175252,6.4830834555471,-1.1368683772162e-13
exhale,80,23.73964175252,5.8074850810207,0
exhale,90,23.73964175252,5.9953320940991,-1.4210854715202e-14
exhale,110,23.73964175252,5.5191620625046,-7.8159700933611e-14
exhale,120,23.73964175252,5.6352475392518,0
exhale,130,23.73964175252,5.9142525880705,0
exhale,140,23.73964175252,5.0568428062313,-4.2632564145606e-14
exhale,50,23.763529756381,4.8130574968215,-1.9610979506979e-12
exhale,60,23.763529756381,5.6711876830249,-6.6791017161449e-13
exhale,70,23.763529756381,6.4829795241855,-9.9475983006414e-14
exhale,80,23.763529756381,5.8073759109909,-1.4210854715202e-14
exhale,90,23.763529756381,5.995171429923,0
exhale,110,23.763529756381,5.5189654048244,-9.9475983006414e-14
exhale,120,23.763529756381,5.6349866107402,-7.105427357601e-15
exhale,130,23.763529756381,5.9139346773113,2.8421709430404e-14
exhale,140,23.763529756381,5.0565591551081,-2.8421709430404e-14
exhale,50,23.787417760243,4.8130308919688,-1.9610979506979e-12
exhale,60,23.787417760243,5.671134487456,-6.5369931689929e-13
exhale,70,23.787417760243,6.4828757576223,-1.5631940186722e-13
exhale,80,23.787417760243,5.8072669175977,0
exhale,90,23.787417760243,5.9950110286099,0
exhale,110,23.787417760243,5.5187690782487,-9.9475983006414e-14
exhale,120,23.787417760243,5.6347261297406,-7.105427357601e-15
exhale,130,23.787417760243,5.9136173177364,-7.105427357601e-15
exhale,140,23.787417760243,5.0562760088003,-2.8421709430404e-14
exhale,50,23.811305764105,4.813004330117,-1.9468870959827e-12
exhale,60,23.811305764105,5.6710813766051,-5.9685589803848e-13
exhale,70,23.811305764105,6.4827721554602,-1.2789769243682e-13
exhale,80,23.811305764105,5.8071581004061,-1.4210854715202e-14
exhale,90,23.811305764105,5.9948508895059,-1.4210854715202e-14
exhale,110,23.811305764105,5.5185730819285,-1.0658141036402e-13
exhale,120,23.811305764105,5.6344660950853,-7.105427357601e-15
exhale,130,23.811305764105,5.9133005078933,7.105427357601e-15
exhale,140,23.811305764105,5.0559933659403,-4.9737991503207e-14
exhale,50,23.835193767967,4.8129778111601,-1.9326762412675e-12
exhale,60,23.835193767967,5.6710283502668,-6.3948846218409e-13
exhale,70,23.835193767967,6.482668717303,-8.5265128291212e-14
exhale,80,23.835193767967,5.8070494589825,-1.4210854715202e-14
exhale,90,23.835193767967,5.9946910119589,1.4210854715202e-14
exhale,110,23.835193767967,5.5183774150181,-1.0658141036402e-13
exhale,120,23.835193767967,5.6342065056106,1.4210854715202e-14
exhale,130,23.835193767967,5.9129842463345,7.105427357601e-15
exhale,140,23.835193767967,5.0557112251655,-2.1316282072803e-14
exhale,50,23.859081771829,4.8129513349925,-1.9610979506979e-12
exhale,60,23.859081771829,5.6709754082362,-6.2527760746889e-13
exhale,70,23.859081771829,6.4825654427559,-9.9475983006414e-14
exhale,80,23.859081771829,5.8069409928949,-1.4210854715202e-14
exhale,90,23.859081771829,5.9945313953194,-2.8421709430404e-14
exhale,110,23.859081771829,5.5181820766748,-1.1368683772162e-13
exhale,120,23.859081771829,5.6339473601569,-7.105427357601e-15
exhale,130,23.859081771829,5.9126685316181,0
exhale,140,23.859081771829,5.0554295851184,-3.5527136788005e-14
exhale,50,23.88296977569,4.812924901509,-1.9610979506979e-12
exhale,60,23.88296977569,5.6709225503091,-6.821210263297e-13
exhale,70,23.88296977569,6.4824623314257,-1.4210854715202e-13
exhale,80,23.88296977569,5.8068327017126,-1.4210854715202e-14
exhale,90,23.88296977569,5.99437203894,1.4210854715202e-14
exhale,110,23.88296977569,5.5179870660587,-1.3500311979442e-13
exhale,120,23.88296977569,5.633688657569,0
exhale,130,23.88296977569,5.9123533623071,7.105427357601e-15
exhale,140,23.88296977569,5.0551484444464,-2.8421709430404e-14
exhale,50,23.906857779552,4.8128985106048,-1.9468870959827e-12
exhale,60,23.906857779552,5.6708697762823,-6.3948846218409e-13
exhale,70,23.906857779552,6.4823593829202,-1.2789769243682e-13
exhale,80,23.906857779552,5.8067245850064,-1.4210854715202e-14
exhale,90,23.906857779552,5.9942129421754,-1.4210854715202e-14
exhale,110,23.906857779552,5.5177923823329,-9.2370555648813e-14
exhale,120,23.906857779552,5.6334303966957,-2.1316282072803e-14
exhale,130,23.906857779552,5.9120387369699,0
exhale,140,23.906857779552,5.0548678018022,-2.1316282072803e-14
exhale,50,23.930745783414,4.8128721621753,-1.9610979506979e-12
exhale,60,23.930745783414,5.6708170859529,-6.5369931689929e-13
exhale,70,23.930745783414,6.4822565968485,-5.6843418860808e-14
exhale,80,23.930745783414,5.8066166423486,0
exhale,90,23.930745783414,5.9940541043827,0
exhale,110,23.930745783414,5.5175980246634,-1.0658141036402e-13
exhale,120,23.930745783414,5.6331725763898,7.105427357601e-15
exhale,130,23.930745783414,5.9117246541798,-1.4210854715202e-14
exhale,140,23.930745783414,5.0545876558431,-2.8421709430404e-14
exhale,50,23.954633787276,4.8128458561164,-1.9610979506979e-12
exhale,60,23.954633787276,5.6707644791189,-5.9685589803848e-13
exhale,70,23.954633787276,6.4821539728213,-9.9475983006414e-14
exhale,80,23.954633787276,5.8065088733131,-1.4210854715202e-14
exhale,90,23.954633787276,5.9938955249212,-2.8421709430404e-14
exhale,110,23.954633787276,5.5174039922194,-8.5265128291212e-14
exhale,120,23.954633787276,5.6329151955084,0
exhale,130,23.954633787276,5.9114111125156,-7.105427357601e-15
exhale,140,23.954633787276,5.0543080052316,-4.9737991503207e-14
exhale,50,23.978521791137,4.8128195923243,-1.9895196601283e-12
exhale,60,23.978521791137,5.6707119555788,-6.5369931689929e-13
exhale,70,23.978521791137,6.4820515104503,-9.9475983006414e-14
exhale,80,23.978521791137,5.806401277475,-1.4210854715202e-14
exhale,90,23.978521791137,5.9937372031523,1.4210854715202e-14
exhale,110,23.978521791137,5.5172102841727,-1.0658141036402e-13
exhale,120,23.978521791137,5.6326582529125,1.4210854715202e-14
exhale,130,23.978521791137,5.9110981105609,1.4210854715202e-14
exhale,140,23.978521791137,5.0540288486349,-2.8421709430404e-14
exhale,50,24.002409794999,4.8127933706956,-1.9610979506979e-12
exhale,60,24.002409794999,5.6706595151321,-6.821210263297e-13
exhale,70,24.002409794999,6.4819492093487,-1.1368683772162e-13
exhale,80,24.002409794999,5.8062938544109,1.4210854715202e-14
exhale,90,24.002409794999,5.9935791384396,0
exhale,110,24.002409794999,5.5170168996981,-1.3500311979442e-13
exhale,120,24.002409794999,5.6324017474672,7.105427357601e-15
exhale,130,24.002409794999,5.9107856469045,7.105427357601e-15
exhale,140,24.002409794999,5.0537501847253,-2.8421709430404e-14
exhale,50,24.026297798861,4.8127671911272,-1.9753088054131e-12
exhale,60,24.026297798861,5.6706071575787,-6.821210263297e-13
exhale,70,24.026297798861,6.4818470691309,-8.5265128291212e-14
exhale,80,24.026297798861,5.806186603699,1.4210854715202e-14
exhale,90,24.026297798861,5.9934213301489,1.4210854715202e-14
exhale,110,24.026297798861,5.5168238379734,-9.9475983006414e-14
exhale,120,24.026297798861,5.6321456780418,-1.4210854715202e-14
exhale,130,24.026297798861,5.9104737201402,1.4210854715202e-14
exhale,140,24.026297798861,5.0534720121799,-4.9737991503207e-14
exhale,50,24.050185802723,4.8127410535163,-1.9468870959827e-12
exhale,60,24.050185802723,5.6705548827191,-6.3948846218409e-13
exhale,70,24.050185802723,6.4817450894125,-8.5265128291212e-14
exhale,80,24.050185802723,5.8060795249188,0
exhale,90,24.050185802723,5.9932637776482,0
exhale,110,24.050185802723,5.5166310981791,-9.2370555648813e-14
exhale,120,24.050185802723,5.6318900435094,0
exhale,130,24.050185802723,5.9101623288669,0
exhale,140,24.050185802723,5.0531943296806,-2.8421709430404e-14
exhale,50,24.074073806584,4.8127149577605,-1.9895196601283e-12
exhale,60,24.074073806584,5.6705026903548,-6.5369931689929e-13
exhale,70,24.074073806584,6.4816432698106,-7.105427357601e-14
exhale,80,24.074073806584,5.8059726176512,1.4210854715202e-14
exhale,90,24.074073806584,5.9931064803076,-1.4210854715202e-14
exhale,110,24.074073806584,5.5164386794988,-9.9475983006414e-14
exhale,120,24.074073806584,5.6316348427472,7.105427357601e-15
exhale,130,24.074073806584,5.9098514716887,7.105427357601e-15
exhale,140,24.074073806584,5.0529171359143,-3.5527136788005e-14
