k,subset_id,sizes_mm,sizes_mm_json,subset_indices_json,worst_sigma_logrho1_unit_ohm_error,worst_sigma_logrho2_unit_ohm_error,worst_max_unit_logrho_error,worst_kappa,g1,g2,g1_max,g2_max,rank2_min,g1_relative_full9,g2_relative_full9,attenuation_relative_full9,uncertainty_inflation_relative_full9,global_rank,rank_within_count
9,50-60-70-80-90-110-120-130-140,50|60|70|80|90|110|120|130|140,"[50, 60, 70, 80, 90, 110, 120, 130, 140]","[0, 1, 2, 3, 4, 5, 6, 7, 8]",0.03149046207906509,3.118400369838873,3.118400369838873,168.17645095393598,52.96778796006252,0.5439904938415705,371.21155504428657,17.901583194593307,2,1.0,1.0,1.0,1.0,1,1
8,50-60-70-80-110-120-130-140,50|60|70|80|110|120|130|140,"[50, 60, 70, 80, 110, 120, 130, 140]","[0, 1, 2, 3, 5, 6, 7, 8]",0.031762327921261706,3.126247459528939,3.126247459528939,160.5902097504574,50.467100580901125,0.5213058008660322,354.07290558405396,17.187020396181232,2,0.9527885253383263,0.9582994680378645,0.9527885253383263,1.0025163830039154,2,1
8,50-60-70-90-110-120-130-140,50|60|70|90|110|120|130|140,"[50, 60, 70, 90, 110, 120, 130, 140]","[0, 1, 2, 4, 5, 6, 7, 8]",0.03279734587024014,3.1291601143441716,3.1291601143441716,157.8074724051494,49.51080054773254,0.5280163550223306,346.92719408533554,17.402943605140585,2,0.9347341555034064,0.9706352610935658,0.9347341555034064,1.0034504050888933,3,2
7,50-60-70-110-120-130-140,50|60|70|110|120|130|140,"[50, 60, 70, 110, 120, 130, 140]","[0, 1, 2, 5, 6, 7, 8]",0.03321419770354543,3.1350814013893276,3.1350814013893276,149.48573772034123,46.825858780571224,0.5046140622274088,328.524096325157,16.66701639014937,2,0.8840440687437753,0.927615588764995,0.8840440687437753,1.0053492270305613,4,1
8,50-60-80-90-110-120-130-140,50|60|80|90|110|120|130|140,"[50, 60, 80, 90, 110, 120, 130, 140]","[0, 1, 3, 4, 5, 6, 7, 8]",0.03335742186082652,3.160488642391445,3.160488642391445,160.22313744544869,49.75234182165999,0.5345568390699332,348.2638895453201,17.600851528419746,2,0.9392943095749634,0.9826584198098419,0.9392943095749634,1.0134967507571027,5,3
7,50-60-80-110-120-130-140,50|60|80|110|120|130|140,"[50, 60, 80, 110, 120, 130, 140]","[0, 1, 3, 5, 6, 7, 8]",0.033782982271163504,3.1649359129285166,3.1649359129285166,151.79413389680192,47.08117666753821,0.5114539029306726,329.93535826214793,16.87355812362289,2,0.8888643169889822,0.9401890450674425,0.8888643169889822,1.0149228891645008,6,2
7,50-60-90-110-120-130-140,50|60|90|110|120|130|140,"[50, 60, 90, 110, 120, 130, 140]","[0, 1, 4, 5, 6, 7, 8]",0.03511947963680978,3.178968001753171,3.178968001753171,149.27214199075001,46.05462328837906,0.5182920296295425,322.25486211810926,17.093441425770113,2,0.8694836062080608,0.9527593505714599,0.8694836062080608,1.019422660573064,7,3
6,50-60-110-120-130-140,50|60|110|120|130|140,"[50, 60, 110, 120, 130, 140]","[0, 1, 5, 6, 7, 8]",0.03578869827052118,3.1813373210298246,3.1813373210298246,139.94650219731338,43.15518515653887,0.49442968014075567,302.35376635507384,16.343583725793987,2,0.8147439570079401,0.9088939710125731,0.8147439570079401,1.020182447321286,8,1
8,50-60-70-80-90-120-130-140,50|60|70|80|90|120|130|140,"[50, 60, 70, 80, 90, 120, 130, 140]","[0, 1, 2, 3, 4, 6, 7, 8]",0.03150341319120875,3.2253104603029414,3.2253104603029414,166.5315821464232,50.76316741605332,0.5037727522325963,355.96259638860903,16.600820498688712,2,0.9583780892328092,0.9260690360139142,0.9260690360139142,1.0342836319217061,9,4
7,50-60-70-90-120-130-140,50|60|70|90|120|130|140,"[50, 60, 70, 90, 120, 130, 140]","[0, 1, 2, 4, 6, 7, 8]",0.03279735004334939,3.2303582910067803,3.2303582910067803,154.94833136634844,47.14479796971737,0.48647980397245366,330.5598726785307,16.06184941034006,2,0.8900654489340641,0.8942799726830043,0.8900654489340641,1.0359023563012506,10,4
7,50-60-70-80-120-130-140,50|60|70|80|120|130|140,"[50, 60, 70, 80, 120, 130, 140]","[0, 1, 2, 3, 6, 7, 8]",0.0317650358250547,3.2412867935965437,3.2412867935965437,158.66304336597247,48.148113626298006,0.479187924011639,338.0517325766232,15.827641342142156,2,0.9090074454799107,0.8808755473421851,0.8808755473421851,1.039406878265609,11,5
6,50-60-70-120-130-140,50|60|70|120|130|140,"[50, 60, 70, 120, 130, 140]","[0, 1, 2, 6, 7, 8]",0.033221110035395046,3.2443190939150486,3.2443190939150486,146.21017791282875,44.316742381024724,0.46097362213000476,311.19034897564455,15.26138904904287,2,0.8366734592435567,0.8473927896693297,0.8366734592435567,1.0403792679394408,12,2
7,50-60-80-90-120-130-140,50|60|80|90|120|130|140,"[50, 60, 80, 90, 120, 130, 140]","[0, 1, 3, 4, 6, 7, 8]",0.033357652723789794,3.257469494863358,3.257469494863358,157.15411590739333,47.39839787869852,0.49357101079626586,331.9624800945994,16.276072464885793,2,0.8948532627875021,0.9073155071345996,0.8948532627875021,1.0445963021200098,13,6
6,50-60-90-120-130-140,50|60|90|120|130|140,"[50, 60, 90, 120, 130, 140]","[0, 1, 4, 6, 7, 8]",0.035136400577574785,3.2676464615601586,3.2676464615601586,144.7509713221842,43.50104517092228,0.47590750832437984,304.56452122347406,15.725975331691565,2,0.8212735861977449,0.8748452660700007,0.8212735861977449,1.0478598236341914,14,3
6,50-60-80-120-130-140,50|60|80|120|130|140,"[50, 60, 80, 120, 130, 140]","[0, 1, 3, 6, 7, 8]",0.03378774959153522,3.268671930352582,3.268671930352582,148.27422219421663,44.58643068387576,0.46845108957609116,312.67985554060607,15.486688610158655,2,0.8417650123032083,0.8611383744373314,0.8417650123032083,1.0481886681284205,15,4
5,50-60-120-130-140,50|60|120|130|140,"[50, 60, 120, 130, 140]","[0, 1, 6, 7, 8]",0.03585051642538905,3.2760311735358987,3.2760311735358987,134.77826860706142,40.41883979808509,0.44980221998796216,283.42397827004856,14.907491048421793,2,0.7630834013412211,0.8268567651091356,0.7630834013412211,1.0505486098647334,16,1
8,50-70-80-90-110-120-130-140,50|70|80|90|110|120|130|140,"[50, 70, 80, 90, 110, 120, 130, 140]","[0, 2, 3, 4, 5, 6, 7, 8]",0.037460649163234126,3.371941060606468,3.371941060606468,163.30740476751393,47.44890379091465,0.5375011269469385,329.6236549813871,17.695644318198934,2,0.8958067840531855,0.9880708082804809,0.8958067840531855,1.081304727006781,17,5
7,50-70-80-110-120-130-140,50|70|80|110|120|130|140,"[50, 70, 80, 110, 120, 130, 140]","[0, 2, 3, 5, 6, 7, 8]",0.038121880332415474,3.3721952316937345,3.3721952316937345,153.64086947279003,44.640118174352104,0.5145304093013437,310.1956766198161,16.972413413006723,2,0.8427785998541332,0.9458444864869153,0.8427785998541332,1.0813862338875924,18,7
8,50-60-70-80-90-110-130-140,50|60|70|80|90|110|130|140,"[50, 60, 70, 80, 90, 110, 130, 140]","[0, 1, 2, 3, 4, 5, 7, 8]",0.03191329323174286,3.3890917724769274,3.3890917724769274,176.0913242996927,51.10411754538265,0.4888134968211608,359.2685813905228,16.120118180389344,2,0.9648150227439162,0.8985699242081256,0.8985699242081256,1.086804569822457,19,6
7,50-60-70-90-110-130-140,50|60|70|90|110|130|140,"[50, 60, 70, 90, 110, 130, 140]","[0, 1, 2, 4, 5, 7, 8]",0.03309910692619186,3.3925982689184435,3.3925982689184435,163.91860944612372,47.51172107583028,0.47097160047671993,334.1173042089939,15.564510124012163,2,0.8969927366355926,0.8657717475002122,0.8657717475002122,1.0879290233966135,20,8
7,50-60-70-80-110-130-140,50|60|70|80|110|130|140,"[50, 60, 70, 80, 110, 130, 140]","[0, 1, 2, 3, 5, 7, 8]",0.03210629753681441,3.4118279704447563,3.4118279704447563,168.1822667239028,48.50744798227312,0.4634357725738384,341.53113685972426,15.322702091195382,2,0.9157914621401128,0.8519188806060414,0.8519188806060414,1.09409555086124,21,9
6,50-60-70-110-130-140,50|60|70|110|130|140,"[50, 60, 70, 110, 130, 140]","[0, 1, 2, 5, 7, 8]",0.033427362587426776,3.4134407979446033,3.4134407979446033,155.10376266813805,44.70688223582742,0.4445765727995376,314.96662814054184,14.737060922255882,2,0.8440390652057476,0.8172506281497893,0.8172506281497893,1.09461274792017,22,5
7,50-60-80-90-110-130-140,50|60|80|90|110|130|140,"[50, 60, 80, 90, 110, 130, 140]","[0, 1, 3, 4, 5, 7, 8]",0.033690813599147135,3.4201736166112817,3.4201736166112817,166.19467123589936,47.76337284415162,0.4782927884475928,335.5050398089368,15.785483958442619,2,0.9017437707643179,0.8792300488009792,0.8792300488009792,1.0967718095762031,23,10
7,50-70-90-110-120-130-140,50|70|90|110|120|130|140,"[50, 70, 90, 110, 120, 130, 140]","[0, 2, 4, 5, 6, 7, 8]",0.040114650042278176,3.421090324464352,3.421090324464352,152.2450503098,43.55607053505497,0.5213281838250269,302.0135979071393,17.191032345003727,2,0.8223124319991625,0.958340613902081,0.8223124319991625,1.0970657769134111,24,11
6,50-70-110-120-130-140,50|70|110|120|130|140,"[50, 70, 110, 120, 130, 140]","[0, 2, 5, 6, 7, 8]",0.04120363194413758,3.421437400337253,3.421437400337253,141.51041391536046,40.478055290679784,0.4976114507091657,280.680988296593,16.445625020435333,2,0.7642013542494932,0.9147429161769285,0.7642013542494932,1.0971770762437532,25,6
6,50-60-90-110-130-140,50|60|90|110|130|140,"[50, 60, 90, 110, 130, 140]","[0, 1, 4, 5, 7, 8]",0.035322775926089435,3.427865141506797,3.427865141506797,153.14752531560114,43.89843499425292,0.46004304718368016,308.4219368571615,15.217663061489018,2,0.8287760672080954,0.845682144066402,0.8287760672080954,1.0992383064923488,26,7
6,50-60-80-110-130-140,50|60|80|110|130|140,"[50, 60, 80, 110, 130, 140]","[0, 1, 3, 5, 7, 8]",0.03402544749164201,3.4373989592947196,3.4373989592947196,157.20054221595606,44.974231123056306,0.4523251840297566,316.4383598863027,14.970253606003258,2,0.8490864515045763,0.8314946477014906,0.8314946477014906,1.1022955847944338,27,8
5,50-60-110-130-140,50|60|110|130|140,"[50, 60, 110, 130, 140]","[0, 1, 5, 7, 8]",0.03589819184748902,3.4421415258685366,3.4421415258685366,143.01592173613327,40.84622717712489,0.4329823159075036,287.5651143742229,14.370256026905423,2,0.7711522181731048,0.795937283480552,0.7711522181731048,1.1038164179176233,28,2
7,50-70-80-90-120-130-140,50|70|80|90|120|130|140,"[50, 70, 80, 90, 120, 130, 140]","[0, 2, 3, 4, 6, 7, 8]",0.03746146956828793,3.454801971476942,3.454801971476942,158.4334088371795,44.974560316778955,0.49675828123065857,312.3509330106297,16.37853437255434,2,0.8490926664841956,0.9131745625233891,0.8490926664841956,1.1078763345758103,29,12
6,50-70-80-120-130-140,50|70|80|120|130|140,"[50, 70, 80, 120, 130, 140]","[0, 2, 3, 6, 7, 8]",0.03813990053827504,3.4575951083568603,3.4575951083568603,148.0425243988048,42.00062803516436,0.47180808661766016,291.7751004163102,15.594337992321073,2,0.7929466125116014,0.8673094327178952,0.7929466125116014,1.1087720299800738,30,9
8,50-60-70-80-90-110-120-140,50|60|70|80|90|110|120|140,"[50, 60, 70, 80, 90, 110, 120, 140]","[0, 1, 2, 3, 4, 5, 6, 8]",0.03231231935604823,3.4761236045262396,3.4761236045262396,181.6078327505484,51.38857236980425,0.4850586116370099,361.253488659772,15.94223744110448,2,0.9701853588552916,0.8916674411194332,0.8916674411194332,1.1147136968515208,31,7
7,50-60-70-90-110-120-140,50|60|70|90|110|120|140,"[50, 60, 70, 90, 110, 120, 140]","[0, 1, 2, 4, 5, 6, 8]",0.033462108269766526,3.4796148654992876,3.4796148654992876,169.19300743236522,47.81755095884583,0.4670733031380574,336.25071370390083,15.380204806156241,2,0.9027666210055827,0.8586056345206757,0.8586056345206757,1.115833264757815,32,13
7,50-80-90-110-120-130-140,50|80|90|110|120|130|140,"[50, 80, 90, 110, 120, 130, 140]","[0, 3, 4, 5, 6, 7, 8]",0.04110527519990798,3.4853783774663776,3.4853783774663776,156.14974050657284,43.83043949490615,0.5279515302332891,303.5481380047093,17.391351916649164,2,0.8274923530496329,0.9705160957960554,0.8274923530496329,1.1176814918241131,33,14
6,50-80-110-120-130-140,50|80|110|120|130|140,"[50, 80, 110, 120, 130, 140]","[0, 3, 5, 6, 7, 8]",0.04223755869785505,3.486586366690007,3.486586366690007,145.32781101302382,40.7731419684242,0.5045462306887755,282.3315001137192,16.654912509963566,2,0.7697724133612482,0.9274908962576787,0.7697724133612482,1.118068866465071,34,10
6,50-70-90-120-130-140,50|70|90|120|130|140,"[50, 70, 90, 120, 130, 140]","[0, 2, 4, 6, 7, 8]",0.04015929278617225,3.490189759647334,3.490189759647334,145.49815112961676,40.84658963956229,0.4792122742087374,283.06106187559175,15.831997771718582,2,0.7711590612460621,0.8809203095161092,0.7711590612460621,1.1192243925457432,35,11
5,50-70-120-130-140,50|70|120|130|140,"[50, 70, 120, 130, 140]","[0, 2, 6, 7, 8]",0.04133820115456566,3.4906149731264415,3.4906149731264415,133.74533047799758,37.5471112716204,0.45329734653854925,260.1791087318015,15.019292349159013,2,0.7088668928355241,0.8332817423654569,0.7088668928355241,1.119360748827387,36,3
7,50-60-70-80-110-120-140,50|60|70|80|110|120|140,"[50, 60, 70, 80, 110, 120, 140]","[0, 1, 2, 3, 5, 6, 8]",0.03247621461433987,3.5012788429018236,3.5012788429018236,173.6471532755187,48.80703893771118,0.45947354368864707,343.6185194939193,15.135452548713493,2,0.9214475593073939,0.8446352443476011,0.8446352443476011,1.122780409073237,37,15
6,50-60-70-110-120-140,50|60|70|110|120|140,"[50, 60, 70, 110, 120, 140]","[0, 1, 2, 5, 6, 8]",0.03374857438909967,3.5028215215496386,3.5028215215496386,160.31008074286174,45.03176500385549,0.4404447197218682,317.2288548299471,14.542272487651847,2,0.8501726565928945,0.8096551772651776,0.8096551772651776,1.123275110992444,38,12
7,50-60-80-90-110-120-140,50|60|80|90|110|120|140,"[50, 60, 80, 90, 110, 120, 140]","[0, 1, 3, 4, 5, 6, 8]",0.034079549995062366,3.5087901655161375,3.5087901655161375,171.5737063788481,48.067601620673386,0.4744546485489064,337.6296806142694,15.60378890786093,2,0.9074874272060623,0.8721745212832425,0.8721745212832425,1.1251891192205816,39,16
6,50-60-90-110-120-140,50|60|90|110|120|140,"[50, 60, 90, 110, 120, 140]","[0, 1, 4, 5, 6, 8]",0.035662949521885846,3.5165164204480686,3.5165164204480686,158.27708246421213,44.22925655105421,0.45605134284501164,310.73181463960236,15.029104881257627,2,0.8350217793577273,0.8383443240422325,0.8350217793577273,1.127666753268685,40,13
6,50-60-80-110-120-140,50|60|80|110|120|140,"[50, 60, 80, 110, 120, 140]","[0, 1, 3, 5, 6, 8]",0.034372666231040856,3.528096925388005,3.528096925388005,162.49423120252052,45.29719643890126,0.4482647589943311,318.69013963728236,14.778539085677178,2,0.8551838425470051,0.8240305006595976,0.8240305006595976,1.131380357542191,41,14
5,50-60-110-120-140,50|60|110|120|140,"[50, 60, 110, 120, 140]","[0, 1, 5, 6, 8]",0.036176675904544396,3.5327492668525937,3.5327492668525937,148.04249909511353,41.20156325577487,0.428738740886939,290.04114277039594,14.170426343538365,2,0.7778607497606029,0.7881364577885492,0.7778607497606029,1.1328722575270633,42,4
6,50-80-90-120-130-140,50|80|90|120|130|140,"[50, 80, 90, 120, 130, 140]","[0, 3, 4, 6, 7, 8]",0.04114350004534364,3.5503324650350527,3.5503324650350527,149.1397779907592,41.13903293764624,0.48640944355314564,284.6977757472798,16.049289138322433,2,0.7766802149386508,0.8941506314167421,0.7766802149386508,1.1385107888563062,43,15
5,50-80-120-130-140,50|80|120|130|140,"[50, 80, 120, 130, 140]","[0, 3, 6, 7, 8]",0.042358838553812964,3.5503366687148574,3.5503366687148574,137.2669962521771,37.86504602803737,0.460899367979888,261.9588276538613,15.248169433452617,2,0.714869309939608,0.8472562906845913,0.714869309939608,1.1385121368807118,44,5
7,50-60-70-80-90-130-140,50|60|70|80|90|130|140,"[50, 60, 70, 80, 90, 130, 140]","[0, 1, 2, 3, 4, 7, 8]",0.03197703056311939,3.5700088834470667,3.5700088834470667,176.9630071403343,48.81540161486332,0.4436214187531303,343.4898324604108,14.662154361022695,2,0.9216054416255766,0.8154947995880398,0.8154947995880398,1.1448205682554893,45,17
6,50-60-70-90-130-140,50|60|70|90|130|140,"[50, 60, 70, 90, 130, 140]","[0, 1, 2, 4, 7, 8]",0.03311441177358038,3.5700913348913863,3.5700913348913863,163.28813330784396,45.04082863708892,0.42388156005848177,317.08945804174533,14.049004795970955,2,0.850343772540577,0.7792076605330005,0.7792076605330005,1.144847008556458,46,16
6,50-90-110-120-130-140,50|90|110|120|130|140,"[50, 90, 110, 120, 130, 140]","[0, 4, 5, 6, 7, 8]",0.0451732327941911,3.576439890731315,3.576439890731315,144.9229705185516,39.58333280323724,0.511476717023115,273.31654081605217,16.877644585056725,2,0.7473095314662356,0.9402309834702284,0.7473095314662356,1.146882845872709,47,17
8,60-70-80-90-110-120-130-140,60|70|80|90|110|120|130|140,"[60, 70, 80, 90, 110, 120, 130, 140]","[1, 2, 3, 4, 5, 6, 7, 8]",0.0400899487449881,3.5772732687678057,3.5772732687678057,172.9549165321654,47.33165564854832,0.5413189951846603,330.6869448374062,17.8159751289338,2,0.8935932095981841,0.9950890710643774,0.8935932095981841,1.147150091234963,48,8
7,60-70-80-110-120-130-140,60|70|80|110|120|130|140,"[60, 70, 80, 110, 120, 130, 140]","[1, 2, 3, 5, 6, 7, 8]",0.04083111891268402,3.577379369755685,3.577379369755685,162.67353775665538,44.51547265944058,0.5185174396047927,311.3253272000765,17.0978349220184,2,0.8404253674517247,0.9531737143844347,0.8404253674517247,1.147184115406107,49,18
5,50-110-120-130-140,50|110|120|130|140,"[50, 110, 120, 130, 140]","[0, 5, 6, 7, 8]",0.047196173586911846,3.585489752124651,3.585489752124651,132.81917267132368,36.168797539764626,0.4872807329284866,249.54265237427788,16.11775033822335,2,0.6828451580238869,0.895752294286231,0.6828451580238869,1.1497849303775936,50,6
6,50-60-80-90-130-140,50|60|80|90|130|140,"[50, 60, 80, 90, 130, 140]","[0, 1, 3, 4, 7, 8]",0.03371004815683518,3.5891144246285522,3.5891144246285522,165.20398676115389,45.30620697186594,0.4320015277553806,318.5513823020057,14.29342730624769,2,0.8553539559935298,0.7941343325775007,0.7941343325775007,1.1509472803243672,51,18
5,50-60-90-130-140,50|60|90|130|140,"[50, 60, 90, 130, 140]","[0, 1, 4, 7, 8]",0.03532367969257719,3.590189954434977,3.590189954434977,150.33904076376166,41.2114692734045,0.4117049110273704,289.88867270737796,13.663741413307893,2,0.7780477694193642,0.7568237233705661,0.7568237233705661,1.1512921782460157,52,7
6,50-60-70-80-130-140,50|60|70|80|130|140,"[50, 60, 70, 80, 130, 140]","[0, 1, 2, 3, 7, 8]",0.03214183987146325,3.614793389014124,3.614793389014124,169.06060207754973,46.089967612063326,0.4154925315852496,324.8920880446584,13.78062987429316,2,0.8701508857952489,0.7637863828301674,0.7637863828301674,1.1591819395534833,53,19
5,50-60-70-130-140,50|60|70|130|140,"[50, 60, 70, 130, 140]","[0, 1, 2, 7, 8]",0.033428174964181226,3.6152922180644382,3.6152922180644382,154.32574441869062,42.071580954086514,0.3943471282819132,296.8422615995653,13.12636754715558,2,0.7942861609740678,0.7249154769178029,0.7249154769178029,1.1593419026727603,54,8
5,50-90-120-130-140,50|90|120|130|140,"[50, 90, 120, 130, 140]","[0, 4, 6, 7, 8]",0.04538781395564314,3.6216912015800617,3.6216912015800617,135.48434072739832,36.58077145905962,0.4684759978470112,252.21673797148176,15.491140922999584,2,0.6906229780001641,0.8611841625001782,0.6906229780001641,1.1613939109964875,55,9
4,50-120-130-140,50|120|130|140,"[50, 120, 130, 140]","[0, 6, 7, 8]",0.0477029923560344,3.6250737231507353,3.6250737231507353,121.84064843895257,32.85566191998873,0.44193194180250456,226.23635159565336,14.659551027300827,2,0.6202951489075162,0.8123890891578907,0.6202951489075162,1.1624786086521794,56,1
5,50-60-80-130-140,50|60|80|130|140,"[50, 60, 80, 130, 140]","[0, 1, 3, 7, 8]",0.034027604796651297,3.6272653184395485,3.6272653184395485,155.9687142521072,42.355567164638465,0.4030625269230102,298.4033964901466,13.38764555046149,2,0.7996476499372481,0.7409367102661107,0.7409367102661107,1.1631814033638561,57,10
4,50-60-130-140,50|60|130|140,"[50, 60, 130, 140]","[0, 1, 7, 8]",0.035927747073704504,3.6272663620484873,3.6272663620484873,139.71987527947783,37.94373307060613,0.3812282969437531,267.5911927444218,12.713175002160138,2,0.7163548740078693,0.7007995567194238,0.7007995567194238,1.1631817380254823,58,2
7,50-70-80-90-110-130-140,50|70|80|90|110|130|140,"[50, 70, 80, 90, 110, 130, 140]","[0, 2, 3, 4, 5, 7, 8]",0.037857689647916276,3.6308786648046367,3.6308786648046367,167.83768023611296,45.35904253475394,0.48158118604630334,316.11334818265715,15.89110937326214,2,0.8563514596636441,0.8852750029609102,0.8563514596636441,1.164340121275782,59,19
6,50-70-80-110-130-140,50|70|80|110|130|140,"[50, 70, 80, 110, 130, 140]","[0, 2, 3, 5, 7, 8]",0.03839996974216242,3.637127638534706,3.637127638534706,157.15519146831957,42.412078696171726,0.4558009646549069,295.7993454515862,15.081589648932372,2,0.8007145536859165,0.8378840619734294,0.8007145536859165,1.1663440248766503,60,20
7,60-70-90-110-120-130-140,60|70|90|110|120|130|140,"[60, 70, 90, 110, 120, 130, 140]","[1, 2, 4, 5, 6, 7, 8]",0.04325412312429148,3.6540665650314637,3.6540665650314637,162.28279610751366,43.42831375874459,0.52526361793751,303.1737371267907,17.314870344462467,2,0.8199004608515906,0.9655749942029052,0.8199004608515906,1.1717759529448324,61,20
6,60-70-110-120-130-140,60|70|110|120|130|140,"[60, 70, 110, 120, 130, 140]","[1, 2, 5, 6, 7, 8]",0.04450686827912453,3.6571027563643965,3.6571027563643965,150.9019525665812,40.34055175116735,0.5017329458540488,281.92892500373455,16.57503316049021,2,0.7616053700710316,0.9223193264111916,0.7616053700710316,1.1727495903784022,62,21
7,60-70-80-90-120-130-140,60|70|80|90|120|130|140,"[60, 70, 80, 90, 120, 130, 140]","[1, 2, 3, 4, 6, 7, 8]",0.040090394435250074,3.660052156172536,3.660052156172536,167.5249644903035,44.850844263635324,0.5008867966414562,313.472816868098,16.50846843748764,2,0.8467569817613049,0.9207638778837417,0.8467569817613049,1.1736953957460088,63,21
6,60-70-80-120-130-140,60|70|80|120|130|140,"[60, 70, 80, 120, 130, 140]","[1, 2, 3, 6, 7, 8]",0.04083851640716634,3.660702808636116,3.660702808636116,156.3949908882506,41.868125236527085,0.47615298347938445,292.975785322878,15.730750756951489,2,0.7904450393151299,0.8752965150491347,0.7904450393151299,1.1739040451772598,64,22
6,50-70-90-110-130-140,50|70|90|110|130|140,"[50, 70, 90, 110, 130, 140]","[0, 2, 4, 5, 7, 8]",0.040350368182815746,3.661681175317783,3.661681175317783,154.1210110240799,41.2695474795257,0.4634609503883108,287.20743078266014,15.327202039633258,2,0.7791442510425913,0.851965164162018,0.7791442510425913,1.174217785096973,65,23
5,50-70-110-130-140,50|70|110|130|140,"[50, 70, 110, 130, 140]","[0, 2, 5, 7, 8]",0.04131664800152396,3.6642064769094502,3.6642064769094502,141.99978674499573,38.006805033118376,0.43661210835410386,264.68417437979457,14.486204181549498,2,0.7175456347502247,0.8026098126656988,0.7175456347502247,1.175027591822271,66,11
7,50-60-70-80-90-120-140,50|60|70|80|90|120|140,"[50, 60, 70, 80, 90, 120, 140]","[0, 1, 2, 3, 4, 6, 8]",0.03241259376028308,3.673832038996725,3.673832038996725,183.21086212453983,49.11311408305039,0.4394805857204988,345.5653838250851,14.4663573502555,2,0.9272260740826379,0.8078828411448147,0.8078828411448147,1.1781142904323574,67,22
6,50-60-70-90-120-140,50|60|70|90|120|140,"[50, 60, 70, 90, 120, 140]","[0, 1, 2, 4, 6, 8]",0.03349846398493089,3.6738855575496023,3.6738855575496023,169.22852074953948,45.363319812706955,0.41954594385633714,319.33664665319117,13.844539004100115,2,0.8564322121005071,0.7712376385358748,0.7712376385358748,1.1781314526137743,68,24
6,50-60-80-90-120-140,50|60|80|90|120|140,"[50, 60, 80, 90, 120, 140]","[0, 1, 3, 4, 6, 8]",0.03412229825459541,3.6940258316130117,3.6940258316130117,171.2250380946609,45.62682248734703,0.4277482227101306,320.7883299950544,14.092508245086167,2,0.861406984217454,0.7863156204981518,0.7863156204981518,1.1845899799594626,69,25
5,50-60-90-120-140,50|60|90|120|140,"[50, 60, 90, 120, 140]","[0, 1, 4, 6, 8]",0.035664659526528655,3.695005804057312,3.695005804057312,156.0379227622412,41.563682943010306,0.4072396785834449,292.34502229137166,13.453421642414233,2,0.7846973518008556,0.7486154320594574,0.7486154320594574,1.184904234810693,70,12
8,50-60-70-80-90-110-120-130,50|60|70|80|90|110|120|130,"[50, 60, 70, 80, 90, 110, 120, 130]","[0, 1, 2, 3, 4, 5, 6, 7]",0.03328946141330092,3.6956168944196537,3.6956168944196537,193.362623643752,51.47960662822054,0.4702680538045995,362.04604055446464,15.347383249162867,2,0.9719040309373677,0.8644784405764973,0.8644784405764973,1.1851001975768125,71,9
7,50-60-70-90-110-120-130,50|60|70|90|110|120|130,"[50, 60, 70, 90, 110, 120, 130]","[0, 1, 2, 4, 5, 6, 7]",0.034366950296324264,3.6983119643133335,3.6983119643133335,180.13604579529746,47.91537026979481,0.4516942065272011,337.10205410037435,14.762721220948494,2,0.9046133908012695,0.8303347423176675,0.8303347423176675,1.185964445131343,72,23
6,60-70-90-120-130-140,60|70|90|120|130|140,"[60, 70, 90, 120, 130, 140]","[1, 2, 4, 6, 7, 8]",0.043282867462516486,3.720070928832301,3.720070928832301,154.72247030898666,40.710330883647686,0.4834906377902385,284.29855137293043,15.966380159644315,2,0.7685865778337411,0.8887850858861667,0.7685865778337411,1.1929420496523724,73,26
5,60-70-120-130-140,60|70|120|130|140,"[60, 70, 120, 130, 140]","[1, 2, 6, 7, 8]",0.044616105845144166,3.72039340075823,3.72039340075823,142.15883661614146,37.39883314111183,0.457817952310076,261.5248940026241,15.16088007432576,2,0.706067490855204,0.8415918246604672,0.706067490855204,1.193045459057094,74,13
6,50-60-70-80-120-140,50|60|70|80|120|140,"[50, 60, 70, 80, 120, 140]","[0, 1, 2, 3, 6, 8]",0.0325426320838906,3.7234471647503544,3.7234471647503544,175.32492444333514,46.40516840391132,0.41106844424233313,327.0856743553826,13.572121581060774,2,0.8761016872915405,0.7556537272176138,0.7556537272176138,1.1940247316423784,75,27
5,50-60-70-120-140,50|60|70|120|140,"[50, 60, 70, 120, 140]","[0, 1, 2, 6, 8]",0.033758929828371094,3.724090530484236,3.724090530484236,160.26514451817928,42.41665314579379,0.3896830502252879,299.2415375011331,12.907294428417353,2,0.8008009165452739,0.7163416541958498,0.7163416541958498,1.194231044385317,76,14
6,50-80-90-110-130-140,50|80|90|110|130|140,"[50, 80, 90, 110, 130, 140]","[0, 3, 4, 5, 7, 8]",0.04138612294323149,3.724729153279027,3.724729153279027,157.9535341555074,41.55901460606076,0.47089892287008567,288.8206486075526,15.551548179056324,2,0.784609216405187,0.8656381466239892,0.784609216405187,1.1944358361756746,77,28
5,50-80-110-130-140,50|80|110|130|140,"[50, 80, 110, 130, 140]","[0, 3, 5, 7, 8]",0.0423861262541401,3.7256876788292406,3.7256876788292406,145.6621734965052,38.320926067716805,0.4444995795124967,266.4338021581052,14.72337053773063,2,0.7234760510786407,0.8171090938988924,0.7234760510786407,1.1947432134962663,78,15
7,50-60-70-80-110-120-130,50|60|70|80|110|120|130,"[50, 60, 70, 80, 110, 120, 130]","[0, 1, 2, 3, 5, 6, 7]",0.033395474503556885,3.729831979510451,3.729831979510451,185.28797888310646,48.902879038528745,0.44383118756543594,344.4516502377395,14.507555335841019,2,0.9232569628054186,0.8158804107608091,0.8158804107608091,1.1960721963687972,79,24
7,50-60-80-90-110-120-130,50|60|80|90|110|120|130,"[50, 60, 80, 90, 110, 120, 130]","[0, 1, 3, 4, 5, 6, 7]",0.035047605076474045,3.730106447433088,3.730106447433088,182.70568542729154,48.16491310023804,0.45932276150394336,338.47755264419317,14.995514871094462,2,0.9093246094504488,0.8443580663703925,0.8443580663703925,1.1961602119826011,80,25
6,50-60-70-110-120-130,50|60|70|110|120|130,"[50, 60, 70, 110, 120, 130]","[0, 1, 2, 5, 6, 7]",0.03457237023288204,3.7306553888339553,3.7306553888339553,171.06837190654306,45.13562215979949,0.42410109270882246,318.13110308334944,13.887581757572024,2,0.8521334172729952,0.7796112202510949,0.7796112202510949,1.1963362449917607,81,29
7,50-70-80-90-110-120-140,50|70|80|90|110|120|140,"[50, 70, 80, 90, 110, 120, 140]","[0, 2, 3, 4, 5, 6, 8]",0.03836755143157131,3.733992766982664,3.733992766982664,173.80401264722587,45.67928720748541,0.4777694640749414,318.3674267159678,15.710635938491297,2,0.8623974865993533,0.8782680386581994,0.8623974865993533,1.1974064661798376,82,26
5,50-60-80-120-140,50|60|80|120|140,"[50, 60, 80, 120, 140]","[0, 1, 3, 6, 8]",0.034386936867192706,3.7365925334348242,3.7365925334348242,161.95979760621165,42.698344346736945,0.39850046757595514,300.790220139141,13.172918350298307,2,0.8061190771064729,0.7325504252138876,0.7325504252138876,1.1982401520905068,83,16
4,50-60-120-140,50|60|120|140,"[50, 60, 120, 140]","[0, 1, 6, 8]",0.036185022726822745,3.736607741316857,3.736607741316857,145.37039002774392,38.32598882543974,0.37640169558508496,270.250283864568,12.486854812737432,2,0.7235716329014412,0.6919269727068184,0.6919269727068184,1.1982450289120272,84,3
6,50-60-90-110-120-130,50|60|90|110|120|130,"[50, 60, 90, 110, 120, 130]","[0, 1, 4, 5, 6, 7]",0.03654378097113568,3.7366940330843543,3.7366940330843543,168.5245109456761,44.33499366695219,0.44028742091579276,311.6528726668972,14.396570129720942,2,0.837018032551795,0.8093660199952322,0.8093660199952322,1.198272700717204,85,30
7,60-80-90-110-120-130-140,60|80|90|110|120|130|140,"[60, 80, 90, 110, 120, 130, 140]","[1, 3, 4, 5, 6, 7, 8]",0.044523268798146366,3.7404628575158956,3.7404628575158956,167.24221655708212,43.70348477856096,0.5318379559171883,304.70243459600914,17.51377353534406,2,0.8250955243121196,0.9776603854994542,0.8250955243121196,1.199481276905173,86,27
6,50-70-80-110-120-140,50|70|80|110|120|140,"[50, 70, 80, 110, 120, 140]","[0, 2, 3, 5, 6, 8]",0.03885185345383343,3.741477247831907,3.741477247831907,162.94956621404017,42.75440280771778,0.4517717802486519,298.20701243277983,14.891308566328837,2,0.8071774271554328,0.8304773435622278,0.8071774271554328,1.1998065687842476,87,31
6,60-80-110-120-130-140,60|80|110|120|130|140,"[60, 80, 110, 120, 130, 140]","[1, 3, 5, 6, 7, 8]",0.04584625096550834,3.745939869265696,3.745939869265696,155.77682746941892,40.63663693578193,0.5086115334720129,283.5721733863748,16.78270695308484,2,0.7671952803923353,0.934964009904443,0.7671952803923353,1.2012376298747194,88,32
6,50-60-80-110-120-130,50|60|80|110|120|130,"[50, 60, 80, 110, 120, 130]","[0, 1, 3, 5, 6, 7]",0.03525995415994763,3.7574064747832066,3.7574064747832066,173.38709249036683,45.400446403247265,0.4322169361121656,319.58826247898963,14.134795912039886,2,0.8571331398146926,0.7945303107411333,0.7945303107411333,1.204914709196674,89,33
5,50-60-110-120-130,50|60|110|120|130,"[50, 60, 110, 120, 130]","[0, 1, 5, 6, 7]",0.03694383532861396,3.760723009308353,3.760723009308353,157.96049954155734,41.31504983791423,0.4119309330983289,291.0276909709216,13.497711684792261,2,0.7800033082194332,0.7572392123791375,0.7572392123791375,1.2059782463092346,90,17
6,50-70-90-110-120-140,50|70|90|110|120|140,"[50, 70, 90, 110, 120, 140]","[0, 2, 4, 5, 6, 8]",0.040806778919195645,3.7656102391986677,3.7656102391986677,159.82336409809588,41.621269674039844,0.45949893860979574,289.6865164126108,15.140008151998215,2,0.7857845546697569,0.8446819270037066,0.7857845546697569,1.207545469664383,91,34
5,50-70-110-120-140,50|70|110|120|140,"[50, 70, 110, 120, 140]","[0, 2, 5, 6, 8]",0.041683258518650984,3.7689717056925724,3.7689717056925724,147.50229433764213,38.38843274919927,0.4324041572534985,267.37217817418997,14.287996222997004,2,0.7247505366496327,0.7948744732650238,0.7247505366496327,1.2086234154363296,92,18
6,50-70-80-90-130-140,50|70|80|90|130|140,"[50, 70, 80, 90, 130, 140]","[0, 2, 3, 4, 7, 8]",0.037868213983262906,3.7803096939964336,3.7803096939964336,164.52870664759274,42.76394912069898,0.4356394923050174,298.0587195982903,14.409993666539817,2,0.807357655806635,0.8008218842733881,0.8008218842733881,1.212259250146177,93,35
5,50-90-110-130-140,50|90|110|130|140,"[50, 90, 110, 130, 140]","[0, 4, 5, 7, 8]",0.045282096130505906,3.7875734417409492,3.7875734417409492,143.3865884819819,37.052456119965655,0.45235098025900083,256.8614927536123,14.97485946566004,2,0.6995281008884691,0.8315420680691925,0.6995281008884691,1.214588568669472,94,19
4,50-110-130-140,50|110|130|140,"[50, 110, 130, 140]","[0, 5, 7, 8]",0.04720749013566308,3.7880847246095675,3.7880847246095675,129.2056132680646,33.38002672531324,0.42480052962285536,231.4031770091997,14.112880827176017,2,0.6301948412586464,0.7808969723404257,0.6301948412586464,1.214752525444735,95,4
5,50-70-90-130-140,50|70|90|130|140,"[50, 70, 90, 130, 140]","[0, 2, 4, 7, 8]",0.04036205831667056,3.7953227679856796,3.7953227679856796,148.4082678551357,38.39906449241882,0.41552061445474087,267.2067733537062,13.785633199838001,2,0.7249512575713289,0.7638380066541298,0.7249512575713289,1.217073601162311,96,20
5,50-70-80-130-140,50|70|80|130|140,"[50, 70, 80, 130, 140]","[0, 2, 3, 7, 8]",0.03840018432657104,3.799882872747349,3.799882872747349,153.15166052271746,39.62444982657018,0.4069592705447964,276.4210632330851,13.5120282228658,2,0.7480857961530664,0.7480999670985382,0.7480857961530664,1.2185359229365689,97,21
6,60-80-90-120-130-140,60|80|90|120|130|140,"[60, 80, 90, 120, 130, 140]","[1, 3, 4, 6, 7, 8]",0.044546368275809,3.8026639620444067,3.8026639620444067,159.37548649949383,41.003746005920284,0.49062505017190283,285.92818167864743,16.181867129724424,2,0.7741260789828891,0.9019000437069961,0.7741260789828891,1.219427754955304,98,36
5,60-80-120-130-140,60|80|120|130|140,"[60, 80, 120, 130, 140]","[1, 3, 6, 7, 8]",0.04594415322193821,3.804197036938646,3.804197036938646,146.686250048389,37.71801779227893,0.4653461297601621,263.29551638490653,15.38765131622952,2,0.7120935052209117,0.8554306279765388,0.7120935052209117,1.2199193771693941,99,22
4,50-70-130-140,50|70|130|140,"[50, 70, 130, 140]","[0, 2, 7, 8]",0.04140287243936899,3.809344300533543,3.809344300533543,135.178845545515,34.868751534197294,0.3853458987240228,242.8354661008887,12.844090934989522,2,0.658301070841172,0.7083688099083756,0.658301070841172,1.2215699874132488,100,5
6,50-80-90-110-120-140,50|80|90|110|120|140,"[50, 80, 90, 110, 120, 140]","[0, 3, 4, 5, 6, 8]",0.0418973214000382,3.832853359123625,3.832853359123625,163.88038560718795,41.908307471682676,0.4670000188532111,291.28600473861536,15.367087402769094,2,0.7912036557630339,0.8584709184076629,0.7912036557630339,1.2291088072573784,101,37
5,50-80-110-120-140,50|80|110|120|140,"[50, 80, 110, 120, 140]","[0, 3, 5, 6, 8]",0.04280743329274144,3.8343219178521095,3.8343219178521095,151.36417090558223,38.69945625976856,0.44036700402673096,269.10433000403697,14.528398551462885,2,0.7306224735861686,0.8095123150350153,0.7306224735861686,1.2295797406059914,102,23
5,50-80-90-130-140,50|80|90|130|140,"[50, 80, 90, 130, 140]","[0, 3, 4, 7, 8]",0.04139326650067,3.850110171349626,3.850110171349626,151.86137630077408,38.71000258014568,0.4238008070570608,268.9399905023605,14.034643248841343,2,0.7308215817759437,0.7790592149216614,0.7308215817759437,1.234642674041422,103,24
4,50-80-130-140,50|80|130|140,"[50, 80, 130, 140]","[0, 3, 7, 8]",0.0424564497718073,3.858985026642875,3.858985026642875,138.38672951110607,35.21087870836982,0.3942603260395287,244.74133766437316,13.110995398826596,2,0.6647602262514467,0.7247559111839028,0.6647602262514467,1.2374886380744843,104,6
7,60-70-80-90-110-130-140,60|70|80|90|110|130|140,"[60, 70, 80, 90, 110, 130, 140]","[1, 2, 3, 4, 5, 7, 8]",0.040672589804322076,3.859798544517446,3.859798544517446,178.08366497410714,45.23637800645514,0.48583868910603,317.22192619971753,16.024996070875066,2,0.854035627097797,0.8931014321134877,0.854035627097797,1.2377495147349795,105,28
6,60-70-80-110-130-140,60|70|80|110|130|140,"[60, 70, 80, 110, 130, 140]","[1, 2, 3, 5, 7, 8]",0.041266264952485365,3.862554396189724,3.862554396189724,166.53594228982584,42.280865350694334,0.4602969828913124,296.98376105806864,15.222597948358406,2,0.7982373245900682,0.8461489458037613,0.7982373245900682,1.2386332536220488,106,38
6,60-90-110-120-130-140,60|90|110|120|130|140,"[60, 90, 110, 120, 130, 140]","[1, 4, 5, 6, 7, 8]",0.04959120390098978,3.8865811340161156,3.8865811340161156,157.10479669316263,39.4427102426433,0.5154873666107106,274.5979480008216,17.003765132995575,2,0.7446546620444662,0.9476036299282078,0.7446546620444662,1.24633808141093,107,39
4,50-90-130-140,50|90|130|140,"[50, 90, 130, 140]","[0, 4, 7, 8]",0.04544120092865357,3.8873800437926875,3.8873800437926875,134.13487244298443,33.82598275364803,0.403091475776018,234.2843953167526,13.392795689213136,2,0.6386142230283935,0.7409899259993552,0.6386142230283935,1.2465942735869888,108,7
3,50-130-140,50|130|140,"[50, 130, 140]","[0, 7, 8]",0.047709886318862346,3.88965215115094,3.88965215115094,118.03243755476947,29.758003778995995,0.3719096912825311,206.0552881128592,12.421512210629198,2,0.561813225076218,0.6836694675602999,0.561813225076218,1.2473228866862651,109,1
5,50-90-110-120-140,50|90|110|120|140,"[50, 90, 110, 120, 140]","[0, 4, 5, 6, 8]",0.04570799866299203,3.8972555419955497,3.8972555419955497,149.06538095500758,37.44381183368358,0.4482907888747788,259.6304988904642,14.783204676087747,2,0.7069166615361784,0.8240783505406937,0.7069166615361784,1.2497611210188895,110,25
4,50-110-120-140,50|110|120|140,"[50, 110, 120, 140]","[0, 5, 6, 8]",0.047473819232509526,3.897464503713593,3.897464503713593,134.62878773445766,33.81391317633835,0.4204743892516534,234.4730257928368,13.909354036795056,2,0.6383863566632968,0.772944369454571,0.6383863566632968,1.2498281302843015,111,8
6,50-70-80-90-120-140,50|70|80|90|120|140,"[50, 70, 80, 90, 120, 140]","[0, 2, 3, 4, 6, 8]",0.03840017601530052,3.9002777727086997,3.9002777727086997,171.08057686623647,43.10347879826005,0.43142205472653566,300.4482814446931,14.210722780652366,2,0.8137677720421302,0.7930691061895306,0.7930691061895306,1.2507302815995451,112,40
5,60-110-120-130-140,60|110|120|130|140,"[60, 110, 120, 130, 140]","[1, 5, 6, 7, 8]",0.0520667180719525,3.9106690227316165,3.9106690227316165,144.4404985213146,36.0148451467692,0.4914888663660903,250.94548594585018,16.249769780642442,2,0.6799386293783729,0.903487968871069,0.6799386293783729,1.2540625188976873,113,26
6,60-70-90-110-130-140,60|70|90|110|130|140,"[60, 70, 90, 110, 130, 140]","[1, 2, 4, 5, 7, 8]",0.04364449677098749,3.914747661277694,3.914747661277694,164.3985200479238,41.134689796303405,0.4678833675322705,288.4271309349828,15.4659711729435,2,0.7765982190405757,0.8600947495022494,0.7765982190405757,1.2553704454184529,114,41
5,60-70-110-130-140,60|70|110|130|140,"[60, 70, 110, 130, 140]","[1, 2, 5, 7, 8]",0.044731638416699845,3.914909339162188,3.914909339162188,151.30888608257925,37.860327313676954,0.44130366669666043,266.0071685682976,14.632950951469892,2,0.714780223448702,0.8112341515018898,0.714780223448702,1.2554222918349867,115,27
5,50-70-90-120-140,50|70|90|120|140,"[50, 70, 90, 120, 140]","[0, 2, 4, 6, 8]",0.04080734319889098,3.9154578113664997,3.9154578113664997,154.59122200725906,38.77683192329232,0.41109682933043645,269.86965227790284,13.57720174407489,2,0.7320832796062746,0.7557059066002035,0.7320832796062746,1.2555981743834934,116,28
5,50-70-80-120-140,50|70|80|120|140,"[50, 70, 80, 120, 140]","[0, 2, 3, 6, 8]",0.038856597790108215,3.922969534671656,3.922969534671656,159.55681108451734,39.99064345784773,0.40244138695100107,278.99601017470934,13.299309424716624,2,0.7549993118081597,0.7397948888941548,0.7397948888941548,1.2580070130232683,117,29
5,60-90-120-130-140,60|90|120|130|140,"[60, 90, 120, 130, 140]","[1, 4, 6, 7, 8]",0.049786399252429114,3.925104623892371,3.925104623892371,146.41281151788812,36.42856016936756,0.472851513307565,253.60478007242745,15.628454467886895,2,0.6877493203385147,0.8692275300040009,0.6877493203385147,1.2586916875254155,118,30
4,50-70-120-140,50|70|120|140,"[50, 70, 120, 140]","[0, 2, 6, 8]",0.04172305434687456,3.932258215828333,3.932258215828333,141.18263104230866,35.28433609504235,0.3805715224660372,245.76255428956864,12.620118716759938,2,0.6661470575597113,0.6995922295967055,0.6661470575597113,1.2609856815888947,119,9
4,60-120-130-140,60|120|130|140,"[60, 120, 130, 140]","[1, 6, 7, 8]",0.05257118474525521,3.9401233267882896,3.9401233267882896,131.9580615812482,32.68610829808098,0.4465676144368663,227.7827656911762,14.8045796387678,2,0.6170940784373733,0.8209106951176297,0.6170940784373733,1.2635078436037623,120,10
7,50-60-70-80-90-110-140,50|60|70|80|90|110|140,"[50, 60, 70, 80, 90, 110, 140]","[0, 1, 2, 3, 4, 5, 8]",0.033206059116465195,3.944920175039581,3.944920175039581,198.05917847259212,49.46543883275223,0.4222497294347965,348.96988128607506,13.912097753585797,2,0.9338777535895769,0.7762079194673772,0.7762079194673772,1.265046083625052,121,29
6,50-60-70-90-110-140,50|60|70|90|110|140,"[50, 60, 70, 90, 110, 140]","[0, 1, 2, 4, 5, 8]",0.03414191036846258,3.945114541330573,3.945114541330573,183.16050178125067,45.7445346288708,0.40146039379848036,323.0177045338908,13.2643216621162,2,0.8636293186976579,0.737991561145552,0.737991561145552,1.2651084124693122,122,42
7,50-60-70-80-90-120-130,50|60|70|80|90|120|130,"[50, 60, 70, 80, 90, 120, 130]","[0, 1, 2, 3, 4, 6, 7]",0.03351138828230411,3.947527282656021,3.947527282656021,197.18154694800302,49.208358063691186,0.42309971747943165,346.39383209071065,13.808067676305138,2,0.9290242231900276,0.7777704247946903,0.7777704247946903,1.2658821236799649,123,30
6,50-60-70-90-120-130,50|60|70|90|120|130,"[50, 60, 70, 90, 120, 130]","[0, 1, 2, 4, 6, 7]",0.034487011818944036,3.9475804783480455,3.9475804783480455,182.18388661483579,45.466419617335724,0.4023543024651867,320.2329563115172,13.155170018064412,2,0.8583786744429879,0.739634804321354,0.739634804321354,1.265899182327257,124,43
6,50-60-80-90-110-140,50|60|80|90|110|140,"[50, 60, 80, 90, 110, 140]","[0, 1, 3, 4, 5, 8]",0.03481402427521178,3.963599140841091,3.963599140841091,185.15652235291043,46.005853913104424,0.4100246222048154,324.45291832198836,13.522934502461263,2,0.8685628697160741,0.7537349031768729,0.7537349031768729,1.2710360026816856,125,44
5,50-60-90-110-140,50|60|90|110|140,"[50, 60, 90, 110, 140]","[0, 1, 4, 5, 8]",0.03615655497906644,3.963668069181393,3.963668069181393,168.9586093408176,41.979416429592185,0.3885817862371751,296.36152855116256,12.855563885283887,2,0.7925461501477932,0.7143172364889597,0.7143172364889597,1.2710581064310849,126,31
6,50-60-80-90-120-130,50|60|80|90|120|130,"[50, 60, 80, 90, 120, 130]","[0, 1, 3, 4, 6, 7]",0.03517882630927676,3.96808319923758,3.96808319923758,184.27600852562063,45.729328211571136,0.41089989989974146,321.68059480379753,13.415887097242322,2,0.8633422306789713,0.7553438976443038,0.7553438976443038,1.2724739381180261,127,45
5,50-60-90-120-130,50|60|90|120|130,"[50, 60, 90, 120, 130]","[0, 1, 4, 6, 7]",0.0365835279797706,3.968354897121292,3.968354897121292,167.9631022084277,41.676183464621666,0.3895052522350496,293.3238218605022,12.742911435645745,2,0.7868212940295963,0.7160148139435825,0.7160148139435825,1.2725610654434139,128,32
5,50-80-90-120-140,50|80|90|120|140,"[50, 80, 90, 120, 140]","[0, 3, 4, 6, 8]",0.04189732168625902,3.9741095428059623,3.9741095428059623,158.24700780607594,39.08476480509007,0.41946435618644473,271.5858758954652,13.829965133762355,2,0.7378968673292493,0.7710876585806806,0.7378968673292493,1.2744064492948042,129,33
7,60-70-80-90-110-120-140,60|70|80|90|110|120|140,"[60, 70, 80, 90, 110, 120, 140]","[1, 2, 3, 4, 5, 6, 8]",0.04135656946385208,3.9819960002124124,3.9819960002124124,185.0035770999465,45.55748495315804,0.482060632992322,319.46818301101024,15.846047568728164,2,0.8600979332478105,0.8861563546599682,0.8600979332478105,1.276935456629054,130,31
4,50-80-120-140,50|80|120|140,"[50, 80, 120, 140]","[0, 3, 6, 8]",0.04283646032490496,3.9851143368743203,3.9851143368743203,144.55676193972704,35.62247211424066,0.38959520882255216,247.64590014018813,12.891661057710394,2,0.6725308623629864,0.716180178207335,0.6725308623629864,1.277935436199371,131,11
6,60-70-80-110-120-140,60|70|80|110|120|140,"[60, 70, 80, 110, 120, 140]","[1, 2, 3, 5, 6, 8]",0.041887764578530176,3.9855988355497614,3.9855988355497614,173.21344496153955,42.62424327677697,0.4563074999466233,299.3819029712606,15.03410166176217,2,0.8047200934446321,0.8388152092957646,0.8047200934446321,1.2780908038936951,132,46
7,50-70-80-90-110-120-130,50|70|80|90|110|120|130,"[50, 70, 80, 90, 110, 120, 130]","[0, 2, 3, 4, 5, 6, 7]",0.03965895491435624,3.9880125195844376,3.9880125195844376,185.97582973252182,45.781675462718255,0.46274598486469753,319.26645737699437,15.106664739774486,2,0.8643305153169212,0.8506508663356638,0.8506508663356638,1.2788648174097341,133,32
6,50-70-80-110-120-130,50|70|80|110|120|130,"[50, 70, 80, 110, 120, 130]","[0, 2, 3, 5, 6, 7]",0.04003297872518628,4.0004285933397465,4.0004285933397465,174.60062332166663,42.86377827296965,0.4358531027020209,299.16663362813904,14.252659709182353,2,0.8092423701984448,0.8012145573061372,0.8012145573061372,1.2828463695784027,134,47
6,60-80-90-110-130-140,60|80|90|110|130|140,"[60, 80, 90, 110, 130, 140]","[1, 3, 4, 5, 7, 8]",0.04498614515783721,4.003160925570352,4.003160925570352,169.38123836005246,41.4250992817163,0.47525213165088315,290.033564651915,15.688333012914136,2,0.7820809755723732,0.8736405084852339,0.7820809755723732,1.2837225663160097,135,48
5,60-80-110-130-140,60|80|110|130|140,"[60, 80, 110, 130, 140]","[1, 3, 5, 7, 8]",0.046131406159317385,4.003245010506772,4.003245010506772,156.10184464643078,38.17565363108664,0.4491087499317819,267.7481512448471,14.86777663101971,2,0.7207333947921502,0.8255819817001774,0.7207333947921502,1.2837495304407043,136,34
4,50-90-120-140,50|90|120|140,"[50, 90, 120, 140]","[0, 4, 6, 8]",0.04579909003586034,4.011836058919013,4.011836058919013,140.1515559710166,34.254220898517254,0.3985297478131095,237.31697660183042,13.178152406609982,2,0.6466991018077777,0.7326042501198112,0.6466991018077777,1.2865044840686393,137,12
6,60-70-80-90-130-140,60|70|80|90|130|140,"[60, 70, 80, 90, 130, 140]","[1, 2, 3, 4, 7, 8]",0.04070550129172101,4.0120957051370985,4.0120957051370985,174.24571180634544,42.63381873432184,0.4403414133763423,299.2341923831256,14.557508695800223,2,0.8049008723276787,0.8094652725762254,0.8049008723276787,1.2865877466992484,138,49
3,50-120-140,50|120|140,"[50, 120, 140]","[0, 6, 8]",0.04782700227406613,4.015391261250656,4.015391261250656,123.80465456882266,30.24389738484546,0.36696054354461616,209.49690034406404,12.18977809796572,2,0.570986604304662,0.6745716105316506,0.570986604304662,1.2876445565128412,139,2
6,50-60-70-80-120-130,50|60|70|80|120|130,"[50, 60, 70, 80, 120, 130]","[0, 1, 2, 3, 6, 7]",0.03357473980493101,4.0161207638664065,4.0161207638664065,189.45261865714386,46.50595857505883,0.3935066092936106,327.96080677548105,12.868167009299617,2,0.8780045451421176,0.7233703782482158,0.7233703782482158,1.2878784913926618,140,50
6,50-60-70-80-110-140,50|60|70|80|110|140,"[50, 60, 70, 80, 110, 140]","[0, 1, 2, 3, 5, 8]",0.03326385193371174,4.01637102622526,4.01637102622526,190.550628735563,46.77789348161584,0.39259255550040467,330.68048311800067,12.979732398286618,2,0.8831385127294001,0.7216901029427578,0.7216901029427578,1.2879587448332634,141,51
5,50-60-70-120-130,50|60|70|120|130,"[50, 60, 70, 120, 130]","[0, 1, 2, 6, 7]",0.03464459891997534,4.018258386646096,4.018258386646096,173.30400268616464,42.52689728254692,0.3711105837062942,300.1978517217455,12.164928583020332,2,0.8028822595841082,0.6822004941402062,0.6822004941402062,1.2885639783494889,142,35
5,50-60-70-110-140,50|60|70|110|140,"[50, 60, 70, 110, 140]","[0, 1, 2, 5, 8]",0.034287902843312255,4.019233310436308,4.019233310436308,174.53428447120794,42.82410685668303,0.37014122766237534,303.16668898921097,12.282883146146485,2,0.8084933977037557,0.6804185585091744,0.6804185585091744,1.288876614212299,143,36
6,50-70-90-110-120-130,50|70|90|110|120|130,"[50, 70, 90, 110, 120, 130]","[0, 2, 4, 5, 6, 7]",0.04202188096570769,4.0193665239587215,4.0193665239587215,170.978182513063,41.73361496047122,0.4438574774513447,290.67426821716236,14.512308045610933,2,0.7879055661516049,0.8159287386014724,0.7879055661516049,1.28891933275598,144,52
5,60-70-80-130-140,60|70|80|130|140,"[60, 70, 80, 130, 140]","[1, 2, 3, 7, 8]",0.041270326934996084,4.024593002987807,4.024593002987807,161.8065661984357,39.48397370493069,0.4119886417862199,277.6881447982942,13.669237310622103,2,0.7454336914107388,0.7573452963797668,0.7454336914107388,1.2905953455860308,145,37
5,50-70-110-120-130,50|70|110|120|130,"[50, 70, 110, 120, 130]","[0, 2, 5, 6, 7]",0.04273931619874288,4.026369259501012,4.026369259501012,157.9936192976122,38.51021029973108,0.41574456210039645,268.4420497498852,13.621089311670637,2,0.7270496236083638,0.7642496823142577,0.7270496236083638,1.2911649506086522,146,38
5,50-60-80-110-140,50|60|80|110|140,"[50, 60, 80, 110, 140]","[0, 1, 3, 5, 8]",0.03496528859500369,4.0272179417713705,4.0272179417713705,176.11646870969452,43.103135314435676,0.3794130617688076,304.69542181987543,12.561717509308254,2,0.8137612872739796,0.697462669043085,0.697462669043085,1.2914371036902665,147,39
4,50-60-110-140,50|60|110|140,"[50, 60, 110, 140]","[0, 1, 5, 8]",0.03649798901427049,4.028441663072392,4.028441663072392,158.4604168762399,38.77645011382244,0.356131836855192,274.5901663853214,11.840291889747466,2,0.7320760712729728,0.6546655518559674,0.6546655518559674,1.291829523250262,148,13
5,50-60-80-120-130,50|60|80|120|130,"[50, 60, 80, 120, 130]","[0, 1, 3, 6, 7]",0.03534205606886879,4.028503709119266,4.028503709119266,174.99014022751945,42.80786304339708,0.38035878899296777,301.74162613676947,12.446405739479864,2,0.8081867242723826,0.6992011685846515,0.6992011685846515,1.2918494200048527,149,40
4,50-60-120-130,50|60|120|130,"[50, 60, 120, 130]","[0, 1, 6, 7]",0.036949798040660016,4.029177863799442,4.029177863799442,157.17338370487641,38.44796415725351,0.3571392195562804,271.3088062359728,11.717882960779024,2,0.7258744538518977,0.6565173906518523,0.6565173906518523,1.2920656060618763,150,14
6,60-70-90-110-120-140,60|70|90|110|120|140,"[60, 70, 90, 110, 120, 140]","[1, 2, 4, 5, 6, 8]",0.04429123336839806,4.0392127102885835,4.0392127102885835,171.05303456914856,41.48755529978152,0.4639591228352238,290.8958221664295,15.280477374779682,2,0.7832601076537867,0.8528809383392374,0.7832601076537867,1.2952835528612026,151,53
5,60-70-110-120-140,60|70|110|120|140,"[60, 70, 110, 120, 140]","[1, 2, 5, 6, 8]",0.04528012286060127,4.0396266735892405,4.0396266735892405,157.67934334063827,38.24341674606332,0.4371408792238604,268.6819369146724,14.436757877964085,2,0.7220127216733816,0.8035818349266439,0.7220127216733816,1.295416301466757,152,41
5,60-70-90-130-140,60|70|90|130|140,"[60, 70, 90, 130, 140]","[1, 2, 4, 7, 8]",0.04364575912895282,4.045895265103983,4.045895265103983,157.79001982863744,38.254088792784245,0.4204475878339021,268.51733889771083,13.939756980631232,2,0.7222142035009591,0.7728951012815888,0.7222142035009591,1.2974264960445194,153,42
4,60-70-130-140,60|70|130|140,"[60, 70, 130, 140]","[1, 2, 7, 8]",0.044781958343462776,4.0519113507146765,4.0519113507146765,143.3269531497914,34.7090332482319,0.3906536250208441,244.27682075679033,13.009374078135405,2,0.6552856856020183,0.718125830218306,0.6552856856020183,1.299355717727816,154,15
6,50-80-90-110-120-130,50|80|90|110|120|130,"[50, 80, 90, 110, 120, 130]","[0, 3, 4, 5, 6, 7]",0.04324797226684735,4.096012077817422,4.096012077817422,175.52131780832218,42.019885334574774,0.4516184266777006,292.26835095318427,14.749054654874529,2,0.7933101787497258,0.8301954386894637,0.7933101787497258,1.313497816840325,155,54
5,50-80-110-120-130,50|80|110|120|130,"[50, 80, 110, 120, 130]","[0, 3, 5, 6, 7]",0.044000166566539704,4.099906547884854,4.099906547884854,162.27020485135358,38.82025815462151,0.4240203815165269,270.16734228849845,13.873053104428033,2,0.7329031407521079,0.7794628514961086,0.7329031407521079,1.31474668472307,156,43
5,60-90-110-130-140,60|90|110|130|140,"[60, 90, 110, 130, 140]","[1, 4, 5, 7, 8]",0.04982972275945811,4.11562984596361,4.11562984596361,155.36858898599957,36.902190449826435,0.4568809499418644,258.22456897480384,15.116863364297819,2,0.6966911753545479,0.8398693637373091,0.6966911753545479,1.3197887884345854,157,44
4,60-110-130-140,60|110|130|140,"[60, 110, 130, 140]","[1, 5, 7, 8]",0.052133162043769526,4.122791852040602,4.122791852040602,140.13564131112034,33.21315010136659,0.42962109241325647,232.91528909146393,14.263468974995314,2,0.6270443109009792,0.7897584558497405,0.6270443109009792,1.322085480721523,158,16
5,60-80-90-130-140,60|80|90|130|140,"[60, 80, 90, 130, 140]","[1, 3, 4, 7, 8]",0.04498626469150875,4.126996555823894,4.126996555823894,162.36171656226279,38.56619575778983,0.42863261324905916,270.24215077226376,14.186061929965954,2,0.7281065954060337,0.787941366809789,0.7281065954060337,1.3234338334936557,159,45
4,60-80-130-140,60|80|130|140,"[60, 80, 130, 140]","[1, 3, 7, 8]",0.046169255998242634,4.129615519588587,4.129615519588587,147.62828618801774,35.05271936510508,0.3994496185594586,246.17153353780756,13.272955296641122,2,0.6617742729134671,0.7342952185406987,0.6617742729134671,1.3242736755453768,160,17
6,60-80-90-110-120-140,60|80|90|110|120|140,"[60, 80, 90, 110, 120, 140]","[1, 3, 4, 5, 6, 8]",0.04571587758376393,4.134592881952625,4.134592881952625,176.3928582705699,41.775511853409704,0.47138923480219713,292.4886974212745,15.505499579275929,2,0.7886965543078418,0.8665394710729679,0.7886965543078418,1.3258698023327449,161,55
5,60-80-110-120-140,60|80|110|120|140,"[60, 80, 110, 120, 140]","[1, 3, 5, 6, 8]",0.046762494146147214,4.134597105911418,4.134597105911418,162.79653232360766,38.555610101190474,0.4450189785997675,270.4056988850842,14.674723385083968,2,0.7279067445720262,0.8180638883174547,0.7279067445720262,1.32587115686016,162,46
6,60-70-80-90-120-140,60|70|80|90|120|140,"[60, 70, 80, 90, 120, 140]","[1, 2, 3, 4, 6, 8]",0.0414289692242394,4.153861938438637,4.153861938438637,181.82268194576886,42.97437655144441,0.4361694422847242,301.61444160662916,14.36028495215654,2,0.8113303992201241,0.8017960740537359,0.8017960740537359,1.3320489500369275,163,56
5,50-90-110-120-130,50|90|110|120|130,"[50, 90, 110, 120, 130]","[0, 4, 5, 6, 7]",0.04697130383920936,4.16137456495876,4.16137456495876,159.60937671804703,37.56865146669522,0.43224393239918785,260.73213911296085,14.139673916439307,2,0.709273558771641,0.794579937135947,0.709273558771641,1.334458078317178,164,47
4,50-110-120-130,50|110|120|130,"[50, 110, 120, 130]","[0, 5, 6, 7]",0.04849500789895569,4.161486820138001,4.161486820138001,144.23783525203928,33.952102330881765,0.40332232485010433,235.69228293849028,13.223364461778944,2,0.6409952848414493,0.7414142883304984,0.6409952848414493,1.3344940759973756,165,18
5,60-70-80-120-140,60|70|80|120|140,"[60, 70, 80, 120, 140]","[1, 2, 3, 6, 8]",0.04191282055947147,4.168965442019867,4.168965442019867,169.14954091745554,39.85145818719788,0.40752651816728047,280.2514500515844,13.459003422725543,2,0.7523715775566406,0.7491427199203352,0.7491427199203352,1.3368922997643424,166,48
5,60-70-90-120-140,60|70|90|120|140,"[60, 70, 90, 120, 140]","[1, 2, 4, 6, 8]",0.04429472304266961,4.1888374851922645,4.1888374851922645,164.95793956025673,38.63327386438462,0.4160761903354233,271.1673482984362,13.733664811618626,2,0.7293729897407446,0.7648593036932729,0.7293729897407446,1.3432648115702668,167,49
6,50-70-80-90-110-140,50|70|80|90|110|140,"[50, 70, 80, 90, 110, 140]","[0, 2, 3, 4, 5, 8]",0.0392540866997325,4.193819899850068,4.193819899850068,185.56150325805527,43.504500324611044,0.41385581799340704,304.3578705565349,13.646084085501885,2,0.8213388174226427,0.7607776655632822,0.7607776655632822,1.3448625585132166,168,57
4,60-70-120-140,60|70|120|140,"[60, 70, 120, 140]","[1, 2, 6, 8]",0.04529400640264835,4.196758752137257,4.196758752137257,150.20863425648872,35.12650749990938,0.38594491419193344,247.1868415865666,12.788296930541453,2,0.6631673485476609,0.7094699605253294,0.6631673485476609,1.3458049815309965,169,19
5,50-70-90-110-140,50|70|90|110|140,"[50, 70, 90, 110, 140]","[0, 2, 4, 5, 8]",0.04139234004497899,4.204378942303991,4.204378942303991,167.7843510742484,39.22211567456925,0.39262227632683316,274.21555894448284,12.985044324889534,2,0.7404899691892467,0.7217447377695884,0.7217447377695884,1.348248603023745,170,50
4,60-90-130-140,60|90|130|140,"[60, 90, 130, 140]","[1, 4, 7, 8]",0.04994669187854702,4.206119591552003,4.206119591552003,144.64249041680475,33.661317037860755,0.40816850799858334,235.7780300442465,13.551388059220628,2,0.6355054332878926,0.7503228689092802,0.6355054332878926,1.3488067896071125,171,20
3,60-130-140,60|130|140,"[60, 130, 140]","[1, 7, 8]",0.052577514210364114,4.206557112782271,4.206557112782271,127.09084362956722,29.570694012552714,0.37740642753981946,207.75197549453674,12.592343211546916,2,0.558276929269708,0.6937739387220501,0.558276929269708,1.348947092704335,172,3
6,50-70-80-90-120-130,50|70|80|90|120|130,"[50, 70, 80, 90, 120, 130]","[0, 2, 3, 4, 6, 7]",0.03978699030133867,4.207886819450223,4.207886819450223,184.96320099398548,43.21197071300697,0.41472300998426415,301.40076681285757,13.540010336653497,2,0.8158160341826736,0.7623717963443793,0.7623717963443793,1.3493734993584685,173,58
5,50-70-90-120-130,50|70|90|120|130,"[50, 70, 90, 120, 130]","[0, 2, 4, 6, 7]",0.042046385358815136,4.221068834917443,4.221068834917443,167.0916841381566,38.89739351675098,0.39353626108845435,270.929661781255,12.873524970552612,2,0.7343594100263248,0.7234248861765334,0.7234248861765334,1.3536006715954643,174,51
5,50-70-80-110-140,50|70|80|110|140,"[50, 70, 80, 110, 140]","[0, 2, 3, 5, 8]",0.039542529108888905,4.232568459506769,4.232568459506769,173.89477526426555,40.422558406844175,0.3835501514972605,283.20190190047356,12.694195527657202,2,0.7631536064394949,0.7050677462922065,0.7050677462922065,1.3572883393819841,175,52
4,50-70-110-140,50|70|110|140,"[50, 70, 110, 140]","[0, 2, 5, 8]",0.04203314259661461,4.2371036053273246,4.2371036053273246,154.10469473509522,35.77311892538778,0.3605361736284496,250.526997821736,11.980749782261132,2,0.675374983610049,0.6627619006398494,0.6627619006398494,1.3587426573920829,176,21
5,50-70-80-120-130,50|70|80|120|130,"[50, 70, 80, 120, 130]","[0, 2, 3, 6, 7]",0.04009939299469106,4.243394597534175,4.243394597534175,173.01311607053466,40.10755655188207,0.3844857027731818,280.02147436529856,12.580098137235968,2,0.7572065607520365,0.7067875397196881,0.7067875397196881,1.3607600353617937,177,53
4,50-70-120-130,50|70|120|130,"[50, 70, 120, 130]","[0, 2, 6, 7]",0.04273936414022755,4.249915730225876,4.249915730225876,153.068390810946,35.41678842099643,0.3615312841484946,246.92607295148525,11.859790655540506,2,0.668647677862261,0.6645911798851865,0.6645911798851865,1.3628512141452407,178,22
5,60-90-110-120-140,60|90|110|120|140,"[60, 90, 110, 120, 140]","[1, 4, 5, 6, 8]",0.05050452315266908,4.251600699888038,4.251600699888038,162.17156922158892,37.295123007031144,0.45286137444970176,260.9791131809604,14.927031937183095,2,0.7041095058595142,0.8324803090797965,0.7041095058595142,1.3633915455531187,179,54
4,60-110-120-140,60|110|120|140,"[60, 110, 120, 140]","[1, 5, 6, 8]",0.052630051281935396,4.257518401376943,4.257518401376943,146.57012008647618,33.64918839690238,0.42534398443501276,235.96546651376238,14.062121876853732,2,0.6352764518366091,0.7818959876142397,0.6352764518366091,1.3652892176885318,180,23
5,50-80-90-110-140,50|80|90|110|140,"[50, 80, 90, 110, 140]","[0, 3, 4, 5, 8]",0.04257472435458637,4.266195498675318,4.266195498675318,171.6746266587014,39.52657971354512,0.4013751298890288,275.9047508335911,13.249109574651351,2,0.7462380672447183,0.737834823278959,0.737834823278959,1.3680717652351198,181,55
5,60-80-90-120-140,60|80|90|120|140,"[60, 80, 90, 120, 140]","[1, 3, 4, 6, 8]",0.045723472633935905,4.276803932069387,4.276803932069387,169.86798583830387,38.94234193448679,0.42434554220518217,272.87541030388985,13.983600307491052,2,0.7352080091365935,0.7800605837953609,0.7352080091365935,1.3714736482956382,182,56
4,60-80-120-140,60|80|120|140,"[60, 80, 120, 140]","[1, 3, 6, 8]",0.046770014762447264,4.280645533074054,4.280645533074054,154.80193941977458,35.46614829669462,0.394845817777002,249.059417446627,13.056342013958892,2,0.6695795626473195,0.725832201567837,0.6695795626473195,1.3727055622736581,183,24
7,60-70-80-90-110-120-130,60|70|80|90|110|120|130,"[60, 70, 80, 90, 110, 120, 130]","[1, 2, 3, 4, 5, 6, 7]",0.04310151016417278,4.284741029844546,4.284741029844546,199.44379257288077,45.66014633843107,0.46717517013096954,320.3641246592155,15.247441146583487,2,0.8620361184963702,0.8587928932946164,0.8587928932946164,1.3740188948431715,184,33
5,50-80-90-120-130,50|80|90|120|130,"[50, 80, 90, 120, 130]","[0, 3, 4, 6, 7]",0.04328165584752568,4.287427981498911,4.287427981498911,171.16050925140001,39.20437945254236,0.4022692280262694,272.6392128770476,13.139831565481114,2,0.7401551199778682,0.7394784147522707,0.7394784147522707,1.3748805390631866,185,57
4,50-80-110-140,50|80|110|140,"[50, 80, 110, 140]","[0, 3, 5, 8]",0.043237053005715814,4.289909608204363,4.289909608204363,157.5943603729894,36.10667782435657,0.3700487474914814,252.37479153608618,12.266454000522009,2,0.6816723751345033,0.6802485552242993,0.6802485552242993,1.3756763402468495,186,25
6,60-70-80-110-120-130,60|70|80|110|120|130,"[60, 70, 80, 110, 120, 130]","[1, 2, 3, 5, 6, 7]",0.04350974603578766,4.291950275816871,4.291950275816871,186.92859660943137,42.73395188029754,0.44055274396317157,300.3377702504338,14.401786373375057,2,0.8067913259379219,0.8098537547082142,0.8067913259379219,1.3763307358890016,187,59
7,50-60-70-80-90-110-130,50|60|70|80|90|110|130,"[50, 60, 70, 80, 90, 110, 130]","[0, 1, 2, 3, 4, 5, 7]",0.034677677978775134,4.294908110236328,4.294908110236328,215.97843354111265,49.56000572343057,0.4051728269685678,349.7902663841954,13.226250484300472,2,0.9356631196454456,0.7448160060800045,0.7448160060800045,1.3772792460444214,188,34
4,50-90-110-140,50|90|110|140,"[50, 90, 110, 140]","[0, 4, 5, 8]",0.04604079584309039,4.295042378209998,4.295042378209998,152.1039785602617,34.75749290939214,0.37944381491138685,242.24758188694608,12.567206124349045,2,0.656200574877681,0.6975192015430595,0.656200574877681,1.3773223027266128,189,26
6,50-60-70-90-110-130,50|60|70|90|110|130,"[50, 60, 70, 90, 110, 130]","[0, 1, 2, 4, 5, 7]",0.03548528449926337,4.2959988273156675,4.2959988273156675,199.82712962170316,45.846777169193466,0.38345877678672724,323.9038280950891,12.543104365515601,2,0.8655595964053046,0.7048997751390931,0.7048997751390931,1.377629014178715,190,60
4,50-80-120-130,50|80|120|130,"[50, 80, 120, 130]","[0, 3, 6, 7]",0.04400075770643459,4.307722804640961,4.307722804640961,156.74134930635748,35.75367181031302,0.37101834515752746,248.80061147142115,12.148339919306594,2,0.6750078337662719,0.6820309350214147,0.6750078337662719,1.381388626779678,191,27
3,50-110-140,50|110|140,"[50, 110, 140]","[0, 5, 8]",0.04756255187028453,4.308842319283711,4.308842319283711,135.18818634513315,30.812740757795158,0.3461382517161116,215.06625676848898,11.526563191067858,2,0.5817260252783791,0.6362946699155362,0.5817260252783791,1.381747629636905,192,4
6,50-60-80-90-110-130,50|60|80|90|110|130,"[50, 60, 80, 90, 110, 130]","[0, 1, 3, 4, 5, 7]",0.036239876943309844,4.314142417295015,4.314142417295015,201.9072073925169,46.10751698653512,0.3924160757667093,325.33513277843804,12.816278536532698,2,0.8704822074370933,0.7213656859985405,0.7213656859985405,1.3834472503984232,193,61
5,50-60-90-110-130,50|60|90|110|130,"[50, 60, 90, 110, 130]","[0, 1, 4, 5, 7]",0.03742241847127748,4.314261518207556,4.314261518207556,184.31454288831452,42.090805791275045,0.3699540380928633,297.32710609275193,12.110027282246179,2,0.7946491143449548,0.6800744540227337,0.6800744540227337,1.3834854433494288,194,58
4,50-90-120-130,50|90|120|130,"[50, 90, 120, 130]","[0, 4, 6, 7]",0.046983728393137275,4.322487805656854,4.322487805656854,151.50634444959795,34.390640845354056,0.3803894656768544,238.5216966981049,12.45194518217824,2,0.6492746284078249,0.6992575605331026,0.6492746284078249,1.386123426441293,195,28
3,50-120-130,50|120|130,"[50, 120, 130]","[0, 6, 7]",0.048646634736391914,4.3326086777230035,4.3326086777230035,134.155501612747,30.398319976847088,0.34717463361326134,210.86062616353897,11.400786290680841,2,0.5739020100247963,0.6381998169886605,0.5739020100247963,1.3893689596845669,196,5
6,50-60-70-80-90-140,50|60|70|80|90|140,"[50, 60, 70, 80, 90, 140]","[0, 1, 2, 3, 4, 8]",0.03357906016066053,4.340684699844451,4.340684699844451,207.17936978979392,47.09715749007434,0.36899344507696613,332.7030650206573,12.192908769529314,2,0.8891660253130711,0.6783086271805886,0.6783086271805886,1.3919587561069757,197,62
6,60-70-90-110-120-130,60|70|90|110|120|130,"[60, 70, 90, 110, 120, 130]","[1, 2, 4, 5, 6, 7]",0.04600423297714952,4.344898150651989,4.344898150651989,184.41495768969068,41.60026169559692,0.4484732471039632,291.87948157791436,14.658793496372246,2,0.7853879366637575,0.8244137575583713,0.7853879366637575,1.3933099138506353,198,63
5,50-60-80-90-140,50|60|80|90|140,"[50, 60, 80, 90, 140]","[0, 1, 3, 4, 8]",0.035042210057340706,4.345718328828186,4.345718328828186,191.39341663240256,43.44940965078835,0.3549387543171508,306.8893084435775,11.746928020320679,2,0.8202987386135326,0.6524723471004654,0.6524723471004654,1.3935729263182226,199,59
5,60-70-110-120-130,60|70|110|120|130,"[60, 70, 110, 120, 130]","[1, 2, 5, 6, 7]",0.04681571077058701,4.346939438942431,4.346939438942431,170.1269664551883,38.365654598909096,0.42066891256016514,269.746613762859,13.777053966472277,2,0.7243204988631322,0.7733019553144599,0.7243204988631322,1.3939645085300691,200,60
5,50-60-70-90-140,50|60|70|90|140,"[50, 60, 70, 90, 140]","[0, 1, 2, 4, 8]",0.03435520692308532,4.352369767658637,4.352369767658637,190.36066922938326,43.17261925271704,0.3450098205715891,305.3715587144068,11.44826578625876,2,0.8150731022648898,0.6342203117102048,0.6342203117102048,1.395705891313604,201,61
4,50-60-90-140,50|60|90|140,"[50, 60, 90, 140]","[0, 1, 4, 8]",0.036232791035030715,4.355105860481899,4.355105860481899,172.81103496155302,39.16100111714751,0.32993504375449845,277.02257495464863,10.972059203511126,2,0.739336163078487,0.6065088406684315,0.6065088406684315,1.3965832939876563,202,29
4,60-90-120-140,60|90|120|140,"[60, 90, 120, 140]","[1, 4, 6, 8]",0.05055789428646435,4.358576865818709,4.358576865818709,151.76268801202892,34.09162367558485,0.40366415863992944,238.79164337564853,13.339296938385543,2,0.6436293639690934,0.7420426702483718,0.6436293639690934,1.397696366372582,203,30
3,60-120-140,60|120|140,"[60, 120, 140]","[1, 6, 8]",0.05291809902107652,4.358655362264766,4.358655362264766,133.81917161593103,30.059615508158842,0.37253031231976486,211.165936685773,12.36381138792671,2,0.5675074732368219,0.6848103349913667,0.5675074732368219,1.397721538395654,204,6
6,50-60-70-80-110-130,50|60|70|80|110|130,"[50, 60, 70, 80, 110, 130]","[0, 1, 2, 3, 5, 7]",0.03468713435272321,4.397032604783564,4.397032604783564,208.987235979118,46.87788227903556,0.374164536454593,331.5461269981348,12.241760130768073,2,0.8850262411256682,0.6878144759705362,0.6878144759705362,1.4100282463123095,205,64
5,50-60-70-110-130,50|60|70|110|130,"[50, 60, 70, 110, 130]","[0, 1, 2, 5, 7]",0.03553959268340827,4.403641293576175,4.403641293576175,191.63922372186912,42.93330474657553,0.3505348971519847,304.11066032776625,11.500280707444528,2,0.8105549882307158,0.644376879964511,0.644376879964511,1.4121475023438732,206,62
5,50-60-80-110-130,50|60|80|110|130,"[50, 60, 80, 110, 130]","[0, 1, 3, 5, 7]",0.036299385242883106,4.407052295032569,4.407052295032569,193.13673870522817,43.21162809157126,0.3603116111738881,305.63467161024266,11.797626233772325,2,0.8158095656959025,0.662349094796542,0.662349094796542,1.4132413328504962,207,63
4,50-60-110-130,50|60|110|130,"[50, 60, 110, 130]","[0, 1, 5, 7]",0.037609571849113656,4.411166289159535,4.411166289159535,173.97066078306165,38.897012890702534,0.33570831227092846,275.6320226095429,11.026320782679555,2,0.7343522240353082,0.6171216520719178,0.6171216520719178,1.4145605971010897,208,31
7,70-80-90-110-120-130-140,70|80|90|110|120|130|140,"[70, 80, 90, 110, 120, 130, 140]","[2, 3, 4, 5, 6, 7, 8]",0.05629293168298987,4.430961049828976,4.430961049828976,186.66304280130967,41.06211801661096,0.5347972126207873,283.2094468953831,17.609035088784637,2,0.7752281074597945,0.9831002906762915,0.7752281074597945,1.4209083261678561,209,35
6,60-80-90-110-120-130,60|80|90|110|120|130,"[60, 80, 90, 110, 120, 130]","[1, 3, 4, 5, 6, 7]",0.047643630258102754,4.457372547459403,4.457372547459403,190.58785506232297,41.88744345271138,0.4561556712278639,293.467017791613,14.893211714437468,2,0.7908097556253307,0.8385361075091006,0.7908097556253307,1.4293778921305458,210,65
5,60-80-110-120-130,60|80|110|120|130,"[60, 80, 110, 120, 130]","[1, 3, 5, 6, 7]",0.048513929610550406,4.457805229276805,4.457805229276805,175.9823449822044,38.67686128248697,0.4288497137925155,271.4636152449161,14.026216325041537,2,0.7301958939959726,0.7883404556650431,0.7301958939959726,1.4295166433382442,211,64
6,70-80-90-120-130-140,70|80|90|120|130|140,"[70, 80, 90, 120, 130, 140]","[2, 3, 4, 6, 7, 8]",0.056383134831934065,4.465520012503332,4.465520012503332,174.791109798637,38.17604144929383,0.4938313346973566,262.90481593175735,16.284921771835023,2,0.7207407165668008,0.9077940520798475,0.7207407165668008,1.4319905986716082,212,66
7,50-60-70-80-90-110-120,50|60|70|80|90|110|120,"[50, 60, 70, 80, 90, 110, 120]","[0, 1, 2, 3, 4, 5, 6]",0.0355983294133722,4.480767321331474,4.480767321331474,226.64902192617942,49.85327178250985,0.4006347984915858,351.8286514080734,13.008859533114075,2,0.9411998065710994,0.7364738961932393,0.7364738961932393,1.436880063467602,213,36
6,50-60-70-90-110-120,50|60|70|90|110|120,"[50, 60, 70, 90, 110, 120]","[0, 1, 2, 4, 5, 6]",0.03634197909442238,4.4821672212713555,4.4821672212713555,209.91810900991663,46.163638471377034,0.37866060732992235,326.10406214757637,12.31365874153783,2,0.8715417473386695,0.6960794565652867,0.6960794565652867,1.4373289795059085,214,67
6,70-80-110-120-130-140,70|80|110|120|130|140,"[70, 80, 110, 120, 130, 140]","[2, 3, 5, 6, 7, 8]",0.0592711929997483,4.48999665768749,4.48999665768749,174.18118453659045,37.78146656325999,0.5117051292038638,260.3405359930063,16.88209424164706,2,0.7132913798806748,0.9406508661397504,0.7132913798806748,1.4398397015067974,215,68
6,60-70-80-90-110-140,60|70|80|90|110|140,"[60, 70, 80, 90, 110, 140]","[1, 2, 3, 4, 5, 8]",0.04265979331715665,4.495231888626882,4.495231888626882,198.48908988126772,43.37659165918138,0.4188023772204421,305.5091077731033,13.801766293745496,2,0.8189239786997927,0.7698707642167224,0.7698707642167224,1.4415185208752233,216,69
5,50-60-70-80-140,50|60|70|80|140,"[50, 60, 70, 80, 140]","[0, 1, 2, 3, 8]",0.03359134529077529,4.495451610718799,4.495451610718799,201.4619867908877,44.266058366490135,0.3346494331929272,313.46600030063337,11.117284447555939,2,0.8357165755131505,0.6151751491642593,0.6151751491642593,1.4415889807475484,217,65
4,50-60-80-140,50|60|80|140,"[50, 60, 80, 140]","[0, 1, 3, 8]",0.03512396542851852,4.495621462065397,4.495621462065397,183.71170216175818,40.36326149684469,0.31908556837122887,285.9207084268543,10.626255555951937,2,0.762034116419557,0.5865646035795582,0.5865646035795582,1.4416434482072886,218,32
6,50-60-80-90-110-120,50|60|80|90|110|120,"[50, 60, 80, 90, 110, 120]","[0, 1, 3, 4, 5, 6]",0.037146819741324826,4.501942212756557,4.501942212756557,212.12545215679665,46.42259862155442,0.3877287693334559,327.52575183405224,12.591811625211966,2,0.8764307593240793,0.7127491633086817,0.7127491633086817,1.443670369045387,219,70
5,50-60-90-110-120,50|60|90|110|120,"[50, 60, 90, 110, 120]","[0, 1, 4, 5, 6]",0.03824547947978472,4.5021552209822255,4.5021552209822255,193.90620725363843,42.43572165373361,0.364978372441311,299.72250084367687,11.872214842041114,2,0.801160918513908,0.6709278499774772,0.6709278499774772,1.4437386759336648,220,66
5,70-80-120-130-140,70|80|120|130|140,"[70, 80, 120, 130, 140]","[2, 3, 6, 7, 8]",0.05958145837484905,4.512460596927261,4.512460596927261,160.32591654368287,34.622995543407946,0.468725364958578,238.093565873688,15.49598871774856,2,0.6536613454485494,0.8616425659362489,0.6536613454485494,1.4470433753701801,221,67
6,60-70-80-90-120-130,60|70|80|90|120|130,"[60, 70, 80, 90, 120, 130]","[1, 2, 3, 4, 6, 7]",0.043330408499855276,4.51891024717375,4.51891024717375,198.22097394071997,43.08319357214659,0.41965934767250146,302.563255862287,13.69689825746198,2,0.8133847991656954,0.7714461050760958,0.7714461050760958,1.4491116313609342,222,71
5,60-70-90-110-140,60|70|90|110|140,"[60, 70, 90, 110, 140]","[1, 2, 4, 5, 8]",0.04524076136631617,4.524327645038854,4.524327645038854,180.0962903273889,39.08019336521472,0.39783293597509695,275.4927845331785,13.148555741142346,2,0.737810561292101,0.7313233236221958,0.7313233236221958,1.4508488675149256,223,68
5,60-70-80-110-140,60|70|80|110|140,"[60, 70, 80, 110, 140]","[1, 2, 3, 5, 8]",0.04295404979890015,4.524542566093225,4.524542566093225,185.44725108871748,40.28486544135415,0.3888823881227754,284.43877865483574,12.861405135247608,2,0.7605540460124323,0.7148698231407549,0.7148698231407549,1.4509177878038177,224,69
4,50-60-70-140,50|60|70|140,"[50, 60, 70, 140]","[0, 1, 2, 8]",0.03443243561396686,4.528466695923654,4.528466695923654,183.56656361530935,40.06515609355242,0.30800301446157885,284.2910352825136,10.295133740686772,2,0.7564060655838859,0.5661919058300315,0.5661919058300315,1.452176166897273,225,33
3,50-60-140,50|60|140,"[50, 60, 140]","[0, 1, 8]",0.03651359339024062,4.529152964076896,4.529152964076896,163.59850941873867,35.7061015536263,0.29101754882457215,253.59635428144645,9.762841409710468,2,0.6741097359124859,0.5349680777865337,0.5349680777865337,1.452396237469314,226,7
4,60-70-110-140,60|70|110|140,"[60, 70, 110, 140]","[1, 2, 5, 8]",0.04592375361953578,4.544541580965463,4.544541580965463,164.7832442987663,35.617456297765266,0.3662036667936915,251.92435015333731,12.157775590285075,2,0.6724361667627251,0.6731802686617224,0.6724361667627251,1.4573310165430355,227,34
5,60-70-80-120-130,60|70|80|120|130,"[60, 70, 80, 120, 130]","[1, 2, 3, 6, 7]",0.04365333643276307,4.544967823753251,4.544967823753251,184.86029591669526,39.96877841560459,0.3898051419818483,281.27233718999946,12.748804300838149,2,0.7545865129527567,0.7165660914938221,0.7165660914938221,1.4574677029005383,228,70
5,50-70-80-90-140,50|70|80|90|140,"[50, 70, 80, 90, 140]","[0, 2, 3, 4, 8]",0.03947492430370346,4.546847803237724,4.546847803237724,188.30780480064135,40.79159414906699,0.35935771396896604,285.56096511783755,11.888489021962618,2,0.7701207794409627,0.6605955766455431,0.6605955766455431,1.4580705695185183,229,71
4,50-70-90-140,50|70|90|140,"[50, 70, 90, 140]","[0, 2, 4, 8]",0.04144117967453092,4.546852232822655,4.546852232822655,167.06391130156774,36.18959743790202,0.33468429955716966,253.19068742068202,11.123485805991022,2,0.6832378475987863,0.6152392428655963,0.6152392428655963,1.4580719899855545,230,35
5,60-70-90-120-130,60|70|90|120|130,"[60, 70, 90, 120, 130]","[1, 2, 4, 6, 7]",0.04607874337752714,4.553434637315286,4.553434637315286,179.78550994823726,38.754282058506284,0.3987349769834364,272.22230473551286,13.038434995275432,2,0.7316575517128795,0.7329815162166461,0.7316575517128795,1.460182817240546,231,72
4,60-70-120-130,60|70|120|130,"[60, 70, 120, 130]","[1, 2, 6, 7]",0.04682743585771129,4.570045202299421,4.570045202299421,164.0875950329294,35.25955271314298,0.36718341805773447,248.34368738877058,12.038595281503044,2,0.6656791622056886,0.6749813134872011,0.6656791622056886,1.4655094472476458,232,36
5,60-90-110-120-130,60|90|110|120|130,"[60, 90, 110, 120, 130]","[1, 4, 5, 6, 7]",0.052442084198907966,4.5829152208522315,4.5829152208522315,175.29691323187686,37.42045868905541,0.43698239114913445,262.0750845254649,14.2899797208329,2,0.706475768202181,0.8032904914628882,0.706475768202181,1.4696365691776228,233,73
4,50-80-90-140,50|80|90|140,"[50, 80, 90, 140]","[0, 3, 4, 8]",0.04263901136112185,4.5850211538102315,4.5850211538102315,170.1264769472158,36.51935252135982,0.344910602033982,255.01918155673772,11.430637116007837,2,0.6894634253727048,0.6340379215053569,0.6340379215053569,1.4703118939301365,234,37
4,60-110-120-130,60|110|120|130,"[60, 110, 120, 130]","[1, 5, 6, 7]",0.05429755187978945,4.585912141376624,4.585912141376624,158.41610729279876,33.788051263130704,0.40839648725349553,237.17705158671347,13.38396464608375,2,0.6378980992864332,0.7507419557453429,0.6378980992864332,1.4705976133569971,235,38
3,50-90-140,50|90|140,"[50, 90, 140]","[0, 4, 8]",0.04605579707430819,4.588013940980642,4.588013940980642,145.92450605676382,31.295301853066675,0.3191221352029909,218.16333871527323,10.632743302112301,2,0.5908364887101419,0.58663182319493,0.58663182319493,1.4712716126369956,236,8
6,50-70-80-90-110-130,50|70|80|90|110|130,"[50, 70, 80, 90, 110, 130]","[0, 2, 3, 4, 5, 7]",0.041141785253912086,4.592346907733363,4.592346907733363,203.61660909193589,43.61199464463648,0.3964174867395915,305.2981588251352,12.946151893003545,2,0.8233682455744562,0.7287213494121139,0.7287213494121139,1.4726610964231794,237,72
6,50-60-70-80-110-120,50|60|70|80|110|120,"[50, 60, 70, 80, 110, 120]","[0, 1, 2, 3, 5, 6]",0.03559855601721342,4.598308373205378,4.598308373205378,219.99107009884045,47.187820325603504,0.36924561255209654,333.6959751359921,12.006557190889371,2,0.8908776851542849,0.6787721784337541,0.6787721784337541,1.4745728026715734,238,73
5,50-70-90-110-130,50|70|90|110|130,"[50, 70, 90, 110, 130]","[0, 2, 4, 5, 7]",0.043110182554942145,4.600806654720328,4.600806654720328,184.07291767614547,39.341312718045,0.37419572094561193,275.258833063617,12.247392134143388,2,0.7427403377257925,0.6878718014042927,0.6878718014042927,1.4753739446734515,239,74
5,50-60-70-110-120,50|60|70|110|120,"[50, 60, 70, 110, 120]","[0, 1, 2, 5, 6]",0.03636299042936762,4.606201670940446,4.606201670940446,202.02586411264983,43.27150559636963,0.34527950441641486,306.4530359116831,11.249585806991087,2,0.8169400169966726,0.6347160627350459,0.6347160627350459,1.4771040035434728,240,75
5,50-60-80-110-120,50|60|80|110|120,"[50, 60, 80, 110, 120]","[0, 1, 3, 5, 6]",0.037171937544997036,4.609338231161089,4.609338231161089,203.56352726370014,43.547667474143694,0.355200899767182,307.96545583035476,11.553385184898298,2,0.8221537872598803,0.652954240539779,0.652954240539779,1.4781098269941688,241,76
4,50-60-110-120,50|60|110|120,"[50, 60, 110, 120]","[0, 1, 5, 6]",0.03836053400656339,4.614406839184543,4.614406839184543,183.72193547500996,39.26999047534646,0.3302170391976885,278.2142724274311,10.764593558578307,2,0.7413938166524126,0.6070272237033972,0.6070272237033972,1.4797352141870634,242,39
5,60-80-90-110-140,60|80|90|110|140,"[60, 80, 90, 110, 140]","[1, 3, 4, 5, 8]",0.046816772886690464,4.621627005051078,4.621627005051078,185.51527332191046,39.38575452272709,0.40647360058426446,277.1741926932505,13.409401421379686,2,0.7435793722861105,0.7472071758346647,0.7435793722861105,1.4820505569943465,243,77
4,60-80-110-140,60|80|110|140,"[60, 80, 110, 140]","[1, 3, 5, 8]",0.04754058523727387,4.634416519072439,4.634416519072439,169.74236356710546,35.952459428878626,0.3755727207858894,253.7619691078475,12.439414604614793,2,0.6787608245220024,0.6904030953439226,0.6787608245220024,1.4861518629539856,244,40
4,50-70-80-140,50|70|80|140,"[50, 70, 80, 140]","[0, 2, 3, 8]",0.039670963630550254,4.652327980421476,4.652327980421476,176.87612383221423,37.48727561297089,0.3239938999666207,262.896688205401,10.782539610459587,2,0.7077372315648924,0.5955874296233186,0.5955874296233186,1.4918956608069736,245,41
5,50-70-80-110-130,50|70|80|110|130,"[50, 70, 80, 110, 130]","[0, 2, 3, 5, 7]",0.04128861864587762,4.65374283657795,4.65374283657795,191.6588783555371,40.538225868240055,0.36466546918993253,284.21219124512317,11.93858609980778,2,0.7653373385878545,0.6703526501257873,0.6703526501257873,1.4923493729634234,246,78
4,50-70-110-130,50|70|110|130,"[50, 70, 110, 130]","[0, 2, 5, 7]",0.04351781608888631,4.655942619522839,4.655942619522839,169.85789241376094,35.903768131488036,0.34037702360850636,251.66849037946952,11.177012271321956,2,0.6778415620935373,0.62570399200328,0.62570399200328,1.49305479326999,247,42
5,60-80-90-120-130,60|80|90|120|130,"[60, 80, 90, 120, 130]","[1, 3, 4, 6, 7]",0.047737732664572055,4.657733617747994,4.657733617747994,185.47417818413476,39.062392703624894,0.40735650835030507,273.9237885997222,13.301440355382391,2,0.7374744955005061,0.748830196413215,0.7374744955005061,1.493629125624,248,79
3,50-70-140,50|70|140,"[50, 70, 140]","[0, 2, 8]",0.042033285651509295,4.657806372133254,4.657806372133254,153.08949565730617,32.419571903065766,0.2963910609256843,227.32164012010492,9.932719954870771,2,0.6120620315031842,0.5448460299969947,0.5448460299969947,1.4936524562989073,249,9
4,60-80-120-130,60|80|120|130,"[60, 80, 120, 130]","[1, 3, 6, 7]",0.04853481386889546,4.6675290481103335,4.6675290481103335,169.31694801087954,35.59792414443366,0.3765280939344787,250.2076054622686,12.322958441608069,2,0.6720674114477716,0.6921593266740745,0.6720674114477716,1.4967702971224004,250,43
3,50-80-140,50|80|140,"[50, 80, 140]","[0, 3, 8]",0.0432401568880906,4.67019252643191,4.67019252643191,155.3845786679812,32.78726564140407,0.30789187066569873,229.3564623728866,10.275526950169526,2,0.6190038682779337,0.5659875938114607,0.5659875938114607,1.4976244139790227,251,10
2,50-140,50|140,"[50, 140]","[0, 8]",0.04783265382477593,4.671284475511923,4.671284475511923,127.22910766997022,26.846556534036253,0.2786987940467188,187.5229218781854,9.379883760176257,2,0.5068468510385677,0.5123229122600916,0.5068468510385677,1.4979745771878827,252,1
5,50-80-90-110-130,50|80|90|110|130,"[50, 80, 90, 110, 130]","[0, 3, 4, 5, 7]",0.04447938969032186,4.672668413902629,4.672668413902629,188.50304159868287,39.644861359840256,0.38336950921973034,276.94166162723695,12.52701650391064,2,0.7484711536327004,0.7047356774792857,0.7047356774792857,1.4984183747207755,253,80
4,60-90-110-140,60|90|110|140,"[60, 90, 110, 140]","[1, 4, 5, 8]",0.051171975911557546,4.69254650341615,4.69254650341615,165.64781422186962,34.59726100169963,0.38483295304977233,243.6924136953833,12.73608306075528,2,0.6531754927690355,0.7074258785886973,0.6531754927690355,1.504792825450637,254,44
3,60-110-140,60|110|140,"[60, 110, 140]","[1, 5, 8]",0.05291657555262263,4.695212849336444,4.695212849336444,146.70777771153413,30.631881242920297,0.3520376150066747,216.6924003351729,11.710456906383365,2,0.5783115063445089,0.6471392772337684,0.5783115063445089,1.5056478618808795,255,11
4,50-90-110-130,50|90|110|130,"[50, 90, 110, 130]","[0, 4, 5, 7]",0.04772540969055344,4.6986991081499365,4.6986991081499365,166.93772971256098,34.89194522717476,0.3603439945114237,243.4279017335147,11.803470156695766,2,0.6587389538238435,0.6624086240307883,0.6587389538238435,1.506765825708492,256,45
4,50-80-110-130,50|80|110|130,"[50, 80, 110, 130]","[0, 3, 5, 7]",0.04491038043007583,4.714413600983404,4.714413600983404,173.71013798832288,36.23612440509609,0.350437242920835,253.50796400742914,11.482731892500748,2,0.6841162487740279,0.6441973653732539,0.6441973653732539,1.5118051057783182,257,46
6,70-80-90-110-130-140,70|80|90|110|130|140,"[70, 80, 90, 110, 130, 140]","[2, 3, 4, 5, 7, 8]",0.05704539147443084,4.714552034837864,4.714552034837864,186.55816752299364,38.62825138056639,0.47856142334239476,267.36395753120905,15.79460813172717,2,0.729278168265058,0.8797238715751694,0.729278168265058,1.5118494983636315,258,74
3,50-110-130,50|110|130,"[50, 110, 130]","[0, 5, 7]",0.04885588643730274,4.72814448099356,4.72814448099356,148.9552632613231,30.964326593627217,0.325087488235134,216.39488721482925,10.688727565328433,2,0.5845878747470855,0.5975977373049668,0.5845878747470855,1.5162082863778847,259,12
4,60-90-120-130,60|90|120|130,"[60, 90, 120, 130]","[1, 4, 6, 7]",0.052442088970322084,4.74162779554768,4.74162779554768,165.6530457136968,34.22869166689571,0.3857653933110437,239.98896090935506,12.622364310166038,2,0.646217125259299,0.7091399531393142,0.646217125259299,1.5205320783721812,260,47
3,60-120-130,60|120|130,"[60, 120, 130]","[1, 6, 7]",0.05438279717915793,4.742511243040642,4.742511243040642,146.2310286608816,30.21497994187754,0.353056680014702,212.5189526340861,11.586676400260673,2,0.5704406603624735,0.6490125912338548,0.5704406603624735,1.5208153798691624,261,13
5,70-80-110-130-140,70|80|110|130|140,"[70, 80, 110, 130, 140]","[2, 3, 5, 7, 8]",0.05971587065979671,4.7472609087493405,4.7472609087493405,170.90575706794633,35.12098353379181,0.45260923160942956,243.00841478658128,14.979874340615355,2,0.6630630593875824,0.8320168031120881,0.6630630593875824,1.5223384895232777,262,81
5,70-80-90-130-140,70|80|90|130|140,"[70, 80, 90, 130, 140]","[2, 3, 4, 7, 8]",0.057061230240568486,4.799122350466281,4.799122350466281,174.57765843266705,35.54510387449083,0.43229892946144105,245.7536107894908,14.3035032908571,2,0.67107019649927,0.7946810364435192,0.67107019649927,1.5389692731194264,263,82
4,70-80-130-140,70|80|130|140,"[70, 80, 130, 140]","[2, 3, 7, 8]",0.05989085833669152,4.816037771290342,4.816037771290342,156.31811369139183,31.698518721053652,0.40338126510794653,219.00785622075185,13.398402726346308,2,0.5984489808212152,0.7415226362860406,0.5984489808212152,1.5443936634535436,264,48
6,50-70-80-90-110-120,50|70|80|90|110|120,"[50, 70, 80, 90, 110, 120]","[0, 2, 3, 4, 5, 6]",0.042368442989789326,4.816438613304866,4.816438613304866,215.1655464435735,43.94497260208639,0.3917780568659081,307.63149266047975,12.723976316999092,2,0.8296546692722132,0.7201928366417518,0.7201928366417518,1.544522204361376,265,75
5,50-70-90-110-120,50|70|90|110|120,"[50, 70, 90, 110, 120]","[0, 2, 4, 5, 6]",0.04424781824746744,4.825132612858553,4.825132612858553,194.837294047885,39.71011743237902,0.3692772124335576,277.8445512765033,12.012299470389166,2,0.7497031490595808,0.6788302674662259,0.6788302674662259,1.5473101720764182,266,83
6,50-60-70-80-90-130,50|60|70|80|90|130,"[50, 60, 70, 80, 90, 130]","[0, 1, 2, 3, 4, 7]",0.03548047763506092,4.846738914693362,4.846738914693362,231.74592300316218,47.1964699107315,0.34932269925630394,333.5634600588751,11.404133558942402,2,0.8910409841226036,0.6421485360698954,0.6421485360698954,1.5542388211504066,267,76
5,50-60-80-90-130,50|60|80|90|130,"[50, 60, 80, 90, 130]","[0, 1, 3, 4, 7]",0.03682263827480118,4.850586673226007,4.850586673226007,214.07634929405216,43.55703992917491,0.33444237922570885,307.82186415082066,10.926003655624802,2,0.8223307335774854,0.6147945286027562,0.6147945286027562,1.5554727097074568,268,84
5,50-60-70-90-130,50|60|70|90|130,"[50, 60, 70, 90, 130]","[0, 1, 2, 4, 7]",0.036051534477699154,4.869352016566137,4.869352016566137,213.42452538510446,43.280937854092215,0.3238857236692939,306.3087352394238,10.604245728997153,2,0.8171180923531458,0.5953885726606484,0.5953885726606484,1.5614903280741128,269,85
5,60-70-80-90-140,60|70|80|90|140,"[60, 70, 80, 90, 140]","[1, 2, 3, 4, 8]",0.043048437011938605,4.870596786026536,4.870596786026536,201.24243752452676,40.655151072102505,0.3650435038012629,286.78766772934995,12.066868408328116,2,0.7675448161580074,0.6710475788343033,0.6710475788343033,1.5618894972996038,270,86
4,50-60-90-130,50|60|90|130,"[50, 60, 90, 130]","[0, 1, 4, 7]",0.037743761266961814,4.87061961065322,4.87061961065322,193.76542293575736,39.28038361430482,0.3077780349590024,278.0553172424742,10.088276420354699,2,0.7415900328690723,0.565778333340947,0.565778333340947,1.5618968166377185,271,49
4,60-70-90-140,60|70|90|140,"[60, 70, 90, 140]","[1, 2, 4, 8]",0.04537976236378078,4.876218606416534,4.876218606416534,178.63132673974098,36.035733906647245,0.34078200282376225,254.57341919211973,11.313932933982999,2,0.6803329966095248,0.626448452099257,0.626448452099257,1.5636922871031107,272,50
5,50-70-80-110-120,50|70|80|110|120,"[50, 70, 80, 110, 120]","[0, 2, 3, 5, 6]",0.042452508515989196,4.889729462761244,4.889729462761244,203.13974692293277,40.89623817246239,0.35961663819713097,286.7171762326976,11.697288683338462,2,0.7720963957055932,0.6610715486176569,0.6610715486176569,1.568024911122588,273,87
4,50-70-110-120,50|70|110|120,"[50, 70, 110, 120]","[0, 2, 5, 6]",0.0445347217652744,4.89173875447493,4.89173875447493,180.44778434598024,36.30750757286953,0.3349622967578265,254.4940049281681,10.91889773704819,2,0.6854639200762024,0.6157502760615878,0.6157502760615878,1.5686692452283426,274,51
5,50-80-90-110-120,50|80|90|110|120,"[50, 80, 90, 110, 120]","[0, 3, 4, 5, 6]",0.045740729240197314,4.905823167553474,4.905823167553474,199.71328624967396,40.010868177974814,0.3785702083472357,279.51181270091666,12.297270712157394,2,0.7553811423679394,0.6959132790608817,0.6959132790608817,1.573185795833829,275,88
6,70-80-90-110-120-140,70|80|90|110|120|140,"[70, 80, 90, 110, 120, 140]","[2, 3, 4, 5, 6, 8]",0.05840774933204944,4.911099976638275,4.911099976638275,196.17682792992946,39.00379910770938,0.47472545535308236,270.02528637379027,15.613019263219288,2,0.7363682836277413,0.8726723366076676,0.7363682836277413,1.5748779483668514,276,77
4,50-90-110-120,50|90|110|120,"[50, 90, 110, 120]","[0, 4, 5, 6]",0.048859719273792006,4.933060163268909,4.933060163268909,177.3217586860939,35.30725678738701,0.3552337490007692,246.3479507462544,11.559352586492121,2,0.6665797864545245,0.6530146262155566,0.6530146262155566,1.5819200802377402,277,52
6,70-90-110-120-130-140,70|90|110|120|130|140,"[70, 90, 110, 120, 130, 140]","[2, 4, 5, 6, 7, 8]",0.06829980844898714,4.942311509339587,4.942311509339587,185.55267294178213,36.494250855515524,0.5185399429243958,250.5355268386412,17.101867792987015,2,0.6889895210091089,0.9532150815036359,0.6889895210091089,1.5848867762913184,278,78
5,70-80-110-120-140,70|80|110|120|140,"[70, 80, 110, 120, 140]","[2, 3, 5, 6, 8]",0.06092968470957371,4.942475851163181,4.942475851163181,179.96828645829183,35.53361822971589,0.44855137786743093,245.93344455682404,14.788284543497966,2,0.6708533544294522,0.8245573827951214,0.6708533544294522,1.58493947697247,279,89
5,70-90-120-130-140,70|90|120|130|140,"[70, 90, 120, 130, 140]","[2, 4, 6, 7, 8]",0.06899204431386081,4.946121314045882,4.946121314045882,168.9642713765458,33.21359586424525,0.47617748887368117,227.33103975840584,15.735134011680499,2,0.6270527266361993,0.8753415625170117,0.6270527266361993,1.5861084939203771,280,90
4,60-80-90-140,60|80|90|140,"[60, 80, 90, 140]","[1, 3, 4, 8]",0.04698692019662096,4.953656408576602,4.953656408576602,183.26710796928595,36.3668841675037,0.35083060937430377,256.39205238165545,11.616049536586756,2,0.6865849144941482,0.644920478107616,0.644920478107616,1.588524827180083,281,53
4,50-80-110-120,50|80|110|120,"[50, 80, 110, 120]","[0, 3, 5, 6]",0.04605047532848193,4.957069049228325,4.957069049228325,184.64557794993863,36.636201386278074,0.345180363396658,256.3132015907282,11.231645302175826,2,0.6916694617094753,0.6345338150287363,0.6345338150287363,1.5896191833393272,282,54
4,60-70-80-140,60|70|80|140,"[60, 70, 80, 140]","[1, 2, 3, 8]",0.0432226208392073,4.959297551179636,4.959297551179636,188.02142532577346,37.33875986633894,0.33028902539152294,264.2286324984047,10.978902604983405,2,0.7049333435349839,0.6071595535779986,0.6071595535779986,1.5903338131773894,283,55
3,60-70-140,60|70|140,"[60, 70, 140]","[1, 2, 8]",0.04595335802018607,4.959378188638741,4.959378188638741,162.39336744760578,32.24772546787342,0.30325971390073253,228.8607210281041,10.145544226923928,2,0.6088176740963407,0.557472450959874,0.557472450959874,1.5903596717745998,284,14
3,50-110-120,50|110|120,"[50, 110, 120]","[0, 5, 6]",0.04975534890522863,4.970745522137727,4.970745522137727,158.93259209252986,31.431577458204863,0.31941367700166023,219.67457000576096,10.41852299727012,2,0.593409290225677,0.5871677549841247,0.5871677549841247,1.594004916820403,285,15
3,60-90-140,60|90|140,"[60, 90, 140]","[1, 4, 8]",0.05117270847874531,4.978798051095416,4.978798051095416,157.7230851583641,31.117247203887427,0.3255114902042897,219.7665668886062,10.83182219606634,2,0.5874749239547193,0.5983771663096199,0.5874749239547193,1.5965871795200786,286,16
6,60-70-80-90-110-130,60|70|80|90|110|130,"[60, 70, 80, 90, 110, 130]","[1, 2, 3, 4, 5, 7]",0.045292570491961205,4.980436636740029,4.980436636740029,220.37179681413446,43.48440217315954,0.4015789049133876,306.4458636441789,13.11014838952255,2,0.8209593764033828,0.7382094162666412,0.7382094162666412,1.5971126366295827,287,79
5,60-70-90-110-130,60|70|90|110|130,"[60, 70, 90, 110, 130]","[1, 2, 4, 5, 7]",0.047741476981670306,5.009084761350299,5.009084761350299,199.90374063777992,39.199821961997365,0.37965936133922434,276.5312400835634,12.420618182927079,2,0.7400690772956926,0.6979154335182092,0.6979154335182092,1.6062994379419975,288,91
3,60-80-140,60|80|140,"[60, 80, 140]","[1, 3, 8]",0.04758881543773564,5.014405560288563,5.014405560288563,166.22995234737152,32.61735647953827,0.3145094547076841,230.88197936351494,10.481392849342193,2,0.6157960854270829,0.5781524829352634,0.5781524829352634,1.6080056970194805,289,17
5,70-80-90-120-140,70|80|90|120|140,"[70, 80, 90, 120, 140]","[2, 3, 4, 6, 8]",0.05840777394084625,5.015663933839607,5.015663933839607,184.49845475559022,35.95287122835484,0.42804857955867637,248.64634867733295,14.102727781191637,2,0.678768599048598,0.7868677567063137,0.678768599048598,1.6084092287671083,290,92
2,60-140,60|140,"[60, 140]","[1, 8]",0.053049684350491226,5.022648498476951,5.022648498476951,136.05548126189552,26.638782877760875,0.2859926762726571,189.38571169003544,9.60496545090089,2,0.5029242092920021,0.5257310182996477,0.5029242092920021,1.6106490196242726,291,2
4,70-80-120-140,70|80|120|140,"[70, 80, 120, 140]","[2, 3, 6, 8]",0.06100302732176269,5.0304779872537795,5.0304779872537795,165.57231135893898,32.155102693403286,0.3988228517635116,222.24898330680125,13.18385073095864,2,0.6070690117859574,0.7331430535616366,0.6070690117859574,1.6131597584160442,292,56
5,60-70-80-110-130,60|70|80|110|130,"[60, 70, 80, 110, 130]","[1, 2, 3, 5, 7]",0.04543003118403415,5.030975255331068,5.030975255331068,206.70302289421255,40.400927118294305,0.3702697631430564,285.44469029036725,12.116227961750512,2,0.7627452207133215,0.680654841095242,0.680654841095242,1.6133192209668117,293,93
4,60-70-110-130,60|70|110|130,"[60, 70, 110, 130]","[1, 2, 5, 7]",0.04816042734949804,5.048000206483272,5.048000206483272,183.60379091610602,35.748674402178004,0.34637452458153895,253.05953965912911,11.366562597015118,2,0.6749134857044123,0.6367290026255782,0.6367290026255782,1.6187787351834175,294,57
5,50-60-70-80-130,50|60|70|80|130,"[50, 60, 70, 80, 130]","[0, 1, 2, 3, 7]",0.03549613829806469,5.085102737832766,5.085102737832766,228.3481920001247,44.37170778429911,0.3128265155677977,314.3790478972569,10.246035889845427,2,0.8377111730200095,0.5750587907495751,0.5750587907495751,1.6306766722502382,295,94
4,50-60-80-130,50|60|80|130,"[50, 60, 80, 130]","[0, 1, 3, 7]",0.03682485505130976,5.085216701677854,5.085216701677854,208.3109654264642,40.479098397226984,0.29611785769982246,286.9214246437921,9.711052729160256,2,0.7642210474741374,0.544343809408667,0.544343809408667,1.6307132178606705,296,58
5,50-70-80-90-130,50|70|80|90|130,"[50, 70, 80, 90, 130]","[0, 2, 3, 4, 7]",0.04177107059252379,5.103470123261223,5.103470123261223,211.86101332197663,40.90621812893383,0.3391285188463856,286.5629376094192,11.078059811783701,2,0.7722848112852464,0.6234089063790735,0.6234089063790735,1.6365666745751823,297,95
4,50-70-90-130,50|70|90|130,"[50, 70, 90, 130]","[0, 2, 4, 7]",0.043411675954607105,5.104472094450297,5.104472094450297,188.11668796742487,36.3187484793615,0.3128638139446865,254.32022453762215,10.252764234303605,2,0.6856761416343397,0.5751273551405176,0.5751273551405176,1.636887983923002,298,59
6,50-60-70-80-90-120,50|60|70|80|90|120,"[50, 60, 70, 80, 90, 120]","[0, 1, 2, 3, 4, 6]",0.03673642352678829,5.121645500299316,5.121645500299316,246.48198492322229,47.504329404264894,0.3440487905289055,335.70038930711127,11.151277357730404,2,0.8968531863192578,0.632453681495958,0.632453681495958,1.6423951041809137,299,80
5,50-60-80-90-120,50|60|80|90|120,"[50, 60, 80, 90, 120]","[0, 1, 3, 4, 6]",0.038027174576382224,5.1259803661217385,5.1259803661217385,227.9552769477605,43.89043480652772,0.32892997289825293,310.13621127463267,10.661814121506763,2,0.8286250284724164,0.6046612516615945,0.6046612516615945,1.6437851969555135,300,96
5,60-80-90-110-130,60|80|90|110|130,"[60, 80, 90, 110, 130]","[1, 3, 4, 5, 7]",0.04962995556560568,5.129701908501191,5.129701908501191,206.4287931045255,39.504457820785696,0.3887042239002277,278.20637215467264,12.696428019243482,2,0.7458204192059499,0.7145423096555659,0.7145423096555659,1.6449786108658782,301,97
4,50-80-90-130,50|80|90|130,"[50, 80, 90, 130]","[0, 3, 4, 7]",0.04481983263949311,5.143209002451494,5.143209002451494,191.4009496140106,36.64734147205044,0.32378003196828864,256.1406554496521,10.585211516355606,2,0.6918797798330256,0.5951942830504405,0.5951942830504405,1.64931002837113,302,60
3,50-90-130,50|90|130,"[50, 90, 130]","[0, 4, 7]",0.04777092069241397,5.143610970936029,5.143610970936029,164.25209878277067,31.444561476736755,0.29615726039126256,219.47322108107875,9.718151475293306,2,0.5936544206914175,0.5444162420924843,0.5444162420924843,1.6494389305122479,303,18
4,50-60-70-130,50|60|70|130,"[50, 60, 70, 130]","[0, 1, 2, 7]",0.03605220464505616,5.14615772252701,5.14615772252701,209.12129429096467,40.181852386250675,0.2841408851667807,285.2974678371899,9.347567421888897,2,0.7586092214488476,0.5223269310465795,0.5223269310465795,1.65025561576396,304,61
5,50-60-70-90-120,50|60|70|90|120,"[50, 60, 70, 90, 120]","[0, 1, 2, 4, 6]",0.03720677446032163,5.14879474873026,5.14879474873026,227.416817043276,43.61644324843688,0.31819048390150634,308.6344290231936,10.331831975007571,2,0.8234522325403411,0.5849191989633826,0.5849191989633826,1.651101250028487,305,98
4,50-60-90-120,50|60|90|120,"[50, 60, 90, 120]","[0, 1, 4, 6]",0.038808106573166926,5.150187888897191,5.150187888897191,206.8080337593591,39.649755068616365,0.3017789602538876,280.61526854629676,9.801532819529767,2,0.748563543912993,0.5547504297782389,0.5547504297782389,1.6515479983615124,306,62
3,50-60-130,50|60|130,"[50, 60, 130]","[0, 1, 7]",0.0378190811919365,5.150386039237266,5.150386039237266,186.6174789645233,35.836995082562275,0.2656339575991827,254.72409253376472,8.757871337219388,2,0.6765809270642604,0.4883062491098324,0.4883062491098324,1.6516115406641594,307,19
4,60-80-110-130,60|80|110|130,"[60, 80, 110, 130]","[1, 3, 5, 7]",0.05008811142732445,5.15673947027116,5.15673947027116,189.444934051485,36.082459275593756,0.3562654267599619,254.88897461012547,11.667316472678507,2,0.6812151434906016,0.6549111258251493,0.6549111258251493,1.6536489413441184,308,63
5,70-110-120-130-140,70|110|120|130|140,"[70, 110, 120, 130, 140]","[2, 5, 6, 7, 8]",0.07580195107409575,5.170303678676882,5.170303678676882,174.5512128997957,32.75930440601481,0.49468955217855076,224.36054483498762,16.352396498208172,2,0.6184759769600947,0.9093716853122475,0.6184759769600947,1.6579986741548618,309,99
5,70-90-110-130-140,70|90|110|130|140,"[70, 90, 110, 130, 140]","[2, 4, 5, 7, 8]",0.06872546120270906,5.1713345382685025,5.1713345382685025,179.19123484330404,33.7323971015319,0.4603223323852221,232.47353652464795,15.227127479783576,2,0.6368473821667988,0.8461955449524535,0.6368473821667988,1.6583292473556575,310,100
4,70-120-130-140,70|120|130|140,"[70, 120, 130, 140]","[2, 6, 7, 8]",0.0777815805193069,5.172301384836714,5.172301384836714,154.92768488213602,29.06001772012631,0.4500878597969781,198.11361767423986,14.917152261452207,2,0.5486356678145109,0.8273818474630547,0.5486356678145109,1.6586392930372713,311,64
4,70-90-130-140,70|90|130|140,"[70, 90, 130, 140]","[2, 4, 7, 8]",0.06922671425838103,5.1981565594118635,5.1981565594118635,160.90164679951957,30.152731533702738,0.412016963479151,207.25659606777106,13.674281394000856,2,0.5692654478310056,0.757397359225077,0.5692654478310056,1.666930458862295,312,65
4,60-90-110-130,60|90|110|130,"[60, 90, 110, 130]","[1, 4, 5, 7]",0.05385512808861216,5.203725853317215,5.203725853317215,184.2910123241567,34.73233359867207,0.36601446345595473,244.86576915728926,11.983115191743298,2,0.6557255822134784,0.6728324623307687,0.6557255822134784,1.6687164046180798,313,66
3,60-110-130,60|110|130,"[60, 110, 130]","[1, 5, 7]",0.05514379121038905,5.214590337449307,5.214590337449307,163.61361235587265,30.78435766538082,0.33136183860778207,218.01112076068017,10.88678276279973,2,0.5811901695534669,0.6091316711580009,0.5811901695534669,1.6722003973206119,314,20
6,60-70-80-90-110-120,60|70|80|90|110|120,"[60, 70, 80, 90, 110, 120]","[1, 2, 3, 4, 5, 6]",0.04704960580985051,5.2659564231052265,5.2659564231052265,234.77256807563685,43.818349723276945,0.3969997971285731,308.7705245633462,12.890799636722898,2,0.8272641054279213,0.7297917916267735,0.7297917916267735,1.6886723315060783,315,81
4,50-70-80-130,50|70|80|130,"[50, 70, 80, 130]","[0, 2, 3, 7]",0.04180753833811179,5.278400350664684,5.278400350664684,201.24269520287612,37.61197098361851,0.30140045275600164,263.98469857489255,9.881821614422181,2,0.7100914052136323,0.5540546317777756,0.5540546317777756,1.692662815755572,316,67
6,80-90-110-120-130-140,80|90|110|120|130|140,"[80, 90, 110, 120, 130, 140]","[3, 4, 5, 6, 7, 8]",0.073326394751851,5.289524903729678,5.289524903729678,200.46370994094653,36.82127769873338,0.5251984533806304,252.38325810882614,17.30321965446254,2,0.6951635912471267,0.9654552043212487,0.6951635912471267,1.6962302066437307,317,82
5,80-90-120-130-140,80|90|120|130|140,"[80, 90, 120, 130, 140]","[3, 4, 6, 7, 8]",0.07405781889205963,5.290890825916655,5.290890825916655,182.8015205359757,33.57259442008249,0.48341984230626633,229.36577862215788,15.95374472552813,2,0.6338304035916333,0.8886549448547082,0.6338304035916333,1.696668226790274,318,101
3,50-80-130,50|80|130,"[50, 80, 130]","[0, 3, 7]",0.04508769912280904,5.2928258076578105,5.2928258076578105,176.74651875995738,32.929763385571334,0.2840204037177003,230.6027737138354,9.325968693481212,2,0.6216941400384746,0.5221054539243791,0.5221054539243791,1.6972887313797007,319,21
3,50-70-130,50|70|130,"[50, 70, 130]","[0, 2, 7]",0.043662206939782545,5.296034311633445,5.296034311633445,174.72064088300596,32.563678704467186,0.27151030680730126,228.5790464570266,8.946852165427764,2,0.6147826812971698,0.49910855039017427,0.49910855039017427,1.6983176255546333,320,22
5,60-70-90-110-120,60|70|90|110|120,"[60, 70, 90, 110, 120]","[1, 2, 4, 5, 6]",0.049441332791212114,5.29709862822366,5.29709862822366,213.36714272495345,39.569945438004,0.37481255675497355,279.1051705659547,12.18886707306685,2,0.7470567860572083,0.6890057105742962,0.6890057105742962,1.6986589276531414,321,102
2,50-130,50|130,"[50, 130]","[0, 7]",0.048877091633655986,5.302817745662836,5.302817745662836,145.21971547474536,27.02040203484995,0.2520777727389655,189.04522909092697,8.32883289078066,2,0.5101289496027891,0.463386356182135,0.463386356182135,1.7004929184050959,322,3
5,60-70-80-110-120,60|70|80|110|120,"[60, 70, 80, 110, 120]","[1, 2, 3, 5, 6]",0.04711982088992055,5.32872087336746,5.32872087336746,220.86097446707248,40.7601453889955,0.36529839795256097,287.9389530950284,11.878539661925597,2,0.7695270457533259,0.6715161424474247,0.6715161424474247,1.7087994617069626,323,103
4,70-110-130-140,70|110|130|140,"[70, 110, 130, 140]","[2, 5, 7, 8]",0.07588083330240106,5.340944076583599,5.340944076583599,162.9566868888247,29.651581642065636,0.433279044403431,203.99399269246584,14.380278179207258,2,0.5598040390967959,0.7964827498063181,0.5598040390967959,1.712719164684926,324,68
3,70-130-140,70|130|140,"[70, 130, 140]","[2, 7, 8]",0.0777870133894068,5.344446033326788,5.344446033326788,140.21947760943544,25.505468013823968,0.3815652746531837,174.71376729936367,12.724502381944932,2,0.4815279058482672,0.7014190118629337,0.4815279058482672,1.713842162481187,325,23
4,60-70-110-120,60|70|110|120,"[60, 70, 110, 120]","[1, 2, 5, 6]",0.04972503540102678,5.3466890440719705,5.3466890440719705,196.64652747847,36.154145842866484,0.3410550297646696,255.86969360787464,11.11285155802495,2,0.6825685427929622,0.6269503486286969,0.6269503486286969,1.714561444959113,326,69
5,70-90-110-120-140,70|90|110|120|140,"[70, 90, 110, 120, 140]","[2, 4, 5, 6, 8]",0.07027781396958473,5.399408336290913,5.399408336290913,189.4024134560438,34.16180841714561,0.4563330710580414,235.5294348457834,15.03868796685451,2,0.6449544097046956,0.8388622158367015,0.6449544097046956,1.731467321680025,327,104
5,50-60-70-80-120,50|60|70|80|120,"[50, 60, 70, 80, 120]","[0, 1, 2, 3, 6]",0.03680792525686792,5.406420425953024,5.406420425953024,244.56508607135584,44.699026743426444,0.30692613262963153,316.64547249452824,9.963833395577982,2,0.8438907582308197,0.5642123090463772,0.5642123090463772,1.7337159391859525,328,105
4,50-60-80-120,50|60|80|120,"[50, 60, 80, 120]","[0, 1, 3, 6]",0.0380372972406604,5.406570838643513,5.406570838643513,223.43358774239334,40.83762905907622,0.28987757363656963,289.40296027186827,9.412824740074859,2,0.7709898908723093,0.5328724985422123,0.5328724985422123,1.733764173111251,329,70
6,70-80-90-110-120-130,70|80|90|110|120|130,"[70, 80, 90, 110, 120, 130]","[2, 3, 4, 5, 6, 7]",0.06222473966372204,5.408367798664516,5.408367798664516,216.59018811917994,39.12366129625741,0.4596024843994357,271.0846873092549,15.00511940911461,2,0.7386312097034612,0.8448722718549717,0.7386312097034612,1.7343404172774533,330,83
5,50-70-80-90-120,50|70|80|90|120,"[50, 70, 80, 90, 120]","[0, 2, 3, 4, 6]",0.04336462446348173,5.4235554639505805,5.4235554639505805,227.08779893965453,41.26103757452346,0.3336935335658093,289.0475509424655,10.817584465687874,2,0.7789835891510912,0.6134179500257826,0.6134179500257826,1.7392107557474457,331,106
4,50-70-90-120,50|70|90|120,"[50, 70, 90, 120]","[0, 2, 4, 6]",0.044830464696911994,5.425108044330461,5.425108044330461,202.1155259771725,36.717925203113616,0.30696414794680493,257.11660020964,9.97075217438733,2,0.6932123582506177,0.5642821913652849,0.5642821913652849,1.7397086329266869,332,71
5,70-80-110-120-130,70|80|110|120|130,"[70, 80, 110, 120, 130]","[2, 3, 5, 6, 7]",0.0645346115160707,5.43646659615535,5.43646659615535,198.5617491998848,35.6651447899054,0.43251418970100036,247.09615853730602,14.144984895983178,2,0.6733364968308051,0.7950767423280819,0.6733364968308051,1.7433510618895454,333,107
5,60-80-90-110-120,60|80|90|110|120,"[60, 80, 90, 110, 120]","[1, 3, 4, 5, 6]",0.05155265494509266,5.436576669142388,5.436576669142388,220.7825265677402,39.87175350832414,0.3839716079693535,280.7649461773345,12.469803884851817,2,0.7527547410208496,0.705842495992549,0.705842495992549,1.7433863597903865,334,108
4,70-90-120-140,70|90|120|140,"[70, 90, 120, 140]","[2, 4, 6, 8]",0.07057329085894706,5.439512945273438,5.439512945273438,170.97163544976678,30.6323645685062,0.40755514994080566,210.67858483504324,13.46412626653332,2,0.5783206312410643,0.7491953527766981,0.5783206312410643,1.7443279566935455,335,72
4,50-80-90-120,50|80|90|120,"[50, 80, 90, 120]","[0, 3, 4, 6]",0.04637975446335179,5.469108670394011,5.469108670394011,205.7080026942066,37.04297743275223,0.31808289980770516,258.91737073567447,10.312294959165097,2,0.6993491489711157,0.5847214306291578,0.5847214306291578,1.7538186319149898,336,73
3,50-90-120,50|90|120,"[50, 90, 120]","[0, 4, 6]",0.04905802846509286,5.469317597085459,5.469317597085459,177.18753199032238,31.904779995771786,0.2899178244453946,222.70757568210692,9.420148224713872,2,0.6023430697130083,0.5329464902925841,0.5329464902925841,1.75388562994817,337,24
5,70-80-90-110-140,70|80|90|110|140,"[70, 80, 90, 110, 140]","[2, 3, 4, 5, 8]",0.060291644582958756,5.470041991097788,5.470041991097788,203.70402202503848,36.43268605997496,0.41033795247908356,253.3565674246649,13.533584144284546,2,0.6878272146732849,0.7543108880108274,0.6878272146732849,1.7541179266151843,338,109
4,60-80-110-120,60|80|110|120,"[60, 80, 110, 120]","[1, 3, 5, 6]",0.05187214436717955,5.472106426783366,5.472106426783366,203.2387722956523,36.48422134963558,0.3510958221812819,257.6791781892718,11.420288882181122,2,0.6888001699664053,0.6454080101692614,0.6454080101692614,1.7547799441372272,339,74
4,70-80-110-140,70|80|110|140,"[70, 80, 110, 140]","[2, 3, 5, 8]",0.06222481210378844,5.474439612265285,5.474439612265285,182.9672859746458,32.69070652655491,0.37975165025488183,227.50638260836936,12.573181340306611,2,0.6171808902271615,0.6980850852248148,0.6171808902271615,1.7555281436001586,340,75
4,50-60-70-120,50|60|70|120,"[50, 60, 70, 120]","[0, 1, 2, 6]",0.037223807593178324,5.48006678131289,5.48006678131289,224.69130694122512,40.543011744377864,0.277631526797758,287.7930066016367,9.037352554016753,2,0.7654276930527496,0.5103609896510696,0.5103609896510696,1.7573326485963838,341,76
3,50-60-120,50|60|120,"[50, 60, 120]","[0, 1, 6]",0.038819908643577865,5.485105679439114,5.485105679439114,200.98940639958488,36.24147840061047,0.2586592768073415,257.51608262717735,8.42597382135284,2,0.6842173289912802,0.47548492066604453,0.47548492066604453,1.758948508501661,342,25
4,60-90-110-120,60|90|110|120,"[60, 90, 110, 120]","[1, 4, 5, 6]",0.05572448477112711,5.517781900801812,5.517781900801812,197.72204393363074,35.149531111008685,0.3609845003703663,247.76887294308818,11.742732824067128,2,0.6636020204867017,0.6635860450816956,0.6635860450816956,1.769427028732335,343,77
3,60-110-120,60|110|120,"[60, 110, 120]","[1, 5, 6]",0.05674029608295777,5.534092452306318,5.534092452306318,176.24776154792,31.254299176023984,0.3257973144981744,221.26684855582224,10.621617739460774,2,0.5900623828125423,0.5989025877960622,0.5900623828125423,1.7746574512471158,344,26
5,80-90-110-130-140,80|90|110|130|140,"[80, 90, 110, 130, 140]","[3, 4, 5, 7, 8]",0.0739792813887895,5.539305078597852,5.539305078597852,194.0678191316668,34.08593199660797,0.46781021014717233,234.46365165967126,15.452926573544325,2,0.6435219084910363,0.8599602666649087,0.6435219084910363,1.7763290218196282,345,110
5,60-70-80-90-130,60|70|80|90|130,"[60, 70, 80, 90, 130]","[1, 2, 3, 4, 7]",0.04632995728227608,5.549147380484564,5.549147380484564,229.82431250075854,40.77015865906332,0.3451477152951251,287.78536928403616,11.269274650661352,2,0.7697160902736554,0.6344737990874607,0.6344737990874607,1.779485223948741,346,111
4,60-70-90-130,60|70|90|130,"[60, 70, 90, 130]","[1, 2, 4, 7]",0.04833997759375971,5.5518219768020955,5.5518219768020955,203.99632641972303,36.16543441713931,0.31937839494010367,255.69684818447752,10.459078181311995,2,0.682781664290151,0.5871028971199598,0.5871028971199598,1.7803429060935356,347,78
4,80-90-130-140,80|90|130|140,"[80, 90, 130, 140]","[3, 4, 7, 8]",0.07447365213429137,5.55850708653672,5.55850708653672,174.44074822795756,30.547722743364954,0.42036617516154967,209.4864085780031,13.925282763523695,2,0.5767226444570009,0.7727454430186703,0.5767226444570009,1.7824866685812784,348,79
4,70-110-120-140,70|110|120|140,"[70, 110, 120, 140]","[2, 5, 6, 8]",0.07709612200232062,5.566878104424391,5.566878104424391,172.54804737598337,30.139190997609848,0.42903840430414025,207.46980153533457,14.18058972646127,2,0.5690098106482125,0.7886873192844646,0.5690098106482125,1.7851710634295588,349,80
3,70-120-140,70|120|140,"[70, 120, 140]","[2, 6, 8]",0.07846407530163307,5.577336448943761,5.577336448943761,149.46446089278155,26.07073912873435,0.3767429904720883,178.75981085924627,12.49838730984749,2,0.4921998847373345,0.6925543639771936,0.4921998847373345,1.7885248164051304,350,27
5,70-80-90-120-130,70|80|90|120|130,"[70, 80, 90, 120, 130]","[2, 3, 4, 6, 7]",0.062320116528130284,5.577667436940866,5.577667436940866,205.7869817517849,36.08286959143332,0.41121256324210553,249.79643536863946,13.426621646509812,2,0.6812228900070293,0.7559186564790695,0.6812228900070293,1.7886309567199872,351,112
4,70-80-120-130,70|80|120|130,"[70, 80, 120, 130]","[2, 3, 6, 7]",0.06453676377702446,5.587042170180085,5.587042170180085,184.57977187556375,32.300389434386545,0.3806965363576639,223.53492566759195,12.45797568083716,2,0.6098119381300366,0.6998220385603583,0.6098119381300366,1.7916372202292825,352,81
5,80-110-120-130-140,80|110|120|130|140,"[80, 110, 120, 130, 140]","[3, 5, 6, 7, 8]",0.08245262248160036,5.6120132864085495,5.6120132864085495,191.67378303258664,33.12322706240874,0.5016647247514875,226.42197959554045,16.562862060537217,2,0.6253466179743716,0.9221939177811997,0.6253466179743716,1.7996448886704437,353,113
4,80-120-130-140,80|120|130|140,"[80, 120, 130, 140]","[3, 6, 7, 8]",0.08466829988577781,5.620221859245041,5.620221859245041,170.8354045222046,29.469658561917548,0.45774318625403354,200.4451652529582,15.147572742625167,2,0.556369440689831,0.841454384655745,0.556369440689831,1.802277191089301,354,82
4,50-70-80-120,50|70|80|120,"[50, 70, 80, 120]","[0, 2, 3, 6]",0.04336557463812723,5.638240626821581,5.638240626821581,217.1550236070976,37.997564413879,0.29527183233457155,266.6797528425699,9.588906240969086,2,0.7173711774131287,0.54278858854575,0.54278858854575,1.8080553996063395,355,83
4,60-80-90-130,60|80|90|130,"[60, 80, 90, 130]","[1, 3, 4, 7]",0.05030550648519389,5.646746396837085,5.646746396837085,209.52876606955374,36.49540782677116,0.33007923621440877,257.50754733946457,10.785167815317887,2,0.689011363931009,0.6067739049692652,0.6067739049692652,1.8107830063940284,356,84
3,50-80-120,50|80|120,"[50, 80, 120]","[0, 3, 6]",0.04649951643595857,5.654729231742354,5.654729231742354,191.3392144740368,33.36950489210226,0.2775082192956778,233.68313747254354,9.015010623988536,2,0.6299961953718498,0.5101343174877209,0.5101343174877209,1.8133429197978617,357,28
3,50-70-120,50|70|120,"[50, 70, 120]","[0, 2, 6]",0.04493324712051304,5.660795235581459,5.660795235581459,189.29477742800242,33.00829760654269,0.26469051503838853,231.68631805460768,8.622232202211556,2,0.6231768189268315,0.4865719493904904,0.4865719493904904,1.8152881491204897,358,29
3,60-90-130,60|90|130,"[60, 90, 130]","[1, 4, 7]",0.05405414445549769,5.6662791641817245,5.6662791641817245,180.22776148756992,31.267356810858804,0.30303121284936896,221.06694989145996,9.935572960596025,2,0.5903089031098344,0.5570524049223965,0.5570524049223965,1.8170467201665,359,30
2,50-120,50|120,"[50, 120]","[0, 6]",0.0497731295316534,5.668269875974657,5.668269875974657,158.2829269589229,27.554612431301692,0.24471703160534228,192.7907366460805,7.979109085692726,2,0.5202145207966349,0.4498553455910438,0.4498553455910438,1.81768509611469,360,4
4,60-70-80-130,60|70|80|130,"[60, 70, 80, 130]","[1, 2, 3, 7]",0.04634652409818568,5.7076691162661115,5.7076691162661115,217.00591410053536,37.46394956148967,0.3081574694860149,265.3111807751156,10.095718913373274,2,0.707296849733225,0.566475835468848,0.566475835468848,1.8303195354485624,361,85
3,60-70-130,60|70|130,"[60, 70, 130]","[1, 2, 7]",0.04854321036667547,5.709145565146222,5.709145565146222,187.65218702681832,32.3925967813797,0.27899218587820035,230.10971739979328,9.182554417404827,2,0.6115527574193503,0.5128622449043252,0.5128622449043252,1.8307929989891618,362,31
4,70-80-90-140,70|80|90|140,"[70, 80, 90, 140]","[2, 3, 4, 8]",0.06046671065320352,5.755536093529277,5.755536093529277,194.69211222778452,33.14593818664374,0.35530066668490196,230.43632892087817,11.759186202589358,2,0.625775390349237,0.6531376388139206,0.625775390349237,1.845669385238902,363,86
3,70-80-140,70|80|140,"[70, 80, 140]","[2, 3, 8]",0.06223509435174216,5.758620786633557,5.758620786633557,170.2921768522641,28.982665473235098,0.3194880973891128,201.6692975067552,10.639804949949609,2,0.5471753038863526,0.5873045595575411,0.5471753038863526,1.846658576086272,364,32
3,60-80-130,60|80|130,"[60, 80, 130]","[1, 3, 7]",0.050536546987640596,5.766223251507018,5.766223251507018,191.8592880920665,32.76059328069313,0.291181013815233,232.12009996362565,9.552320871409895,2,0.6185003101393336,0.5352685701526897,0.5352685701526897,1.849096513481031,365,33
2,60-130,60|130,"[60, 130]","[1, 7]",0.055153673566928185,5.767953019593981,5.767953019593981,157.10829096107872,26.813975490370773,0.2601191968839266,190.89316437381999,8.581526628819091,2,0.506231740517244,0.47816864417429067,0.47816864417429067,1.8496512107237884,366,5
4,80-110-130-140,80|110|130|140,"[80, 110, 130, 140]","[3, 5, 7, 8]",0.08264874647635004,5.795520673118178,5.795520673118178,179.34855175035528,30.053160228801712,0.4412261022928278,206.25907936361168,14.61916307157002,2,0.5673856014425533,0.8110915673856034,0.5673856014425533,1.8584915295586726,367,87
3,80-130-140,80|130|140,"[80, 130, 140]","[3, 7, 8]",0.08467633638431117,5.795627287405491,5.795627287405491,154.98298302495047,25.971234943031543,0.39056600190816676,177.35320478989672,12.993863523598147,2,0.4903213055190022,0.717964755505293,0.4903213055190022,1.8585257183332586,368,34
5,80-90-110-120-140,80|90|110|120|140,"[80, 90, 110, 120, 140]","[3, 4, 5, 6, 8]",0.07605550542606793,5.8118079498524695,5.8118079498524695,206.07248410911282,34.51094464357221,0.4638853465745971,237.49394401560005,15.267274287383025,2,0.6515458918086839,0.8527453178431775,0.6515458918086839,1.8637144883845573,369,114
4,80-90-120-140,80|90|120|140,"[80, 90, 120, 140]","[3, 4, 6, 8]",0.07633549832597246,5.843435619759707,5.843435619759707,186.13707919512225,31.021249248214023,0.4159939221534892,212.87255547253469,13.718973158473801,2,0.5856625402518962,0.7647080727749657,0.5856625402518962,1.8738567620365039,370,88
4,70-90-110-140,70|90|110|140,"[70, 90, 110, 140]","[2, 4, 5, 8]",0.07158047561500273,5.881575026557709,5.881575026557709,187.99417138358072,31.19412481605956,0.3889123924816471,216.21750543084028,12.866765912271356,2,0.5889263270646641,0.7149249791760375,0.5889263270646641,1.8860872014524575,371,89
5,60-70-80-90-120,60|70|80|90|120,"[60, 70, 80, 90, 120]","[1, 2, 3, 4, 6]",0.04868350565015353,5.963343741312358,5.963343741312358,249.11570179145355,41.126151986291134,0.33980901609895126,290.25951882487226,11.01332264263937,2,0.7764370303192587,0.6246598423058396,0.6246598423058396,1.9123085665938664,372,115
3,70-110-140,70|110|140,"[70, 110, 140]","[2, 5, 8]",0.07757274794996491,5.964880557412289,5.964880557412289,163.5589391759333,26.72854471722224,0.3564925380037823,185.25553574744382,11.85245351254298,2,0.5046188588690063,0.6553286170247042,0.5046188588690063,1.912801388527443,373,35
4,60-70-90-120,60|70|90|120,"[60, 70, 90, 120]","[1, 2, 4, 6]",0.050529612450180526,5.965868718498827,5.965868718498827,221.61699663657922,36.56628483582557,0.31360130931360825,258.4783311343004,10.182781588624549,2,0.6903494792607988,0.576483068847413,0.576483068847413,1.9131182692898032,374,90
5,70-90-110-120-130,70|90|110|120|130,"[70, 90, 110, 120, 130]","[2, 4, 5, 6, 7]",0.07518161863088396,5.991700843736672,5.991700843736672,210.87215171556426,34.298595929272075,0.44057922947774736,236.7432514161347,14.406573976228563,2,0.6475368757164839,0.8099024421666821,0.6475368757164839,1.9214020437171324,375,116
6,50-60-70-80-90-110,50|60|70|80|90|110,"[50, 60, 70, 80, 90, 110]","[0, 1, 2, 3, 4, 5]",0.04028485906831704,6.049062872538928,6.049062872538928,293.22635221371127,47.86849669804699,0.3217471352583094,339.2039134909634,10.42218574143958,2,0.9037284459403822,0.5914572752663094,0.5914572752663094,1.9397967403561722,376,84
3,70-90-140,70|90|140,"[70, 90, 140]","[2, 4, 8]",0.0716236096693274,6.050652066001001,6.050652066001001,168.88727819033045,27.283438708638183,0.330324352005431,188.84215918077678,10.985182083057431,2,0.5150949239037464,0.6072244933412996,0.5150949239037464,1.9403063585172793,377,36
5,50-60-80-90-110,50|60|80|90|110,"[50, 60, 80, 90, 110]","[0, 1, 3, 4, 5]",0.04134687069904867,6.051017117164766,6.051017117164766,271.37698908880293,44.284330541265824,0.3055267187225555,313.92517116412074,9.896729221394144,2,0.8360615431902879,0.5616398120580685,0.5616398120580685,1.9404234221141463,378,117
4,80-110-120-140,80|110|120|140,"[80, 110, 120, 140]","[3, 5, 6, 8]",0.08446329298145597,6.071410108408833,6.071410108408833,190.78790672886277,30.534357367600705,0.43706257606115567,209.6973469417817,14.422782442787907,2,0.5764703141959312,0.8034378927739938,0.5764703141959312,1.946962990105899,379,91
3,80-120-140,80|120|140,"[80, 120, 140]","[3, 6, 8]",0.08590741157958996,6.07459627909147,6.07459627909147,165.79404935954378,26.526582602748988,0.3858562217915148,181.34036711042674,12.77251790950903,2,0.500805935538594,0.7093069201755021,0.500805935538594,1.947984722502243,380,37
4,70-90-120-130,70|90|120|130,"[70, 90, 120, 130]","[2, 4, 6, 7]",0.07522567137783027,6.076014008842309,6.076014008842309,191.76189255510724,30.784838597069054,0.3898350753193134,212.03471064994417,12.754212405683225,2,0.5811992492546731,0.716621116972767,0.5811992492546731,1.948439356154981,381,92
2,70-140,70|140,"[70, 140]","[2, 8]",0.0785480166921931,6.078815111603463,6.078815111603463,137.18712913729598,22.039231098853303,0.2914588447009068,152.41707566540836,9.777587362111896,2,0.41608743630130046,0.535779297617267,0.41608743630130046,1.9493376060359926,382,6
4,60-80-90-120,60|80|90|120,"[60, 80, 90, 120]","[1, 3, 4, 6]",0.05276240232499182,6.079483574854211,6.079483574854211,228.01503448873757,36.89267315547455,0.32449271829823856,260.2696801997572,10.517441194672937,2,0.6965114945576255,0.5965043911093462,0.5965043911093462,1.949551966981179,383,93
3,60-90-120,60|90|120,"[60, 90, 120]","[1, 4, 6]",0.056275373398170715,6.100211012189474,6.100211012189474,196.867832563265,31.730145635529016,0.296936252434175,224.2783222445062,9.644290255594829,2,0.5990460779569161,0.5458482377830915,0.5458482377830915,1.9561987842198307,384,38
5,50-60-70-90-110,50|60|70|90|110,"[50, 60, 70, 90, 110]","[0, 1, 2, 4, 5]",0.04046852619996993,6.113775188709211,6.113775188709211,272.36313905245345,44.0127911592317,0.2939333816156323,312.44160146355614,9.540320795435788,2,0.8309350428682646,0.540328158199831,0.540328158199831,1.9605485068054647,385,118
4,50-60-90-110,50|60|90|110,"[50, 60, 90, 110]","[0, 1, 4, 5]",0.04171892881377057,6.113775235066372,6.113775235066372,248.05546891772406,40.0853432189784,0.2760836641933811,284.7972480343677,8.963314929888094,2,0.7567871863783054,0.5075156042594129,0.5075156042594129,1.9605485216711507,386,94
4,70-110-120-130,70|110|120|130,"[70, 110, 120, 130]","[2, 5, 6, 7]",0.08184576048990692,6.165989003862607,6.165989003862607,191.9245077173235,30.294147328817907,0.41224281445985816,208.8467643068002,13.508381211616376,2,0.5719352930437563,0.757812533724014,0.5719352930437563,1.977292288539974,387,95
4,60-70-80-120,60|70|80|120,"[60, 70, 80, 120]","[1, 2, 3, 6]",0.048687168649666185,6.16653663014331,6.16653663014331,236.85733889466658,37.85105093468561,0.3021659280076375,267.9928956871494,9.809192874884117,2,0.7146050909889825,0.5554617799913963,0.5554617799913963,1.9774678998200392,388,96
3,60-70-120,60|70|120,"[60, 70, 120]","[1, 2, 6]",0.050588517874792766,6.169047110684262,6.169047110684262,205.54714513971558,32.83953206663233,0.2723598021547762,233.19659417819557,8.866568113280097,2,0.6199906269711167,0.5006701500083512,0.5006701500083512,1.9782729537718131,389,39
3,70-120-130,70|120|130,"[70, 120, 130]","[2, 6, 7]",0.08249476837345307,6.20462435813028,6.20462435813028,167.21316246872732,26.24972318155448,0.3574989043001309,180.35609884543007,11.730171495553172,2,0.49557899607487205,0.6571785873968735,0.49557899607487205,1.9896817670178994,390,40
3,60-80-120,60|80|120,"[60, 80, 120]","[1, 3, 6]",0.05284104799126122,6.236397806353014,6.236397806353014,210.27863110739844,33.20257538531188,0.28483259092870583,235.18059082675356,9.2489760789618,2,0.6268446666178787,0.5235984712108945,0.5235984712108945,1.999870788456598,391,41
2,60-120,60|120,"[60, 120]","[1, 6]",0.056938917877953917,6.237566840776385,6.237566840776385,173.2795105432363,27.35221785728768,0.2529925268387023,194.60310814359454,8.242531392719451,2,0.5163934328900261,0.46506791883827076,0.46506791883827076,2.000245671180022,392,7
5,70-80-90-110-130,70|80|90|110|130,"[70, 80, 90, 110, 130]","[2, 3, 4, 5, 7]",0.0659795066720112,6.261591688525944,6.261591688525944,233.8639195254745,36.56097840504836,0.39274345437024,254.48536828178905,12.827514870720732,2,0.6902492970371951,0.7219674954184419,0.6902492970371951,2.0079498928642954,393,119
4,70-80-110-130,70|80|110|130,"[70, 80, 110, 130]","[2, 3, 5, 7]",0.06747362521177608,6.262423717191122,6.262423717191122,210.0638107610737,32.83362333942233,0.3606681321897573,228.76277350096714,11.80983179322914,2,0.6198790737528767,0.6630044757634989,0.6198790737528767,2.0082167055138913,394,97
4,80-90-110-140,80|90|110|140,"[80, 90, 110, 140]","[3, 4, 5, 8]",0.07797902391323958,6.347137610210133,6.347137610210133,205.5133768985927,31.576091729374106,0.3977468944582338,218.35582982839338,13.133209563658092,2,0.5961376328039664,0.7311651563052348,0.5961376328039664,2.0353825222699315,395,98
5,50-70-80-90-110,50|70|80|90|110,"[50, 70, 80, 90, 110]","[0, 2, 3, 4, 5]",0.0477287165596277,6.473341763926193,6.473341763926193,273.6375817067839,41.679789895203,0.3106493571957972,293.10924627598513,10.064348095745064,2,0.7868893812712998,0.5710565914526246,0.5710565914526246,2.075853320996325,396,120
4,50-70-90-110,50|70|90|110,"[50, 70, 90, 110]","[0, 2, 4, 5]",0.048621831767294635,6.4872607488283345,6.4872607488283345,244.60523433994462,37.1878702698,0.28174214613229964,261.6743962446513,9.148052680384245,2,0.7020846386456517,0.5179174072375482,0.5179174072375482,2.0803168225520476,397,99
3,80-90-140,80|90|140,"[80, 90, 140]","[3, 4, 8]",0.07799607547777476,6.498275229565133,6.498275229565133,184.46835247681418,27.719346558495232,0.34068155299807257,191.28674770973726,11.296094626006733,2,0.523324602103367,0.6262637984576459,0.523324602103367,2.083848915750641,398,42
3,80-110-140,80|110|140,"[80, 110, 140]","[3, 5, 8]",0.08537293424542419,6.50593241481444,6.50593241481444,181.53998920601833,27.17335548956908,0.3661101919883532,187.746830307154,12.141177153339154,2,0.5130166188940657,0.6730084369727564,0.5130166188940657,2.0863044007240803,399,43
4,50-80-90-110,50|80|90|110,"[50, 80, 90, 110]","[0, 3, 4, 5]",0.05046937291701493,6.518965125816367,6.518965125816367,248.10123716974599,37.50885016986551,0.2938169156679117,263.44401381567513,9.519159429532502,2,0.7081445462315137,0.5401140626429434,0.5401140626429434,2.0904836944183662,400,100
3,50-90-110,50|90|110,"[50, 90, 110]","[0, 4, 5]",0.05226959666898201,6.523665240359189,6.523665240359189,214.71350323021392,32.44451649448067,0.26306651956050353,227.9543985380416,8.544598381177176,2,0.612532970395964,0.4835866114180994,0.4835866114180994,2.0919909141417476,401,44
5,80-90-110-120-130,80|90|110|120|130,"[80, 90, 110, 120, 130]","[3, 4, 5, 6, 7]",0.08263760530747508,6.543193333038451,6.543193333038451,232.75439453338208,34.64635375593547,0.4483969229071228,238.69777094978076,14.645029946514901,2,0.6541023344614404,0.8242734532741891,0.6541023344614404,2.098253128855464,402,121
2,80-140,80|140,"[80, 140]","[3, 8]",0.08624558582736316,6.585964179761763,6.585964179761763,152.48502628318118,22.576621830792302,0.30314683105676354,155.4355934775097,10.125647783006404,2,0.42623305031758124,0.5572649421058647,0.42623305031758124,2.111968765608522,403,8
5,50-60-70-80-110,50|60|70|80|110,"[50, 60, 70, 80, 110]","[0, 1, 2, 3, 5]",0.04087674417322252,6.594357614043654,6.594357614043654,300.7509058158852,45.08585871192409,0.28170072714408867,320.3574547250648,9.14051119220751,2,0.851193913287801,0.5178412680610739,0.5178412680610739,2.11466034888406,404,122
4,50-60-80-110,50|60|80|110,"[50, 60, 80, 110]","[0, 1, 3, 5]",0.041723516225630315,6.598832279785847,6.598832279785847,275.38486695569514,41.26067875288451,0.2630221596747145,293.45973652404086,8.536523795281134,2,0.7789768148142202,0.4835050660854304,0.4835050660854304,2.116095272310017,405,101
4,80-90-120-130,80|90|120|130,"[80, 90, 120, 130]","[3, 4, 6, 7]",0.08266372349717678,6.618874588743167,6.618874588743167,211.6807901127645,31.17182114201122,0.39864913015656434,214.21479240639846,13.022959052805783,2,0.5885052471044219,0.7328237067919522,0.5885052471044219,2.1225223844766163,406,102
4,50-60-70-110,50|60|70|110,"[50, 60, 70, 110]","[0, 1, 2, 5]",0.04094093948043026,6.772710683426346,6.772710683426346,280.4634625687518,40.96910378915788,0.24946124639827397,291.8721607064446,8.120634833904848,2,0.7734720547523789,0.4585764810642555,0.4585764810642555,2.171854117557166,407,103
4,70-80-90-130,70|80|90|130,"[70, 80, 90, 130]","[2, 3, 4, 7]",0.06699543744615505,6.779999644200291,6.779999644200291,230.1601507127168,33.286900526521336,0.33482644676410783,231.6768311653977,10.939181784544004,2,0.628436674599655,0.6155005474445318,0.6155005474445318,2.174191521324958,408,104
4,70-90-110-130,70|90|110|130,"[70, 90, 110, 130]","[2, 4, 5, 7]",0.07841083268580862,6.782407960211038,6.782407960211038,217.64858330685877,31.343866248910988,0.37030127562802273,217.53910468475428,12.121918289170225,2,0.5917533553136884,0.6807127694695851,0.5917533553136884,2.17496381343794,409,105
3,50-60-110,50|60|110,"[50, 60, 110]","[0, 1, 5]",0.04193603986492533,6.798649809378116,6.798649809378116,252.23076055436402,36.71752198397849,0.22815843236887623,262.06693106587517,7.434245338846378,2,0.6932047457157045,0.4194162121430823,0.4194162121430823,2.1801722046772976,410,45
3,70-80-130,70|80|130,"[70, 80, 130]","[2, 3, 7]",0.0680096396696011,6.800511861341582,6.800511861341582,202.0356448958108,29.143771655761583,0.2965515639467399,203.08559271690638,9.725877201625755,2,0.550216891778374,0.5451410774709353,0.5451410774709353,2.1807693223474582,411,46
5,70-80-90-110-120,70|80|90|110|120,"[70, 80, 90, 110, 120]","[2, 3, 4, 5, 6]",0.07022627521555998,6.802296458872605,6.802296458872605,256.75899800018783,36.957538906814875,0.3880601023029311,257.27994901277305,12.603248082831506,2,0.6977361209548848,0.7133582419106538,0.6977361209548848,2.1813416021445886,412,123
4,70-80-110-120,70|80|110|120,"[70, 80, 110, 120]","[2, 3, 5, 6]",0.0714541928731015,6.8024275639559395,6.8024275639559395,231.18038576919298,33.27463541061542,0.35556254530805237,231.86758297431768,11.565848497330418,2,0.6282051165833911,0.6536190417540731,0.6282051165833911,2.181383644559861,413,106
4,80-110-120-130,80|110|120|130,"[80, 110, 120, 130]","[3, 5, 6, 7]",0.09127059981085675,6.835199577924765,6.835199577924765,215.67130770505108,30.6873183618587,0.4205875427294009,211.0597776146156,13.762408632217056,2,0.57935812582917,0.7731523758058373,0.57935812582917,2.191892883298349,414,107
3,70-110-130,70|110|130,"[70, 110, 130]","[2, 5, 7]",0.08373156996502344,6.855216708878708,6.855216708878708,188.98571429202983,26.903152809480666,0.33609093316886773,186.7963220659911,11.039379159858758,2,0.5079153547013427,0.6178250116016722,0.5079153547013427,2.198311921452509,415,47
3,80-120-130,80|120|130,"[80, 120, 130]","[3, 6, 7]",0.09192589886843201,6.859255387428047,6.859255387428047,188.22829075377493,26.702511360735038,0.3670901927335635,182.91413602030156,12.021832294490736,2,0.5041273647460719,0.6748099404113361,0.5041273647460719,2.199607033712115,416,48
4,50-70-80-110,50|70|80|110,"[50, 70, 80, 110]","[0, 2, 3, 5]",0.048005617993922084,6.928412705753206,6.928412705753206,269.86198528671684,38.4518733661822,0.2689555795159146,271.0768048410138,8.730297349926381,2,0.7259482573668121,0.49441227845103497,0.49441227845103497,2.2217842111502812,417,108
3,50-80-110,50|80|110,"[50, 80, 110]","[0, 3, 5]",0.050522634409680134,6.936981334665077,6.936981334665077,238.15875843653413,33.88591921028653,0.2493240071857986,238.6888189372318,8.095763427290958,2,0.639745787304472,0.458324198691624,0.458324198691624,2.2245319753548864,418,49
3,50-70-110,50|70|110,"[50, 70, 110]","[0, 2, 5]",0.04870721750430316,7.0133789138551155,7.0133789138551155,238.03510120979382,33.53027549639461,0.23497386564001865,236.73422549420218,7.655968721781042,2,0.6330314477485125,0.4319448010583278,0.4319448010583278,2.249030939608789,419,50
2,50-110,50|110,"[50, 110]","[0, 5]",0.05230762352863588,7.0134114356462165,7.0134114356462165,200.0355929833896,28.17779853397484,0.21222175746199123,198.82859875575568,6.923665988580032,2,0.5319798998444257,0.3901203419260444,0.3901203419260444,2.2490413686067505,420,9
3,70-90-130,70|90|130,"[70, 90, 130]","[2, 4, 7]",0.07859612407521964,7.142757746710404,7.142757746710404,200.4080934356958,27.454517955297174,0.3081953329201304,190.353916419828,10.102547370146672,2,0.5183247972522047,0.5665454385860793,0.5183247972522047,2.290519785655191,421,51
2,70-130,70|130,"[70, 130]","[2, 7]",0.0838130391786736,7.150483809102176,7.150483809102176,162.65561246624048,22.25066821060395,0.2661173497920221,154.28615416395553,8.774306388077733,2,0.4200792418852918,0.48919485322757317,0.4200792418852918,2.292997357960049,422,10
5,60-70-80-90-110,60|70|80|90|110,"[60, 70, 80, 90, 110]","[1, 2, 3, 4, 5]",0.0556497479128283,7.372510145508251,7.372510145508251,310.94452620604227,41.546263865497544,0.3172094201070697,294.3044882686727,10.274446191932135,2,0.7843684900872817,0.5831157413560474,0.5831157413560474,2.364196149030468,423,124
4,60-70-90-110,60|70|90|110,"[60, 70, 90, 110]","[1, 2, 4, 5]",0.05685321282537053,7.372732337793973,7.372732337793973,277.20483999721677,37.038153985812464,0.2889592185512266,263.0125305239505,9.37869979270404,2,0.6992580851920618,0.5311843163115675,0.5311843163115675,2.364267401037706,424,109
4,70-90-110-120,70|90|110|120,"[70, 90, 110, 120]","[2, 4, 5, 6]",0.08371250622272779,7.429091824742031,7.429091824742031,241.8267663263497,31.805541836980925,0.36533033925535585,220.80179247809966,11.884343797120398,2,0.6004695129228761,0.6715748591036098,0.6004695129228761,2.3823406053296132,425,110
4,80-90-110-130,80|90|110|130,"[80, 90, 110, 130]","[3, 4, 5, 7]",0.0873924405709802,7.473584968096726,7.473584968096726,242.92292838045566,31.72403028134298,0.37956920022192464,219.6645643529136,12.404371463765981,2,0.5989306237455632,0.6977496932739946,0.5989306237455632,2.3966085433997315,426,111
3,70-110-120,70|110|120,"[70, 110, 120]","[2, 5, 6]",0.08855292512186866,7.499799372448687,7.499799372448687,210.77148130473563,27.43964597447624,0.33060601538237755,190.5860315759756,10.77796904402487,2,0.518044023193221,0.6077422659497095,0.518044023193221,2.405014906035366,427,52
4,70-80-90-120,70|80|90|120,"[70, 80, 90, 120]","[2, 3, 4, 6]",0.07235007791931541,7.520383859923083,7.520383859923083,258.57489408782936,33.72198521405359,0.32932046930212294,234.74310126889245,10.675318383736096,2,0.6366508119893513,0.6053790884772939,0.6053790884772939,2.4116158825082676,428,112
4,60-80-90-110,60|80|90|110,"[60, 80, 90, 110]","[1, 3, 4, 5]",0.059789024175075554,7.521934091981009,7.521934091981009,285.47672120947686,37.36042018685953,0.3007443648867027,264.773204795959,9.741023467964698,2,0.7053422773673146,0.5528485668249383,0.5528485668249383,2.412113006634124,429,113
3,60-90-110,60|90|110,"[60, 90, 110]","[1, 4, 5]",0.062340414244069955,7.5289841693129045,7.5289841693129045,246.87997540798773,32.27280288468775,0.27078180661222095,229.48923585965747,8.791092278789767,2,0.6092911206528259,0.4977693722182622,0.4977693722182622,2.4143738059208624,430,53
5,90-110-120-130-140,90|110|120|130|140,"[90, 110, 120, 130, 140]","[4, 5, 6, 7, 8]",0.1171010071747904,7.533210646307181,7.533210646307181,246.5489569561711,31.647105726471246,0.5086344750550028,215.07619201379086,16.786815530687672,2,0.5974783343856651,0.9350061826689482,0.5974783343856651,2.415729140866033,431,125
3,70-80-120,70|80|120,"[70, 80, 120]","[2, 3, 6]",0.07294496888406934,7.557307256191866,7.557307256191866,228.27934707590765,29.639736274762885,0.2903206023139762,206.57668664124344,9.428118148386671,2,0.5595804056818667,0.5336869037246963,0.5336869037246963,2.423456375033187,432,54
3,80-110-130,80|110|130,"[80, 110, 130]","[3, 5, 7]",0.09445404110812619,7.6410471268703555,7.6410471268703555,214.32405003909247,27.345123458346507,0.3462756970734316,189.26733659744968,11.348807013818504,2,0.5162594949021584,0.6365473312375187,0.5162594949021584,2.450309845000809,433,55
4,90-110-130-140,90|110|130|140,"[90, 110, 130, 140]","[4, 5, 7, 8]",0.11724761184533296,7.66408316106242,7.66408316106242,225.05367363478157,28.41801487740816,0.4491347308982168,193.73606620119642,14.872414226954223,2,0.536515040024613,0.8256297416642375,0.536515040024613,2.4576969766901424,434,114
4,90-120-130-140,90|120|130|140,"[90, 120, 130, 140]","[4, 6, 7, 8]",0.1255886383088116,7.766299328152848,7.766299328152848,223.55390935135995,27.800214128502013,0.46537120421926353,187.5343163276402,15.392132276526041,2,0.5248513332190359,0.8554767215377045,0.5248513332190359,2.490475374255465,435,115
3,90-130-140,90|130|140,"[90, 130, 140]","[4, 7, 8]",0.12568095056988202,7.830266324135947,7.830266324135947,194.9296125554639,24.060261309900717,0.39947882922756084,162.61923249245993,13.278149919881468,2,0.4542432719305184,0.7343489155601005,0.4542432719305184,2.510988133489907,436,56
3,80-90-130,80|90|130,"[80, 90, 130]","[3, 4, 7]",0.0877454583570179,7.831329961359809,7.831329961359809,223.42884363399645,27.887751827992158,0.319271211134234,192.7793356708071,10.43977929689271,2,0.5265039923702194,0.5869058646219969,0.5265039923702194,2.511329217731093,437,57
4,60-70-80-110,60|70|80|110,"[60, 70, 80, 110]","[1, 2, 3, 5]",0.056244401213566914,7.8719061186849535,7.8719061186849535,305.7970615068251,38.30709752568306,0.27650659455290194,272.36874946554036,8.971690686638334,2,0.7232149765167925,0.5082930633589905,0.5082930633589905,2.5243410675620503,438,116
2,80-130,80|130,"[80, 130]","[3, 7]",0.09447762725724046,7.892874843211984,7.892874843211984,184.12448345191982,22.783072261666693,0.27886948001834133,157.26880215737228,9.160566630598455,2,0.43013071036391076,0.5126366787202684,0.43013071036391076,2.5310652601095627,439,11
3,60-70-110,60|70|110,"[60, 70, 110]","[1, 2, 5]",0.057128780736816084,7.90458164640791,7.90458164640791,267.3440976718538,33.36415037637557,0.2435806039328973,238.2124998461436,7.930132346151045,2,0.6298951053333016,0.44776628762898324,0.44776628762898324,2.534819365358252,440,58
3,60-80-110,60|80|110,"[60, 80, 110]","[1, 3, 5]",0.059996117864686144,7.947945319990049,7.947945319990049,271.9341723697769,33.72154617154064,0.2574514587989076,240.15506209168237,8.355508807322465,2,0.6366425231305965,0.473264628175445,0.473264628175445,2.548725108187669,441,59
2,60-110,60|110,"[60, 110]","[1, 5]",0.062340415810545585,7.958642648436675,7.958642648436675,225.87010215262208,27.979912181680554,0.22171348046241499,200.58642338350444,7.2256690126244605,2,0.5282439244541849,0.40756866704914496,0.40756866704914496,2.552155497867612,442,12
3,70-90-120,70|90|120,"[70, 90, 120]","[2, 4, 6]",0.08460984661522468,7.969671637314366,7.969671637314366,227.80370554677117,27.980441316606456,0.3022045421274183,194.07416878828613,9.816220649765974,2,0.5282539142035454,0.5555327630696265,0.5282539142035454,2.5556922434966736,443,60
2,70-120,70|120,"[70, 120]","[2, 6]",0.08864578611623727,7.972079671670783,7.972079671670783,186.49539171331784,22.896435878378618,0.25915567890559915,158.85335017304845,8.443054960776708,2,0.43227094730938037,0.47639744046901406,0.43227094730938037,2.5564644452895244,444,13
4,90-110-120-140,90|110|120|140,"[90, 110, 120, 140]","[4, 5, 6, 8]",0.12115440311993676,8.12926299214491,8.12926299214491,242.8042870148432,28.926425802143516,0.4450451983200202,197.39258557912365,14.679421971485965,2,0.5461135326994193,0.8181120871748786,0.5461135326994193,2.6068695574728102,445,117
3,90-120-140,90|120|140,"[90, 120, 140]","[4, 6, 8]",0.12782217099187604,8.248088533739026,8.248088533739026,210.21076073276444,24.658684360991927,0.3948753690086472,166.9586304176398,13.061622784848854,2,0.46554113944846,0.7258865246341034,0.46554113944846,2.6449742032852575,446,61
4,80-90-110-120,80|90|110|120,"[80, 90, 110, 120]","[3, 4, 5, 6]",0.09513114737939211,8.334798187575855,8.334798187575855,274.7113364561166,32.18025228934492,0.3747212294570512,222.89614246741155,12.172311033239591,2,0.6075438210409823,0.6888378265782407,0.6075438210409823,2.6727800150968144,447,118
3,90-110-140,90|110|140,"[90, 110, 140]","[4, 5, 8]",0.12228685084972499,8.508562490112533,8.508562490112533,222.404467759814,25.353153223949416,0.37560378836247305,173.89573835368415,12.444957159175697,2,0.4786522941653818,0.6904602058576823,0.4786522941653818,2.728502270717781,448,62
3,80-110-120,80|110|120,"[80, 110, 120]","[3, 5, 6]",0.10199871133047081,8.517984009971787,8.517984009971787,243.40550167764982,27.87311100445257,0.34095466037639593,193.0085340009338,11.094689951311418,2,0.5262275824217687,0.6267658428525668,0.5262275824217687,2.7315235376309004,449,63
2,90-140,90|140,"[90, 140]","[4, 8]",0.12789632409001267,8.534002714802757,8.534002714802757,179.1498390010006,20.34932389847806,0.314546553524674,138.38742445358017,10.487970206405826,2,0.38418300408960554,0.578220680481746,0.38418300408960554,2.736660371562137,450,14
3,80-90-120,80|90|120,"[80, 90, 120]","[3, 4, 6]",0.09661219481487876,8.915641924781342,8.915641924781342,258.9803524021327,28.40565510834071,0.31349215031291167,196.45366312740268,10.16295804609387,2,0.5362816950135514,0.5762824054131575,0.5362816950135514,2.8590433771793102,451,64
2,80-120,80|120,"[80, 120]","[3, 6]",0.10228560046269616,8.968996346161791,8.968996346161791,214.88236991159596,23.41416071087428,0.27223410685362814,161.75180254486193,8.843794743913294,2,0.44204528096450724,0.5004390884317778,0.44204528096450724,2.8761529253619273,452,15
5,50-60-70-80-90,50|60|70|80|90,"[50, 60, 70, 80, 90]","[0, 1, 2, 3, 4]",0.04909773246034488,9.06558245717649,9.06558245717649,416.15527368166164,45.41701862583066,0.2477550151842299,322.4447958285377,7.983891030431486,2,0.8574460134162085,0.45543997181756823,0.45543997181756823,2.907125892126836,453,126
4,50-60-80-90,50|60|80|90,"[50, 60, 80, 90]","[0, 1, 3, 4]",0.04928558120967678,9.1297920927907,9.1297920927907,383.9758606081759,41.62228413021326,0.22629163562840915,295.7369853767785,7.28462831161169,2,0.7858037069925645,0.4159845405208742,0.4159845405208742,2.927716460366644,454,119
4,50-70-80-90,50|70|80|90,"[50, 70, 80, 90]","[0, 2, 3, 4]",0.05711106546031723,9.593262941328966,9.593262941328966,376.99737976987103,38.839638134724936,0.23316164270344975,273.5404571206945,7.510769797368652,2,0.7332690231279783,0.4286134506816488,0.4286134506816488,3.0763410093568733,455,120
3,50-80-90,50|80|90,"[50, 80, 90]","[0, 3, 4]",0.0582838488711375,9.599185096220344,9.599185096220344,333.34297797265384,34.325303287713766,0.21021348299910228,241.48312538278117,6.762762497795956,2,0.648041094591205,0.38642859641647337,0.38642859641647337,3.078240109597066,456,65
4,90-110-120-130,90|110|120|130,"[90, 110, 120, 130]","[4, 5, 6, 7]",0.13963235022162068,9.757073350645918,9.757073350645918,292.7477349914935,29.08784347586862,0.42887692203433875,198.83934533668304,14.031132077814545,2,0.5491610013580466,0.7883904716894613,0.5491610013580466,3.1288712780489,457,121
4,50-60-70-90,50|60|70|90,"[50, 60, 70, 90]","[0, 1, 2, 4]",0.04966819275345006,9.81825960476182,9.81825960476182,409.7986982893238,41.33326009830652,0.2103762375602579,294.16170001282296,6.792516561375643,2,0.780347106990226,0.38672778282321785,0.38672778282321785,3.148492316677453,458,122
3,90-120-130,90|120|130,"[90, 120, 130]","[4, 6, 7]",0.1445844074428861,9.833468940711755,9.833468940711755,252.1782673686838,24.847841813822512,0.3765590826891013,168.66664365915116,12.328553351541865,2,0.46911231846339657,0.6922162922919914,0.46911231846339657,3.153369604435959,459,66
3,50-60-90,50|60|90,"[50, 60, 90]","[0, 1, 4]",0.04972470588866832,10.055355097340717,10.055355097340717,376.72849113012126,37.123406978770305,0.18461722058478935,264.61448168471725,5.954962207192641,2,0.7008676104571554,0.33937582122263427,0.33937582122263427,3.2245234430434198,460,67
3,50-70-90,50|70|90,"[50, 70, 90]","[0, 2, 4]",0.05716609249619943,10.137534787385741,10.137534787385741,348.11362776522054,33.97425937281913,0.19297659290505478,239.5513328690224,6.229560835229335,2,0.6414135964755705,0.3547425829857543,0.3547425829857543,3.2508765986035155,461,68
4,70-80-90-110,70|80|90|110,"[70, 80, 90, 110]","[2, 3, 4, 5]",0.0899674517906267,10.205217836876963,10.205217836876963,355.85715924020315,34.233082694359815,0.30594708739240617,239.7266508754845,9.91127597810542,2,0.6463000252185613,0.5624125620869929,0.5624125620869929,3.272581011592256,462,123
2,50-90,50|90,"[50, 90]","[0, 4]",0.05829914667783792,10.244646820140446,10.244646820140446,297.04818353586796,28.70469047540388,0.16451541634657205,202.17457615180672,5.3038402928777435,2,0.5419273030062552,0.30242332946811534,0.30242332946811534,3.28522498882008,463,16
3,70-80-110,70|80|110,"[70, 80, 110]","[2, 3, 5]",0.09003490378858547,10.459334355943302,10.459334355943302,321.7244398691075,30.21995417633064,0.26351034308063903,212.22269202494206,8.55338416885234,2,0.5705345709191472,0.4844024777340736,0.4844024777340736,3.3540703936241942,464,69
3,90-110-130,90|110|130,"[90, 110, 130]","[4, 5, 7]",0.14612135078916905,10.777222315302485,10.777222315302485,283.37503427018885,25.537167164483517,0.3562981778485312,175.53626471439458,11.67322563226848,2,0.4821263667597074,0.6549713310841383,0.4821263667597074,3.4560098246330506,465,70
2,90-130,90|130,"[90, 130]","[4, 7]",0.1482926727207878,10.779446454838402,10.779446454838402,228.36406143962932,20.57813187621483,0.29122108447053197,140.4433396754876,9.5595374897841,2,0.3885027611825257,0.5353422307327046,0.3885027611825257,3.456723055543818,466,17
3,70-90-110,70|90|110,"[70, 90, 110]","[2, 4, 5]",0.10341132928273232,10.857244070212158,10.857244070212158,316.68068767823047,28.594348397088652,0.2765487914726237,200.07330291046605,8.9793739628622,2,0.5398441108895969,0.5083706325816137,0.5083706325816137,3.481670979526323,467,71
2,70-110,70|110,"[70, 110]","[2, 5]",0.10414859466194482,10.927488471870292,10.927488471870292,263.3905716637743,23.642724883454793,0.22872104120860448,166.12925813305762,7.453599532489782,2,0.44636043516261814,0.42045043764168466,0.42045043764168466,3.504196759839056,468,18
4,60-70-80-90,60|70|80|90,"[60, 70, 80, 90]","[1, 2, 3, 4]",0.07422881662818431,11.989114607389805,11.989114607389805,469.9208663772232,38.696313079021635,0.2418328859081672,274.8208202527743,7.790045244261845,2,0.730563132222899,0.4445535145299756,0.4445535145299756,3.8446360907817874,469,124
3,60-80-90,60|80|90,"[60, 80, 90]","[1, 3, 4]",0.07659178559891555,12.024818684455596,12.024818684455596,416.18047346692816,34.163044379370156,0.2197919505193839,242.93250380969033,7.07164044336085,2,0.6449777439286107,0.40403638116403406,0.40403638116403406,3.856085575399324,470,72
4,110-120-130-140,110|120|130|140,"[110, 120, 130, 140]","[5, 6, 7, 8]",0.21139348338266553,12.353142816623684,12.353142816623684,349.7021299255889,27.255843052877584,0.48429651025075304,183.92219072610575,16.02261417144971,2,0.5145739345095621,0.8902664949726079,0.5145739345095621,3.9613716494210034,471,125
3,110-130-140,110|130|140,"[110, 130, 140]","[5, 7, 8]",0.21446514153015703,12.38566614842734,12.38566614842734,301.4916062770246,23.429153830926925,0.42137404657334204,158.4401060888667,14.004131324859628,2,0.44232834205937394,0.7745981801955187,0.44232834205937394,3.9718011414510266,472,73
3,60-70-90,60|70|90,"[60, 70, 90]","[1, 2, 4]",0.0744182484280654,12.478400076188597,12.478400076188597,427.0320632291824,33.81031581344471,0.203368528754438,241.01232881729177,6.563579066211105,2,0.6383184406140868,0.3738457400574838,0.3738457400574838,4.001538800751667,473,74
2,60-90,60|90,"[60, 90]","[1, 4]",0.07659190536080762,12.478607913826732,12.478607913826732,360.0869190963642,28.51046142667676,0.1765902468829674,203.90355760695272,5.692439179379512,2,0.5382603753091127,0.3246200970092628,0.3246200970092628,4.001605449550245,474,19
3,110-120-140,110|120|140,"[110, 120, 140]","[5, 6, 8]",0.215719738270788,12.901377487198124,12.901377487198124,321.84622519824313,24.043289902747507,0.41701236093704175,162.89087363001232,13.799000639276352,2,0.45392286196425724,0.7665802356070043,0.45392286196425724,4.137178026266311,475,75
2,110-140,110|140,"[110, 140]","[5, 8]",0.2170470995805464,12.904331219864009,12.904331219864009,262.3998799402591,19.59908309226997,0.34192438704898026,133.45160803793246,11.393153554636342,2,0.3700189086062569,0.6285484597981981,0.3700189086062569,4.138125221082747,476,20
3,90-110-120,90|110|120,"[90, 110, 120]","[4, 5, 6]",0.17054450149882128,12.989588752244464,12.989588752244464,348.8318839640484,26.1017517975537,0.3511290554580696,179.56377620327356,11.426325793564803,2,0.4927853852842468,0.6454691018191413,0.4927853852842468,4.165465370604619,477,76
2,90-120,90|120,"[90, 120]","[4, 6]",0.1707841378708609,13.06207801118134,13.06207801118134,285.7636160161954,21.274728003648164,0.28487355456216934,145.44587018441499,9.256429197991102,2,0.4016540773741432,0.5236737733235733,0.4016540773741432,4.188711025536549,478,21
3,80-90-110,80|90|110,"[80, 90, 110]","[3, 4, 5]",0.12805162815626178,13.076118431496669,13.076118431496669,387.3481233799545,29.010565422204913,0.28884074693564155,202.38227516957593,9.357172925980358,2,0.5477020381534292,0.5309665338007953,0.5309665338007953,4.193213468664483,479,77
2,80-110,80|110,"[80, 110]","[3, 5]",0.1296757978824784,13.077783846865408,13.077783846865408,322.39325801340607,24.144452484508268,0.24344004953359416,168.90289865230537,7.9046615609084805,2,0.45583275070337237,0.44750791105642485,0.44750791105642485,4.193747529455665,480,22
4,50-60-70-80,50|60|70|80,"[50, 60, 70, 80]","[0, 1, 2, 3]",0.060736207340863206,13.448182136986862,13.448182136986862,576.4712423474193,42.474077512286186,0.19291611694080263,302.55619350336286,6.218480940841469,2,0.8018850540693044,0.35463141199115644,0.35463141199115644,4.312525828003838,481,126
3,50-70-80,50|70|80,"[50, 70, 80]","[0, 2, 3]",0.06763573780548116,13.846779619975232,13.846779619975232,494.34728352036865,35.35334736764011,0.1737769612312018,249.78788111542858,5.59809361969496,2,0.6674499489066144,0.3194485256608397,0.3194485256608397,4.440346965675447,482,78
3,50-60-80,50|60|80,"[50, 60, 80]","[0, 1, 3]",0.061573627700315145,14.44117152893086,14.44117152893086,559.1304272215708,38.38953263425916,0.16444447385655783,273.9159878321853,5.29082213499366,2,0.7247713018184694,0.3022929182002396,0.3022929182002396,4.630954917978358,483,79
2,50-80,50|80,"[50, 80]","[0, 3]",0.06768907099471516,14.58348965573861,14.58348965573861,446.20317543554347,30.32438169945398,0.14150543827427026,214.20481720767393,4.545541312913093,2,0.5725060997887703,0.2601248365113559,0.2601248365113559,4.6765931009981685,484,23
3,110-120-130,110|120|130,"[110, 120, 130]","[5, 6, 7]",0.29128237858891326,18.293093213386026,18.293093213386026,459.3196803510921,24.237250622487668,0.3997117647508361,164.64109184604456,13.107236803036733,2,0.457584723771407,0.7347771133428049,0.457584723771407,5.866178503028854,485,80
2,110-130,110|130,"[110, 130]","[5, 7]",0.29445848480547315,18.85444795355407,18.85444795355407,387.1382786496681,19.836546736955537,0.3205970557643395,135.58238860640785,10.544723129966671,2,0.37450207948861686,0.5893431216055567,0.37450207948861686,6.046192187479851,486,24
3,60-70-80,60|70|80,"[60, 70, 80]","[1, 2, 3]",0.10356374912772341,19.837943034706786,19.837943034706786,705.9994645162284,35.19582824100474,0.18524908996605638,251.18934514573797,5.96756182485367,2,0.6644760824737903,0.3405373661180328,0.3405373661180328,6.361576668146626,487,81
2,60-80,60|80,"[60, 80]","[1, 3]",0.10362114612009939,20.25611299964746,20.25611299964746,617.094966530438,30.140591914019552,0.1553788342719006,215.83745105421855,4.993504559523414,2,0.5690362591079965,0.28562784833727717,0.28562784833727717,6.495674255161177,488,25
3,70-80-90,70|80|90,"[70, 80, 90]","[2, 3, 4]",0.1487131688924157,20.340776606680407,20.340776606680407,634.6130924863185,30.71183087162,0.2268588741616818,215.3606708972156,7.304378951759513,2,0.5798209072800355,0.41702727663427,0.41702727663427,6.522823946346379,489,82
2,70-90,70|90,"[70, 90]","[2, 4]",0.15484887234503666,20.497076942493614,20.497076942493614,505.49625555070276,24.26827898682146,0.18531206805542336,170.1195990085372,5.9791067160291975,2,0.4581705206401981,0.3406531366877026,0.3406531366877026,6.572945905452381,490,26
3,50-60-70,50|60|70,"[50, 60, 70]","[0, 1, 2]",0.07870001856213453,21.23131353561354,21.23131353561354,814.6674996176473,38.07597759762583,0.1417471056374327,272.2144552090705,4.589691761149835,2,0.718851571191437,0.2605690857508156,0.2605690857508156,6.8083988640337925,491,83
2,50-70,50|70,"[50, 70]","[0, 2]",0.08082226736103534,21.240831962810866,21.240831962810866,640.5480747141079,29.9264428155475,0.11434179479010588,212.02463288415842,3.705997494012575,2,0.5649932528447649,0.2101907957667479,0.2101907957667479,6.81145120692388,492,27
3,120-130-140,120|130|140,"[120, 130, 140]","[6, 7, 8]",0.43500659869186475,23.435956413758475,23.435956413758475,554.0197512151489,22.675837035293956,0.4386393032356618,150.7936459895191,14.55488664483097,2,0.4281061737445301,0.8063363389644255,0.4281061737445301,7.515377640546331,493,84
2,120-140,120|140,"[120, 140]","[6, 8]",0.43679912374258273,23.44280526753713,23.44280526753713,456.8555586110238,18.692040928579036,0.3629884814650387,124.27706200772138,12.063705027871288,2,0.35289449774026344,0.6672698982323649,0.35289449774026344,7.517573912020929,494,28
2,90-110,90|110,"[90, 110]","[4, 5]",0.27208281676127843,23.805917249240576,23.805917249240576,538.8404087695142,22.07590803593909,0.25749677837093693,153.35920155093606,8.363758151540363,2,0.4167798748285321,0.47334793766806005,0.4167798748285321,7.634015657351471,495,29
2,110-120,110|120,"[110, 120]","[5, 6]",0.42055729003824643,28.268491767340077,28.268491767340077,600.603839118833,20.558286080355625,0.3148423323084994,140.75778342498967,10.270730761074823,2,0.3881280844851683,0.5787644009826994,0.3881280844851683,9.065061703029718,496,30
2,80-90,80|90,"[80, 90]","[3, 4]",0.24844165634503762,30.67732764878427,30.67732764878427,773.0123252030853,24.75733246624412,0.2032001613984312,172.82921261215168,6.532782372269694,2,0.4674035563824383,0.3735362358328459,0.3735362358328459,9.837520526708172,497,31
2,60-70,60|70,"[60, 70]","[1, 2]",0.15402479774918384,35.2340818285705,35.2340818285705,1057.8207414783444,29.740193931202192,0.1311214670232305,213.67392567243985,4.243531475576553,2,0.5614769858546135,0.24103632050125082,0.24103632050125082,11.298767845641013,498,32
2,130-140,130|140,"[130, 140]","[7, 8]",0.8372591342376414,42.54810580007839,42.54810580007839,795.9857216475358,17.895190805391024,0.36799105373310664,118.3833546017924,12.297815030347973,2,0.3378504463672132,0.6764659638340643,0.3378504463672132,13.644208810261537,499,33
2,50-60,50|60,"[50, 60]","[0, 1]",0.1384729822378643,46.493163980777396,46.493163980777396,1565.586716052204,33.45876604676356,0.0995871415546817,239.98005706226624,3.22312955291855,2,0.6316813923207689,0.18306779747457322,0.18306779747457322,14.909299149159505,500,34
2,120-130,120|130,"[120, 130]","[6, 7]",0.9404412677590155,53.988611013563904,53.988611013563904,1063.321445401154,18.940879664508525,0.34297350244914965,126.56239786595408,11.265887313816805,2,0.35759242350822473,0.630477014455028,0.35759242350822473,17.3129183589577,501,35
2,70-80,70|80,"[70, 80]","[2, 3]",0.3470421350341122,55.2780071303034,55.2780071303034,1466.2843352253594,26.164063811794172,0.16522417926104285,184.25477589369507,5.317982803348622,2,0.49396179866000367,0.30372622524018233,0.30372622524018233,17.72639833709345,502,36
