model,electrodes,state,phase_rr,delta_rho1,delta_rho2
variable_transverse,PEM,inhale,0.0,0.0011371737353369636,0.438317636300199
variable_transverse,PEM,inhale,0.005,0.001149340731942255,0.4375000771893756
variable_transverse,PEM,inhale,0.01,0.0011587967529016598,0.43639515706493553
variable_transverse,PEM,inhale,0.015,0.0011638698962149355,0.4365267919094252
variable_transverse,PEM,inhale,0.02,0.0011596942497010404,0.4392839357691774
variable_transverse,PEM,inhale,0.025,0.0011621276720002315,0.4396847902784219
variable_transverse,PEM,inhale,0.03,0.0011815805759757376,0.43555795234476996
variable_transverse,PEM,inhale,0.035,0.0012126490445150797,0.4278779507881584
variable_transverse,PEM,inhale,0.04,0.0012310164381080756,0.4212453153778957
variable_transverse,PEM,inhale,0.045,0.0012448134429742094,0.41629655854370734
variable_transverse,PEM,inhale,0.05,0.001246527570421057,0.41362979014628404
variable_transverse,PEM,inhale,0.055,0.0012511813286681544,0.4087304165396577
variable_transverse,PEM,inhale,0.06,0.001232182558947743,0.40269912507498035
variable_transverse,PEM,inhale,0.065,0.0012189835418953984,0.39205546352423903
variable_transverse,PEM,inhale,0.07,0.001214107630706705,0.3838973010435129
variable_transverse,PEM,inhale,0.075,0.0012129896257927137,0.37686335812074784
variable_transverse,PEM,inhale,0.08,0.0012070949926525723,0.3694961184278328
variable_transverse,PEM,inhale,0.085,0.0012052771379082994,0.3592184804826571
variable_transverse,PEM,inhale,0.09,0.001226761543661918,0.34216460253040176
variable_transverse,PEM,inhale,0.095,0.001246079468147213,0.33051711126384037
variable_transverse,PEM,inhale,0.1,0.0012198162349102146,0.32779987008367584
variable_transverse,PEM,inhale,0.105,0.0011544959970334811,0.3310856436824624
variable_transverse,PEM,inhale,0.11,0.0011071607981248375,0.33237713775539973
variable_transverse,PEM,inhale,0.115,0.0010155131764585878,0.3372398349685794
variable_transverse,PEM,inhale,0.12,0.0009179233333146011,0.3420492420119141
variable_transverse,PEM,inhale,0.125,0.0008268977269502892,0.3453018361699728
variable_transverse,PEM,inhale,0.13,0.0007601080769244428,0.3440774825705509
variable_transverse,PEM,inhale,0.135,0.00068745301900944,0.3440260527955634
variable_transverse,PEM,inhale,0.14,0.0005926270325608845,0.34507328450274505
variable_transverse,PEM,inhale,0.145,0.0004969224613751868,0.3433585753418099
variable_transverse,PEM,inhale,0.15,0.0004294816194734353,0.3348238793310498
variable_transverse,PEM,inhale,0.155,0.0003693164729712782,0.32493279942322456
variable_transverse,PEM,inhale,0.16,0.00027777030077036824,0.31242913387784055
variable_transverse,PEM,inhale,0.165,0.00020370654489942954,0.2867433586015615
variable_transverse,PEM,inhale,0.17,0.00013201472402602383,0.2575340184879299
variable_transverse,PEM,inhale,0.175,5.343209988414881e-05,0.22790544044072383
variable_transverse,PEM,inhale,0.18,-3.069914302962687e-05,0.1964400475546233
variable_transverse,PEM,inhale,0.185,-0.00014124624805069151,0.15629568329189636
variable_transverse,PEM,inhale,0.19,-0.00022770416072105185,0.11208678938897285
variable_transverse,PEM,inhale,0.195,-0.00031603639351692153,0.06700433101961856
variable_transverse,PEM,inhale,0.2,-0.00041893445571756783,0.025626274586195187
variable_transverse,PEM,inhale,0.205,-0.0004588069867153881,-0.02334887502155498
variable_transverse,PEM,inhale,0.21,-0.0004935094578007791,-0.07194441112708554
variable_transverse,PEM,inhale,0.215,-0.0005758072514557854,-0.11525096382478955
variable_transverse,PEM,inhale,0.22,-0.0006697126705992649,-0.15526917190391948
variable_transverse,PEM,inhale,0.225,-0.0007497902927623666,-0.19200847844185986
variable_transverse,PEM,inhale,0.23,-0.0008142900861152504,-0.22835109743438953
variable_transverse,PEM,inhale,0.235,-0.0009044162531235606,-0.2596939346159225
variable_transverse,PEM,inhale,0.24,-0.000972231207253753,-0.29144246952440706
variable_transverse,PEM,inhale,0.245,-0.0010385819776575727,-0.31877792264182697
variable_transverse,PEM,inhale,0.25,-0.0010958133111642547,-0.34652510048828283
variable_transverse,PEM,inhale,0.255,-0.0011553695723042182,-0.3721607694679548
variable_transverse,PEM,inhale,0.26,-0.0011958786459943867,-0.3991710218062893
variable_transverse,PEM,inhale,0.265,-0.0012350014385112882,-0.4242362072650099
variable_transverse,PEM,inhale,0.27,-0.0012570650180148797,-0.4504184493743571
variable_transverse,PEM,inhale,0.275,-0.0012851963384193136,-0.4758078997116534
variable_transverse,PEM,inhale,0.28,-0.0013207634659103903,-0.49934204377422303
variable_transverse,PEM,inhale,0.285,-0.001356090337751852,-0.5226227069009871
variable_transverse,PEM,inhale,0.29,-0.0013854298207392405,-0.5453014434872016
variable_transverse,PEM,inhale,0.295,-0.0014164617260648167,-0.5693170869123491
variable_transverse,PEM,inhale,0.3,-0.001440564072666486,-0.5942774428792525
variable_transverse,PEM,inhale,0.305,-0.0014603999871310126,-0.617244393072435
variable_transverse,PEM,inhale,0.31,-0.001472950070231947,-0.6397951759011623
variable_transverse,PEM,inhale,0.315,-0.0014761552509533862,-0.661612620187764
variable_transverse,PEM,inhale,0.32,-0.0014856951847546142,-0.6807407925210632
variable_transverse,PEM,inhale,0.325,-0.0015015317007210087,-0.6945744346297998
variable_transverse,PEM,inhale,0.33,-0.0014957498730146484,-0.7074477450248937
variable_transverse,PEM,inhale,0.335,-0.0014808871607524645,-0.7193038299135602
variable_transverse,PEM,inhale,0.34,-0.0014679066720611137,-0.727646195134033
variable_transverse,PEM,inhale,0.345,-0.001462533970100133,-0.7314310936747743
variable_transverse,PEM,inhale,0.35,-0.00145157017926809,-0.7362559038557552
variable_transverse,PEM,inhale,0.355,-0.0014337410774096513,-0.7404334617858357
variable_transverse,PEM,inhale,0.36,-0.001441883272315546,-0.7401951931403636
variable_transverse,PEM,inhale,0.365,-0.0014457083213719566,-0.7389562922194721
variable_transverse,PEM,inhale,0.37,-0.0014496771730235156,-0.7349113692156192
variable_transverse,PEM,inhale,0.375,-0.001445838025786599,-0.7319695088063757
variable_transverse,PEM,inhale,0.38,-0.0014335632870749804,-0.728757449423076
variable_transverse,PEM,inhale,0.385,-0.0014354119167571775,-0.723158513215211
variable_transverse,PEM,inhale,0.39,-0.0014439717936839487,-0.7172905939996262
variable_transverse,PEM,inhale,0.395,-0.0014406569734521548,-0.71171883616167
variable_transverse,PEM,inhale,0.4,-0.0014460270633234076,-0.7046248386784159
variable_transverse,PEM,inhale,0.405,-0.0014483921532086746,-0.6972457875472493
variable_transverse,PEM,inhale,0.41,-0.0014330043345597468,-0.6868065957309465
variable_transverse,PEM,inhale,0.415,-0.0013842927588549971,-0.6830351245299038
variable_transverse,PEM,inhale,0.42,-0.0014102178467912231,-0.6596216797178769
variable_transverse,PEM,inhale,0.425,-0.0014093768544726553,-0.641290028788496
variable_transverse,PEM,inhale,0.43,-0.0013949421391083359,-0.6277478690953556
variable_transverse,PEM,inhale,0.435,-0.0013854713755818216,-0.6174898692467037
variable_transverse,PEM,inhale,0.44,-0.001361497218946409,-0.6065905022764185
variable_transverse,PEM,inhale,0.445,-0.0013380668055141948,-0.5910339765583266
variable_transverse,PEM,inhale,0.45,-0.0013396922181314887,-0.5728931565881478
variable_transverse,PEM,inhale,0.455,-0.001336584838494477,-0.5519693380966642
variable_transverse,PEM,inhale,0.46,-0.001303439780516953,-0.5351748216236979
variable_transverse,PEM,inhale,0.465,-0.0012943457233789077,-0.5131674829973949
variable_transverse,PEM,inhale,0.47,-0.001291165680309223,-0.49183725498067044
variable_transverse,PEM,inhale,0.475,-0.0012961580576953979,-0.4715396366347515
variable_transverse,PEM,inhale,0.48,-0.0013156557860964965,-0.4510595114356766
variable_transverse,PEM,inhale,0.485,-0.0013120277946456014,-0.43093337479421306
variable_transverse,PEM,inhale,0.49,-0.0012967643437501594,-0.4132971622141319
variable_transverse,PEM,inhale,0.495,-0.0012981184378612076,-0.39355642226283943
variable_transverse,PEM,inhale,0.5,-0.0013072580614005354,-0.37294635661350717
variable_transverse,PEM,inhale,0.505,-0.0012901415389418244,-0.36314058180678926
variable_transverse,PEM,inhale,0.51,-0.0012994927725235035,-0.34670690721111536
variable_transverse,PEM,inhale,0.515,-0.0013158812377441346,-0.3333750780222409
variable_transverse,PEM,inhale,0.52,-0.0013283528755159443,-0.3186499094968719
variable_transverse,PEM,inhale,0.525,-0.0013042093848361028,-0.3127900856778862
variable_transverse,PEM,inhale,0.53,-0.0012776250607052456,-0.3039994117824778
variable_transverse,PEM,inhale,0.535,-0.001265484736232641,-0.29440978440826787
variable_transverse,PEM,inhale,0.54,-0.0012734826470617716,-0.282345871259203
variable_transverse,PEM,inhale,0.545,-0.0012788714702445963,-0.27086296123611064
variable_transverse,PEM,inhale,0.55,-0.0012633534503092927,-0.2607638546758909
variable_transverse,PEM,inhale,0.555,-0.001249410934764981,-0.2505938310339297
variable_transverse,PEM,inhale,0.56,-0.0012350391637620476,-0.24049977696694982
variable_transverse,PEM,inhale,0.5650000000000001,-0.0012179453991172501,-0.23030916443875987
variable_transverse,PEM,inhale,0.5700000000000001,-0.001196005598542908,-0.22076283808292985
variable_transverse,PEM,inhale,0.5750000000000001,-0.001184747319817116,-0.21132817391109052
variable_transverse,PEM,inhale,0.58,-0.0011690238970221065,-0.20018933954890922
variable_transverse,PEM,inhale,0.585,-0.001126385823649606,-0.19216785081719828
variable_transverse,PEM,inhale,0.59,-0.0010686395477814909,-0.18676231446555508
variable_transverse,PEM,inhale,0.595,-0.0010207849143740104,-0.17975198417800975
variable_transverse,PEM,inhale,0.6,-0.0009641746244481204,-0.17497251435387265
variable_transverse,PEM,inhale,0.605,-0.0009166497939800887,-0.1675959944566459
variable_transverse,PEM,inhale,0.61,-0.000869511955991201,-0.15819755066350566
variable_transverse,PEM,inhale,0.615,-0.0008161477274877939,-0.152416477104479
variable_transverse,PEM,inhale,0.62,-0.0007598397174591629,-0.14621189356000788
variable_transverse,PEM,inhale,0.625,-0.0007052479973601614,-0.13821111561227334
variable_transverse,PEM,inhale,0.63,-0.0006421029387801829,-0.132313270223524
variable_transverse,PEM,inhale,0.635,-0.0005913515998945331,-0.1255026842590862
variable_transverse,PEM,inhale,0.64,-0.0005393445845759463,-0.12008744567831048
variable_transverse,PEM,inhale,0.645,-0.0004646164714552439,-0.11705402841488753
variable_transverse,PEM,inhale,0.65,-0.00038959394347530416,-0.1117757407728333
variable_transverse,PEM,inhale,0.655,-0.0003260453654500978,-0.1020211368384865
variable_transverse,PEM,inhale,0.66,-0.00025813388441904225,-0.09562054297165686
variable_transverse,PEM,inhale,0.665,-0.00019323233771511664,-0.08881270812158983
variable_transverse,PEM,inhale,0.67,-0.00014342721826790698,-0.08035575261574017
variable_transverse,PEM,inhale,0.675,-8.054999061250346e-05,-0.07402561887491466
variable_transverse,PEM,inhale,0.68,-5.250708776104215e-05,-0.05921907272373573
variable_transverse,PEM,inhale,0.685,-2.0533154480009484e-05,-0.045348707543364376
variable_transverse,PEM,inhale,0.6900000000000001,1.0775538365518115e-05,-0.0317892139988508
variable_transverse,PEM,inhale,0.6950000000000001,3.78483112628185e-05,-0.0175057744731114
variable_transverse,PEM,inhale,0.7000000000000001,6.778803931094318e-05,-0.00318162134988029
variable_transverse,PEM,inhale,0.705,9.431677449841406e-05,0.010809519558962513
variable_transverse,PEM,inhale,0.71,0.00012146345398571617,0.02433550158624183
variable_transverse,PEM,inhale,0.715,0.0001398882418842512,0.037905303838782024
variable_transverse,PEM,inhale,0.72,0.0001674317773741065,0.050068594742419176
variable_transverse,PEM,inhale,0.725,0.00018808109087349725,0.06523268705825892
variable_transverse,PEM,inhale,0.73,0.00021572689108302295,0.07973184695662947
variable_transverse,PEM,inhale,0.735,0.0002535782424254368,0.09303512641794624
variable_transverse,PEM,inhale,0.74,0.00030389693034681717,0.1033943077752382
variable_transverse,PEM,inhale,0.745,0.0003417298272303788,0.1166537376035157
variable_transverse,PEM,inhale,0.75,0.00035141741546090117,0.13255675620196988
variable_transverse,PEM,inhale,0.755,0.0003598383659261488,0.14787825319643166
variable_transverse,PEM,inhale,0.76,0.00038214751329084673,0.1610989874294648
variable_transverse,PEM,inhale,0.765,0.00041703175254342504,0.17071180544086462
variable_transverse,PEM,inhale,0.77,0.00046019860318925266,0.1784535507792191
variable_transverse,PEM,inhale,0.775,0.00048801051166502213,0.18696211243280889
variable_transverse,PEM,inhale,0.78,0.0005003131753689426,0.1953097713771248
variable_transverse,PEM,inhale,0.785,0.000512113333604469,0.20375846376973078
variable_transverse,PEM,inhale,0.79,0.0005236216370834132,0.21247574855084564
variable_transverse,PEM,inhale,0.795,0.000529057893548797,0.2226696584028139
variable_transverse,PEM,inhale,0.8,0.0005298505420741125,0.23300018063055122
variable_transverse,PEM,inhale,0.805,0.0005492502716493695,0.23872345603364678
variable_transverse,PEM,inhale,0.81,0.0005798530066223425,0.24339944438152059
variable_transverse,PEM,inhale,0.8150000000000001,0.000601889586535996,0.2491443226769152
variable_transverse,PEM,inhale,0.8200000000000001,0.0006213925699228961,0.25526764809922414
variable_transverse,PEM,inhale,0.8250000000000001,0.0006387571605638379,0.2612705252968029
variable_transverse,PEM,inhale,0.8300000000000001,0.0006345416560715447,0.2700559717490402
variable_transverse,PEM,inhale,0.835,0.0006482013056104261,0.27444896558413207
variable_transverse,PEM,inhale,0.84,0.0006594107509050264,0.2812794853278669
variable_transverse,PEM,inhale,0.845,0.0006948962440281961,0.285099174709927
variable_transverse,PEM,inhale,0.85,0.0007308424498509892,0.2855308823934524
variable_transverse,PEM,inhale,0.855,0.0007901563316327203,0.28260626187700916
variable_transverse,PEM,inhale,0.86,0.0008290754156250485,0.2834159570730376
variable_transverse,PEM,inhale,0.865,0.0008572519209634262,0.28601701891680714
variable_transverse,PEM,inhale,0.87,0.000882309799360332,0.2890339061161394
variable_transverse,PEM,inhale,0.875,0.0008881111960043544,0.2941687452434674
variable_transverse,PEM,inhale,0.88,0.0008767920833174737,0.3028313444659949
variable_transverse,PEM,inhale,0.885,0.0008669865982390855,0.3108732308188731
variable_transverse,PEM,inhale,0.89,0.0008557480503301558,0.3200768925007166
variable_transverse,PEM,inhale,0.895,0.0008496272432138589,0.32790168518821206
variable_transverse,PEM,inhale,0.9,0.0008539069366860647,0.33289308351830693
variable_transverse,PEM,inhale,0.905,0.0008544289327776589,0.3404211463194744
variable_transverse,PEM,inhale,0.91,0.000849147707358426,0.3501634489691987
variable_transverse,PEM,inhale,0.915,0.0008486668458180462,0.359235722766457
variable_transverse,PEM,inhale,0.92,0.0008525064337698732,0.3676285297147401
variable_transverse,PEM,inhale,0.925,0.0008564699340255785,0.3754843516198383
variable_transverse,PEM,inhale,0.93,0.0008672093892673227,0.3825302976835885
variable_transverse,PEM,inhale,0.935,0.0008679803492528712,0.39048551186658076
variable_transverse,PEM,inhale,0.94,0.0008716874693180802,0.39782331622133843
variable_transverse,PEM,inhale,0.945,0.000875696879618522,0.40581567255000855
variable_transverse,PEM,inhale,0.95,0.0008747475015487741,0.41320411767269866
variable_transverse,PEM,inhale,0.955,0.0008658296388939172,0.42104786373652237
variable_transverse,PEM,inhale,0.96,0.0008619396927622644,0.42761035580301954
variable_transverse,PEM,inhale,0.965,0.0008640187843974226,0.43249744375950727
variable_transverse,PEM,inhale,0.97,0.0008800111421986091,0.43605885610227435
variable_transverse,PEM,inhale,0.975,0.0008952408827253367,0.439388011743443
variable_transverse,PEM,inhale,0.98,0.000910632071957838,0.4421971244620704
variable_transverse,PEM,inhale,0.985,0.0009272593822412788,0.4437619324587963
variable_transverse,PEM,inhale,0.99,0.0009446470778654275,0.4448458938061099
variable_transverse,PEM,inhale,0.995,0.0009748365006764022,0.4432874212260721
variable_transverse,PEM,exhale,0.0,0.00046809591842252984,0.13916547599239562
variable_transverse,PEM,exhale,0.005,0.0004830787829347416,0.13581344794788738
variable_transverse,PEM,exhale,0.01,0.0004979171810526033,0.13212201567762005
variable_transverse,PEM,exhale,0.015,0.0005156804838313217,0.12870363864544587
variable_transverse,PEM,exhale,0.02,0.0005224742089515279,0.12565076275187437
variable_transverse,PEM,exhale,0.025,0.0005209223802894968,0.122521646161731
variable_transverse,PEM,exhale,0.03,0.0005337233955204296,0.11792547609643748
variable_transverse,PEM,exhale,0.035,0.0005313409969514204,0.11437418702360225
variable_transverse,PEM,exhale,0.04,0.0005299207583343947,0.11072467664267417
variable_transverse,PEM,exhale,0.045,0.0005233908404914227,0.10732737405789024
variable_transverse,PEM,exhale,0.05,0.0005169843565565609,0.10394922569679967
variable_transverse,PEM,exhale,0.055,0.0005087073876715948,0.10079810537317624
variable_transverse,PEM,exhale,0.06,0.0004962409383154701,0.09754581143361964
variable_transverse,PEM,exhale,0.065,0.0004802932092890414,0.09448676388920595
variable_transverse,PEM,exhale,0.07,0.0004566112132105987,0.09224356913668354
variable_transverse,PEM,exhale,0.075,0.0004296074107300549,0.0905943808826141
variable_transverse,PEM,exhale,0.08,0.00040282971739494776,0.08853311819567819
variable_transverse,PEM,exhale,0.085,0.00037912495895119357,0.08607118078989552
variable_transverse,PEM,exhale,0.09,0.000356379345567416,0.08373077076492108
variable_transverse,PEM,exhale,0.095,0.0003300792420709993,0.08185188529156967
variable_transverse,PEM,exhale,0.1,0.0003082135969417104,0.08008597964537181
variable_transverse,PEM,exhale,0.105,0.00029768481746088185,0.07757483700237361
variable_transverse,PEM,exhale,0.11,0.0002841276726824165,0.07483044794240824
variable_transverse,PEM,exhale,0.115,0.00027595833315283906,0.07078014031113085
variable_transverse,PEM,exhale,0.12,0.00026005969603191904,0.06707123371277436
variable_transverse,PEM,exhale,0.125,0.00023399792802821436,0.0639387605161702
variable_transverse,PEM,exhale,0.13,0.0001902714518341815,0.06147940951965959
variable_transverse,PEM,exhale,0.135,0.00014604349055659995,0.059357769185868235
variable_transverse,PEM,exhale,0.14,8.709809404716026e-05,0.05717255286201102
variable_transverse,PEM,exhale,0.145,6.032200887780524e-06,0.05541356251220583
variable_transverse,PEM,exhale,0.15,-8.605908576241545e-05,0.05264913101615597
variable_transverse,PEM,exhale,0.155,-0.00018589926305675528,0.04975833077448372
variable_transverse,PEM,exhale,0.16,-0.000293175076322038,0.047889006865031204
variable_transverse,PEM,exhale,0.165,-0.00040581402922766597,0.045153415469955674
variable_transverse,PEM,exhale,0.17,-0.0005110069325838611,0.041229126164999526
variable_transverse,PEM,exhale,0.175,-0.0006076053714066021,0.03688673754470111
variable_transverse,PEM,exhale,0.18,-0.000690239316837934,0.028312198112858483
variable_transverse,PEM,exhale,0.185,-0.000758636985492854,0.018342487392744293
variable_transverse,PEM,exhale,0.19,-0.0008073816775395017,0.0060971857112741175
variable_transverse,PEM,exhale,0.195,-0.0008629025482978133,-0.005102081628861388
variable_transverse,PEM,exhale,0.2,-0.0008984456583717933,-0.018455541131324325
variable_transverse,PEM,exhale,0.205,-0.0009295562357331049,-0.03160301475692238
variable_transverse,PEM,exhale,0.21,-0.0009198964221787015,-0.048373135413342504
variable_transverse,PEM,exhale,0.215,-0.0008807093700835896,-0.06745820889678628
variable_transverse,PEM,exhale,0.22,-0.0008623601386872556,-0.08504479991666218
variable_transverse,PEM,exhale,0.225,-0.0008326480521495177,-0.10213068489977387
variable_transverse,PEM,exhale,0.23,-0.0007936674393937778,-0.11725992262409896
variable_transverse,PEM,exhale,0.235,-0.0007369904692828056,-0.13260534324338802
variable_transverse,PEM,exhale,0.24,-0.0006953991049191433,-0.14553093116016
variable_transverse,PEM,exhale,0.245,-0.0006849219406741741,-0.15294989080100668
variable_transverse,PEM,exhale,0.25,-0.0006442021089781747,-0.16331809808895217
variable_transverse,PEM,exhale,0.255,-0.0006153782033837729,-0.17171855104370887
variable_transverse,PEM,exhale,0.26,-0.0006078491551094433,-0.1744747409068731
variable_transverse,PEM,exhale,0.265,-0.0005724678025488901,-0.18053739894138277
variable_transverse,PEM,exhale,0.27,-0.0005270908649842917,-0.1868964198877127
variable_transverse,PEM,exhale,0.275,-0.0005168640248400187,-0.18914606033820788
variable_transverse,PEM,exhale,0.28,-0.0004998897295200328,-0.1929303429448827
variable_transverse,PEM,exhale,0.285,-0.00048153782024165014,-0.19485202572901048
variable_transverse,PEM,exhale,0.29,-0.0004732545875978416,-0.1954954615779699
variable_transverse,PEM,exhale,0.295,-0.0004644026119945959,-0.19631392182823038
variable_transverse,PEM,exhale,0.3,-0.00046996018244673286,-0.19702625884959366
variable_transverse,PEM,exhale,0.305,-0.00046301780934473736,-0.19847344461980207
variable_transverse,PEM,exhale,0.31,-0.00044637081948850106,-0.20067947900398397
variable_transverse,PEM,exhale,0.315,-0.0004243925776973212,-0.20339406883339659
variable_transverse,PEM,exhale,0.32,-0.00040113392799889883,-0.20653666032478168
variable_transverse,PEM,exhale,0.325,-0.0003898722834414123,-0.20879588134623023
variable_transverse,PEM,exhale,0.33,-0.0003560296420324735,-0.2122851544893011
variable_transverse,PEM,exhale,0.335,-0.0003475640191157922,-0.21364060921122116
variable_transverse,PEM,exhale,0.34,-0.0003307090877250835,-0.2153526796804494
variable_transverse,PEM,exhale,0.345,-0.00031395428743125905,-0.2152544516822557
variable_transverse,PEM,exhale,0.35,-0.000299857152701048,-0.21440473646303068
variable_transverse,PEM,exhale,0.355,-0.0003000165087942785,-0.2124844697618041
variable_transverse,PEM,exhale,0.36,-0.0003097178788339041,-0.20920286694138185
variable_transverse,PEM,exhale,0.365,-0.00030534847025828857,-0.20795435192658693
variable_transverse,PEM,exhale,0.37,-0.0003055305002743589,-0.20569038502388012
variable_transverse,PEM,exhale,0.375,-0.0002809222026004275,-0.20480679094537538
variable_transverse,PEM,exhale,0.38,-0.0002400349158883258,-0.20381291166972912
variable_transverse,PEM,exhale,0.385,-0.00022590412732280602,-0.1999279097622894
variable_transverse,PEM,exhale,0.39,-0.0002129102502304318,-0.19551555172917295
variable_transverse,PEM,exhale,0.395,-0.00020234118924124573,-0.19080044377382907
variable_transverse,PEM,exhale,0.4,-0.0001657112167655461,-0.18982171216771662
variable_transverse,PEM,exhale,0.405,-0.00016652044125170463,-0.18463676349925395
variable_transverse,PEM,exhale,0.41,-0.0001645170152929949,-0.1796344366845372
variable_transverse,PEM,exhale,0.415,-0.00015729613701070591,-0.17565986147438511
variable_transverse,PEM,exhale,0.42,-0.0001257728735329554,-0.17222836797702798
variable_transverse,PEM,exhale,0.425,-0.00011192696476078207,-0.1681001505848095
variable_transverse,PEM,exhale,0.43,-9.060491058275944e-05,-0.16390152644165254
variable_transverse,PEM,exhale,0.435,-6.36840169676618e-05,-0.1600518824977832
variable_transverse,PEM,exhale,0.44,-2.8979770046178526e-05,-0.15608060856973874
variable_transverse,PEM,exhale,0.445,2.7592109644543923e-06,-0.15205473229447705
variable_transverse,PEM,exhale,0.45,3.885612814831373e-05,-0.14666110491430667
variable_transverse,PEM,exhale,0.455,6.901684873580788e-05,-0.14018372483837196
variable_transverse,PEM,exhale,0.46,7.519567830761834e-05,-0.1316414421891412
variable_transverse,PEM,exhale,0.465,7.254819726631993e-05,-0.12217218696627186
variable_transverse,PEM,exhale,0.47,9.038924383477952e-05,-0.11444676970131823
variable_transverse,PEM,exhale,0.475,0.00011936146374659146,-0.1072397286331503
variable_transverse,PEM,exhale,0.48,0.00012943463423312164,-0.09846279880297071
variable_transverse,PEM,exhale,0.485,0.00015883076805018532,-0.09112430221832316
variable_transverse,PEM,exhale,0.49,0.0001700331480172846,-0.08244647479622831
variable_transverse,PEM,exhale,0.495,0.00015683107946254778,-0.07414251557180193
variable_transverse,PEM,exhale,0.5,0.00015634010081158072,-0.06653588890556912
variable_transverse,PEM,exhale,0.505,0.0001330206111432978,-0.059473100241630064
variable_transverse,PEM,exhale,0.51,0.00011774896961039416,-0.05199891690793331
variable_transverse,PEM,exhale,0.515,0.00011026812458613691,-0.04643066187898029
variable_transverse,PEM,exhale,0.52,8.518840900029342e-05,-0.04024927544967106
variable_transverse,PEM,exhale,0.525,6.749645269716257e-05,-0.03512307368788526
variable_transverse,PEM,exhale,0.53,7.427856281417444e-05,-0.033242090494438915
variable_transverse,PEM,exhale,0.535,8.173738734211908e-05,-0.030859619235076234
variable_transverse,PEM,exhale,0.54,6.32394359969981e-05,-0.028534368332242835
variable_transverse,PEM,exhale,0.545,5.6376233920780834e-05,-0.026230484015888383
variable_transverse,PEM,exhale,0.55,6.226660359312514e-05,-0.025470166655585023
variable_transverse,PEM,exhale,0.555,5.3545185194286145e-05,-0.02354671971501034
variable_transverse,PEM,exhale,0.56,5.266248971039338e-05,-0.022349343603483927
variable_transverse,PEM,exhale,0.5650000000000001,4.1266564154240414e-05,-0.020829356230366837
variable_transverse,PEM,exhale,0.5700000000000001,3.174703336540567e-05,-0.01907828704094246
variable_transverse,PEM,exhale,0.5750000000000001,6.544224010304862e-06,-0.016528730539185868
variable_transverse,PEM,exhale,0.58,-1.2728911738410866e-05,-0.013690602894053968
variable_transverse,PEM,exhale,0.585,-2.3650672232877943e-05,-0.01171099907097851
variable_transverse,PEM,exhale,0.59,-4.63135979126792e-05,-0.008592394983319948
variable_transverse,PEM,exhale,0.595,-6.237508381052655e-05,-0.006005643641713598
variable_transverse,PEM,exhale,0.6,-7.019761166716388e-05,-0.004313540342700004
variable_transverse,PEM,exhale,0.605,-7.537041163001793e-05,-0.003051710435750153
variable_transverse,PEM,exhale,0.61,-6.608533585378914e-05,-0.0025661223918070834
variable_transverse,PEM,exhale,0.615,-5.8525986001375775e-05,-0.0026219134619470006
variable_transverse,PEM,exhale,0.62,-6.402255767582485e-05,-0.0014170943384790645
variable_transverse,PEM,exhale,0.625,-6.247104240135217e-05,-0.0006478732566785018
variable_transverse,PEM,exhale,0.63,-6.060633619399266e-05,-0.00033761052525961614
variable_transverse,PEM,exhale,0.635,-5.7739462873751105e-05,0.0009893071965467537
variable_transverse,PEM,exhale,0.64,-4.890914095653492e-05,0.0012023476717302757
variable_transverse,PEM,exhale,0.645,-4.264675837004124e-05,0.0008768553108872208
variable_transverse,PEM,exhale,0.65,-3.162133200357343e-05,-0.00024240937573469665
variable_transverse,PEM,exhale,0.655,-4.240907299083729e-05,0.0012910436682613724
variable_transverse,PEM,exhale,0.66,-3.958094096910754e-05,0.00044059791206081455
variable_transverse,PEM,exhale,0.665,-4.310052609259145e-05,0.0013557469292461743
variable_transverse,PEM,exhale,0.67,-5.001548877936929e-05,0.0021020282774824395
variable_transverse,PEM,exhale,0.675,-3.7636561812900255e-05,0.0013508308759926668
variable_transverse,PEM,exhale,0.68,-2.7236001131157408e-05,0.0011459253703380386
variable_transverse,PEM,exhale,0.685,-1.4182441540705581e-05,0.001001779152240732
variable_transverse,PEM,exhale,0.6900000000000001,3.803988724764982e-06,8.579666660362338e-05
variable_transverse,PEM,exhale,0.6950000000000001,2.3037555199994736e-05,9.063880703873027e-05
variable_transverse,PEM,exhale,0.7000000000000001,3.972706149966259e-05,0.0015698898131850693
variable_transverse,PEM,exhale,0.705,7.087761198451521e-05,0.0009253580843765175
variable_transverse,PEM,exhale,0.71,0.00010694193343801764,0.00031402354026756053
variable_transverse,PEM,exhale,0.715,0.00014531285166133258,-0.0003142244864605533
variable_transverse,PEM,exhale,0.72,0.0001918275859813759,-0.0014719758476059983
variable_transverse,PEM,exhale,0.725,0.000222417621519776,-0.0011834411191530003
variable_transverse,PEM,exhale,0.73,0.0002460423724744054,0.0011958886678071975
variable_transverse,PEM,exhale,0.735,0.0002743956581002341,0.003335529135892585
variable_transverse,PEM,exhale,0.74,0.00030253609612773826,0.005476758925733805
variable_transverse,PEM,exhale,0.745,0.0003321784728598589,0.007328436966098565
variable_transverse,PEM,exhale,0.75,0.0003493667847176314,0.009557416753556288
variable_transverse,PEM,exhale,0.755,0.00035784134967914037,0.013353659217248327
variable_transverse,PEM,exhale,0.76,0.00036712698497774895,0.017106163468756264
variable_transverse,PEM,exhale,0.765,0.00038807334048396894,0.020531664997701246
variable_transverse,PEM,exhale,0.77,0.00039971744579011403,0.024864720135432273
variable_transverse,PEM,exhale,0.775,0.0004109327481082591,0.028930013530129625
variable_transverse,PEM,exhale,0.78,0.00042779228109904663,0.03220468590288116
variable_transverse,PEM,exhale,0.785,0.0004282265660462483,0.03717502375188376
variable_transverse,PEM,exhale,0.79,0.00042118155621644277,0.042274428693344614
variable_transverse,PEM,exhale,0.795,0.00040824428863466705,0.04742411423926955
variable_transverse,PEM,exhale,0.8,0.000407819178379931,0.05225715478973569
variable_transverse,PEM,exhale,0.805,0.0004096597002714365,0.05696962626324651
variable_transverse,PEM,exhale,0.81,0.0004145542676082752,0.061273657774154756
variable_transverse,PEM,exhale,0.8150000000000001,0.0004246596286526018,0.06474506764310896
variable_transverse,PEM,exhale,0.8200000000000001,0.0004288166753949699,0.06824894226689737
variable_transverse,PEM,exhale,0.8250000000000001,0.00043320869452836546,0.07166842826735345
variable_transverse,PEM,exhale,0.8300000000000001,0.00042909015020861977,0.07594007820377813
variable_transverse,PEM,exhale,0.835,0.00043332235560907564,0.0797767323052309
variable_transverse,PEM,exhale,0.84,0.00043667172038982946,0.08371858331564336
variable_transverse,PEM,exhale,0.845,0.00043968166284114854,0.08700036005106972
variable_transverse,PEM,exhale,0.85,0.00045066471294970376,0.0892517900642004
variable_transverse,PEM,exhale,0.855,0.0004516325890523503,0.09167306157540393
variable_transverse,PEM,exhale,0.86,0.0004394607554920893,0.09498930826012046
variable_transverse,PEM,exhale,0.865,0.0004361949455541408,0.09793010296075068
variable_transverse,PEM,exhale,0.87,0.00043028696847727537,0.1019810783314002
variable_transverse,PEM,exhale,0.875,0.0004324354476795325,0.10449972092383171
variable_transverse,PEM,exhale,0.88,0.0004345665083190658,0.10717351115072565
variable_transverse,PEM,exhale,0.885,0.00043311157242409973,0.11006707334485508
variable_transverse,PEM,exhale,0.89,0.0004290191549614148,0.11270297097141148
variable_transverse,PEM,exhale,0.895,0.0004229328349855099,0.11549738207399562
variable_transverse,PEM,exhale,0.9,0.00041569079481822667,0.1185958443235952
variable_transverse,PEM,exhale,0.905,0.00041420875512684316,0.1219339099742239
variable_transverse,PEM,exhale,0.91,0.00041333400517314355,0.12456796892770344
variable_transverse,PEM,exhale,0.915,0.000405872939912292,0.12820023022210747
variable_transverse,PEM,exhale,0.92,0.00040454254314789507,0.1307553583149581
variable_transverse,PEM,exhale,0.925,0.00040242065090152513,0.13241041455562086
variable_transverse,PEM,exhale,0.93,0.00038991853051727253,0.13606924691744157
variable_transverse,PEM,exhale,0.935,0.0003816189490111091,0.13883531232177992
variable_transverse,PEM,exhale,0.94,0.0003701279425808602,0.14164274005804867
variable_transverse,PEM,exhale,0.945,0.00036307978808104095,0.1440472025466363
variable_transverse,PEM,exhale,0.95,0.00037214191472022056,0.14472946900323044
variable_transverse,PEM,exhale,0.955,0.00036968202022251076,0.14610269045855262
variable_transverse,PEM,exhale,0.96,0.0003585774945172806,0.14731173177309706
variable_transverse,PEM,exhale,0.965,0.0003583693072587038,0.1486616042752715
variable_transverse,PEM,exhale,0.97,0.0003536867144897582,0.15034813400269476
variable_transverse,PEM,exhale,0.975,0.00034866815998319705,0.15221739371620643
variable_transverse,PEM,exhale,0.98,0.0003556774566705206,0.15198282467725183
variable_transverse,PEM,exhale,0.985,0.0003636324823121356,0.15154037246081695
variable_transverse,PEM,exhale,0.99,0.0003853429121993046,0.14972747145809515
variable_transverse,PEM,exhale,0.995,0.0004024347352141938,0.14817809350222755
reference,PEM,inhale,0.0,0.0011357556550683826,0.44473483701831906
reference,PEM,inhale,0.005,0.0011479273604940367,0.4439056020897998
reference,PEM,inhale,0.01,0.0011573874603465065,0.4427850181208454
reference,PEM,inhale,0.015,0.0011624526461243153,0.44292015810904517
reference,PEM,inhale,0.02,0.0011582641270991194,0.445717681418587
reference,PEM,inhale,0.025,0.0011606990481252439,0.4461238092428509
reference,PEM,inhale,0.03,0.001180156467476531,0.44193970299432256
reference,PEM,inhale,0.035,0.0012112521044809585,0.43414944858869176
reference,PEM,inhale,0.04,0.0012296526151530857,0.42741938333384977
reference,PEM,inhale,0.045,0.0012434548068895282,0.4224016989313104
reference,PEM,inhale,0.05,0.001245167728648066,0.4196982481503904
reference,PEM,inhale,0.055,0.0012498167188751824,0.4147319191254308
reference,PEM,inhale,0.06,0.001230843357186752,0.40861098330872003
reference,PEM,inhale,0.065,0.0012176830010157099,0.39781145508246396
reference,PEM,inhale,0.07,0.0012128364730337217,0.3895341087162777
reference,PEM,inhale,0.075,0.001211748072972314,0.3823966981954256
reference,PEM,inhale,0.08,0.0012058868167787102,0.37492058276619833
reference,PEM,inhale,0.085,0.0012040915807063658,0.3644958221578768
reference,PEM,inhale,0.09,0.0012255850150123997,0.3472043955848672
reference,PEM,inhale,0.095,0.0012449362749614753,0.33538986757655576
reference,PEM,inhale,0.1,0.0012187040352420466,0.33262779649698865
reference,PEM,inhale,0.105,0.0011534091042329322,0.33595132932991173
reference,PEM,inhale,0.11,0.0011060970008313798,0.337254073626245
reference,PEM,inhale,0.115,0.0010144512521598737,0.3421791209583636
reference,PEM,inhale,0.12,0.0009168658438933417,0.34704934883448835
reference,PEM,inhale,0.125,0.0008258471069647841,0.3503410239172122
reference,PEM,inhale,0.13,0.0007590794841308454,0.3490920231078165
reference,PEM,inhale,0.135,0.0006864497508833856,0.34903129161631413
reference,PEM,inhale,0.14,0.0005916671949919049,0.35007992449597203
reference,PEM,inhale,0.145,0.0004960211474733414,0.34832533611874855
reference,PEM,inhale,0.15,0.00042862710664563894,0.339659748540308
reference,PEM,inhale,0.155,0.0003685241574320315,0.3296163912253268
reference,PEM,inhale,0.16,0.00027707171853503604,0.3169164338469797
reference,PEM,inhale,0.165,0.00020312171344856721,0.29084837270166924
reference,PEM,inhale,0.17,0.00013154265046648543,0.26120819501046383
reference,PEM,inhale,0.175,5.308670871267022e-05,0.23113993037702923
reference,PEM,inhale,0.18,-3.0898854421873085e-05,0.19920533347129102
reference,PEM,inhale,0.185,-0.0001413211113617392,0.1584736954803506
reference,PEM,inhale,0.19,-0.00022764555501078135,0.11362058801706952
reference,PEM,inhale,0.195,-0.00031583613388001336,0.06788027957656091
reference,PEM,inhale,0.2,-0.0004186116684559077,0.025898727435825594
reference,PEM,inhale,0.205,-0.00045836487238944633,-0.023781586688310603
reference,PEM,inhale,0.21,-0.000492949439448747,-0.07307642204398533
reference,PEM,inhale,0.215,-0.0005751374795773479,-0.1170096476867766
reference,PEM,inhale,0.22,-0.0006689643356507915,-0.15760357763476093
reference,PEM,inhale,0.225,-0.0007489538072051739,-0.19487412028893664
reference,PEM,inhale,0.23,-0.0008133645113831664,-0.23174170939887673
reference,PEM,inhale,0.235,-0.0009034201188071229,-0.2635379461436226
reference,PEM,inhale,0.24,-0.0009711764590965938,-0.29574204487765116
reference,PEM,inhale,0.245,-0.0010374546713586485,-0.3234743469150338
reference,PEM,inhale,0.25,-0.0010946122048914111,-0.3516237858246486
reference,PEM,inhale,0.255,-0.0011541082207375895,-0.3776300945578538
reference,PEM,inhale,0.26,-0.0011945655534082668,-0.40502761885774885
reference,PEM,inhale,0.265,-0.001233630847347634,-0.43045403662763865
reference,PEM,inhale,0.27,-0.0012556341123838785,-0.45701260348206924
reference,PEM,inhale,0.275,-0.001283708154800819,-0.482767132425362
reference,PEM,inhale,0.28,-0.0013192188978299122,-0.5066407902200725
reference,PEM,inhale,0.285,-0.0013544903580505702,-0.5302572106986537
reference,PEM,inhale,0.29,-0.0013837711947584106,-0.5532635849757153
reference,PEM,inhale,0.295,-0.0014147487813817874,-0.5776246465638956
reference,PEM,inhale,0.3,-0.0014388037062650497,-0.6029418729196319
reference,PEM,inhale,0.305,-0.0014585850319068971,-0.6262390987994424
reference,PEM,inhale,0.31,-0.0014710751048497693,-0.6491149642497317
reference,PEM,inhale,0.315,-0.001474227136367139,-0.6712455409392831
reference,PEM,inhale,0.32,-0.001483738023115976,-0.6906453365151597
reference,PEM,inhale,0.325,-0.0014995336886030038,-0.7046795985434295
reference,PEM,inhale,0.33,-0.001493708531602613,-0.7177393927680504
reference,PEM,inhale,0.335,-0.0014788346490656088,-0.7297613019348503
reference,PEM,inhale,0.34,-0.0014658757396552125,-0.7382146833015574
reference,PEM,inhale,0.345,-0.0014605073062539818,-0.7420509749342078
reference,PEM,inhale,0.35,-0.0014495366264546214,-0.7469435129818309
reference,PEM,inhale,0.355,-0.0014317048046420206,-0.7511787744570305
reference,PEM,inhale,0.36,-0.0014398566673028686,-0.7509358295739228
reference,PEM,inhale,0.365,-0.0014436862576237362,-0.7496791413465482
reference,PEM,inhale,0.37,-0.0014476598346751044,-0.7455773803549722
reference,PEM,inhale,0.375,-0.0014438328830863414,-0.7425922572089264
reference,PEM,inhale,0.38,-0.0014315734761400052,-0.7393321590965058
reference,PEM,inhale,0.385,-0.0014334475928641714,-0.7336509573527352
reference,PEM,inhale,0.39,-0.001442025059199699,-0.7276987365718405
reference,PEM,inhale,0.395,-0.0014387234797064935,-0.7220468217892279
reference,PEM,inhale,0.4,-0.0014441102893765691,-0.7148514050801806
reference,PEM,inhale,0.405,-0.0014464930475338036,-0.7073665096890664
reference,PEM,inhale,0.41,-0.0014311378303432432,-0.6967750723923296
reference,PEM,inhale,0.415,-0.0013824405662204828,-0.6929456151011297
reference,PEM,inhale,0.42,-0.0014083756284772224,-0.6692060905932807
reference,PEM,inhale,0.425,-0.0014075574705918377,-0.6506150640578564
reference,PEM,inhale,0.43,-0.001393152275721845,-0.6368781721472585
reference,PEM,inhale,0.435,-0.0013837269087432571,-0.6264686123528954
reference,PEM,inhale,0.44,-0.0013598189092791219,-0.61540406817447
reference,PEM,inhale,0.445,-0.001336450834206259,-0.599618299672421
reference,PEM,inhale,0.45,-0.0013381174332244825,-0.5812177736451983
reference,PEM,inhale,0.455,-0.0013350749617494868,-0.5599910780288414
reference,PEM,inhale,0.46,-0.0013019916884588962,-0.542949862629331
reference,PEM,inhale,0.465,-0.001292968705882822,-0.5206231806988417
reference,PEM,inhale,0.47,-0.00128984593720436,-0.4989859423083011
reference,PEM,inhale,0.475,-0.001294885226068948,-0.4783979755918528
reference,PEM,inhale,0.48,-0.0013144393752103866,-0.45762398915056435
reference,PEM,inhale,0.485,-0.0013108578051316913,-0.43720941523866114
reference,PEM,inhale,0.49,-0.0012956497624838227,-0.419316980278079
reference,PEM,inhale,0.495,-0.001297050423776452,-0.39929332628909553
reference,PEM,inhale,0.5,-0.0013062398869196164,-0.37838805059437725
reference,PEM,inhale,0.505,-0.0012891715426606822,-0.36843616312968436
reference,PEM,inhale,0.51,-0.001298571328224364,-0.3517656383124396
reference,PEM,inhale,0.515,-0.001315000593193415,-0.3382417490798762
reference,PEM,inhale,0.52,-0.0013275271015235999,-0.3233022808629298
reference,PEM,inhale,0.525,-0.001303393184270826,-0.3173577770078056
reference,PEM,inhale,0.53,-0.0012768253667128063,-0.30844035988487184
reference,PEM,inhale,0.535,-0.0012647146845485464,-0.2987113036554259
reference,PEM,inhale,0.54,-0.0012727329492161605,-0.28647626582387903
reference,PEM,inhale,0.545,-0.0012781503553564602,-0.27482870011524185
reference,PEM,inhale,0.55,-0.00126266230852777,-0.26458292582678555
reference,PEM,inhale,0.555,-0.001248749563137389,-0.25426540474934295
reference,PEM,inhale,0.56,-0.0012343991720836747,-0.24402641129858368
reference,PEM,inhale,0.5650000000000001,-0.0012173263738835599,-0.23368940538104618
reference,PEM,inhale,0.5700000000000001,-0.0011954027951783025,-0.22400622647802293
reference,PEM,inhale,0.5750000000000001,-0.0011841645811116392,-0.21443620723279053
reference,PEM,inhale,0.58,-0.0011684580459722725,-0.20313865877539128
reference,PEM,inhale,0.585,-0.001125829264464951,-0.1950016987160341
reference,PEM,inhale,0.59,-0.0010680932862424494,-0.18951600168907365
reference,PEM,inhale,0.595,-0.0010202516439095227,-0.18240327459842862
reference,PEM,inhale,0.6,-0.0009636573685146447,-0.17755142322407066
reference,PEM,inhale,0.605,-0.0009161555597391709,-0.1700655059223885
reference,PEM,inhale,0.61,-0.0008690413642374281,-0.1605295242922484
reference,PEM,inhale,0.615,-0.000815688691763935,-0.15466306336598432
reference,PEM,inhale,0.62,-0.0007594076895527512,-0.14836416853294604
reference,PEM,inhale,0.625,-0.0007048521914814925,-0.1402425582246558
reference,PEM,inhale,0.63,-0.0006417281224893942,-0.1342555615208172
reference,PEM,inhale,0.635,-0.000590994723694642,-0.127344374581946
reference,PEM,inhale,0.64,-0.0005390097165366782,-0.12184699875123231
reference,PEM,inhale,0.645,-0.0004643098960546077,-0.11876221301493195
reference,PEM,inhale,0.65,-0.00038931167218361133,-0.11340207230310724
reference,PEM,inhale,0.655,-0.0003257895717631033,-0.10350362948319491
reference,PEM,inhale,0.66,-0.0002579148467100196,-0.09700358341424178
reference,PEM,inhale,0.665,-0.00019305198854680468,-0.09009046684262757
reference,PEM,inhale,0.67,-0.00014329129670128199,-0.08150499653136992
reference,PEM,inhale,0.675,-8.044626489093155e-05,-0.07507750973360924
reference,PEM,inhale,0.68,-5.244467201836673e-05,-0.060056014459217225
reference,PEM,inhale,0.685,-2.05131747374094e-05,-0.0459833091796711
reference,PEM,inhale,0.6900000000000001,1.0757294149947445e-05,-0.032226581868326276
reference,PEM,inhale,0.6950000000000001,3.7794147461118516e-05,-0.017736493552432488
reference,PEM,inhale,0.7000000000000001,6.769302833668448e-05,-0.0032040783345817195
reference,PEM,inhale,0.705,9.41797420352484e-05,0.010990736552636462
reference,PEM,inhale,0.71,0.00012128463341382065,0.024713923890153734
reference,PEM,inhale,0.715,0.0001396654778839899,0.03848140773155826
reference,PEM,inhale,0.72,0.00016717572305976705,0.050821344421577715
reference,PEM,inhale,0.725,0.00018777932335800962,0.06620574895052057
reference,PEM,inhale,0.73,0.00021538059025602875,0.08091610790152455
reference,PEM,inhale,0.735,0.00025318861879649744,0.09441417741111036
reference,PEM,inhale,0.74,0.0003034716819308877,0.10492653652760969
reference,PEM,inhale,0.745,0.0003412746034302978,0.11837772936806631
reference,PEM,inhale,0.75,0.0003509267157205196,0.13450884105238134
reference,PEM,inhale,0.755,0.0003593165600313254,0.15004950579151735
reference,PEM,inhale,0.76,0.00038160305261514884,0.1634593128606606
reference,PEM,inhale,0.765,0.0004164592533982101,0.1732127824224428
reference,PEM,inhale,0.77,0.00045960051615767574,0.1810691682116745
reference,PEM,inhale,0.775,0.00048739394302358844,0.189700834005993
reference,PEM,inhale,0.78,0.0004996653253184945,0.19817092695049754
reference,PEM,inhale,0.785,0.0005114495030713749,0.20674063603098675
reference,PEM,inhale,0.79,0.0005229452642525407,0.21558201921010142
reference,PEM,inhale,0.795,0.000528350116642149,0.22592369959336933
reference,PEM,inhale,0.8,0.0005291024266715856,0.23640531095164982
reference,PEM,inhale,0.805,0.0005484746657720952,0.24221426626053677
reference,PEM,inhale,0.81,0.0005790519598074901,0.2469615773159664
reference,PEM,inhale,0.8150000000000001,0.0006010633310066525,0.25279215145880796
reference,PEM,inhale,0.8200000000000001,0.0006205406589538761,0.25900639633693906
reference,PEM,inhale,0.8250000000000001,0.0006378967270122042,0.2650952026836081
reference,PEM,inhale,0.8300000000000001,0.0006336607848884836,0.27400630935912673
reference,PEM,inhale,0.835,0.0006472945098300665,0.27846588940664097
reference,PEM,inhale,0.84,0.0006584799187706559,0.2853964278746325
reference,PEM,inhale,0.845,0.000693959912815944,0.2892721582133544
reference,PEM,inhale,0.85,0.0007299090492303513,0.28971124807476717
reference,PEM,inhale,0.855,0.0007892315347796915,0.2867475150377722
reference,PEM,inhale,0.86,0.000828155078951228,0.28756969384277564
reference,PEM,inhale,0.865,0.0008563170407161933,0.2902111287001953
reference,PEM,inhale,0.87,0.0008813526795747219,0.29327547702164514
reference,PEM,inhale,0.875,0.0008871329641140705,0.2984859751118292
reference,PEM,inhale,0.88,0.0008757968560525856,0.30727159853821073
reference,PEM,inhale,0.885,0.0008659755040251679,0.31542778155267537
reference,PEM,inhale,0.89,0.000854731522666548,0.3247598815295358
reference,PEM,inhale,0.895,0.0008486000427113041,0.3326952666027007
reference,PEM,inhale,0.9,0.0008528682112934008,0.3377584924964746
reference,PEM,inhale,0.905,0.0008533837461694561,0.34539249043243153
reference,PEM,inhale,0.91,0.0008480774016076978,0.3552746865140744
reference,PEM,inhale,0.915,0.0008475697966076712,0.3644780509878204
reference,PEM,inhale,0.92,0.0008513822824818898,0.3729928071596858
reference,PEM,inhale,0.925,0.0008553255401734451,0.38096185389394527
reference,PEM,inhale,0.93,0.0008660401135859347,0.3881110621562334
reference,PEM,inhale,0.935,0.0008667767588372194,0.3961834156101584
reference,PEM,inhale,0.94,0.0008704548598281389,0.40362887730849356
reference,PEM,inhale,0.945,0.0008744465303853623,0.4117359392912757
reference,PEM,inhale,0.95,0.0008734824870955684,0.4192298213153073
reference,PEM,inhale,0.955,0.0008645471727370116,0.4271854450085947
reference,PEM,inhale,0.96,0.0008606452889982957,0.4338412676466872
reference,PEM,inhale,0.965,0.0008627182771446576,0.4387975756265399
reference,PEM,inhale,0.97,0.0008786942004018106,0.4424124147069791
reference,PEM,inhale,0.975,0.0008939146064693496,0.4457904106971091
reference,PEM,inhale,0.98,0.0009093006517996989,0.4486403814669483
reference,PEM,inhale,0.985,0.0009259233377696892,0.45022868832631
reference,PEM,inhale,0.99,0.0009433055668574479,0.45132965743899284
reference,PEM,inhale,0.995,0.0009734868968721901,0.44975258969866266
reference,PEM,exhale,0.0,0.000464209849997554,0.1462879494937037
reference,PEM,exhale,0.005,0.00047927072651944547,0.14276372758251524
reference,PEM,exhale,0.01,0.0004941990653217864,0.13888238075656154
reference,PEM,exhale,0.015,0.0005120452693229086,0.1352878007789379
reference,PEM,exhale,0.02,0.0005189176622050292,0.132077873904425
reference,PEM,exhale,0.025,0.0005174561995864835,0.12878749028583514
reference,PEM,exhale,0.03,0.0005303786610170895,0.12395433187818909
reference,PEM,exhale,0.035,0.0005280948879578358,0.12022050870955903
reference,PEM,exhale,0.04,0.000526774989904335,0.11638343406522808
reference,PEM,exhale,0.045,0.0005203380398788586,0.11281204646538721
reference,PEM,exhale,0.05,0.0005140223986535743,0.10926095967357971
reference,PEM,exhale,0.055,0.0005058337151208809,0.10594832570558649
reference,PEM,exhale,0.06,0.0004934630144131603,0.10252919011795003
reference,PEM,exhale,0.065,0.00047760646959632287,0.0993134715077538
reference,PEM,exhale,0.07,0.00045399048181074455,0.09695655275871824
reference,PEM,exhale,0.075,0.0004270377406264904,0.09522432828755222
reference,PEM,exhale,0.08,0.0004003197786653979,0.09305911527220058
reference,PEM,exhale,0.085,0.00037667843394671155,0.09047315446488102
reference,PEM,exhale,0.09,0.00035399656035854177,0.08801448095945724
reference,PEM,exhale,0.095,0.00032774883219025886,0.08604124305301361
reference,PEM,exhale,0.1,0.00030593353570530866,0.0841862789425067
reference,PEM,exhale,0.105,0.000295464265694953,0.08154794805366532
reference,PEM,exhale,0.11,0.0002819770859833599,0.07866419173047319
reference,PEM,exhale,0.115,0.00027391943223890744,0.07440627434211132
reference,PEM,exhale,0.12,0.00025813093055798665,0.07050714949721969
reference,PEM,exhale,0.125,0.00023216968577544875,0.06721430708207288
reference,PEM,exhale,0.13,0.00018851655948327358,0.06463169929250256
reference,PEM,exhale,0.135,0.00014435204634367363,0.06240425326516807
reference,PEM,exhale,0.14,8.549743536642767e-05,0.060108556420281796
reference,PEM,exhale,0.145,4.503603950296967e-06,0.058263718124637806
reference,PEM,exhale,0.15,-8.747695517580995e-05,0.055361540501519375
reference,PEM,exhale,0.155,-0.0001871984513508732,0.05232669179094918
reference,PEM,exhale,0.16,-0.0002943829803095999,0.050366398945140126
reference,PEM,exhale,0.165,-0.00040691308824440995,0.04749640862410777
reference,PEM,exhale,0.17,-0.000511931822716835,0.04337241423410864
reference,PEM,exhale,0.175,-0.0006083526352199691,0.038808890287057675
reference,PEM,exhale,0.18,-0.0006907006720316828,0.0297952124006063
reference,PEM,exhale,0.185,-0.0007587841860496839,0.019314427849858776
reference,PEM,exhale,0.19,-0.0008071709874890572,0.006441320715430229
reference,PEM,exhale,0.195,-0.0008623446915301625,-0.005333305967973467
reference,PEM,exhale,0.2,-0.0008974801840297468,-0.01937482942318899
reference,PEM,exhale,0.205,-0.000928201815413678,-0.03319872137882471
reference,PEM,exhale,0.21,-0.0009180598177218278,-0.05083448271688388
reference,PEM,exhale,0.215,-0.0008783650079217208,-0.07090282532483425
reference,PEM,exhale,0.22,-0.0008595598774869142,-0.08939259937372723
reference,PEM,exhale,0.225,-0.0008294159757778807,-0.10735578682162791
reference,PEM,exhale,0.23,-0.0007900693711967185,-0.12326123738873473
reference,PEM,exhale,0.235,-0.0007330201327043691,-0.1393955781363666
reference,PEM,exhale,0.24,-0.0006911080128072797,-0.15298592262937016
reference,PEM,exhale,0.245,-0.0006804256915036166,-0.16078748122229702
reference,PEM,exhale,0.25,-0.0006394454180048431,-0.17168986946204567
reference,PEM,exhale,0.255,-0.0006104181043441194,-0.1805219200273148
reference,PEM,exhale,0.26,-0.00060281692334762,-0.18342014453521183
reference,PEM,exhale,0.265,-0.0005673012305283251,-0.1897942629706794
reference,PEM,exhale,0.27,-0.0005217805207916112,-0.19648103186972185
reference,PEM,exhale,0.275,-0.0005114830815346888,-0.19884823079484765
reference,PEM,exhale,0.28,-0.0004944080381829476,-0.20282829556214313
reference,PEM,exhale,0.285,-0.0004760159418074213,-0.20484909591563064
reference,PEM,exhale,0.29,-0.00046772386004794873,-0.20552542321961675
reference,PEM,exhale,0.295,-0.00045884874743654,-0.20638686558249467
reference,PEM,exhale,0.3,-0.00046437957686571834,-0.20713611648835545
reference,PEM,exhale,0.305,-0.00045739347272278643,-0.2086587619376749
reference,PEM,exhale,0.31,-0.0004406901625416829,-0.21097924595091347
reference,PEM,exhale,0.315,-0.0004186465294645583,-0.21383438915795946
reference,PEM,exhale,0.32,-0.00039531573023618904,-0.2171391054360105
reference,PEM,exhale,0.325,-0.00038399069412490145,-0.21951562518049333
reference,PEM,exhale,0.33,-0.0003500587471062018,-0.22318660785876496
reference,PEM,exhale,0.335,-0.0003415496919857951,-0.22461316556753885
reference,PEM,exhale,0.34,-0.00032467287568808544,-0.2264120437103399
reference,PEM,exhale,0.345,-0.00030793206394263506,-0.22630900444932853
reference,PEM,exhale,0.35,-0.0002938738667075213,-0.22541513190510956
reference,PEM,exhale,0.355,-0.00029410052898140587,-0.2233944930888113
reference,PEM,exhale,0.36,-0.000303888353171237,-0.21994362986828242
reference,PEM,exhale,0.365,-0.0002995620174432436,-0.21863028257551909
reference,PEM,exhale,0.37,-0.0002998043650390779,-0.21625002068252377
reference,PEM,exhale,0.375,-0.0002752412838404215,-0.2153208978258623
reference,PEM,exhale,0.38,-0.00023440094463837607,-0.21427740271169898
reference,PEM,exhale,0.385,-0.00022039220200783014,-0.21019217451378344
reference,PEM,exhale,0.39,-0.00020752827226393214,-0.205553090619363
reference,PEM,exhale,0.395,-0.00019708420999991227,-0.20059691528729387
reference,PEM,exhale,0.4,-0.00016050780385916635,-0.1995682205870003
reference,PEM,exhale,0.405,-0.00016147130642885917,-0.194115254703852
reference,PEM,exhale,0.41,-0.00015961494567915278,-0.18885479211586467
reference,PEM,exhale,0.415,-0.0001525322463751332,-0.18467326635688258
reference,PEM,exhale,0.42,-0.00012112174342726213,-0.1810660992997301
reference,PEM,exhale,0.425,-0.00010739549426419734,-0.17672612841023813
reference,PEM,exhale,0.43,-8.619192524144809e-05,-0.1723131274864855
reference,PEM,exhale,0.435,-5.9389964017549175e-05,-0.16826643724317994
reference,PEM,exhale,0.44,-2.479039101915737e-05,-0.16409448575281463
reference,PEM,exhale,0.445,6.825010659270251e-06,-0.15986293278730274
reference,PEM,exhale,0.45,4.275974364285641e-05,-0.1541935845289304
reference,PEM,exhale,0.455,7.273923469290554e-05,-0.14738539527856653
reference,PEM,exhale,0.46,7.867526485283114e-05,-0.13840343357604729
reference,PEM,exhale,0.465,7.575276914290933e-05,-0.12844529169946706
reference,PEM,exhale,0.47,9.336046134788893e-05,-0.12032184380793108
reference,PEM,exhale,0.475,0.00012211086337900718,-0.11274412971028219
reference,PEM,exhale,0.48,0.00013193174376546993,-0.10351548180034797
reference,PEM,exhale,0.485,0.00016113007417579205,-0.09580263369646194
reference,PEM,exhale,0.49,0.0001720790761680268,-0.08667786212134873
reference,PEM,exhale,0.495,0.00015863280083581858,-0.07794389644739369
reference,PEM,exhale,0.5,0.00015794304045489216,-0.06994713194710753
reference,PEM,exhale,0.505,0.0001344508478796778,-0.06252133340243177
reference,PEM,exhale,0.51,0.0001189888687513665,-0.05466302306630259
reference,PEM,exhale,0.515,0.00011135135418670396,-0.048807373917833255
reference,PEM,exhale,0.52,8.610395188868341e-05,-0.04230612135806222
reference,PEM,exhale,0.525,6.82862213635508e-05,-0.036916388559382576
reference,PEM,exhale,0.53,7.504200201536246e-05,-0.03494204358053817
reference,PEM,exhale,0.535,8.245470724631722e-05,-0.03243985427923136
reference,PEM,exhale,0.54,6.390101587647823e-05,-0.029994254330956246
reference,PEM,exhale,0.545,5.698297312170867e-05,-0.02757218109784582
reference,PEM,exhale,0.55,6.285718142909165e-05,-0.026773814674249337
reference,PEM,exhale,0.555,5.409676457865661e-05,-0.02475219843148804
reference,PEM,exhale,0.56,5.319069440982169e-05,-0.02349421332339555
reference,PEM,exhale,0.5650000000000001,4.176947152511814e-05,-0.02189683605485508
reference,PEM,exhale,0.5700000000000001,3.2203255623079897e-05,-0.020055015572737547
reference,PEM,exhale,0.5750000000000001,6.93419701912552e-06,-0.017372489149489224
reference,PEM,exhale,0.58,-1.2400622820724447e-05,-0.014388442164951915
reference,PEM,exhale,0.585,-2.3373951001119e-05,-0.012306360044278392
reference,PEM,exhale,0.59,-4.6114423133613406e-05,-0.00902621937978184
reference,PEM,exhale,0.595,-6.223557511727995e-05,-0.006306231715242822
reference,PEM,exhale,0.6,-7.009621453515992e-05,-0.004527316076244679
reference,PEM,exhale,0.605,-7.529543899931535e-05,-0.0032010232748439682
reference,PEM,exhale,0.61,-6.602599924461436e-05,-0.002691043050152454
reference,PEM,exhale,0.615,-5.8460608717022296e-05,-0.002750880376956431
reference,PEM,exhale,0.62,-6.398275874630766e-05,-0.0014844387274263575
reference,PEM,exhale,0.625,-6.246465883536446e-05,-0.000674459679500447
reference,PEM,exhale,0.63,-6.061066625851673e-05,-0.00034817812474228626
reference,PEM,exhale,0.635,-5.777255102040197e-05,0.0010458935382580638
reference,PEM,exhale,0.64,-4.895081535740587e-05,0.0012693791395149015
reference,PEM,exhale,0.645,-4.2664856465905314e-05,0.0009250219003334034
reference,PEM,exhale,0.65,-3.1596195176491146e-05,-0.0002541234066300299
reference,PEM,exhale,0.655,-4.241205113036454e-05,0.0013576632858694584
reference,PEM,exhale,0.66,-3.9554691046351504e-05,0.00046264687057327725
reference,PEM,exhale,0.665,-4.3086229521829494e-05,0.0014237740287787752
reference,PEM,exhale,0.67,-5.00303405849234e-05,0.002210011062135764
reference,PEM,exhale,0.675,-3.763867291042374e-05,0.001419969165851203
reference,PEM,exhale,0.68,-2.724513912911744e-05,0.0012049951840419474
reference,PEM,exhale,0.685,-1.4197315476290556e-05,0.0010533561080884445
reference,PEM,exhale,0.6900000000000001,3.815024624632527e-06,8.863822983704381e-05
reference,PEM,exhale,0.6950000000000001,2.30268418033607e-05,9.436407042867677e-05
reference,PEM,exhale,0.7000000000000001,3.96609979698494e-05,0.0016498148067604352
reference,PEM,exhale,0.705,7.081076916159427e-05,0.00097140802512767
reference,PEM,exhale,0.71,0.00010685504589107303,0.000329411707521465
reference,PEM,exhale,0.715,0.00014521098993929815,-0.00033106371269098396
reference,PEM,exhale,0.72,0.00019173696888569178,-0.0015502505413796674
reference,PEM,exhale,0.725,0.0002223088973175313,-0.0012484544123708993
reference,PEM,exhale,0.73,0.00024585720203018695,0.0012523540387129274
reference,PEM,exhale,0.735,0.0002741390525414681,0.0035008980672637303
reference,PEM,exhale,0.74,0.0003022083205963971,0.005751089851258736
reference,PEM,exhale,0.745,0.00033178980438211704,0.007696450436796021
reference,PEM,exhale,0.75,0.0003489083668343483,0.010039480968949408
reference,PEM,exhale,0.755,0.0003572622492085683,0.014031981451689263
reference,PEM,exhale,0.76,0.0003664390478899199,0.01797728500715527
reference,PEM,exhale,0.765,0.00038729051689046396,0.02157718287464753
reference,PEM,exhale,0.77,0.00039881360107040567,0.02613224734223028
reference,PEM,exhale,0.775,0.00040991516110928076,0.03040583305408816
reference,PEM,exhale,0.78,0.00042668826962642247,0.03384703691826612
reference,PEM,exhale,0.785,0.0004269905529507098,0.03907244632637876
reference,PEM,exhale,0.79,0.0004198121613056002,0.0444339958533533
reference,PEM,exhale,0.795,0.00040674394481010466,0.04984851538173982
reference,PEM,exhale,0.8,0.0004061926464503573,0.054929393180844284
reference,PEM,exhale,0.805,0.0004079118629762439,0.05988315284756636
reference,PEM,exhale,0.81,0.00041269784728238077,0.06440702369622212
reference,PEM,exhale,0.8150000000000001,0.00042270538172930225,0.06805630505977653
reference,PEM,exhale,0.8200000000000001,0.0004267667982853796,0.07173992961416187
reference,PEM,exhale,0.8250000000000001,0.0004310657264066518,0.07533478129020237
reference,PEM,exhale,0.8300000000000001,0.0004268389800131833,0.07982547916656454
reference,PEM,exhale,0.835,0.0004309784060103579,0.08385769439288403
reference,PEM,exhale,0.84,0.0004342368993244254,0.08800008480348798
reference,PEM,exhale,0.845,0.00043717053368757115,0.09144886803357541
reference,PEM,exhale,0.85,0.00044810174042942715,0.09381399966762904
reference,PEM,exhale,0.855,0.0004490167333111688,0.0963582183287917
reference,PEM,exhale,0.86,0.0004367613080264666,0.09984527451446579
reference,PEM,exhale,0.865,0.00043342025634542363,0.10293697742619215
reference,PEM,exhale,0.87,0.0004274049544597495,0.10719634323812431
reference,PEM,exhale,0.875,0.00042948447062686213,0.1098442784092448
reference,PEM,exhale,0.88,0.00043153883706199,0.11265573223171947
reference,PEM,exhale,0.885,0.00043000760512437085,0.11569788857310742
reference,PEM,exhale,0.89,0.00042585264176018677,0.11846863377892568
reference,PEM,exhale,0.895,0.00041969377408108114,0.12140682780196597
reference,PEM,exhale,0.9,0.00041237848327958354,0.12466400652300352
reference,PEM,exhale,0.905,0.0004108085358988531,0.12817346238848276
reference,PEM,exhale,0.91,0.0004098621590034929,0.13094298973863414
reference,PEM,exhale,0.915,0.00040229398302602556,0.13476349445678298
reference,PEM,exhale,0.92,0.00040089612998592435,0.13744984019114787
reference,PEM,exhale,0.925,0.0003987260003370948,0.13919050823179321
reference,PEM,exhale,0.93,0.0003861248954468062,0.1430384763570034
reference,PEM,exhale,0.935,0.0003777486749302795,0.14594763037416322
reference,PEM,exhale,0.94,0.0003661911948228755,0.14889933998738814
reference,PEM,exhale,0.945,0.00035908723534261385,0.15142700318652577
reference,PEM,exhale,0.95,0.00036813648466751085,0.15214291727702361
reference,PEM,exhale,0.955,0.0003656499931037986,0.15358577980373897
reference,PEM,exhale,0.96,0.0003545081594438796,0.15485845630000875
reference,PEM,exhale,0.965,0.00035426925936019743,0.15627709512862809
reference,PEM,exhale,0.97,0.00034954753603466866,0.1580500174809323
reference,PEM,exhale,0.975,0.0003444819821763014,0.16001540391067862
reference,PEM,exhale,0.98,0.0003514940964219336,0.15976855631499215
reference,PEM,exhale,0.985,0.00035945878462271565,0.15930291476161376
reference,PEM,exhale,0.99,0.0003812064385647867,0.1573962242242398
reference,PEM,exhale,0.995,0.0003983426831639305,0.1557654655360202
planar_nominal,PEM,inhale,0.0,0.0013772508593893752,0.5653068808173497
planar_nominal,PEM,inhale,0.005,0.0013955715251814022,0.5638375542654017
planar_nominal,PEM,inhale,0.01,0.0014102390694783577,0.5620160805112293
planar_nominal,PEM,inhale,0.015,0.0014203890645865293,0.5617157807589679
planar_nominal,PEM,inhale,0.02,0.0014224132478745262,0.5644273630402277
planar_nominal,PEM,inhale,0.025,0.0014297754349451774,0.5647661161941597
planar_nominal,PEM,inhale,0.03,0.0014527256900287915,0.5599217899507254
planar_nominal,PEM,inhale,0.035,0.0014827505998744764,0.55147228128266
planar_nominal,PEM,inhale,0.04,0.0015002902819686486,0.543975557231555
planar_nominal,PEM,inhale,0.045,0.0015139818057237318,0.5379817383893614
planar_nominal,PEM,inhale,0.05,0.0015156892124419167,0.5345337354566012
planar_nominal,PEM,inhale,0.055,0.0015191188774937548,0.5284293873921877
planar_nominal,PEM,inhale,0.06,0.0014983706341998376,0.5205213350934058
planar_nominal,PEM,inhale,0.065,0.0014811634954204958,0.5070879901846596
planar_nominal,PEM,inhale,0.07,0.0014742846143805497,0.49673206891683286
planar_nominal,PEM,inhale,0.075,0.0014720084808886194,0.48800164627467824
planar_nominal,PEM,inhale,0.08,0.0014646670922516013,0.47836488836271335
planar_nominal,PEM,inhale,0.085,0.001457279036112324,0.4657354149088093
planar_nominal,PEM,inhale,0.09,0.0014698960465881037,0.445689567569986
planar_nominal,PEM,inhale,0.095,0.0014826211384232253,0.43214148522713336
planar_nominal,PEM,inhale,0.1,0.0014515745004122134,0.42813768059072865
planar_nominal,PEM,inhale,0.105,0.0013817746977550897,0.43059611433270817
planar_nominal,PEM,inhale,0.11,0.0013316382073512252,0.43102664910399374
planar_nominal,PEM,inhale,0.115,0.0012402603123867011,0.4339662109014594
planar_nominal,PEM,inhale,0.12,0.0011414920569043057,0.43685314921081275
planar_nominal,PEM,inhale,0.125,0.0010479795084457051,0.43819877905692306
planar_nominal,PEM,inhale,0.13,0.000978496759575687,0.43452227957118233
planar_nominal,PEM,inhale,0.135,0.0009032937501705224,0.43216207565612175
planar_nominal,PEM,inhale,0.14,0.0008039378106823633,0.43098104261920867
planar_nominal,PEM,inhale,0.145,0.0007027575890367955,0.42665099511549387
planar_nominal,PEM,inhale,0.15,0.0006313118934983167,0.413580306952759
planar_nominal,PEM,inhale,0.155,0.0005666934958943621,0.3992871717219056
planar_nominal,PEM,inhale,0.16,0.00047169897501547905,0.38092593161503874
planar_nominal,PEM,inhale,0.165,0.00038903494414748146,0.34729632997496035
planar_nominal,PEM,inhale,0.17,0.00030457428632273294,0.3096780675913154
planar_nominal,PEM,inhale,0.175,0.00021324737765781408,0.2711398705740627
planar_nominal,PEM,inhale,0.18,0.00011809072270616615,0.23026860146081082
planar_nominal,PEM,inhale,0.185,-9.840049363012612e-06,0.17829598210478084
planar_nominal,PEM,inhale,0.19,-0.00011288484903506731,0.12181201503534454
planar_nominal,PEM,inhale,0.195,-0.00022130272867557687,0.06432676392482627
planar_nominal,PEM,inhale,0.2,-0.0003436993734095223,0.010658564286515789
planar_nominal,PEM,inhale,0.205,-0.0004103263836221723,-0.049461244954328326
planar_nominal,PEM,inhale,0.21,-0.0004736435717861652,-0.10863908942359486
planar_nominal,PEM,inhale,0.215,-0.0005831480813887663,-0.16304204329629168
planar_nominal,PEM,inhale,0.22,-0.0007026479375543354,-0.21437999783873019
planar_nominal,PEM,inhale,0.225,-0.0008080085570727744,-0.26101721191873883
planar_nominal,PEM,inhale,0.23,-0.0008994397747059329,-0.3064055583593027
planar_nominal,PEM,inhale,0.235,-0.0010157967802215994,-0.34628525144850997
planar_nominal,PEM,inhale,0.24,-0.0011131655439520563,-0.38569056924489864
planar_nominal,PEM,inhale,0.245,-0.0012043498689661327,-0.4198064821736795
planar_nominal,PEM,inhale,0.25,-0.0012852414342182778,-0.454251828155334
planar_nominal,PEM,inhale,0.255,-0.0013661965043085399,-0.4861651856188393
planar_nominal,PEM,inhale,0.26,-0.0014259697379786088,-0.5195020835451666
planar_nominal,PEM,inhale,0.265,-0.0014832924675658658,-0.5504202831318813
planar_nominal,PEM,inhale,0.27,-0.0015241700533685754,-0.5820428606350674
planar_nominal,PEM,inhale,0.275,-0.001570143511435897,-0.6129820713527567
planar_nominal,PEM,inhale,0.28,-0.0016217332408713775,-0.6421512897582827
planar_nominal,PEM,inhale,0.285,-0.0016720252744968414,-0.6711859232670588
planar_nominal,PEM,inhale,0.29,-0.001714328419639678,-0.699506592471898
planar_nominal,PEM,inhale,0.295,-0.0017602903059073401,-0.7294569244615342
planar_nominal,PEM,inhale,0.3,-0.0018012783345276368,-0.7601715805458087
planar_nominal,PEM,inhale,0.305,-0.0018371084766153104,-0.7881597708317872
planar_nominal,PEM,inhale,0.31,-0.0018649437369862442,-0.815442714383389
planar_nominal,PEM,inhale,0.315,-0.0018841705434915223,-0.8412849897649631
planar_nominal,PEM,inhale,0.32,-0.0019083030378483526,-0.8642447869605265
planar_nominal,PEM,inhale,0.325,-0.0019355873726744639,-0.8807637673276547
planar_nominal,PEM,inhale,0.33,-0.0019387639729573267,-0.8957147602504633
planar_nominal,PEM,inhale,0.335,-0.0019336835828332977,-0.909290107670388
planar_nominal,PEM,inhale,0.34,-0.0019293514380201004,-0.9187268169972436
planar_nominal,PEM,inhale,0.345,-0.0019280186305759396,-0.9230108950918748
planar_nominal,PEM,inhale,0.35,-0.0019215552134286774,-0.9281777487319988
planar_nominal,PEM,inhale,0.355,-0.0019052257709298338,-0.9326994973222668
planar_nominal,PEM,inhale,0.36,-0.0019151933248383664,-0.9324351582960806
planar_nominal,PEM,inhale,0.365,-0.0019192696013589406,-0.9307917035046739
planar_nominal,PEM,inhale,0.37,-0.0019209122360184525,-0.9260451726355687
planar_nominal,PEM,inhale,0.375,-0.0019153381763409676,-0.9222247268610079
planar_nominal,PEM,inhale,0.38,-0.0018998314141126305,-0.9178633358370636
planar_nominal,PEM,inhale,0.385,-0.0018982224368748587,-0.9108690525683701
planar_nominal,PEM,inhale,0.39,-0.0019035940476877433,-0.9039304140381028
planar_nominal,PEM,inhale,0.395,-0.0018971188451753535,-0.8971065739448033
planar_nominal,PEM,inhale,0.4,-0.0018996222787552438,-0.8885572923175535
planar_nominal,PEM,inhale,0.405,-0.0018982841996755132,-0.8796685178566512
planar_nominal,PEM,inhale,0.41,-0.0018811942311684976,-0.8657446696126861
planar_nominal,PEM,inhale,0.415,-0.0018338591970917105,-0.8591242760122063
planar_nominal,PEM,inhale,0.42,-0.0018461401235407016,-0.8319880547576675
planar_nominal,PEM,inhale,0.425,-0.001840479646653395,-0.8092312424808095
planar_nominal,PEM,inhale,0.43,-0.0018252727023903503,-0.7918601599462114
planar_nominal,PEM,inhale,0.435,-0.0018140875983795332,-0.7789214204699538
planar_nominal,PEM,inhale,0.44,-0.0017890804302755244,-0.7648609092503538
planar_nominal,PEM,inhale,0.445,-0.0017619683317390384,-0.7452074804083363
planar_nominal,PEM,inhale,0.45,-0.0017558886297990013,-0.7235037398490369
planar_nominal,PEM,inhale,0.455,-0.001741718624622217,-0.6981383160372656
planar_nominal,PEM,inhale,0.46,-0.001701920757236742,-0.6768076828908468
planar_nominal,PEM,inhale,0.465,-0.001682128685542488,-0.6500276530871942
planar_nominal,PEM,inhale,0.47,-0.0016661900454841845,-0.6244465419778206
planar_nominal,PEM,inhale,0.475,-0.0016554357526688045,-0.6007529563091012
planar_nominal,PEM,inhale,0.48,-0.0016578141356918047,-0.5774386703544051
planar_nominal,PEM,inhale,0.485,-0.0016391001748247045,-0.5534587894826326
planar_nominal,PEM,inhale,0.49,-0.001611326631419668,-0.5322213293795699
planar_nominal,PEM,inhale,0.495,-0.0015995088838350483,-0.5087310454323338
planar_nominal,PEM,inhale,0.5,-0.001596650782699325,-0.48420623013186875
planar_nominal,PEM,inhale,0.505,-0.001571706908253875,-0.47225728195682504
planar_nominal,PEM,inhale,0.51,-0.0015714814434850208,-0.4528654196680063
planar_nominal,PEM,inhale,0.515,-0.0015818245250695479,-0.43723856387388316
planar_nominal,PEM,inhale,0.52,-0.0015879116775644202,-0.4199723539252539
planar_nominal,PEM,inhale,0.525,-0.0015634602355656295,-0.4118087067463434
planar_nominal,PEM,inhale,0.53,-0.0015339022889436485,-0.4001268570853106
planar_nominal,PEM,inhale,0.535,-0.0015156946551038968,-0.3882598693149955
planar_nominal,PEM,inhale,0.54,-0.0015185233318399552,-0.37399813220240097
planar_nominal,PEM,inhale,0.545,-0.0015183277732563523,-0.3602490592142686
planar_nominal,PEM,inhale,0.55,-0.001494651009488941,-0.3478164989718484
planar_nominal,PEM,inhale,0.555,-0.001472061985298104,-0.33537745699011995
planar_nominal,PEM,inhale,0.56,-0.0014495242283991186,-0.3229863541058218
planar_nominal,PEM,inhale,0.5650000000000001,-0.001425241687376856,-0.3103168127828063
planar_nominal,PEM,inhale,0.5700000000000001,-0.0013956991193770877,-0.2983259529804755
planar_nominal,PEM,inhale,0.5750000000000001,-0.0013776479495242315,-0.286720082445975
planar_nominal,PEM,inhale,0.58,-0.0013558369582147376,-0.27272298390112126
planar_nominal,PEM,inhale,0.585,-0.0013089805895481492,-0.2615322819685329
planar_nominal,PEM,inhale,0.59,-0.0012494757400013392,-0.2528203372381175
planar_nominal,PEM,inhale,0.595,-0.0011985480625137108,-0.24255695767590763
planar_nominal,PEM,inhale,0.6,-0.0011371604271398124,-0.23499937078780372
planar_nominal,PEM,inhale,0.605,-0.0010862777280053401,-0.22434423729246328
planar_nominal,PEM,inhale,0.61,-0.0010334873421364086,-0.21137490170243056
planar_nominal,PEM,inhale,0.615,-0.0009762075051997089,-0.20265063622084425
planar_nominal,PEM,inhale,0.62,-0.0009158612818389871,-0.19337464004585936
planar_nominal,PEM,inhale,0.625,-0.0008537184504729208,-0.18235873496395733
planar_nominal,PEM,inhale,0.63,-0.0007830133345758906,-0.1735835514031164
planar_nominal,PEM,inhale,0.635,-0.0007253686776270785,-0.16390250534488823
planar_nominal,PEM,inhale,0.64,-0.0006680630304702762,-0.15587184913640423
planar_nominal,PEM,inhale,0.645,-0.0005857687867785754,-0.15027936892651733
planar_nominal,PEM,inhale,0.65,-0.0005016291137753398,-0.14212894195949402
planar_nominal,PEM,inhale,0.655,-0.0004284126668822175,-0.12871384703949248
planar_nominal,PEM,inhale,0.66,-0.00035269855266161323,-0.11937023605288928
planar_nominal,PEM,inhale,0.665,-0.000279653189470362,-0.10959856352996636
planar_nominal,PEM,inhale,0.67,-0.0002226180925535768,-0.09818512203198458
planar_nominal,PEM,inhale,0.675,-0.00015287752815301887,-0.08903897856516589
planar_nominal,PEM,inhale,0.68,-0.00011496868422831003,-0.07039239124763874
planar_nominal,PEM,inhale,0.685,-7.321848574779812e-05,-0.05280104982184679
planar_nominal,PEM,inhale,0.6900000000000001,-3.330033388887197e-05,-0.035462137194124874
planar_nominal,PEM,inhale,0.6950000000000001,2.9770073657559375e-06,-0.0174250827484285
planar_nominal,PEM,inhale,0.7000000000000001,4.2560076136775784e-05,0.0006716612747131352
planar_nominal,PEM,inhale,0.705,7.85320887803256e-05,0.018228537560264452
planar_nominal,PEM,inhale,0.71,0.00011440366632515142,0.03532190166049834
planar_nominal,PEM,inhale,0.715,0.00014370807949819222,0.05202902408061221
planar_nominal,PEM,inhale,0.72,0.00018035845340639317,0.06752122282304202
planar_nominal,PEM,inhale,0.725,0.00021168844788402218,0.0861911623823289
planar_nominal,PEM,inhale,0.73,0.0002490809037878026,0.10441438400543343
planar_nominal,PEM,inhale,0.735,0.0002948588314533569,0.1218116165953365
planar_nominal,PEM,inhale,0.74,0.00035244242790758275,0.13600443359046374
planar_nominal,PEM,inhale,0.745,0.00039931001005508616,0.15331470355023477
planar_nominal,PEM,inhale,0.75,0.0004186521257326429,0.17274922108598648
planar_nominal,PEM,inhale,0.755,0.00043574079475078395,0.19144081355411774
planar_nominal,PEM,inhale,0.76,0.00046736570846267543,0.20799631409862093
planar_nominal,PEM,inhale,0.765,0.0005096707774989875,0.22050555184920934
planar_nominal,PEM,inhale,0.77,0.0005578147308115077,0.2313311919573502
planar_nominal,PEM,inhale,0.775,0.0005935147180603462,0.24221390884988941
planar_nominal,PEM,inhale,0.78,0.0006138691215737536,0.2523572025106354
planar_nominal,PEM,inhale,0.785,0.0006339957414664599,0.26246481117744036
planar_nominal,PEM,inhale,0.79,0.0006540241176472386,0.27285747265571886
planar_nominal,PEM,inhale,0.795,0.0006679604403282355,0.28484533515584454
planar_nominal,PEM,inhale,0.8,0.0006783331826116859,0.29653259924626574
planar_nominal,PEM,inhale,0.805,0.0007030994985595615,0.30368012039291864
planar_nominal,PEM,inhale,0.81,0.0007385901893113601,0.31001937140424657
planar_nominal,PEM,inhale,0.8150000000000001,0.0007653338988846516,0.3174141467534404
planar_nominal,PEM,inhale,0.8200000000000001,0.0007891367195563559,0.3252196997280398
planar_nominal,PEM,inhale,0.8250000000000001,0.0008103932798085271,0.33305325836911337
planar_nominal,PEM,inhale,0.8300000000000001,0.0008101146179616914,0.34349630821080185
planar_nominal,PEM,inhale,0.835,0.0008273874910490701,0.3488736246448689
planar_nominal,PEM,inhale,0.84,0.0008430074843250115,0.35723165643449606
planar_nominal,PEM,inhale,0.845,0.0008834142117814628,0.3625694068222289
planar_nominal,PEM,inhale,0.85,0.0009224429274783424,0.36400760744085
planar_nominal,PEM,inhale,0.855,0.0009817100609286796,0.3624968002092182
planar_nominal,PEM,inhale,0.86,0.0010230172933756608,0.36467061081772306
planar_nominal,PEM,inhale,0.865,0.0010532843564073607,0.36866524441086324
planar_nominal,PEM,inhale,0.87,0.001079349639818594,0.37304849761892267
planar_nominal,PEM,inhale,0.875,0.0010871698132908412,0.3794150579650938
planar_nominal,PEM,inhale,0.88,0.0010784307944316557,0.3896784289859467
planar_nominal,PEM,inhale,0.885,0.0010711965540907962,0.39910001642156934
planar_nominal,PEM,inhale,0.89,0.001062007553573719,0.4101349005761848
planar_nominal,PEM,inhale,0.895,0.0010575287550736862,0.4195843502654457
planar_nominal,PEM,inhale,0.9,0.0010605675632012295,0.4262430406054504
planar_nominal,PEM,inhale,0.905,0.0010623280750009234,0.4357357343069097
planar_nominal,PEM,inhale,0.91,0.001058724519845708,0.4476849807470846
planar_nominal,PEM,inhale,0.915,0.0010598471844922351,0.4589678885754547
planar_nominal,PEM,inhale,0.92,0.0010647440705077917,0.46951431977814045
planar_nominal,PEM,inhale,0.925,0.0010706653302049764,0.4793137641674532
planar_nominal,PEM,inhale,0.93,0.0010828611168015516,0.48823311109052725
planar_nominal,PEM,inhale,0.935,0.0010855246337035417,0.497781583520176
planar_nominal,PEM,inhale,0.94,0.0010915914696003962,0.506725891984479
planar_nominal,PEM,inhale,0.945,0.0010992170631536965,0.5164361250072159
planar_nominal,PEM,inhale,0.95,0.0011025355979630768,0.5253299119187553
planar_nominal,PEM,inhale,0.955,0.0010973133752888405,0.5345488063869616
planar_nominal,PEM,inhale,0.96,0.0010965634308970833,0.5423173563506756
planar_nominal,PEM,inhale,0.965,0.0011020683127104301,0.548262795316841
planar_nominal,PEM,inhale,0.97,0.0011199678078050866,0.5531728620220128
planar_nominal,PEM,inhale,0.975,0.0011371550028515748,0.5577245288042088
planar_nominal,PEM,inhale,0.98,0.0011539237971008802,0.5616694185394869
planar_nominal,PEM,inhale,0.985,0.0011712642192986931,0.5642028197720879
planar_nominal,PEM,inhale,0.99,0.001189421849661222,0.5661318256203098
planar_nominal,PEM,inhale,0.995,0.001220806509400924,0.5650729012710587
planar_nominal,PEM,exhale,0.0,0.0006018786576884939,0.33399015608123955
planar_nominal,PEM,exhale,0.005,0.0006155212220172489,0.3263461761678936
planar_nominal,PEM,exhale,0.01,0.0006283878341279777,0.31804600350874895
planar_nominal,PEM,exhale,0.015,0.000644379970431879,0.31048058215746877
planar_nominal,PEM,exhale,0.02,0.0006501976657229895,0.303348743599157
planar_nominal,PEM,exhale,0.025,0.0006476353871243602,0.2958857820315467
planar_nominal,PEM,exhale,0.03,0.0006571025612274361,0.2856463148390995
planar_nominal,PEM,exhale,0.035,0.0006520358987778848,0.27734799688362427
planar_nominal,PEM,exhale,0.04,0.0006478690748223044,0.2688595532647052
planar_nominal,PEM,exhale,0.045,0.0006377574085774818,0.2609257175255267
planar_nominal,PEM,exhale,0.05,0.000626097984619305,0.2532837136925899
planar_nominal,PEM,exhale,0.055,0.0006133699130594634,0.24601088927193174
planar_nominal,PEM,exhale,0.06,0.0005964909891899043,0.23840519058099632
planar_nominal,PEM,exhale,0.065,0.0005753792266502511,0.23129759913036774
planar_nominal,PEM,exhale,0.07,0.0005463685024640823,0.22585463706556178
planar_nominal,PEM,exhale,0.075,0.0005145982751512589,0.22167682536644726
planar_nominal,PEM,exhale,0.08,0.0004829235566145975,0.2165100705193046
planar_nominal,PEM,exhale,0.085,0.00045345128815083875,0.21052187349083284
planar_nominal,PEM,exhale,0.09,0.0004266543483095686,0.20463411530516254
planar_nominal,PEM,exhale,0.095,0.0003968292921049069,0.1996538748705934
planar_nominal,PEM,exhale,0.1,0.0003718344144782652,0.19504261551848887
planar_nominal,PEM,exhale,0.105,0.00035658737302483574,0.18899025415481838
planar_nominal,PEM,exhale,0.11,0.0003401849596926264,0.18213026563286017
planar_nominal,PEM,exhale,0.115,0.0003275019264560674,0.17268701747893486
planar_nominal,PEM,exhale,0.12,0.000307466314330385,0.16380506794174024
planar_nominal,PEM,exhale,0.125,0.0002787454374960774,0.15577402663354428
planar_nominal,PEM,exhale,0.13,0.0002319993599573157,0.14856954579482118
planar_nominal,PEM,exhale,0.135,0.00018639140815532952,0.14199420737033167
planar_nominal,PEM,exhale,0.14,0.000123928941817202,0.1355473079568092
planar_nominal,PEM,exhale,0.145,3.824605919722034e-05,0.12931950977093978
planar_nominal,PEM,exhale,0.15,-5.781053484950466e-05,0.12037177406084677
planar_nominal,PEM,exhale,0.155,-0.0001622278048153989,0.11099998776953349
planar_nominal,PEM,exhale,0.16,-0.0002723362432642994,0.10353572250625002
planar_nominal,PEM,exhale,0.165,-0.00038672124938356146,0.09335467027992805
planar_nominal,PEM,exhale,0.17,-0.0004938439006640915,0.08105069295200533
planar_nominal,PEM,exhale,0.175,-0.0005921713025729675,0.06783272796041624
planar_nominal,PEM,exhale,0.18,-0.0006798912700732993,0.04534144164066173
planar_nominal,PEM,exhale,0.185,-0.0007553010826489297,0.02024093935447943
planar_nominal,PEM,exhale,0.19,-0.0008114181663346028,-0.00996125974130928
planar_nominal,PEM,exhale,0.195,-0.0008742316032971719,-0.03767583577660414
planar_nominal,PEM,exhale,0.2,-0.0009171094759665675,-0.06993531560316352
planar_nominal,PEM,exhale,0.205,-0.0009558214129499089,-0.10160928481609341
planar_nominal,PEM,exhale,0.21,-0.0009558287638555916,-0.14015318104167554
planar_nominal,PEM,exhale,0.215,-0.0009269359666172681,-0.183782711668562
planar_nominal,PEM,exhale,0.22,-0.0009194848515563523,-0.22467188903432161
planar_nominal,PEM,exhale,0.225,-0.0009018950843087743,-0.2638771873803007
planar_nominal,PEM,exhale,0.23,-0.0008739847506230719,-0.2982575526155069
planar_nominal,PEM,exhale,0.235,-0.0008272710749883109,-0.33272698141505125
planar_nominal,PEM,exhale,0.24,-0.000794708117618566,-0.36172354089915415
planar_nominal,PEM,exhale,0.245,-0.0007892809832497961,-0.37862866396004785
planar_nominal,PEM,exhale,0.25,-0.0007573073934114041,-0.401315562023333
planar_nominal,PEM,exhale,0.255,-0.0007357673642955735,-0.4199626218372534
planar_nominal,PEM,exhale,0.26,-0.000731673715433125,-0.42586760548168456
planar_nominal,PEM,exhale,0.265,-0.0007015097281384936,-0.43911833876927214
planar_nominal,PEM,exhale,0.27,-0.0006607669470279221,-0.4527584375318184
planar_nominal,PEM,exhale,0.275,-0.0006526673071706827,-0.4573713329805492
planar_nominal,PEM,exhale,0.28,-0.0006390628874321393,-0.4655489292414713
planar_nominal,PEM,exhale,0.285,-0.0006237222669879525,-0.4693682875671115
planar_nominal,PEM,exhale,0.29,-0.0006182893655157692,-0.4703797139306488
planar_nominal,PEM,exhale,0.295,-0.0006104792409590053,-0.4718977491022474
planar_nominal,PEM,exhale,0.3,-0.0006171475413855578,-0.47347897769622393
planar_nominal,PEM,exhale,0.305,-0.0006119858792359578,-0.47635368749038326
planar_nominal,PEM,exhale,0.31,-0.0005984936307710343,-0.4806674588937102
planar_nominal,PEM,exhale,0.315,-0.0005792382496431055,-0.4861675264153655
planar_nominal,PEM,exhale,0.32,-0.0005595621223107537,-0.492653330289896
planar_nominal,PEM,exhale,0.325,-0.000550585312631154,-0.4973223632315691
planar_nominal,PEM,exhale,0.33,-0.0005206309582657236,-0.5039249868716279
planar_nominal,PEM,exhale,0.335,-0.0005126346743440417,-0.5066135848647584
planar_nominal,PEM,exhale,0.34,-0.0004971126212309825,-0.5103100114373529
planar_nominal,PEM,exhale,0.345,-0.0004817406001282538,-0.5093073386796781
planar_nominal,PEM,exhale,0.35,-0.00046746380693739434,-0.5069637487827537
planar_nominal,PEM,exhale,0.355,-0.0004665891124477102,-0.5025807990238492
planar_nominal,PEM,exhale,0.36,-0.0004751426001908749,-0.4948773264465954
planar_nominal,PEM,exhale,0.365,-0.00047270503939065986,-0.49140021697673725
planar_nominal,PEM,exhale,0.37,-0.00047392660074738245,-0.4855160460329619
planar_nominal,PEM,exhale,0.375,-0.00044825581173928353,-0.4827519015519032
planar_nominal,PEM,exhale,0.38,-0.00040592950539112323,-0.47921655383901796
planar_nominal,PEM,exhale,0.385,-0.00039040475577056225,-0.4696164426147864
planar_nominal,PEM,exhale,0.39,-0.0003743929307733778,-0.45895155622687556
planar_nominal,PEM,exhale,0.395,-0.000359203397723671,-0.44757159900751786
planar_nominal,PEM,exhale,0.4,-0.00032065263733056245,-0.44452783223324427
planar_nominal,PEM,exhale,0.405,-0.00031759986813452337,-0.4325439315033136
planar_nominal,PEM,exhale,0.41,-0.0003106894758890005,-0.421032404224795
planar_nominal,PEM,exhale,0.415,-0.0003012244929917443,-0.4118207493031214
planar_nominal,PEM,exhale,0.42,-0.00026519538678638604,-0.40324407044227845
planar_nominal,PEM,exhale,0.425,-0.0002481840364590026,-0.3933004234487693
planar_nominal,PEM,exhale,0.43,-0.00022294847145792673,-0.3828890118276645
planar_nominal,PEM,exhale,0.435,-0.00019389627685601683,-0.3730050310760333
planar_nominal,PEM,exhale,0.44,-0.00015474827624303356,-0.36258338902244414
planar_nominal,PEM,exhale,0.445,-0.00012175502021871016,-0.3518779723785465
planar_nominal,PEM,exhale,0.45,-8.183274395871241e-05,-0.338172400059349
planar_nominal,PEM,exhale,0.455,-4.530400336888564e-05,-0.3223595459199589
planar_nominal,PEM,exhale,0.46,-3.514743009100499e-05,-0.3021442671696574
planar_nominal,PEM,exhale,0.465,-3.3064349545219416e-05,-0.28011628463415134
planar_nominal,PEM,exhale,0.47,-9.256552244588677e-06,-0.2618098863924248
planar_nominal,PEM,exhale,0.475,2.3816277662014336e-05,-0.24421704421398063
planar_nominal,PEM,exhale,0.48,3.7526041305748345e-05,-0.22325532768740333
planar_nominal,PEM,exhale,0.485,7.337941591922224e-05,-0.20539569547972944
planar_nominal,PEM,exhale,0.49,8.784415638042469e-05,-0.1845972375296191
planar_nominal,PEM,exhale,0.495,8.002519805144557e-05,-0.16581843700177784
planar_nominal,PEM,exhale,0.5,8.586970778049096e-05,-0.14816803815703625
planar_nominal,PEM,exhale,0.505,7.044177469724811e-05,-0.1328431837286941
planar_nominal,PEM,exhale,0.51,6.0820283898441563e-05,-0.11585849683687106
planar_nominal,PEM,exhale,0.515,5.820546415380657e-05,-0.1034912760313402
planar_nominal,PEM,exhale,0.52,3.938511130664482e-05,-0.09039856712838885
planar_nominal,PEM,exhale,0.525,2.6279367802929345e-05,-0.07910455586183475
planar_nominal,PEM,exhale,0.53,3.7184776597822164e-05,-0.07462022034668649
planar_nominal,PEM,exhale,0.535,5.112848313428302e-05,-0.0693285072506711
planar_nominal,PEM,exhale,0.54,3.531528742793552e-05,-0.06463661206932085
planar_nominal,PEM,exhale,0.545,3.074403156376516e-05,-0.05953221999440045
planar_nominal,PEM,exhale,0.55,3.9587771963351775e-05,-0.05786877157658999
planar_nominal,PEM,exhale,0.555,3.437292914387522e-05,-0.05387280310317133
planar_nominal,PEM,exhale,0.56,3.484746410303246e-05,-0.05114969860711816
planar_nominal,PEM,exhale,0.5650000000000001,2.532802309801852e-05,-0.0478946435099197
planar_nominal,PEM,exhale,0.5700000000000001,1.648673918875636e-05,-0.044054554983787464
planar_nominal,PEM,exhale,0.5750000000000001,-7.76282908702251e-06,-0.038814206563168405
planar_nominal,PEM,exhale,0.58,-2.485042216073097e-05,-0.0327055679386626
planar_nominal,PEM,exhale,0.585,-3.3860882855965496e-05,-0.028527299443476786
planar_nominal,PEM,exhale,0.59,-5.53389596507452e-05,-0.021802112733097363
planar_nominal,PEM,exhale,0.595,-6.911510032191021e-05,-0.016205759040798025
planar_nominal,PEM,exhale,0.6,-7.454486065853607e-05,-0.012607076662713575
planar_nominal,PEM,exhale,0.605,-7.738968279841702e-05,-0.009961523509765178
planar_nominal,PEM,exhale,0.61,-6.821323625954736e-05,-0.008486739463870395
planar_nominal,PEM,exhale,0.615,-5.9218641690568684e-05,-0.008461598225918437
planar_nominal,PEM,exhale,0.62,-6.223537743970944e-05,-0.0059523480337682535
planar_nominal,PEM,exhale,0.625,-6.117995251603168e-05,-0.004169816485499025
planar_nominal,PEM,exhale,0.63,-5.8960180662506823e-05,-0.0034442530264614467
planar_nominal,PEM,exhale,0.635,-5.385757173641928e-05,-0.00040595570654356324
planar_nominal,PEM,exhale,0.64,-4.390567573097673e-05,0.0001985626581916093
planar_nominal,PEM,exhale,0.645,-3.5620553336622874e-05,-0.0004325302859148453
planar_nominal,PEM,exhale,0.65,-2.4251288700662713e-05,-0.002549440674539227
planar_nominal,PEM,exhale,0.655,-3.570076011418171e-05,0.0012271150689439738
planar_nominal,PEM,exhale,0.66,-3.450489402408896e-05,-0.00021174841194849682
planar_nominal,PEM,exhale,0.665,-3.832058384435368e-05,0.0022289965955337335
planar_nominal,PEM,exhale,0.67,-4.6362052556368e-05,0.0038815679110499332
planar_nominal,PEM,exhale,0.675,-3.6348709389761714e-05,0.0029006816593025206
planar_nominal,PEM,exhale,0.68,-2.714422805148863e-05,0.0029335441070439464
planar_nominal,PEM,exhale,0.685,-1.2983487548881874e-05,0.002922902237496028
planar_nominal,PEM,exhale,0.6900000000000001,3.06578169573356e-06,0.001852695458489011
planar_nominal,PEM,exhale,0.6950000000000001,2.410351350193542e-05,0.001989674882347452
planar_nominal,PEM,exhale,0.7000000000000001,4.2617323494681836e-05,0.0056970745235360035
planar_nominal,PEM,exhale,0.705,7.308398575145683e-05,0.005204122674197065
planar_nominal,PEM,exhale,0.71,0.00010940296923103225,0.004537701604055276
planar_nominal,PEM,exhale,0.715,0.0001475509191513974,0.004065497104215997
planar_nominal,PEM,exhale,0.72,0.00019448262846537767,0.0026186135390037424
planar_nominal,PEM,exhale,0.725,0.000225782739514991,0.0041559539881333716
planar_nominal,PEM,exhale,0.73,0.0002518096741528064,0.01025034916892157
planar_nominal,PEM,exhale,0.735,0.000281748678385366,0.015995870587057523
planar_nominal,PEM,exhale,0.74,0.0003116243620047628,0.021731099034591323
planar_nominal,PEM,exhale,0.745,0.0003427312456540239,0.026916289893393588
planar_nominal,PEM,exhale,0.75,0.0003598042710326527,0.032810067411027016
planar_nominal,PEM,exhale,0.755,0.00036878878518267647,0.041987257566646126
planar_nominal,PEM,exhale,0.76,0.0003789394124742947,0.05124238180832793
planar_nominal,PEM,exhale,0.765,0.0004037327793730354,0.059788115170641504
planar_nominal,PEM,exhale,0.77,0.0004216069478524556,0.06979138233366436
planar_nominal,PEM,exhale,0.775,0.0004384624028105376,0.07923572392225921
planar_nominal,PEM,exhale,0.78,0.00045908306805763835,0.08727724011277412
planar_nominal,PEM,exhale,0.785,0.00046284056469594344,0.09890000814280088
planar_nominal,PEM,exhale,0.79,0.00045836568859519244,0.11069747247959248
planar_nominal,PEM,exhale,0.795,0.00044897000447186773,0.12233819607923638
planar_nominal,PEM,exhale,0.8,0.0004541713474593302,0.13329140729055702
planar_nominal,PEM,exhale,0.805,0.00046211313041066116,0.14403157621859894
planar_nominal,PEM,exhale,0.81,0.00047242680354951736,0.1539852168036542
planar_nominal,PEM,exhale,0.8150000000000001,0.00048633252791894035,0.16217457597823415
planar_nominal,PEM,exhale,0.8200000000000001,0.0004935657784741124,0.17039013333796296
planar_nominal,PEM,exhale,0.8250000000000001,0.0005007123072293335,0.17844492756188557
planar_nominal,PEM,exhale,0.8300000000000001,0.0005005859390853458,0.18817462076314115
planar_nominal,PEM,exhale,0.835,0.0005083504908811963,0.1972916103507555
planar_nominal,PEM,exhale,0.84,0.0005166269731275762,0.2064239292442521
planar_nominal,PEM,exhale,0.845,0.0005234063786637104,0.2140552061352971
planar_nominal,PEM,exhale,0.85,0.0005385439824669478,0.21945208783686124
planar_nominal,PEM,exhale,0.855,0.0005431468732245929,0.22502804837281848
planar_nominal,PEM,exhale,0.86,0.0005342522153685947,0.23226291832608553
planar_nominal,PEM,exhale,0.865,0.0005348551358678302,0.2387713416706566
planar_nominal,PEM,exhale,0.87,0.0005329680175702252,0.24783655486886574
planar_nominal,PEM,exhale,0.875,0.0005363139449188755,0.2538873409407226
planar_nominal,PEM,exhale,0.88,0.000538783496685107,0.2603754062381574
planar_nominal,PEM,exhale,0.885,0.0005388142555347043,0.2672059188252131
planar_nominal,PEM,exhale,0.89,0.000537704088548669,0.2732137745058013
planar_nominal,PEM,exhale,0.895,0.0005329724771084419,0.2796226644262966
planar_nominal,PEM,exhale,0.9,0.0005281026656996718,0.2867309349050889
planar_nominal,PEM,exhale,0.905,0.0005297759522112384,0.2943217668964917
planar_nominal,PEM,exhale,0.91,0.0005306144837310115,0.3004058950945102
planar_nominal,PEM,exhale,0.915,0.0005248744753345533,0.3084878602825298
planar_nominal,PEM,exhale,0.92,0.0005251729079542321,0.31434176604288633
planar_nominal,PEM,exhale,0.925,0.0005230274600026982,0.3181966784095001
planar_nominal,PEM,exhale,0.93,0.0005113783815938347,0.32648726629368546
planar_nominal,PEM,exhale,0.935,0.0005026914495739483,0.3329491415963667
planar_nominal,PEM,exhale,0.94,0.0004918914327724678,0.33939330192897366
planar_nominal,PEM,exhale,0.945,0.00048575232353897,0.34496288642645967
planar_nominal,PEM,exhale,0.95,0.0004971131244395283,0.346651618941061
planar_nominal,PEM,exhale,0.955,0.0004971835534139124,0.34964947202155955
planar_nominal,PEM,exhale,0.96,0.00048617869335857594,0.35209831106870626
planar_nominal,PEM,exhale,0.965,0.0004876982795212974,0.35520907982101657
planar_nominal,PEM,exhale,0.97,0.00048412582390412886,0.3590715011145889
planar_nominal,PEM,exhale,0.975,0.00047999297328011123,0.3633387030278548
planar_nominal,PEM,exhale,0.98,0.0004869171753265437,0.3629279735612995
planar_nominal,PEM,exhale,0.985,0.0004958319840129374,0.361960592462246
planar_nominal,PEM,exhale,0.99,0.0005166440672911058,0.3582320540701483
planar_nominal,PEM,exhale,0.995,0.0005330563336587594,0.3552456498156728
variable_transverse,CEM,inhale,0.0,0.001217554000948086,0.4439989211211698
variable_transverse,CEM,inhale,0.005,0.001231431804451053,0.44277446852653174
variable_transverse,CEM,inhale,0.01,0.0012435612285893996,0.44113270507292
variable_transverse,CEM,inhale,0.015,0.0012509694302313824,0.4409003531573508
variable_transverse,CEM,inhale,0.02,0.0012493429555868103,0.4435163746140085
variable_transverse,CEM,inhale,0.025,0.0012532102153502297,0.44388625741098764
variable_transverse,CEM,inhale,0.03,0.001272699435781923,0.4394974477589357
variable_transverse,CEM,inhale,0.035,0.0013022379018576328,0.43149091096913733
variable_transverse,CEM,inhale,0.04,0.0013198144692609232,0.4245762997764833
variable_transverse,CEM,inhale,0.045,0.001334382442714558,0.41906493367895764
variable_transverse,CEM,inhale,0.05,0.0013358633540147887,0.4161855168308518
variable_transverse,CEM,inhale,0.055,0.0013397652985155805,0.41099587984182223
variable_transverse,CEM,inhale,0.06,0.0013177669283680933,0.4052161270526863
variable_transverse,CEM,inhale,0.065,0.0013038024303386826,0.3942120314277685
variable_transverse,CEM,inhale,0.07,0.001301064088266824,0.38535996659104643
variable_transverse,CEM,inhale,0.075,0.0013006009309751755,0.37794678000461285
variable_transverse,CEM,inhale,0.08,0.0012934703353832354,0.37023907245258986
variable_transverse,CEM,inhale,0.085,0.0012913229268578215,0.35936290751399974
variable_transverse,CEM,inhale,0.09,0.0013100672002480612,0.3415599930092139
variable_transverse,CEM,inhale,0.095,0.0013258396087245143,0.3295870844825549
variable_transverse,CEM,inhale,0.1,0.0013011569305056343,0.3265716369083164
variable_transverse,CEM,inhale,0.105,0.0012486646037246094,0.32871571920897213
variable_transverse,CEM,inhale,0.11,0.0012066013509818764,0.3296827448599225
variable_transverse,CEM,inhale,0.115,0.001122595088056328,0.3342497562293861
variable_transverse,CEM,inhale,0.12,0.001033945040217236,0.3386845107766837
variable_transverse,CEM,inhale,0.125,0.0009504639276536786,0.3416775951948871
variable_transverse,CEM,inhale,0.13,0.0008873387464167933,0.34022335407207754
variable_transverse,CEM,inhale,0.135,0.0008164964085562179,0.34028382503376775
variable_transverse,CEM,inhale,0.14,0.0007266225735931735,0.3413622312933496
variable_transverse,CEM,inhale,0.145,0.0006349525798286692,0.33978242298225486
variable_transverse,CEM,inhale,0.15,0.0005698232779277729,0.33068530070083363
variable_transverse,CEM,inhale,0.155,0.000511743912233809,0.32025664097139495
variable_transverse,CEM,inhale,0.16,0.0004218639280338459,0.30747712833880303
variable_transverse,CEM,inhale,0.165,0.00034543691995494904,0.281356663818351
variable_transverse,CEM,inhale,0.17,0.00026732073755104165,0.2519602968859366
variable_transverse,CEM,inhale,0.175,0.00018254506350624553,0.2220880915751768
variable_transverse,CEM,inhale,0.18,9.124079537031312e-05,0.19063740318034172
variable_transverse,CEM,inhale,0.185,-2.0416873111679004e-05,0.14945144068080798
variable_transverse,CEM,inhale,0.19,-0.00011754288471090928,0.10505140588452815
variable_transverse,CEM,inhale,0.195,-0.00021484901356880458,0.059406150210749825
variable_transverse,CEM,inhale,0.2,-0.0003235976157755384,0.01719297982903513
variable_transverse,CEM,inhale,0.205,-0.00037595850852261716,-0.032371771783253435
variable_transverse,CEM,inhale,0.21,-0.00042370623652395975,-0.08145208411265414
variable_transverse,CEM,inhale,0.215,-0.0005157905152469944,-0.1252367216043954
variable_transverse,CEM,inhale,0.22,-0.000618864053932027,-0.16584723142158347
variable_transverse,CEM,inhale,0.225,-0.0007093047207032849,-0.2028583378436315
variable_transverse,CEM,inhale,0.23,-0.0007852581977184026,-0.23938095918435578
variable_transverse,CEM,inhale,0.235,-0.0008884931136687431,-0.2702303782092367
variable_transverse,CEM,inhale,0.24,-0.000970085843000127,-0.3016009790572174
variable_transverse,CEM,inhale,0.245,-0.001047327287353871,-0.3286104977295455
variable_transverse,CEM,inhale,0.25,-0.0011131225679935027,-0.35640783236806584
variable_transverse,CEM,inhale,0.255,-0.0011839830292200235,-0.3815190129325907
variable_transverse,CEM,inhale,0.26,-0.0012417458128825161,-0.4074527974121774
variable_transverse,CEM,inhale,0.265,-0.0012968954614710313,-0.43149645727229413
variable_transverse,CEM,inhale,0.27,-0.0013344566016533187,-0.45684855155757115
variable_transverse,CEM,inhale,0.275,-0.0013777981680982963,-0.4813760994983208
variable_transverse,CEM,inhale,0.28,-0.001427848699875669,-0.5040631263268975
variable_transverse,CEM,inhale,0.285,-0.0014765348935646505,-0.526682690755732
variable_transverse,CEM,inhale,0.29,-0.0015171264752571647,-0.5489881617261544
variable_transverse,CEM,inhale,0.295,-0.0015569741601792278,-0.5730573440473954
variable_transverse,CEM,inhale,0.3,-0.0015900340831129288,-0.5981522422758162
variable_transverse,CEM,inhale,0.305,-0.00161782244277219,-0.6212412098215825
variable_transverse,CEM,inhale,0.31,-0.0016361428566637685,-0.6441979965442309
variable_transverse,CEM,inhale,0.315,-0.001644126167727089,-0.6664856707374505
variable_transverse,CEM,inhale,0.32,-0.0016575399611994954,-0.6860870896917726
variable_transverse,CEM,inhale,0.325,-0.0016739396620515505,-0.7003936224294919
variable_transverse,CEM,inhale,0.33,-0.001668059413844299,-0.7139341967981797
variable_transverse,CEM,inhale,0.335,-0.0016557444509056661,-0.7262422432506982
variable_transverse,CEM,inhale,0.34,-0.001643910454829148,-0.7350793334682583
variable_transverse,CEM,inhale,0.345,-0.0016387345811152338,-0.7391190271731916
variable_transverse,CEM,inhale,0.35,-0.0016293775770653547,-0.7439950472154071
variable_transverse,CEM,inhale,0.355,-0.0016164958222353353,-0.7478210057772341
variable_transverse,CEM,inhale,0.36,-0.0016235452785064086,-0.7476300930506252
variable_transverse,CEM,inhale,0.365,-0.0016262280888755835,-0.7463524155902517
variable_transverse,CEM,inhale,0.37,-0.001628085715044941,-0.7423043297153918
variable_transverse,CEM,inhale,0.375,-0.0016229266835341481,-0.7393001980614671
variable_transverse,CEM,inhale,0.38,-0.0016094323579383338,-0.7360125702570861
variable_transverse,CEM,inhale,0.385,-0.0016095393384767606,-0.7301378885040104
variable_transverse,CEM,inhale,0.39,-0.0016138741737195884,-0.7243701013667865
variable_transverse,CEM,inhale,0.395,-0.0016053400143961692,-0.7191979343716192
variable_transverse,CEM,inhale,0.4,-0.0016058055144619141,-0.7122992786085326
variable_transverse,CEM,inhale,0.405,-0.0016047104608639564,-0.7049590774067707
variable_transverse,CEM,inhale,0.41,-0.0015843574633148847,-0.6945367080095729
variable_transverse,CEM,inhale,0.415,-0.001530919303270266,-0.6914237884524032
variable_transverse,CEM,inhale,0.42,-0.0015446597343210596,-0.6682425160917839
variable_transverse,CEM,inhale,0.425,-0.0015346721985637617,-0.6501365007685818
variable_transverse,CEM,inhale,0.43,-0.001511972989307058,-0.6371164581287295
variable_transverse,CEM,inhale,0.435,-0.0014960494440181974,-0.6272579294157207
variable_transverse,CEM,inhale,0.44,-0.001469422372005364,-0.6164668471091876
variable_transverse,CEM,inhale,0.445,-0.0014436207813199545,-0.6007262225132443
variable_transverse,CEM,inhale,0.45,-0.00144072719881161,-0.5823312289233368
variable_transverse,CEM,inhale,0.455,-0.0014358694858598877,-0.5605148294554799
variable_transverse,CEM,inhale,0.46,-0.00140509325082616,-0.5428719931025495
variable_transverse,CEM,inhale,0.465,-0.0014002980760623833,-0.5192739522554892
variable_transverse,CEM,inhale,0.47,-0.0014022491816704321,-0.49622049416357145
variable_transverse,CEM,inhale,0.475,-0.0014092244118699875,-0.4745970420591013
variable_transverse,CEM,inhale,0.48,-0.0014303301492312043,-0.4527169384633236
variable_transverse,CEM,inhale,0.485,-0.0014289767987554606,-0.4312175532262797
variable_transverse,CEM,inhale,0.49,-0.0014155965541643239,-0.4125885824145981
variable_transverse,CEM,inhale,0.495,-0.0014171052771949004,-0.3917998759938269
variable_transverse,CEM,inhale,0.5,-0.0014255044124888013,-0.37014431235378376
variable_transverse,CEM,inhale,0.505,-0.0014092241837708125,-0.3598858415704807
variable_transverse,CEM,inhale,0.51,-0.0014190365245709017,-0.3425091628100077
variable_transverse,CEM,inhale,0.515,-0.0014323189267795287,-0.32883419566178335
variable_transverse,CEM,inhale,0.52,-0.0014388253653800061,-0.3141712726476171
variable_transverse,CEM,inhale,0.525,-0.001410490772599693,-0.30869166545891913
variable_transverse,CEM,inhale,0.53,-0.0013826860384436388,-0.29974827875106325
variable_transverse,CEM,inhale,0.535,-0.001370117805424913,-0.28977978808894694
variable_transverse,CEM,inhale,0.54,-0.0013755247322539724,-0.2774601660099679
variable_transverse,CEM,inhale,0.545,-0.0013772991591263176,-0.26580559858057634
variable_transverse,CEM,inhale,0.55,-0.0013616384288346376,-0.25525320627735626
variable_transverse,CEM,inhale,0.555,-0.0013459870749180413,-0.24480049183100655
variable_transverse,CEM,inhale,0.56,-0.0013287907910729873,-0.23458798516245263
variable_transverse,CEM,inhale,0.5650000000000001,-0.0013083266890597282,-0.22438567004181295
variable_transverse,CEM,inhale,0.5700000000000001,-0.0012853441432465484,-0.21459491812431136
variable_transverse,CEM,inhale,0.5750000000000001,-0.001274677051762674,-0.2046374704260984
variable_transverse,CEM,inhale,0.58,-0.0012598902550853314,-0.19286791694569125
variable_transverse,CEM,inhale,0.585,-0.001218081023666184,-0.1845244664533648
variable_transverse,CEM,inhale,0.59,-0.001159365765399574,-0.1792200565538911
variable_transverse,CEM,inhale,0.595,-0.0011149989556682464,-0.17160143642581477
variable_transverse,CEM,inhale,0.6,-0.0010625452918099517,-0.16629398955798907
variable_transverse,CEM,inhale,0.605,-0.0010138189922945936,-0.1589140802671917
variable_transverse,CEM,inhale,0.61,-0.0009629375968432452,-0.14971559630520329
variable_transverse,CEM,inhale,0.615,-0.0009075082170416703,-0.14416696042110033
variable_transverse,CEM,inhale,0.62,-0.0008484545710791668,-0.13831664743230976
variable_transverse,CEM,inhale,0.625,-0.0007913255574443645,-0.1305536411814788
variable_transverse,CEM,inhale,0.63,-0.0007268193667786714,-0.12483157356422402
variable_transverse,CEM,inhale,0.635,-0.000673418454757384,-0.11819934367482196
variable_transverse,CEM,inhale,0.64,-0.0006205528813670462,-0.1128860273495858
variable_transverse,CEM,inhale,0.645,-0.000544586858901971,-0.11022370373683944
variable_transverse,CEM,inhale,0.65,-0.000466962177729483,-0.10543812472148152
variable_transverse,CEM,inhale,0.655,-0.0004023091479441156,-0.09567700507770238
variable_transverse,CEM,inhale,0.66,-0.0003316231415165207,-0.08975977637804551
variable_transverse,CEM,inhale,0.665,-0.0002637843941256321,-0.08338924980637574
variable_transverse,CEM,inhale,0.67,-0.00021012104220640714,-0.0753369582120328
variable_transverse,CEM,inhale,0.675,-0.00014710505058407913,-0.06914342342259615
variable_transverse,CEM,inhale,0.68,-0.00011367861431366133,-0.05438901187836907
variable_transverse,CEM,inhale,0.685,-7.637550391251927e-05,-0.04063553683494399
variable_transverse,CEM,inhale,0.6900000000000001,-3.9163794369514027e-05,-0.02727209649877361
variable_transverse,CEM,inhale,0.6950000000000001,-5.35139683952657e-06,-0.013234067676688197
variable_transverse,CEM,inhale,0.7000000000000001,3.062765463839752e-05,0.0009069588445776784
variable_transverse,CEM,inhale,0.705,6.397653461621058e-05,0.014606505202988966
variable_transverse,CEM,inhale,0.71,9.806787978903693e-05,0.027804402004372432
variable_transverse,CEM,inhale,0.715,0.0001239334976095826,0.04108691257846004
variable_transverse,CEM,inhale,0.72,0.0001573712896029612,0.05305564637683449
variable_transverse,CEM,inhale,0.725,0.00018556927872278122,0.0679156867686825
variable_transverse,CEM,inhale,0.73,0.0002197116910069785,0.08220770344258188
variable_transverse,CEM,inhale,0.735,0.00026022085341684834,0.09577394763283449
variable_transverse,CEM,inhale,0.74,0.00031436798408739666,0.1060289676911782
variable_transverse,CEM,inhale,0.745,0.0003572779141712486,0.11925996005030297
variable_transverse,CEM,inhale,0.75,0.00037190448917738945,0.13532883111985686
variable_transverse,CEM,inhale,0.755,0.0003848810670964348,0.15080491430387066
variable_transverse,CEM,inhale,0.76,0.00041044729762762343,0.16422327103089066
variable_transverse,CEM,inhale,0.765,0.00044879244885303416,0.17370908558965223
variable_transverse,CEM,inhale,0.77,0.0004952856588335951,0.18126297592920204
variable_transverse,CEM,inhale,0.775,0.0005263165325786928,0.18968526241136865
variable_transverse,CEM,inhale,0.78,0.0005437942488328721,0.19776947657471816
variable_transverse,CEM,inhale,0.785,0.000561852427861752,0.2057693703339453
variable_transverse,CEM,inhale,0.79,0.0005797510544969761,0.214026103476764
variable_transverse,CEM,inhale,0.795,0.0005900750851759762,0.2240187239476992
variable_transverse,CEM,inhale,0.8,0.0005947482004637826,0.23421775139864556
variable_transverse,CEM,inhale,0.805,0.0006153161073924289,0.23991061185197352
variable_transverse,CEM,inhale,0.81,0.0006477707487686962,0.24439581225049203
variable_transverse,CEM,inhale,0.8150000000000001,0.0006710023945476804,0.25011975680598914
variable_transverse,CEM,inhale,0.8200000000000001,0.0006911013109367487,0.25631853507798563
variable_transverse,CEM,inhale,0.8250000000000001,0.0007085690824553862,0.2625551387861035
variable_transverse,CEM,inhale,0.8300000000000001,0.0007029302549501918,0.2719435908607232
variable_transverse,CEM,inhale,0.835,0.0007149946946310243,0.2765732405289558
variable_transverse,CEM,inhale,0.84,0.000724580995209323,0.283810380655343
variable_transverse,CEM,inhale,0.845,0.0007614292775885815,0.28736292787677276
variable_transverse,CEM,inhale,0.85,0.0007967372417709341,0.28768885851636405
variable_transverse,CEM,inhale,0.855,0.0008533902532180776,0.28471782027869175
variable_transverse,CEM,inhale,0.86,0.000891263739563768,0.28554286625513475
variable_transverse,CEM,inhale,0.865,0.0009183047336983938,0.288249928986332
variable_transverse,CEM,inhale,0.87,0.0009408864164300991,0.29150352290872866
variable_transverse,CEM,inhale,0.875,0.0009456729781273114,0.29693987610089617
variable_transverse,CEM,inhale,0.88,0.00093483055972329,0.30601663172184934
variable_transverse,CEM,inhale,0.885,0.0009254306668765946,0.3143966186371574
variable_transverse,CEM,inhale,0.89,0.0009141582400532142,0.3241086658928355
variable_transverse,CEM,inhale,0.895,0.0009083210507985938,0.33227082151087106
variable_transverse,CEM,inhale,0.9,0.0009118263303132139,0.33761265467127516
variable_transverse,CEM,inhale,0.905,0.0009125263857168615,0.3455352610134793
variable_transverse,CEM,inhale,0.91,0.0009079255230557098,0.35570605270429806
variable_transverse,CEM,inhale,0.915,0.0009092423371319032,0.3650150237608062
variable_transverse,CEM,inhale,0.92,0.0009147985465598399,0.3735591746036763
variable_transverse,CEM,inhale,0.925,0.0009210337006624415,0.38148211341446325
variable_transverse,CEM,inhale,0.93,0.0009335923357093898,0.3885032746474216
variable_transverse,CEM,inhale,0.935,0.0009356992877064776,0.39652966133908274
variable_transverse,CEM,inhale,0.94,0.000941990224420149,0.4037968708086828
variable_transverse,CEM,inhale,0.945,0.000949434509643873,0.41166517344041526
variable_transverse,CEM,inhale,0.95,0.0009520291848963384,0.41900153914157606
variable_transverse,CEM,inhale,0.955,0.000945283676335141,0.4270112841154261
variable_transverse,CEM,inhale,0.96,0.0009436812459291457,0.4336006482340895
variable_transverse,CEM,inhale,0.965,0.0009498298314364791,0.43822920603537086
variable_transverse,CEM,inhale,0.97,0.0009687600632987168,0.44154948863314764
variable_transverse,CEM,inhale,0.975,0.0009875016434848119,0.4445456090071283
variable_transverse,CEM,inhale,0.98,0.0010057466875232036,0.4470679513793066
variable_transverse,CEM,inhale,0.985,0.001024267533281823,0.4484197830997952
variable_transverse,CEM,inhale,0.99,0.0010434436976534333,0.4492706737383233
variable_transverse,CEM,inhale,0.995,0.001073016900862356,0.44757988298272416
variable_transverse,CEM,exhale,0.0,0.0005092008907982463,0.07615394451208429
variable_transverse,CEM,exhale,0.005,0.0005196995060592559,0.07439386014470127
variable_transverse,CEM,exhale,0.01,0.0005299758647109465,0.07245848196991536
variable_transverse,CEM,exhale,0.015,0.0005445978866772119,0.07062897048969778
variable_transverse,CEM,exhale,0.02,0.0005479173381820301,0.06902302593848095
variable_transverse,CEM,exhale,0.025,0.0005432818618690333,0.06737938156909888
variable_transverse,CEM,exhale,0.03,0.0005519020056128072,0.06494771539750312
variable_transverse,CEM,exhale,0.035,0.0005448077446567985,0.06312629948777398
variable_transverse,CEM,exhale,0.04,0.0005393799880881947,0.0612242218551912
variable_transverse,CEM,exhale,0.045,0.0005307610831160372,0.05939893444189197
variable_transverse,CEM,exhale,0.05,0.000521709229947775,0.057613738068835185
variable_transverse,CEM,exhale,0.055,0.0005093459876096177,0.05600839933002602
variable_transverse,CEM,exhale,0.06,0.0004928254835932878,0.054353486951684675
variable_transverse,CEM,exhale,0.065,0.00047519306457712983,0.0527323963957462
variable_transverse,CEM,exhale,0.07,0.0004500636227533272,0.05155605569230699
variable_transverse,CEM,exhale,0.075,0.00042191437270164517,0.05070574812111981
variable_transverse,CEM,exhale,0.08,0.0003943346324665663,0.04960839210117639
variable_transverse,CEM,exhale,0.085,0.0003701758983105868,0.048262123525548956
variable_transverse,CEM,exhale,0.09,0.0003482213284541251,0.04693568273146497
variable_transverse,CEM,exhale,0.095,0.00032274223121382694,0.04586680862968355
variable_transverse,CEM,exhale,0.1,0.00030200946532965984,0.044846667823884315
variable_transverse,CEM,exhale,0.105,0.0002910248789281086,0.04343451685232665
variable_transverse,CEM,exhale,0.11,0.000277995852031855,0.041872357472306686
variable_transverse,CEM,exhale,0.115,0.00026925531579308047,0.03963622349275165
variable_transverse,CEM,exhale,0.12,0.00025357982084139234,0.03757333568786429
variable_transverse,CEM,exhale,0.125,0.00022933947706166638,0.03578297095614215
variable_transverse,CEM,exhale,0.13,0.00018832433099627574,0.03430942794699456
variable_transverse,CEM,exhale,0.135,0.0001482226049108824,0.03298271708393131
variable_transverse,CEM,exhale,0.14,9.430832625915906e-05,0.03166054887084515
variable_transverse,CEM,exhale,0.145,1.7134559995995405e-05,0.030607776829272498
variable_transverse,CEM,exhale,0.15,-6.726845546797497e-05,0.028876219833054044
variable_transverse,CEM,exhale,0.155,-0.00016294751131677612,0.02721244175157253
variable_transverse,CEM,exhale,0.16,-0.00026787985326994017,0.02617527786488044
variable_transverse,CEM,exhale,0.165,-0.00037779168532798543,0.024604114220606106
variable_transverse,CEM,exhale,0.17,-0.0004845517516828599,0.022582817857311952
variable_transverse,CEM,exhale,0.175,-0.0005848926035379602,0.020381613514339276
variable_transverse,CEM,exhale,0.18,-0.0006729918283750248,0.015870417871649726
variable_transverse,CEM,exhale,0.185,-0.000747914179081321,0.010612633529959453
variable_transverse,CEM,exhale,0.19,-0.0008020828357303117,0.003980741901820119
variable_transverse,CEM,exhale,0.195,-0.0008678053305655058,-0.0018676759949127957
variable_transverse,CEM,exhale,0.2,-0.0009161496537547616,-0.008840439216076855
variable_transverse,CEM,exhale,0.205,-0.0009581823057013218,-0.015787230360838327
variable_transverse,CEM,exhale,0.21,-0.0009581286433088333,-0.024802009052176745
variable_transverse,CEM,exhale,0.215,-0.0009283455368128347,-0.03520466264681117
variable_transverse,CEM,exhale,0.22,-0.0009196129962610462,-0.04478477512463606
variable_transverse,CEM,exhale,0.225,-0.0009020381808101469,-0.05401041290631012
variable_transverse,CEM,exhale,0.23,-0.0008738321134598132,-0.062198778286504594
variable_transverse,CEM,exhale,0.235,-0.0008237901578353623,-0.07066472511500997
variable_transverse,CEM,exhale,0.24,-0.000788294856497109,-0.07775522469311064
variable_transverse,CEM,exhale,0.245,-0.0007800686054272705,-0.08184402835783652
variable_transverse,CEM,exhale,0.25,-0.0007424712195996978,-0.0875809476230781
variable_transverse,CEM,exhale,0.255,-0.0007134567704467234,-0.09234573262919668
variable_transverse,CEM,exhale,0.26,-0.000703086060652095,-0.09398533269516346
variable_transverse,CEM,exhale,0.265,-0.0006674580257554477,-0.09746907650795222
variable_transverse,CEM,exhale,0.27,-0.0006225287741662065,-0.1010865211415734
variable_transverse,CEM,exhale,0.275,-0.0006116907564179682,-0.10234541319415451
variable_transverse,CEM,exhale,0.28,-0.000596935920639809,-0.10439556535851385
variable_transverse,CEM,exhale,0.285,-0.000580248543630692,-0.10544186194548283
variable_transverse,CEM,exhale,0.29,-0.0005739435975053858,-0.10574557224542006
variable_transverse,CEM,exhale,0.295,-0.0005667709248304604,-0.10614233259619861
variable_transverse,CEM,exhale,0.3,-0.0005738227328606567,-0.1064610269330229
variable_transverse,CEM,exhale,0.305,-0.0005726480665250832,-0.10704790834513633
variable_transverse,CEM,exhale,0.31,-0.0005624849177139,-0.10805373831577159
variable_transverse,CEM,exhale,0.315,-0.0005453622445179805,-0.10942025036214667
variable_transverse,CEM,exhale,0.32,-0.0005270575860888896,-0.11103999449660812
variable_transverse,CEM,exhale,0.325,-0.0005194581732831337,-0.1121723201958306
variable_transverse,CEM,exhale,0.33,-0.0004889263684981573,-0.1140016980933443
variable_transverse,CEM,exhale,0.335,-0.0004826641535483566,-0.11466056337282411
variable_transverse,CEM,exhale,0.34,-0.0004674041380167987,-0.1156163807642769
variable_transverse,CEM,exhale,0.345,-0.0004500299565262787,-0.11559227667969087
variable_transverse,CEM,exhale,0.35,-0.0004344002070389146,-0.11520300585168691
variable_transverse,CEM,exhale,0.355,-0.00043065499819266317,-0.11428878579759161
variable_transverse,CEM,exhale,0.36,-0.0004349952709354128,-0.11260619724176402
variable_transverse,CEM,exhale,0.365,-0.0004269323142460138,-0.11203839767053307
variable_transverse,CEM,exhale,0.37,-0.00042468107132502016,-0.1108236833984459
variable_transverse,CEM,exhale,0.375,-0.0003949096713194329,-0.11053857776450303
variable_transverse,CEM,exhale,0.38,-0.00034878425770365875,-0.11020025586194984
variable_transverse,CEM,exhale,0.385,-0.00033155101866206167,-0.10815449549901551
variable_transverse,CEM,exhale,0.39,-0.00031629823717117865,-0.1057788231590147
variable_transverse,CEM,exhale,0.395,-0.0003022355094029788,-0.10323420849324105
variable_transverse,CEM,exhale,0.4,-0.00026529227049098837,-0.10275474288180704
variable_transverse,CEM,exhale,0.405,-0.0002606340076755282,-0.10005243146407725
variable_transverse,CEM,exhale,0.41,-0.0002543961336272548,-0.09741050406199842
variable_transverse,CEM,exhale,0.415,-0.00024431501917365544,-0.09534488134872646
variable_transverse,CEM,exhale,0.42,-0.00021102257481775267,-0.09353086172343657
variable_transverse,CEM,exhale,0.425,-0.00019842066947654968,-0.09118984096541288
variable_transverse,CEM,exhale,0.43,-0.00017412269735659483,-0.0889487667986526
variable_transverse,CEM,exhale,0.435,-0.0001428566262193571,-0.08696841386319501
variable_transverse,CEM,exhale,0.44,-0.00010419106767658334,-0.08487043934733156
variable_transverse,CEM,exhale,0.445,-7.115517943682132e-05,-0.08266483961907543
variable_transverse,CEM,exhale,0.45,-3.090920955440719e-05,-0.07981472666972322
variable_transverse,CEM,exhale,0.455,4.315223727622382e-06,-0.07638826519845886
variable_transverse,CEM,exhale,0.46,1.3343048157544254e-05,-0.07171795551201467
variable_transverse,CEM,exhale,0.465,1.8496025893899052e-05,-0.06671257754024759
variable_transverse,CEM,exhale,0.47,4.7508733482585216e-05,-0.06282078124155
variable_transverse,CEM,exhale,0.475,8.254317604712386e-05,-0.05904827516990294
variable_transverse,CEM,exhale,0.48,9.621761107236682e-05,-0.054275382587329224
variable_transverse,CEM,exhale,0.485,0.00012933030753601964,-0.05030955363851427
variable_transverse,CEM,exhale,0.49,0.00014314691842686573,-0.045558679688890436
variable_transverse,CEM,exhale,0.495,0.00013726687175564202,-0.04118250489606308
variable_transverse,CEM,exhale,0.5,0.00013813829149896266,-0.03694846511495835
variable_transverse,CEM,exhale,0.505,0.00011635821327010909,-0.03303300002286015
variable_transverse,CEM,exhale,0.51,0.00010351542117856888,-0.02890041251910495
variable_transverse,CEM,exhale,0.515,0.00010038209645493956,-0.025954126652834045
variable_transverse,CEM,exhale,0.52,8.038649297412182e-05,-0.022684429234745434
variable_transverse,CEM,exhale,0.525,6.209566284447815e-05,-0.019763686176002115
variable_transverse,CEM,exhale,0.53,6.55631339549947e-05,-0.018556557260839948
variable_transverse,CEM,exhale,0.535,7.006077416576824e-05,-0.017099031230335193
variable_transverse,CEM,exhale,0.54,5.2388524912428865e-05,-0.015811562412684225
variable_transverse,CEM,exhale,0.545,4.685286586334462e-05,-0.014562079358670746
variable_transverse,CEM,exhale,0.55,5.355647849067534e-05,-0.014169391131550704
variable_transverse,CEM,exhale,0.555,4.287359991806462e-05,-0.013004779728648455
variable_transverse,CEM,exhale,0.56,3.651173437780481e-05,-0.012126676104561262
variable_transverse,CEM,exhale,0.5650000000000001,2.5292759731576814e-05,-0.011245039024844205
variable_transverse,CEM,exhale,0.5700000000000001,1.5486468709852286e-05,-0.010245971679526445
variable_transverse,CEM,exhale,0.5750000000000001,-7.762333434415423e-06,-0.008872237555460152
variable_transverse,CEM,exhale,0.58,-2.5665386697156e-05,-0.007296940053076979
variable_transverse,CEM,exhale,0.585,-3.392944980950759e-05,-0.00627674247079756
variable_transverse,CEM,exhale,0.59,-5.314347146747306e-05,-0.004628028108200511
variable_transverse,CEM,exhale,0.595,-6.384796663023766e-05,-0.003340004292533993
variable_transverse,CEM,exhale,0.6,-6.869828284710647e-05,-0.0024818360066961405
variable_transverse,CEM,exhale,0.605,-7.166032763734456e-05,-0.0018407879259326008
variable_transverse,CEM,exhale,0.61,-6.121580668624691e-05,-0.001616266942307668
variable_transverse,CEM,exhale,0.615,-5.2678928325542285e-05,-0.001672934890992134
variable_transverse,CEM,exhale,0.62,-5.631678592011841e-05,-0.001052341234969674
variable_transverse,CEM,exhale,0.625,-5.331040204175203e-05,-0.0007050838701447982
variable_transverse,CEM,exhale,0.63,-5.2837968580168655e-05,-0.0004901214190224724
variable_transverse,CEM,exhale,0.635,-5.13409384698891e-05,0.0003013208250205557
variable_transverse,CEM,exhale,0.64,-4.3817947519979006e-05,0.0004529920008704274
variable_transverse,CEM,exhale,0.645,-3.650682829483027e-05,0.00025310714318808154
variable_transverse,CEM,exhale,0.65,-2.6290115821149655e-05,-0.000318109951533719
variable_transverse,CEM,exhale,0.655,-3.716739759348271e-05,0.0005930031492856026
variable_transverse,CEM,exhale,0.66,-3.412688644516575e-05,0.00014448615293571906
variable_transverse,CEM,exhale,0.665,-4.073916090090752e-05,0.0008097671111284276
variable_transverse,CEM,exhale,0.67,-4.8390071042119184e-05,0.0012458736244650305
variable_transverse,CEM,exhale,0.675,-3.575892441932118e-05,0.0008211821545083133
variable_transverse,CEM,exhale,0.68,-2.4702876499701766e-05,0.0006767771528009695
variable_transverse,CEM,exhale,0.685,-8.524209467637924e-06,0.0004753253645997505
variable_transverse,CEM,exhale,0.6900000000000001,7.10739265913367e-06,7.405890426859104e-05
variable_transverse,CEM,exhale,0.6950000000000001,2.7506922884521547e-05,-1.9671072599511227e-05
variable_transverse,CEM,exhale,0.7000000000000001,4.4798359647599307e-05,0.0007481725946604231
variable_transverse,CEM,exhale,0.705,7.638396654048144e-05,0.00033809231014102003
variable_transverse,CEM,exhale,0.71,0.00011424209457114946,-0.0001405925027526066
variable_transverse,CEM,exhale,0.715,0.000153945229367399,-0.0005992200701360008
variable_transverse,CEM,exhale,0.72,0.00020093241569071768,-0.0013127113594799858
variable_transverse,CEM,exhale,0.725,0.00023055126208053496,-0.0011462697254389152
variable_transverse,CEM,exhale,0.73,0.00025546699153571777,0.00010778807293337222
variable_transverse,CEM,exhale,0.735,0.00028335887592377453,0.0012866113919053818
variable_transverse,CEM,exhale,0.74,0.00031097368910597604,0.0024708256914521046
variable_transverse,CEM,exhale,0.745,0.00034011132492147464,0.003500010282410598
variable_transverse,CEM,exhale,0.75,0.00035401839874984526,0.004850198710677699
variable_transverse,CEM,exhale,0.755,0.00036082692054055954,0.00700832752300083
variable_transverse,CEM,exhale,0.76,0.0003686064514442405,0.009165675607919819
variable_transverse,CEM,exhale,0.765,0.0003921522949479685,0.010991929349923478
variable_transverse,CEM,exhale,0.77,0.00040821888232449587,0.013246162012701861
variable_transverse,CEM,exhale,0.775,0.00042414565920193963,0.015343141728474638
variable_transverse,CEM,exhale,0.78,0.00044474618296252077,0.01704103534073681
variable_transverse,CEM,exhale,0.785,0.0004470005572896223,0.01976753422650714
variable_transverse,CEM,exhale,0.79,0.0004399728908455073,0.02263909967475716
variable_transverse,CEM,exhale,0.795,0.0004278103919153349,0.02551922324545004
variable_transverse,CEM,exhale,0.8,0.0004314947557990166,0.02808342529428314
variable_transverse,CEM,exhale,0.805,0.0004374142281511294,0.03058641499594555
variable_transverse,CEM,exhale,0.81,0.0004459441106164904,0.03287887544185356
variable_transverse,CEM,exhale,0.8150000000000001,0.0004582923973551567,0.03473505876340805
variable_transverse,CEM,exhale,0.8200000000000001,0.00046441375800052454,0.03662997133529725
variable_transverse,CEM,exhale,0.8250000000000001,0.00047056994720187753,0.038483774945776074
variable_transverse,CEM,exhale,0.8300000000000001,0.00046790994203843215,0.04083490927131442
variable_transverse,CEM,exhale,0.835,0.00047332931057336713,0.04296212926261552
variable_transverse,CEM,exhale,0.84,0.00047880751863147374,0.045109932524296716
variable_transverse,CEM,exhale,0.845,0.00048177927298022935,0.04696346997293068
variable_transverse,CEM,exhale,0.85,0.0004939757014004504,0.04819607350788043
variable_transverse,CEM,exhale,0.855,0.0004946122366155911,0.04958926644240206
variable_transverse,CEM,exhale,0.86,0.00048288396697301965,0.05144620742668258
variable_transverse,CEM,exhale,0.865,0.0004802320304412744,0.05307628437845319
variable_transverse,CEM,exhale,0.87,0.0004748654260977178,0.05533056266667226
variable_transverse,CEM,exhale,0.875,0.0004755155177369777,0.05680721331634598
variable_transverse,CEM,exhale,0.88,0.00047650260601387,0.058352761746439434
variable_transverse,CEM,exhale,0.885,0.00047516274317581467,0.0599845843290873
variable_transverse,CEM,exhale,0.89,0.0004723250619064387,0.06144215636893814
variable_transverse,CEM,exhale,0.895,0.000464088824501581,0.06310053145739526
variable_transverse,CEM,exhale,0.9,0.0004559265002567592,0.06490062466737875
variable_transverse,CEM,exhale,0.905,0.00045551930762249035,0.06673068001164649
variable_transverse,CEM,exhale,0.91,0.0004550589350430486,0.06818757434762103
variable_transverse,CEM,exhale,0.915,0.0004476745011552615,0.07019531888046697
variable_transverse,CEM,exhale,0.92,0.0004462204180243036,0.07162366253827307
variable_transverse,CEM,exhale,0.925,0.0004422927939838054,0.07260665159743364
variable_transverse,CEM,exhale,0.93,0.00042936456573467184,0.07467143374491977
variable_transverse,CEM,exhale,0.935,0.00041985338384432143,0.07626531054281734
variable_transverse,CEM,exhale,0.94,0.00040776590745194696,0.07788043790639337
variable_transverse,CEM,exhale,0.945,0.00040101626953645134,0.07923472439523457
variable_transverse,CEM,exhale,0.95,0.00041137095213936023,0.07956853505318814
variable_transverse,CEM,exhale,0.955,0.0004091931058300009,0.08034025810375632
variable_transverse,CEM,exhale,0.96,0.0003981822270496752,0.08100888218533472
variable_transverse,CEM,exhale,0.965,0.00040107257615989376,0.08166179501153231
variable_transverse,CEM,exhale,0.97,0.00039821153083398824,0.08255448775791942
variable_transverse,CEM,exhale,0.975,0.0003947798428361095,0.08355104585575736
variable_transverse,CEM,exhale,0.98,0.00040218744123798823,0.08338940293463908
variable_transverse,CEM,exhale,0.985,0.000410245798857798,0.0831255131710182
variable_transverse,CEM,exhale,0.99,0.0004311691310841569,0.08209977246476592
variable_transverse,CEM,exhale,0.995,0.00044723281405683745,0.08127191720394578
reference,CEM,inhale,0.0,0.0012159359422203116,0.4508326909919373
reference,CEM,inhale,0.005,0.0012298162278726475,0.4495907781234897
reference,CEM,inhale,0.01,0.0012419500876288403,0.4479250200755713
reference,CEM,inhale,0.015,0.0012493574877380728,0.44768982807401014
reference,CEM,inhale,0.02,0.001247723688747977,0.4503450066860833
reference,CEM,inhale,0.025,0.001251593048624498,0.45071983853812575
reference,CEM,inhale,0.03,0.0012710924186330023,0.4462664330193807
reference,CEM,inhale,0.035,0.0013006533239005857,0.4381409487346441
reference,CEM,inhale,0.04,0.0013182582220143322,0.43112127364809505
reference,CEM,inhale,0.045,0.0013328437890827015,0.42552739822416524
reference,CEM,inhale,0.05,0.001334336589370519,0.4226039571180098
reference,CEM,inhale,0.055,0.001338249599083431,0.4173371443791361
reference,CEM,inhale,0.06,0.0013162775032758201,0.4114669048820929
reference,CEM,inhale,0.065,0.0013023510932976992,0.400294796598953
reference,CEM,inhale,0.07,0.0012996373094985763,0.3913093360968999
reference,CEM,inhale,0.075,0.0012991953015448875,0.3837843367095548
reference,CEM,inhale,0.08,0.0012920943099929217,0.37595861053493096
reference,CEM,inhale,0.085,0.0012899814535601946,0.3649177234519976
reference,CEM,inhale,0.09,0.0013087681820595227,0.3468493871776531
reference,CEM,inhale,0.095,0.0013245696799106758,0.3346981773845568
reference,CEM,inhale,0.1,0.0012999020916987171,0.3316346751260061
reference,CEM,inhale,0.105,0.0012474228618346015,0.3338042025992292
reference,CEM,inhale,0.11,0.001205371984490693,0.3347802790593286
reference,CEM,inhale,0.115,0.0011213683120638368,0.3394079089955673
reference,CEM,inhale,0.12,0.001032717667900628,0.3439017999088812
reference,CEM,inhale,0.125,0.0009492367103903272,0.3469333306882277
reference,CEM,inhale,0.13,0.0008861241404843933,0.3454518476596885
reference,CEM,inhale,0.135,0.0008152942182933586,0.345506547323658
reference,CEM,inhale,0.14,0.0007254400154074368,0.3465912077719349
reference,CEM,inhale,0.145,0.0006338040416126977,0.34497599390584754
reference,CEM,inhale,0.15,0.000568711104166734,0.33573603701889454
reference,CEM,inhale,0.155,0.0005106736156729672,0.32514447046642075
reference,CEM,inhale,0.16,0.0004208603859825859,0.3121607532846884
reference,CEM,inhale,0.165,0.0003445428512869415,0.2856348320532957
reference,CEM,inhale,0.17,0.00026655091304294046,0.2557824732278231
reference,CEM,inhale,0.175,0.0001818970668941092,0.22544754370090023
reference,CEM,inhale,0.18,9.072455978972497e-05,0.19350867130249425
reference,CEM,inhale,0.185,-2.0777439062710923e-05,0.15168742981054195
reference,CEM,inhale,0.19,-0.00011774239208712275,0.10660529176293398
reference,CEM,inhale,0.195,-0.0002148832815363079,0.06025916953126602
reference,CEM,inhale,0.2,-0.00032348212514825286,0.017397493531473025
reference,CEM,inhale,0.205,-0.00037568778627232967,-0.03292008572595143
reference,CEM,inhale,0.21,-0.0004232822208556219,-0.08274551132599588
reference,CEM,inhale,0.215,-0.0005152160963682775,-0.12720049346033996
reference,CEM,inhale,0.22,-0.0006181557375145474,-0.16843250040832305
reference,CEM,inhale,0.225,-0.0007084735766972106,-0.20600998632911055
reference,CEM,inhale,0.23,-0.0007843057696155385,-0.24309066475620847
reference,CEM,inhale,0.235,-0.0008874327782953118,-0.27441486409759347
reference,CEM,inhale,0.24,-0.0009689261729412042,-0.3062646738338028
reference,CEM,inhale,0.245,-0.0010460767149406045,-0.3336883702803417
reference,CEM,inhale,0.25,-0.0011117766982543763,-0.36191150873127376
reference,CEM,inhale,0.255,-0.0011825512586618456,-0.3874080956273643
reference,CEM,inhale,0.26,-0.0012402323619913524,-0.4137376203290556
reference,CEM,inhale,0.265,-0.0012953031505797516,-0.43814892776917636
reference,CEM,inhale,0.27,-0.001332782057859941,-0.4638872606673308
reference,CEM,inhale,0.275,-0.0013760428928615701,-0.4887891538428954
reference,CEM,inhale,0.28,-0.0014260174962403775,-0.5118232331807083
reference,CEM,inhale,0.285,-0.0014746256411824396,-0.5347892094436117
reference,CEM,inhale,0.29,-0.0015151387159717774,-0.5574361282749059
reference,CEM,inhale,0.295,-0.0015549044517436897,-0.5818728905894949
reference,CEM,inhale,0.3,-0.0015878829358201066,-0.6073497086309066
reference,CEM,inhale,0.305,-0.0016155900493427663,-0.6307912722531254
reference,CEM,inhale,0.31,-0.0016338302295851438,-0.6540979379391428
reference,CEM,inhale,0.315,-0.00164174097453157,-0.6767236346923786
reference,CEM,inhale,0.32,-0.001655097167366029,-0.6966213945402836
reference,CEM,inhale,0.325,-0.0016714421211612453,-0.7111473657203324
reference,CEM,inhale,0.33,-0.00166551058787017,-0.7248941279251485
reference,CEM,inhale,0.335,-0.0016531621685142407,-0.7373863137494252
reference,CEM,inhale,0.34,-0.0016413137665657065,-0.7463534099932255
reference,CEM,inhale,0.345,-0.0016361301022184555,-0.7504527509290073
reference,CEM,inhale,0.35,-0.0016267631175854573,-0.7554008384776287
reference,CEM,inhale,0.355,-0.0016138785483970442,-0.759282020780437
reference,CEM,inhale,0.36,-0.0016209332225423244,-0.7590876721768123
reference,CEM,inhale,0.365,-0.0016236218890826974,-0.7577905408034359
reference,CEM,inhale,0.37,-0.0016254956343784632,-0.7536806199025398
reference,CEM,inhale,0.375,-0.0016203508894306442,-0.7506298467842476
reference,CEM,inhale,0.38,-0.001606870962578334,-0.7472910033432069
reference,CEM,inhale,0.385,-0.0016070018453964252,-0.7413265805669254
reference,CEM,inhale,0.39,-0.0016113564374545752,-0.7354715610814181
reference,CEM,inhale,0.395,-0.0016028369925802056,-0.7302209387138364
reference,CEM,inhale,0.4,-0.0016033239540384557,-0.7232180414085259
reference,CEM,inhale,0.405,-0.0016022463871025474,-0.7157678176892697
reference,CEM,inhale,0.41,-0.0015819185469005132,-0.7051880770962163
reference,CEM,inhale,0.415,-0.0015284940726407387,-0.7020239019600177
reference,CEM,inhale,0.42,-0.0015422917186817301,-0.6784957390889954
reference,CEM,inhale,0.425,-0.0015323473735727527,-0.6601179041838979
reference,CEM,inhale,0.43,-0.0015096918606042418,-0.6468987903430132
reference,CEM,inhale,0.435,-0.00149381495940096,-0.6368868994952196
reference,CEM,inhale,0.44,-0.0014672413154570411,-0.6259268612635199
reference,CEM,inhale,0.445,-0.001441502781027996,-0.6099435746252702
reference,CEM,inhale,0.45,-0.0014386777270823032,-0.5912677877598611
reference,CEM,inhale,0.455,-0.0014338997845268159,-0.5691188845968834
reference,CEM,inhale,0.46,-0.0014031908135249958,-0.5512048579513777
reference,CEM,inhale,0.465,-0.0013984838879318871,-0.5272467751334492
reference,CEM,inhale,0.47,-0.0014005137341360503,-0.5038435743716076
reference,CEM,inhale,0.475,-0.0014075576097705277,-0.4818934007883828
reference,CEM,inhale,0.48,-0.001428734081274168,-0.45968324987453507
reference,CEM,inhale,0.485,-0.0014274460809080276,-0.4378590637870815
reference,CEM,inhale,0.49,-0.0014141297615535397,-0.4189463162726346
reference,CEM,inhale,0.495,-0.0014156970445378786,-0.39784467965046183
reference,CEM,inhale,0.5,-0.0014241552873022517,-0.3758639485389534
reference,CEM,inhale,0.505,-0.0014079170151202111,-0.3654473357859289
reference,CEM,inhale,0.51,-0.0014177819268020582,-0.3478088929570193
reference,CEM,inhale,0.515,-0.001431101267524964,-0.3339291172713051
reference,CEM,inhale,0.52,-0.0014376561314419138,-0.3190442127677549
reference,CEM,inhale,0.525,-0.0014093414149710724,-0.31347935942121863
reference,CEM,inhale,0.53,-0.0013815671133332568,-0.3043985031966787
reference,CEM,inhale,0.535,-0.001369032690541266,-0.29427797962037217
reference,CEM,inhale,0.54,-0.0013744741947191437,-0.2817730526068673
reference,CEM,inhale,0.545,-0.0013762834081889204,-0.2699426636711898
reference,CEM,inhale,0.55,-0.0013606599413401304,-0.25922895377338867
reference,CEM,inhale,0.555,-0.0013450469131170552,-0.24861617918368317
reference,CEM,inhale,0.56,-0.0013278857579720087,-0.23824763004396926
reference,CEM,inhale,0.5650000000000001,-0.001307456877332701,-0.22788917321102162
reference,CEM,inhale,0.5700000000000001,-0.0012845035787373662,-0.21794930229949702
reference,CEM,inhale,0.5750000000000001,-0.0012738675988654344,-0.20784074668448493
reference,CEM,inhale,0.58,-0.0012591162822940614,-0.1958926849728099
reference,CEM,inhale,0.585,-0.0012173358429058213,-0.18742007079603235
reference,CEM,inhale,0.59,-0.0011586445457761308,-0.18203048017502588
reference,CEM,inhale,0.595,-0.0011143054583372554,-0.17429325009501911
reference,CEM,inhale,0.6,-0.0010618734529130236,-0.16890148461947932
reference,CEM,inhale,0.605,-0.0010131754762930782,-0.16140602763968973
reference,CEM,inhale,0.61,-0.0009623284753623265,-0.15206434426220697
reference,CEM,inhale,0.615,-0.000906923277179638,-0.14642710674361875
reference,CEM,inhale,0.62,-0.0008478985860642884,-0.1404826388164903
reference,CEM,inhale,0.625,-0.0007908096746344688,-0.13259557958189852
reference,CEM,inhale,0.63,-0.000726335825310455,-0.12678025898170447
reference,CEM,inhale,0.635,-0.0006729672887829027,-0.12004227153982698
reference,CEM,inhale,0.64,-0.0006201274453140541,-0.11464361629942987
reference,CEM,inhale,0.645,-0.0005441834681887347,-0.11193381089561187
reference,CEM,inhale,0.65,-0.00046658601240604376,-0.10706880852279464
reference,CEM,inhale,0.655,-0.0004019700421548842,-0.09715500141766936
reference,CEM,inhale,0.66,-0.00033131742250243725,-0.09114102426340508
reference,CEM,inhale,0.665,-0.0002635137131079221,-0.0846670460885638
reference,CEM,inhale,0.67,-0.00020988935577512065,-0.07648691825763565
reference,CEM,inhale,0.675,-0.0001469066248388277,-0.07019307692072543
reference,CEM,inhale,0.68,-0.0001135295347145276,-0.055212977820553615
reference,CEM,inhale,0.685,-7.62752028796601e-05,-0.04124820342148504
reference,CEM,inhale,0.6900000000000001,-3.910871636829192e-05,-0.027679846065628694
reference,CEM,inhale,0.6950000000000001,-5.34224285195386e-06,-0.01342717306753738
reference,CEM,inhale,0.7000000000000001,3.058782361447797e-05,0.0009307446485139389
reference,CEM,inhale,0.705,6.38881632841064e-05,0.014840553774736294
reference,CEM,inhale,0.71,9.793288676683045e-05,0.02824108565071977
reference,CEM,inhale,0.715,0.0001237524526508591,0.04172679123615464
reference,CEM,inhale,0.72,0.00015715047935536752,0.05387882656869112
reference,CEM,inhale,0.725,0.00018529539342440493,0.0689665453569608
reference,CEM,inhale,0.73,0.0002193840690237598,0.08347848147167695
reference,CEM,inhale,0.735,0.00025983559061130225,0.09725524379381936
reference,CEM,inhale,0.74,0.0003139364295993399,0.10767134358531877
reference,CEM,inhale,0.745,0.0003567987054020654,0.12110608409786348
reference,CEM,inhale,0.75,0.00037137484767833453,0.13741879041225885
reference,CEM,inhale,0.755,0.00038430346183279885,0.15312957374316755
reference,CEM,inhale,0.76,0.00040982801992244926,0.1667521992910915
reference,CEM,inhale,0.765,0.00044813545985108815,0.1763853644088283
reference,CEM,inhale,0.77,0.0004945957738438489,0.18405808609053806
reference,CEM,inhale,0.775,0.0005255957439844142,0.19261044309685216
reference,CEM,inhale,0.78,0.0005430437193279981,0.2008187782770322
reference,CEM,inhale,0.785,0.0005610753270709711,0.20894104490404605
reference,CEM,inhale,0.79,0.0005789471853658707,0.21732391629892525
reference,CEM,inhale,0.795,0.0005892363938290186,0.22746897690033538
reference,CEM,inhale,0.8,0.0005938711303435505,0.2378238942427062
reference,CEM,inhale,0.805,0.0006144140167127781,0.24360556156624444
reference,CEM,inhale,0.81,0.0006468454938655604,0.24816235672243556
reference,CEM,inhale,0.8150000000000001,0.0006700526175291189,0.2539755931681546
reference,CEM,inhale,0.8200000000000001,0.0006901259862754095,0.26027058936358927
reference,CEM,inhale,0.8250000000000001,0.0007075760639038836,0.2666021196517783
reference,CEM,inhale,0.8300000000000001,0.0007019101410097178,0.27613174539649316
reference,CEM,inhale,0.835,0.0007139533571011048,0.2808335336201147
reference,CEM,inhale,0.84,0.0007235152503546984,0.2881810920720892
reference,CEM,inhale,0.845,0.0007603519744364827,0.2917896407113885
reference,CEM,inhale,0.85,0.0007956600130948865,0.29212231426448776
reference,CEM,inhale,0.855,0.0008523160590242805,0.28911089527102857
reference,CEM,inhale,0.86,0.000890184196720535,0.2899511919776827
reference,CEM,inhale,0.865,0.0009172130329112069,0.2927015317849373
reference,CEM,inhale,0.87,0.0009397793719625304,0.2960067733248563
reference,CEM,inhale,0.875,0.0009445484233093462,0.30152577633822786
reference,CEM,inhale,0.88,0.0009336844049015685,0.31073780075240337
reference,CEM,inhale,0.885,0.0009242630587875107,0.31924309300153614
reference,CEM,inhale,0.89,0.0009129724077973077,0.3290989118283534
reference,CEM,inhale,0.895,0.0009071202571917501,0.33738211290904585
reference,CEM,inhale,0.9,0.0009106109520593232,0.34280453420057566
reference,CEM,inhale,0.905,0.0009112925131400599,0.3508457395301259
reference,CEM,inhale,0.91,0.0009066628114436199,0.36116953248816636
reference,CEM,inhale,0.915,0.0009079494754652241,0.37061959805204703
reference,CEM,inhale,0.92,0.0009134750869113277,0.379294137893565
reference,CEM,inhale,0.925,0.0009196838746380416,0.3873376505202734
reference,CEM,inhale,0.93,0.0009322165215855021,0.3944667106679722
reference,CEM,inhale,0.935,0.0009342935646574764,0.40261578786157626
reference,CEM,inhale,0.94,0.0009405566952914328,0.4099944124987788
reference,CEM,inhale,0.945,0.0009479776877533154,0.4179819813650677
reference,CEM,inhale,0.95,0.0009505540323536598,0.42542852789576446
reference,CEM,inhale,0.955,0.0009437893943945722,0.43355784834636635
reference,CEM,inhale,0.96,0.0009421716389329502,0.44024576987681874
reference,CEM,inhale,0.965,0.0009483103661040255,0.44494373261611564
reference,CEM,inhale,0.97,0.0009672262461431441,0.4483161371127066
reference,CEM,inhale,0.975,0.0009859548063050427,0.45135942678698104
reference,CEM,inhale,0.98,0.001004189271251649,0.4539215694307054
reference,CEM,inhale,0.985,0.0010227026019194987,0.455295592245635
reference,CEM,inhale,0.99,0.001041871680643291,0.45616137465106044
reference,CEM,inhale,0.995,0.0010714400231743278,0.45444881994934844
reference,CEM,exhale,0.0,0.0005025630523433901,0.07904118416984737
reference,CEM,exhale,0.005,0.0005131868268451704,0.07721517388577907
reference,CEM,exhale,0.01,0.0005236089022962761,0.07520684933325826
reference,CEM,exhale,0.015,0.0005383712973968756,0.07330799831267605
reference,CEM,exhale,0.02,0.0005418140097804353,0.07164160425735139
reference,CEM,exhale,0.025,0.0005373218140832572,0.06993536429495688
reference,CEM,exhale,0.03,0.0005461411210206729,0.06741121981924444
reference,CEM,exhale,0.035,0.000539201264036494,0.06552080117049565
reference,CEM,exhale,0.04,0.0005339358768313563,0.06354650646920679
reference,CEM,exhale,0.045,0.0005254737906568363,0.06165200373168979
reference,CEM,exhale,0.05,0.0005165732090915438,0.059799272707314305
reference,CEM,exhale,0.055,0.00050435192179908,0.058133015284456545
reference,CEM,exhale,0.06,0.0004879815804837447,0.05641522844592238
reference,CEM,exhale,0.065,0.00047049942648743546,0.05473241134881943
reference,CEM,exhale,0.07,0.00044547569087722026,0.053512031860507236
reference,CEM,exhale,0.075,0.00041741027612680827,0.052629862092543875
reference,CEM,exhale,0.08,0.00038992653645779504,0.051491770803174686
reference,CEM,exhale,0.085,0.0003658714062024766,0.050095995210831384
reference,CEM,exhale,0.09,0.00034402464352542464,0.04872033311381326
reference,CEM,exhale,0.095,0.0003186293809425065,0.04761233013498307
reference,CEM,exhale,0.1,0.0002979793047276228,0.04655451696318219
reference,CEM,exhale,0.105,0.0002870962953528723,0.045090250354349694
reference,CEM,exhale,0.11,0.0002741881746999448,0.04346993891597853
reference,CEM,exhale,0.115,0.0002656313406216347,0.041149460141910704
reference,CEM,exhale,0.12,0.00025013604291120967,0.039008419912813036
reference,CEM,exhale,0.125,0.00022606374921938343,0.03714995847085437
reference,CEM,exhale,0.13,0.0001851840389991845,0.03562147517011333
reference,CEM,exhale,0.135,0.00014521250989666081,0.03424491541715026
reference,CEM,exhale,0.14,9.145674691553261e-05,0.032871870364408605
reference,CEM,exhale,0.145,1.4402804972914904e-05,0.03178049719613916
reference,CEM,exhale,0.15,-6.980767087661071e-05,0.029983869039737734
reference,CEM,exhale,0.155,-0.00016528993226155072,0.028257465340997663
reference,CEM,exhale,0.16,-0.0002700628788262477,0.027180936040227956
reference,CEM,exhale,0.165,-0.0003797835916451808,0.025551157600575008
reference,CEM,exhale,0.17,-0.00048628429332919955,0.023452081672055966
reference,CEM,exhale,0.175,-0.0005863564068230585,0.021166338670389716
reference,CEM,exhale,0.18,-0.0006740031859599551,0.016482924022897787
reference,CEM,exhale,0.185,-0.0007484075290808628,0.011023785275232319
reference,CEM,exhale,0.19,-0.0008019759496937276,0.00413949193178403
reference,CEM,exhale,0.195,-0.0008671398501093568,-0.001932567141972518
reference,CEM,exhale,0.2,-0.000914838399162001,-0.00917201129629783
reference,CEM,exhale,0.205,-0.0009562478579437548,-0.01638348574701763
reference,CEM,exhale,0.21,-0.0009553950613189127,-0.025743537508189914
reference,CEM,exhale,0.215,-0.0009247342819733377,-0.036543124528109636
reference,CEM,exhale,0.22,-0.000915216896206594,-0.04648648422635449
reference,CEM,exhale,0.225,-0.0008969018221975016,-0.05606134927933716
reference,CEM,exhale,0.23,-0.0008680495759826112,-0.06455954742498642
reference,CEM,exhale,0.235,-0.0008173583101033763,-0.07334556610892848
reference,CEM,exhale,0.24,-0.0007812959372137406,-0.08070532141761536
reference,CEM,exhale,0.245,-0.0007727304158684161,-0.08494963009944624
reference,CEM,exhale,0.25,-0.0007346848625862625,-0.09090412278367797
reference,CEM,exhale,0.255,-0.0007053145554600013,-0.09584848447992357
reference,CEM,exhale,0.26,-0.0006948056940022916,-0.0975508888893745
reference,CEM,exhale,0.265,-0.0006589358822887791,-0.1011654047743584
reference,CEM,exhale,0.27,-0.0006137451572766174,-0.10491964566387756
reference,CEM,exhale,0.275,-0.0006027844634734044,-0.10622793152743064
reference,CEM,exhale,0.28,-0.0005878702884361457,-0.10835584342673736
reference,CEM,exhale,0.285,-0.00057111004852434,-0.1094416964847012
reference,CEM,exhale,0.29,-0.0005647821347360785,-0.10975706846315218
reference,CEM,exhale,0.295,-0.0005575613742173712,-0.1101701569531696
reference,CEM,exhale,0.3,-0.0005645714476620638,-0.11050159734196338
reference,CEM,exhale,0.305,-0.0005633429112049199,-0.11111112221545938
reference,CEM,exhale,0.31,-0.0005531008871983014,-0.11215527101228134
reference,CEM,exhale,0.315,-0.0005358674820568692,-0.11357421528886574
reference,CEM,exhale,0.32,-0.0005174430737481387,-0.11525529564450321
reference,CEM,exhale,0.325,-0.0005097447682451644,-0.11643122808589433
reference,CEM,exhale,0.33,-0.0004790667057910412,-0.11833100937858637
reference,CEM,exhale,0.335,-0.00047273819785913413,-0.11901588010721387
reference,CEM,exhale,0.34,-0.0004574352350374443,-0.12000634064601144
reference,CEM,exhale,0.345,-0.0004400762581867378,-0.11998125350411515
reference,CEM,exhale,0.35,-0.00042450594854291185,-0.11957618840800494
reference,CEM,exhale,0.355,-0.0004208596008783007,-0.1186259946747702
reference,CEM,exhale,0.36,-0.0004253304176502917,-0.11687994463680179
reference,CEM,exhale,0.365,-0.0004173332935793276,-0.11628977500120385
reference,CEM,exhale,0.37,-0.0004151776851577833,-0.11502939462281632
reference,CEM,exhale,0.375,-0.00038544755040650626,-0.11473367207001668
reference,CEM,exhale,0.38,-0.00033937468937325106,-0.11438300157353569
reference,CEM,exhale,0.385,-0.00032233770449453244,-0.11225870636768706
reference,CEM,exhale,0.39,-0.00030730051115018933,-0.1097924018020079
reference,CEM,exhale,0.395,-0.0002934461001067343,-0.10715203354198394
reference,CEM,exhale,0.4,-0.00025658877347922607,-0.1066530924930884
reference,CEM,exhale,0.405,-0.0002521646092860804,-0.10384783027799316
reference,CEM,exhale,0.41,-0.0002461542363477199,-0.10110541234007984
reference,CEM,exhale,0.415,-0.000236300749740184,-0.09895831024029035
reference,CEM,exhale,0.42,-0.00020318840978523296,-0.09707506114201726
reference,CEM,exhale,0.425,-0.000190799977086111,-0.09464455677557254
reference,CEM,exhale,0.43,-0.000166692925675824,-0.09231920649050916
reference,CEM,exhale,0.435,-0.00013562002050213987,-0.09026327038417568
reference,CEM,exhale,0.44,-9.71222526346392e-05,-0.08808779126948757
reference,CEM,exhale,0.445,-6.430192807892958e-05,-0.08579790312684653
reference,CEM,exhale,0.45,-2.432554031528934e-05,-0.08283933277974587
reference,CEM,exhale,0.455,1.0597191816049879e-05,-0.07928331595611021
reference,CEM,exhale,0.46,1.920081962909268e-05,-0.07443388478500307
reference,CEM,exhale,0.465,2.389772291322641e-05,-0.06923624456879113
reference,CEM,exhale,0.47,5.255423773652388e-05,-0.06519596118578036
reference,CEM,exhale,0.475,8.723251010159826e-05,-0.0612791355795604
reference,CEM,exhale,0.48,0.00010048550665730075,-0.05632414412434597
reference,CEM,exhale,0.485,0.00013327383193882533,-0.0522095951883272
reference,CEM,exhale,0.49,0.00014666276505515848,-0.04727695410405796
reference,CEM,exhale,0.495,0.00014038796801825562,-0.042732478659246294
reference,CEM,exhale,0.5,0.00014090611242416584,-0.03833770092565073
reference,CEM,exhale,0.505,0.00011880952455076454,-0.034273240343634666
reference,CEM,exhale,0.51,0.00010564551341176778,-0.0299846490060528
reference,CEM,exhale,0.515,0.00010226638368189103,-0.02692635071313382
reference,CEM,exhale,0.52,8.200253444223204e-05,-0.02353190507413322
reference,CEM,exhale,0.525,6.35030005719992e-05,-0.020501656111574198
reference,CEM,exhale,0.53,6.690550938641544e-05,-0.01925109517151345
reference,CEM,exhale,0.535,7.13117128966104e-05,-0.017740323563151635
reference,CEM,exhale,0.54,5.354009477815033e-05,-0.016403695800237535
reference,CEM,exhale,0.545,4.7913874362752286e-05,-0.015107386966960883
reference,CEM,exhale,0.55,5.4596471203988226e-05,-0.014700823561164467
reference,CEM,exhale,0.555,4.383779247177512e-05,-0.013492867462463257
reference,CEM,exhale,0.56,3.7407302046603145e-05,-0.01258143197149549
reference,CEM,exhale,0.5650000000000001,2.6137767342764254e-05,-0.011667274629547968
reference,CEM,exhale,0.5700000000000001,1.624831468038263e-05,-0.010629850981435353
reference,CEM,exhale,0.5750000000000001,-7.110733946187938e-06,-0.009203205640333029
reference,CEM,exhale,0.58,-2.5130054238920706e-05,-0.007568260282704704
reference,CEM,exhale,0.585,-3.347883773525831e-05,-0.006508985614900172
reference,CEM,exhale,0.59,-5.282113801366151e-05,-0.004797406237677049
reference,CEM,exhale,0.595,-6.361466390009678e-05,-0.0034611659546962357
reference,CEM,exhale,0.6,-6.852879853216138e-05,-0.002570688410431176
reference,CEM,exhale,0.605,-7.153843166884504e-05,-0.0019055397958182402
reference,CEM,exhale,0.61,-6.110991523140848e-05,-0.001673124402317251
reference,CEM,exhale,0.615,-5.255398435082765e-05,-0.0017332230925043164
reference,CEM,exhale,0.62,-5.622181270538905e-05,-0.0010902802683263422
reference,CEM,exhale,0.625,-5.325219081380545e-05,-0.0007294773583133928
reference,CEM,exhale,0.63,-5.279125149222533e-05,-0.0005067782556640563
reference,CEM,exhale,0.635,-5.135249925660582e-05,0.00031416254815393776
reference,CEM,exhale,0.64,-4.3832400830356783e-05,0.00047064729855177676
reference,CEM,exhale,0.645,-3.648652085653002e-05,0.00026171170566505214
reference,CEM,exhale,0.65,-2.6205618390756947e-05,-0.00033268716282619434
reference,CEM,exhale,0.655,-3.7132729681025335e-05,0.0006118508459385494
reference,CEM,exhale,0.66,-3.4048532883149604e-05,0.00014577672022760062
reference,CEM,exhale,0.665,-4.0699578289871926e-05,0.0008355576887847244
reference,CEM,exhale,0.67,-4.8400048605649444e-05,0.0012893930017688546
reference,CEM,exhale,0.675,-3.573771620300464e-05,0.0008482889990571678
reference,CEM,exhale,0.68,-2.4680463038737464e-05,0.0006985991633393305
reference,CEM,exhale,0.685,-8.494958638623263e-06,0.0004894164146300815
reference,CEM,exhale,0.6900000000000001,7.166538445708431e-06,7.245479487270793e-05
reference,CEM,exhale,0.6950000000000001,2.7540075059949518e-05,-2.3599861513885762e-05
reference,CEM,exhale,0.7000000000000001,4.4737176504108816e-05,0.0007745476773347792
reference,CEM,exhale,0.705,7.632908310746105e-05,0.0003492674989708829
reference,CEM,exhale,0.71,0.00011418688361546337,-0.00014672003891024596
reference,CEM,exhale,0.715,0.00015389154782856687,-0.0006221923895562918
reference,CEM,exhale,0.72,0.00020090610874677774,-0.0013628155758120004
reference,CEM,exhale,0.725,0.00023047528540539423,-0.001189098846819304
reference,CEM,exhale,0.73,0.00025526106416365427,0.00011307791762441
reference,CEM,exhale,0.735,0.0002830212974497645,0.0013375360034127081
reference,CEM,exhale,0.74,0.0003105082040167286,0.002567337101743325
reference,CEM,exhale,0.745,0.00033953871331986245,0.0036356598610257063
reference,CEM,exhale,0.75,0.0003533043712745385,0.005038321107558825
reference,CEM,exhale,0.755,0.0003599033288330645,0.007279959463626738
reference,CEM,exhale,0.76,0.00036748013763533417,0.009520318323767214
reference,CEM,exhale,0.765,0.00039086470691666517,0.01141544363265454
reference,CEM,exhale,0.77,0.0004067389263037636,0.013754836260794913
reference,CEM,exhale,0.775,0.00042248684325215557,0.01593098661852668
reference,CEM,exhale,0.78,0.0004429454437807061,0.017692460743259374
reference,CEM,exhale,0.785,0.0004449784776942637,0.020522001810096665
reference,CEM,exhale,0.79,0.00043771586787834664,0.0235026216905323
reference,CEM,exhale,0.795,0.0004253281569584968,0.02649169198448234
reference,CEM,exhale,0.8,0.0004288178616454305,0.029151880344495847
reference,CEM,exhale,0.805,0.0004345422379173492,0.03174878476696025
reference,CEM,exhale,0.81,0.00044289925229408907,0.03412675652832939
reference,CEM,exhale,0.8150000000000001,0.00045509349242094614,0.03605282637792404
reference,CEM,exhale,0.8200000000000001,0.0004610577125369836,0.038019362198270054
reference,CEM,exhale,0.8250000000000001,0.00046706091178975377,0.03994318111043565
reference,CEM,exhale,0.8300000000000001,0.00046421835990714393,0.04238284990112188
reference,CEM,exhale,0.835,0.00046947845322059843,0.044589456644509536
reference,CEM,exhale,0.84,0.00047478965262844064,0.04681780480497957
reference,CEM,exhale,0.845,0.0004776146673599648,0.048741095534177076
reference,CEM,exhale,0.85,0.0004897270536578217,0.05001878144907108
reference,CEM,exhale,0.855,0.000490265691840821,0.051463693268620075
reference,CEM,exhale,0.86,0.00047839414339575896,0.053390928424565685
reference,CEM,exhale,0.865,0.0004756182718541156,0.05508225867740556
reference,CEM,exhale,0.87,0.00047008169117432124,0.05742122931929417
reference,CEM,exhale,0.875,0.0004706168227870768,0.058953403888651876
reference,CEM,exhale,0.88,0.00047147176107623155,0.06055779956997997
reference,CEM,exhale,0.885,0.00047000197452075527,0.06225125304081964
reference,CEM,exhale,0.89,0.0004670582183005225,0.06376331722270655
reference,CEM,exhale,0.895,0.00045868459699941285,0.06548496525530996
reference,CEM,exhale,0.9,0.0004503797955693927,0.067353286280614
reference,CEM,exhale,0.905,0.00044982449551460866,0.0692525624440986
reference,CEM,exhale,0.91,0.00044924383024515544,0.07076471986862408
reference,CEM,exhale,0.915,0.0004416843489462319,0.07284950265382693
reference,CEM,exhale,0.92,0.000440118418444964,0.07433168577541382
reference,CEM,exhale,0.925,0.0004361073828330856,0.07535226424960619
reference,CEM,exhale,0.93,0.00042300797275441964,0.0774959515756244
reference,CEM,exhale,0.935,0.0004133652522003175,0.07915068008263701
reference,CEM,exhale,0.94,0.0004011517923670333,0.0808271172998166
reference,CEM,exhale,0.945,0.0003942955842487728,0.0822327219645123
reference,CEM,exhale,0.95,0.0004046294320548971,0.08257831054950628
reference,CEM,exhale,0.955,0.00040239562884922296,0.08337890228530806
reference,CEM,exhale,0.96,0.00039131162967005094,0.08407449537738206
reference,CEM,exhale,0.965,0.00039415345496181297,0.0847516980469973
reference,CEM,exhale,0.97,0.000391221190241253,0.08567820875203515
reference,CEM,exhale,0.975,0.0003877060311824978,0.08671277998793846
reference,CEM,exhale,0.98,0.0003951112013712101,0.08654567717422841
reference,CEM,exhale,0.985,0.0004031874073539459,0.08627167605875727
reference,CEM,exhale,0.99,0.0004241675516722799,0.08520787972160845
reference,CEM,exhale,0.995,0.00044029605393001775,0.08434815194705858
