state,L_mm,phase_rr,delta_Z_ohm
inhale,50,0.0,0.02013338000000014
inhale,50,0.005,0.02062615000000096
inhale,50,0.01,0.020938730000000752
inhale,50,0.015,0.02125055000000128
inhale,50,0.02,0.02157021000000104
inhale,50,0.025,0.02191365000000089
inhale,50,0.03,0.022357520000000144
inhale,50,0.035,0.0227317000000001
inhale,50,0.04,0.022958040000000183
inhale,50,0.045,0.02300628000000016
inhale,50,0.05,0.023055040000000172
inhale,50,0.055,0.023103800000000164
inhale,50,0.06,0.02311115999999903
inhale,50,0.065,0.0227813199999989
inhale,50,0.07,0.022451599999999
inhale,50,0.075,0.022356100000000146
inhale,50,0.08,0.022318379999999836
inhale,50,0.085,0.021984599999999035
inhale,50,0.09,0.0217518900000008
inhale,50,0.095,0.021647590000000584
inhale,50,0.1,0.020906850000000206
inhale,50,0.105,0.018896340000000483
inhale,50,0.11,0.017831300000000428
inhale,50,0.115,0.0166249199999996
inhale,50,0.12,0.015087920000000423
inhale,50,0.125,0.013553000000000336
inhale,50,0.13,0.012504319999999076
inhale,50,0.135,0.011611800000000219
inhale,50,0.14,0.010160099999999563
inhale,50,0.145,0.008708099999998905
inhale,50,0.15,0.007686100000000124
inhale,50,0.155,0.006707099999999682
inhale,50,0.16,0.005728099999999365
inhale,50,0.165,0.004792900000000074
inhale,50,0.17,0.0038906999999999865
inhale,50,0.17500000000000002,0.002931379999999468
inhale,50,0.18,0.0021692999999997635
inhale,50,0.185,0.00018419999999965954
inhale,50,0.19,-0.0007224500000000678
inhale,50,0.195,-0.002078300000000446
inhale,50,0.2,-0.0037919999999990067
inhale,50,0.20500000000000002,-0.005070850000000192
inhale,50,0.21,-0.006459430000000164
inhale,50,0.215,-0.008392
inhale,50,0.22,-0.0102899999999981
inhale,50,0.225,-0.011969099999999833
inhale,50,0.23,-0.0136487999999994
inhale,50,0.23500000000000001,-0.015362300000000374
inhale,50,0.24,-0.01713247999999984
inhale,50,0.245,-0.018724900000000447
inhale,50,0.25,-0.020370499999999063
inhale,50,0.255,-0.021592100000000038
inhale,50,0.26,-0.02194650000000015
inhale,50,0.265,-0.022301499999999898
inhale,50,0.27,-0.02265570000000006
inhale,50,0.275,-0.022990900000000074
inhale,50,0.28,-0.023303299999999916
inhale,50,0.28500000000000003,-0.023615700000000062
inhale,50,0.29,-0.023928099999999994
inhale,50,0.295,-0.024633800000000088
inhale,50,0.3,-0.025426900000000387
inhale,50,0.305,-0.026181079999999905
inhale,50,0.31,-0.02704470000000012
inhale,50,0.315,-0.028006399999999935
inhale,50,0.32,-0.028968500000000376
inhale,50,0.325,-0.029930400000000495
inhale,50,0.33,-0.030694899999999956
inhale,50,0.335,-0.03129440000000022
inhale,50,0.34,-0.0318930999999998
inhale,50,0.34500000000000003,-0.0322484000000001
inhale,50,0.35000000000000003,-0.03244592000000007
inhale,50,0.355,-0.03203330000000047
inhale,50,0.36,-0.03235541999999986
inhale,50,0.365,-0.03247731999999989
inhale,50,0.37,-0.032529400000000125
inhale,50,0.375,-0.03245212000000009
inhale,50,0.38,-0.03218249999999968
inhale,50,0.385,-0.03200184000000035
inhale,50,0.39,-0.032146859999999944
inhale,50,0.395,-0.0323485199999998
inhale,50,0.4,-0.032561579999999916
inhale,50,0.405,-0.03267230000000032
inhale,50,0.41000000000000003,-0.03305301999999989
inhale,50,0.41500000000000004,-0.03340897999999996
inhale,50,0.42,-0.03376537999999991
inhale,50,0.425,-0.034306179999999985
inhale,50,0.43,-0.034942019999999956
inhale,50,0.435,-0.03529270000000009
inhale,50,0.44,-0.035247800000000044
inhale,50,0.445,-0.03507930000000018
inhale,50,0.45,-0.034910000000000115
inhale,50,0.455,-0.0341223999999997
inhale,50,0.46,-0.03314039999999993
inhale,50,0.465,-0.031764000000000264
inhale,50,0.47000000000000003,-0.030175800000000308
inhale,50,0.47500000000000003,-0.02875285999999993
inhale,50,0.48,-0.02740559999999987
inhale,50,0.485,-0.02605834000000025
inhale,50,0.49,-0.024872099999999578
inhale,50,0.495,-0.023834819999999736
inhale,50,0.5,-0.023018560000000386
inhale,50,0.505,-0.022202359999999935
inhale,50,0.51,-0.021424199999999956
inhale,50,0.515,-0.02131084000000123
inhale,50,0.52,-0.021407430000000123
inhale,50,0.525,-0.021658949999999108
inhale,50,0.53,-0.02139123000000018
inhale,50,0.535,-0.02087579000000004
inhale,50,0.54,-0.02080164999999996
inhale,50,0.545,-0.020734549999999855
inhale,50,0.55,-0.01997544999999991
inhale,50,0.555,-0.019300059999999966
inhale,50,0.56,-0.018760239999999883
inhale,50,0.5650000000000001,-0.018330659999999874
inhale,50,0.5700000000000001,-0.017663640000000085
inhale,50,0.5750000000000001,-0.016934359999999694
inhale,50,0.58,-0.016206039999999776
inhale,50,0.585,-0.015481939999999859
inhale,50,0.59,-0.015019509999999294
inhale,50,0.595,-0.014157729999998949
inhale,50,0.6,-0.013011219999999697
inhale,50,0.605,-0.012524389999999209
inhale,50,0.61,-0.01203074999999896
inhale,50,0.615,-0.011537849999999121
inhale,50,0.62,-0.011044949999999118
inhale,50,0.625,-0.010289499999999339
inhale,50,0.63,-0.009335500000000075
inhale,50,0.635,-0.008631340000000187
inhale,50,0.64,-0.007927179999999836
inhale,50,0.645,-0.006884440000000001
inhale,50,0.65,-0.005815500000000124
inhale,50,0.655,-0.004631899999999785
inhale,50,0.66,-0.0037562999999999
inhale,50,0.665,-0.0028807000000000684
inhale,50,0.67,-0.0022966599999999283
inhale,50,0.675,-0.0013264499999988005
inhale,50,0.68,-0.0007722000000000477
inhale,50,0.685,-0.00018419999999965954
inhale,50,0.6900000000000001,0.00025739999999981934
inhale,50,0.6950000000000001,0.0006348999999997709
inhale,50,0.7000000000000001,0.0011345500000000933
inhale,50,0.705,0.0015270000000001146
inhale,50,0.71,0.001864599999999955
inhale,50,0.715,0.002272400000000271
inhale,50,0.72,0.002755349999999836
inhale,50,0.725,0.0031642999999995105
inhale,50,0.73,0.003640479999999327
inhale,50,0.735,0.004383199999998597
inhale,50,0.74,0.005024949999999621
inhale,50,0.745,0.005632349999999856
inhale,50,0.75,0.006084380000000142
inhale,50,0.755,0.006464400000000096
inhale,50,0.76,0.007134719999999952
inhale,50,0.765,0.007685350000000047
inhale,50,0.77,0.008109610000000576
inhale,50,0.775,0.00868862000000016
inhale,50,0.78,0.009005779999999993
inhale,50,0.785,0.009218540000000098
inhale,50,0.79,0.009430659999999976
inhale,50,0.795,0.009779540000000263
inhale,50,0.8,0.010261380000000207
inhale,50,0.805,0.01074302000000026
inhale,50,0.81,0.011224980000000091
inhale,50,0.8150000000000001,0.011675300000000043
inhale,50,0.8200000000000001,0.012114980000000036
inhale,50,0.8250000000000001,0.012553979999999937
inhale,50,0.8300000000000001,0.012992820000000177
inhale,50,0.835,0.013553639999999954
inhale,50,0.84,0.01412734000000005
inhale,50,0.845,0.01469655999999998
inhale,50,0.85,0.01528258000000032
inhale,50,0.855,0.015941100000000125
inhale,50,0.86,0.01648794999999997
inhale,50,0.865,0.01696895000000003
inhale,50,0.87,0.017450349999999844
inhale,50,0.875,0.01772240000000008
inhale,50,0.88,0.01778775000000008
inhale,50,0.885,0.017839450000000076
inhale,50,0.89,0.017891950000000052
inhale,50,0.895,0.017873650000000105
inhale,50,0.9,0.017839550000000093
inhale,50,0.905,0.01787912000000012
inhale,50,0.91,0.017864400000000183
inhale,50,0.915,0.017824200000000165
inhale,50,0.92,0.017784960000000193
inhale,50,0.925,0.017747140000000168
inhale,50,0.93,0.01772276000000017
inhale,50,0.935,0.017698380000000163
inhale,50,0.9400000000000001,0.017674000000000176
inhale,50,0.9450000000000001,0.017652340000000166
inhale,50,0.9500000000000001,0.01763644000000017
inhale,50,0.9550000000000001,0.01762008000000017
inhale,50,0.96,0.01758652999999992
inhale,50,0.965,0.017511710000000014
inhale,50,0.97,0.017521000000000182
inhale,50,0.975,0.017472240000000167
inhale,50,0.98,0.017423480000000175
inhale,50,0.985,0.017437040000000178
inhale,50,0.99,0.017467960000000154
inhale,50,0.995,0.01782639999999998
inhale,60,0.0,0.03101667000000033
inhale,60,0.005,0.031846609999999984
inhale,60,0.01,0.03267700999999997
inhale,60,0.015,0.033444909999999835
inhale,60,0.02,0.034148290000000005
inhale,60,0.025,0.03478138999999995
inhale,60,0.03,0.035414729999999735
inhale,60,0.035,0.03604742999999991
inhale,60,0.04,0.03661871000000006
inhale,60,0.045,0.03708253999999982
inhale,60,0.05,0.03725567000000008
inhale,60,0.055,0.03738661000000011
inhale,60,0.06,0.036955119999999696
inhale,60,0.065,0.03665365000000018
inhale,60,0.07,0.03677924000000017
inhale,60,0.075,0.03690449000000027
inhale,60,0.08,0.03676194000000038
inhale,60,0.085,0.03679028000000031
inhale,60,0.09,0.036810000000000176
inhale,60,0.095,0.03639886999999997
inhale,60,0.1,0.03574724000000047
inhale,60,0.105,0.03545194000000056
inhale,60,0.11,0.03495510000000018
inhale,60,0.115,0.0344581400000005
inhale,60,0.12,0.03366553000000093
inhale,60,0.125,0.03259613999999937
inhale,60,0.13,0.03158310000000002
inhale,60,0.135,0.030412159999999893
inhale,60,0.14,0.02917741999999944
inhale,60,0.145,0.027902719999999537
inhale,60,0.15,0.026794000000000495
inhale,60,0.155,0.02577517000000004
inhale,60,0.16,0.024755960000001073
inhale,60,0.165,0.023621170000000333
inhale,60,0.17,0.022096410000000566
inhale,60,0.17500000000000002,0.02037808999999987
inhale,60,0.18,0.01865974999999861
inhale,60,0.185,0.0168545299999999
inhale,60,0.19,0.014689909999999015
inhale,60,0.195,0.012407340000000279
inhale,60,0.2,0.01001074000000075
inhale,60,0.20500000000000002,0.007575040000000583
inhale,60,0.21,0.004945760000001199
inhale,60,0.215,0.0019297799999995924
inhale,60,0.22,-0.0010864199999995154
inhale,60,0.225,-0.004102359999999873
inhale,60,0.23,-0.007243799999995152
inhale,60,0.23500000000000001,-0.01101090000000028
inhale,60,0.24,-0.014778419999998694
inhale,60,0.245,-0.017991899999997587
inhale,60,0.25,-0.02077244999999845
inhale,60,0.255,-0.023644609999999646
inhale,60,0.26,-0.026516769999997847
inhale,60,0.265,-0.029193399999998718
inhale,60,0.27,-0.03163410999999885
inhale,60,0.275,-0.034059849999998275
inhale,60,0.28,-0.036485629999999915
inhale,60,0.28500000000000003,-0.038680909999997896
inhale,60,0.29,-0.040534309999999234
inhale,60,0.295,-0.04233081999999927
inhale,60,0.3,-0.04412714999999818
inhale,60,0.305,-0.04563606999999935
inhale,60,0.31,-0.04691166999999945
inhale,60,0.315,-0.048119599999998625
inhale,60,0.32,-0.04932814999999918
inhale,60,0.325,-0.04993629999999915
inhale,60,0.33,-0.050288379999998675
inhale,60,0.335,-0.05104534999999949
inhale,60,0.34,-0.051609549999999456
inhale,60,0.34500000000000003,-0.05198208999999936
inhale,60,0.35000000000000003,-0.05235412999999954
inhale,60,0.355,-0.0527072299999993
inhale,60,0.36,-0.05296318999999946
inhale,60,0.365,-0.05293552999999946
inhale,60,0.37,-0.052907929999999666
inhale,60,0.375,-0.05267705000000015
inhale,60,0.38,-0.052194059999999154
inhale,60,0.385,-0.05182281999999968
inhale,60,0.39,-0.05145157999999916
inhale,60,0.395,-0.05088719000000046
inhale,60,0.4,-0.0504373100000007
inhale,60,0.405,-0.0502159000000011
inhale,60,0.41000000000000003,-0.049912030000000315
inhale,60,0.41500000000000004,-0.04934003000000004
inhale,60,0.42,-0.048774890000000314
inhale,60,0.425,-0.0482128100000003
inhale,60,0.43,-0.04769913000000048
inhale,60,0.435,-0.047202779999999944
inhale,60,0.44,-0.04677755999999959
inhale,60,0.445,-0.04654507999999976
inhale,60,0.45,-0.04631309999999954
inhale,60,0.455,-0.04581041000000077
inhale,60,0.46,-0.04540555000000012
inhale,60,0.465,-0.04528401999999918
inhale,60,0.47000000000000003,-0.04507840999999985
inhale,60,0.47500000000000003,-0.044669459999999626
inhale,60,0.48,-0.04450239000000023
inhale,60,0.485,-0.04423908000000025
inhale,60,0.49,-0.04391449000000016
inhale,60,0.495,-0.04340560999999912
inhale,60,0.5,-0.04297944999999849
inhale,60,0.505,-0.04250776999999887
inhale,60,0.51,-0.04222127000000031
inhale,60,0.515,-0.04187677999999954
inhale,60,0.52,-0.04136093999999909
inhale,60,0.525,-0.040927499999999666
inhale,60,0.53,-0.04052855999999926
inhale,60,0.535,-0.040129879999999514
inhale,60,0.54,-0.040032839999999674
inhale,60,0.545,-0.03969251999999978
inhale,60,0.55,-0.03912059999999987
inhale,60,0.555,-0.03837637999999966
inhale,60,0.56,-0.037565630000001064
inhale,60,0.5650000000000001,-0.036732990000000076
inhale,60,0.5700000000000001,-0.03600155000000061
inhale,60,0.5750000000000001,-0.03548471000000009
inhale,60,0.58,-0.035016870000000394
inhale,60,0.585,-0.03430629999999951
inhale,60,0.59,-0.033374990000000875
inhale,60,0.595,-0.03294460000000108
inhale,60,0.6,-0.03219611000000068
inhale,60,0.605,-0.031306980000001164
inhale,60,0.61,-0.03001429999999938
inhale,60,0.615,-0.028970439999999875
inhale,60,0.62,-0.02775218000000055
inhale,60,0.625,-0.02653345999999959
inhale,60,0.63,-0.02517410000000038
inhale,60,0.635,-0.023926430000000203
inhale,60,0.64,-0.022901630000000027
inhale,60,0.645,-0.021241240000000494
inhale,60,0.65,-0.01938499000000062
inhale,60,0.655,-0.017773330000000087
inhale,60,0.66,-0.01616161000000051
inhale,60,0.665,-0.014549769999999696
inhale,60,0.67,-0.013236149999999308
inhale,60,0.675,-0.012057249999998557
inhale,60,0.68,-0.010720639999999807
inhale,60,0.685,-0.00931925999999967
inhale,60,0.6900000000000001,-0.007909740000000543
inhale,60,0.6950000000000001,-0.00649186000000051
inhale,60,0.7000000000000001,-0.0050738599999991685
inhale,60,0.705,-0.003656240000000725
inhale,60,0.71,-0.0022179999999996235
inhale,60,0.715,-0.0007392599999995984
inhale,60,0.72,0.0007392599999995975
inhale,60,0.725,0.00221803999999978
inhale,60,0.73,0.0036432399999998645
inhale,60,0.735,0.004741129999999244
inhale,60,0.74,0.006087869999999811
inhale,60,0.745,0.00752018999999993
inhale,60,0.75,0.008522089999998803
inhale,60,0.755,0.009371460000000479
inhale,60,0.76,0.010465379999999806
inhale,60,0.765,0.011559299999999183
inhale,60,0.77,0.012652800000000672
inhale,60,0.775,0.013726639999999464
inhale,60,0.78,0.014795800000000263
inhale,60,0.785,0.01586476000000022
inhale,60,0.79,0.016934059999999845
inhale,60,0.795,0.017897160000000738
inhale,60,0.8,0.01872363999999986
inhale,60,0.805,0.019365620000000375
inhale,60,0.81,0.020259079999999197
inhale,60,0.8150000000000001,0.02092014999999942
inhale,60,0.8200000000000001,0.02143378999999998
inhale,60,0.8250000000000001,0.021922570000000103
inhale,60,0.8300000000000001,0.02194378000000083
inhale,60,0.835,0.02223290000000084
inhale,60,0.84,0.022444489999999782
inhale,60,0.845,0.023466539999998808
inhale,60,0.85,0.02426322000000092
inhale,60,0.855,0.024989000000000032
inhale,60,0.86,0.025583890000000793
inhale,60,0.865,0.02607521000000108
inhale,60,0.87,0.026315630000000343
inhale,60,0.875,0.026359000000000347
inhale,60,0.88,0.026283810000000584
inhale,60,0.885,0.02612858000000036
inhale,60,0.89,0.025972930000000383
inhale,60,0.895,0.02581766000000046
inhale,60,0.9,0.025640250000000506
inhale,60,0.905,0.025565510000000357
inhale,60,0.91,0.02542052000000038
inhale,60,0.915,0.025515280000000397
inhale,60,0.92,0.02562942000000039
inhale,60,0.925,0.025802500000000377
inhale,60,0.93,0.025938970000000425
inhale,60,0.935,0.02587914000000046
inhale,60,0.9400000000000001,0.02612116000000029
inhale,60,0.9450000000000001,0.026485320000000357
inhale,60,0.9500000000000001,0.026875950000000245
inhale,60,0.9550000000000001,0.026960730000000346
inhale,60,0.96,0.027105810000000254
inhale,60,0.965,0.02764999000000041
inhale,60,0.97,0.028193950000000658
inhale,60,0.975,0.02873827000000019
inhale,60,0.98,0.02917476000000034
inhale,60,0.985,0.029587680000000317
inhale,60,0.99,0.030000480000000187
inhale,60,0.995,0.03041336000000009
inhale,70,0.0,0.04879875000000008
inhale,70,0.005,0.047929549999999085
inhale,70,0.01,0.047051749999999753
inhale,70,0.015,0.04617394999999937
inhale,70,0.02,0.04532280000000042
inhale,70,0.025,0.04495150000000025
inhale,70,0.03,0.044580200000000084
inhale,70,0.035,0.04420910000000032
inhale,70,0.04,0.04346720000000036
inhale,70,0.045,0.04258610000000053
inhale,70,0.05,0.0417050000000007
inhale,70,0.055,0.04079370000000036
inhale,70,0.06,0.03956960000000061
inhale,70,0.065,0.038346100000000286
inhale,70,0.07,0.037721180000000736
inhale,70,0.075,0.03740525000000007
inhale,70,0.08,0.03608854999999991
inhale,70,0.085,0.034771850000000167
inhale,70,0.09,0.03365533999999865
inhale,70,0.095,0.03366545999999866
inhale,70,0.1,0.03335585999999877
inhale,70,0.105,0.03294941999999876
inhale,70,0.11,0.03248214000000031
inhale,70,0.115,0.030261199999999815
inhale,70,0.12,0.02878240000000023
inhale,70,0.125,0.02798050000000039
inhale,70,0.13,0.026930200000000452
inhale,70,0.135,0.025672900000001022
inhale,70,0.14,0.024415600000000454
inhale,70,0.145,0.023158299999999882
inhale,70,0.15,0.02105710000000031
inhale,70,0.155,0.01930857999999999
inhale,70,0.16,0.015915420000003153
inhale,70,0.165,0.011908800000002733
inhale,70,0.17,0.007427400000000707
inhale,70,0.17500000000000002,0.0029460000000015754
inhale,70,0.18,-0.0015353999999987132
inhale,70,0.185,-0.006505399999999533
inhale,70,0.19,-0.011754599999998517
inhale,70,0.195,-0.017003800000000888
inhale,70,0.2,-0.022252999999996484
inhale,70,0.20500000000000002,-0.025355979999999414
inhale,70,0.21,-0.027772099999999626
inhale,70,0.215,-0.031515059999998915
inhale,70,0.22,-0.036271380000001296
inhale,70,0.225,-0.03997109999999917
inhale,70,0.23,-0.04282553999999985
inhale,70,0.23500000000000001,-0.04567997999999939
inhale,70,0.24,-0.04757799999999945
inhale,70,0.245,-0.049190399999999246
inhale,70,0.25,-0.050801999999999875
inhale,70,0.255,-0.05244819999999949
inhale,70,0.26,-0.05441273999999942
inhale,70,0.265,-0.056284820000000575
inhale,70,0.27,-0.05761917999999963
inhale,70,0.275,-0.05922229999999972
inhale,70,0.28,-0.061177459999999226
inhale,70,0.28500000000000003,-0.06357238000000044
inhale,70,0.29,-0.06596717999999904
inhale,70,0.295,-0.06836153999999968
inhale,70,0.3,-0.07043669999999941
inhale,70,0.305,-0.07227039999999957
inhale,70,0.31,-0.07367819999999993
inhale,70,0.315,-0.07412509999999962
inhale,70,0.32,-0.07457239999999982
inhale,70,0.325,-0.07501949999999988
inhale,70,0.33,-0.07481800000000026
inhale,70,0.335,-0.07407549999999992
inhale,70,0.34,-0.07333300000000006
inhale,70,0.34500000000000003,-0.07259050000000018
inhale,70,0.35000000000000003,-0.07153999999999988
inhale,70,0.355,-0.07084474000000154
inhale,70,0.36,-0.0702623400000012
inhale,70,0.365,-0.06965265000000001
inhale,70,0.37,-0.06885885000000001
inhale,70,0.375,-0.06806575000000017
inhale,70,0.38,-0.06725682000000141
inhale,70,0.385,-0.06646338000000143
inhale,70,0.39,-0.06592062000000148
inhale,70,0.395,-0.0653786200000012
inhale,70,0.4,-0.06483594000000158
inhale,70,0.405,-0.06415525000000015
inhale,70,0.41000000000000003,-0.06184669999999875
inhale,70,0.41500000000000004,-0.05900430000000121
inhale,70,0.42,-0.05743101999999933
inhale,70,0.425,-0.05507549999999987
inhale,70,0.43,-0.0526786000000011
inhale,70,0.435,-0.0508932999999987
inhale,70,0.44,-0.04932525000000052
inhale,70,0.445,-0.04724428000000003
inhale,70,0.45,-0.04568193999999901
inhale,70,0.455,-0.044283139999999895
inhale,70,0.46,-0.04277433999999889
inhale,70,0.465,-0.04150074999999999
inhale,70,0.47000000000000003,-0.041011249999999985
inhale,70,0.47500000000000003,-0.04102425000000012
inhale,70,0.48,-0.04118418000000082
inhale,70,0.485,-0.04042634000000155
inhale,70,0.49,-0.03981794000000124
inhale,70,0.495,-0.0396985
inhale,70,0.5,-0.039427999999999866
inhale,70,0.505,-0.03915839999999992
inhale,70,0.51,-0.0390837000000013
inhale,70,0.515,-0.039324980000001425
inhale,70,0.52,-0.03919165000000012
inhale,70,0.525,-0.037663749999999434
inhale,70,0.53,-0.036108250000000335
inhale,70,0.535,-0.03550662000000021
inhale,70,0.54,-0.0350542999999994
inhale,70,0.545,-0.03439217999999931
inhale,70,0.55,-0.033730339999999366
inhale,70,0.555,-0.033067859999998964
inhale,70,0.56,-0.03230697999999922
inhale,70,0.5650000000000001,-0.03143129999999961
inhale,70,0.5700000000000001,-0.030757119999999794
inhale,70,0.5750000000000001,-0.030415799999999642
inhale,70,0.58,-0.029651779999999538
inhale,70,0.585,-0.028157850000000713
inhale,70,0.59,-0.026031249999999753
inhale,70,0.595,-0.024285599999999647
inhale,70,0.6,-0.023112999999999873
inhale,70,0.605,-0.021382700000000206
inhale,70,0.61,-0.01965240000000054
inhale,70,0.615,-0.017922400000000095
inhale,70,0.62,-0.01620200000000009
inhale,70,0.625,-0.014497000000000421
inhale,70,0.63,-0.012791999999999651
inhale,70,0.635,-0.011087000000000754
inhale,70,0.64,-0.009658800000000214
inhale,70,0.645,-0.008335299999999615
inhale,70,0.65,-0.0070109999999998715
inhale,70,0.655,-0.005694400000000113
inhale,70,0.66,-0.004444999999999549
inhale,70,0.665,-0.003196200000000033
inhale,70,0.67,-0.001947000000000033
inhale,70,0.675,-0.0006630000000003005
inhale,70,0.68,0.0006630000000002995
inhale,70,0.685,0.0019892000000002997
inhale,70,0.6900000000000001,0.0033149999999997856
inhale,70,0.6950000000000001,0.004578400000000369
inhale,70,0.7000000000000001,0.005868700000000331
inhale,70,0.705,0.007075599999999886
inhale,70,0.71,0.008285200000000393
inhale,70,0.715,0.009314799999999995
inhale,70,0.72,0.010344399999999995
inhale,70,0.725,0.011373999999999796
inhale,70,0.73,0.012766940000000249
inhale,70,0.735,0.01490541999999978
inhale,70,0.74,0.017075900000001084
inhale,70,0.745,0.018919449999999702
inhale,70,0.75,0.01981275000000008
inhale,70,0.755,0.02069924999999985
inhale,70,0.76,0.021584949999999735
inhale,70,0.765,0.022728859999998234
inhale,70,0.77,0.02438709999999899
inhale,70,0.775,0.02515028000000002
inhale,70,0.78,0.02545609999999988
inhale,70,0.785,0.025762599999999993
inhale,70,0.79,0.026041149999999996
inhale,70,0.795,0.02603257999999995
inhale,70,0.8,0.025561059999999962
inhale,70,0.805,0.025738500000000802
inhale,70,0.81,0.026255220000000582
inhale,70,0.8150000000000001,0.026658220000000822
inhale,70,0.8200000000000001,0.027061180000000636
inhale,70,0.8250000000000001,0.027464260000000757
inhale,70,0.8300000000000001,0.02738795000000018
inhale,70,0.835,0.027186650000000093
inhale,70,0.84,0.027226950000000066
inhale,70,0.845,0.027358750000000015
inhale,70,0.85,0.027496660000000325
inhale,70,0.855,0.02874330000000045
inhale,70,0.86,0.029556620000000765
inhale,70,0.865,0.029823900000000743
inhale,70,0.87,0.02994718000000071
inhale,70,0.875,0.0300594600000007
inhale,70,0.88,0.030170780000000688
inhale,70,0.885,0.030280540000000737
inhale,70,0.89,0.030359700000000683
inhale,70,0.895,0.030541059999999894
inhale,70,0.9,0.031302380000000074
inhale,70,0.905,0.03206309999999997
inhale,70,0.91,0.03282462000000024
inhale,70,0.915,0.03366735999999971
inhale,70,0.92,0.034578219999999826
inhale,70,0.925,0.03548908000000015
inhale,70,0.93,0.03638666000000026
inhale,70,0.935,0.036919219999999794
inhale,70,0.9400000000000001,0.03745273999999999
inhale,70,0.9450000000000001,0.03798626000000003
inhale,70,0.9500000000000001,0.03833558
inhale,70,0.9550000000000001,0.038519119999999955
inhale,70,0.96,0.03870266000000002
inhale,70,0.965,0.038886359999999974
inhale,70,0.97,0.03971474999999975
inhale,70,0.975,0.040561749999999806
inhale,70,0.98,0.04140875000000019
inhale,70,0.985,0.04220044999999968
inhale,70,0.99,0.04295974999999988
inhale,70,0.995,0.04371964999999973
inhale,80,0.0,0.047218140000000415
inhale,80,0.005,0.04694116000000048
inhale,80,0.01,0.04666418000000046
inhale,80,0.015,0.046548250000000194
inhale,80,0.02,0.046508750000000196
inhale,80,0.025,0.046094250000000496
inhale,80,0.03,0.0456797500000002
inhale,80,0.035,0.04586476000000029
inhale,80,0.04,0.045898260000000815
inhale,80,0.045,0.04583111000000084
inhale,80,0.05,0.045763980000000724
inhale,80,0.055,0.04583340499999979
inhale,80,0.06,0.045422195000000415
inhale,80,0.065,0.04485771500000045
inhale,80,0.07,0.04402624000000007
inhale,80,0.075,0.043119249999999304
inhale,80,0.08,0.04254152999999951
inhale,80,0.085,0.0422037500000002
inhale,80,0.09,0.0420092500000002
inhale,80,0.095,0.04181475000000034
inhale,80,0.1,0.04162125000000019
inhale,80,0.105,0.04139275499999985
inhale,80,0.11,0.04100707499999983
inhale,80,0.115,0.04045183500000017
inhale,80,0.12,0.039611184999999924
inhale,80,0.125,0.038502140000000414
inhale,80,0.13,0.037397180000000835
inhale,80,0.135,0.036303069999999264
inhale,80,0.14,0.03522922999999936
inhale,80,0.145,0.03363127999999841
inhale,80,0.15,0.03202574999999963
inhale,80,0.155,0.030419819999998484
inhale,80,0.16,0.028426749999998384
inhale,80,0.165,0.02576156999999872
inhale,80,0.17,0.023096549999997797
inhale,80,0.17500000000000002,0.020431699999999418
inhale,80,0.18,0.016997564999999295
inhale,80,0.185,0.01208596500000147
inhale,80,0.19,0.007174364999997788
inhale,80,0.195,0.002717124999998591
inhale,80,0.2,-0.0016150200000011896
inhale,80,0.20500000000000002,-0.005718520000001901
inhale,80,0.21,-0.009757739999999144
inhale,80,0.215,-0.013664695000003156
inhale,80,0.22,-0.016985915000002138
inhale,80,0.225,-0.01989818500000043
inhale,80,0.23,-0.022526815000001206
inhale,80,0.23500000000000001,-0.025155335000000206
inhale,80,0.24,-0.027223654999999403
inhale,80,0.245,-0.029290054999999173
inhale,80,0.25,-0.03144962500000189
inhale,80,0.255,-0.03359630000000128
inhale,80,0.26,-0.03557636000000109
inhale,80,0.265,-0.037328120000000395
inhale,80,0.27,-0.03908037999999979
inhale,80,0.275,-0.040857790000000394
inhale,80,0.28,-0.042456540000001895
inhale,80,0.28500000000000003,-0.04390567000000046
inhale,80,0.29,-0.04535444000000078
inhale,80,0.295,-0.04679806000000126
inhale,80,0.3,-0.04821563999999989
inhale,80,0.305,-0.04958722000000015
inhale,80,0.31,-0.05095880000000156
inhale,80,0.315,-0.05239386000000124
inhale,80,0.32,-0.05385719000000079
inhale,80,0.325,-0.055320740000000306
inhale,80,0.33,-0.05678409000000178
inhale,80,0.335,-0.058051440000001064
inhale,80,0.34,-0.05892627000000157
inhale,80,0.34500000000000003,-0.059801240000001234
inhale,80,0.35000000000000003,-0.06067629000000087
inhale,80,0.355,-0.06131949000000094
inhale,80,0.36,-0.06172707000000079
inhale,80,0.365,-0.06216625999999923
inhale,80,0.37,-0.06244245999999958
inhale,80,0.375,-0.06270885999999959
inhale,80,0.38,-0.06297575999999942
inhale,80,0.385,-0.06310508999999978
inhale,80,0.39,-0.06318876999999978
inhale,80,0.395,-0.0630182499999998
inhale,80,0.4,-0.06266824999999972
inhale,80,0.405,-0.0626992499999998
inhale,80,0.41000000000000003,-0.0624565800000002
inhale,80,0.41500000000000004,-0.06236094999999935
inhale,80,0.42,-0.06197216999999989
inhale,80,0.425,-0.06158156500000026
inhale,80,0.43,-0.06052085999999999
inhale,80,0.435,-0.05973277000000074
inhale,80,0.44,-0.05841293500000005
inhale,80,0.445,-0.056916629999999954
inhale,80,0.45,-0.055419564999999865
inhale,80,0.455,-0.0537065950000001
inhale,80,0.46,-0.051679835000000084
inhale,80,0.465,-0.04973715499999997
inhale,80,0.47000000000000003,-0.047831674999999435
inhale,80,0.47500000000000003,-0.04635567499999961
inhale,80,0.48,-0.045406824999999686
inhale,80,0.485,-0.04425627500000144
inhale,80,0.49,-0.042469025000000875
inhale,80,0.495,-0.04082927000000098
inhale,80,0.5,-0.03937099999999942
inhale,80,0.505,-0.0382484249999999
inhale,80,0.51,-0.03715977499999977
inhale,80,0.515,-0.03591974999999999
inhale,80,0.52,-0.034534029999999036
inhale,80,0.525,-0.03346886999999977
inhale,80,0.53,-0.03246238999999942
inhale,80,0.535,-0.031519630000000395
inhale,80,0.54,-0.030500550000000168
inhale,80,0.545,-0.029861139999999432
inhale,80,0.55,-0.02920994999999969
inhale,80,0.555,-0.028620249999999844
inhale,80,0.56,-0.028088749999999416
inhale,80,0.5650000000000001,-0.027344250000000004
inhale,80,0.5700000000000001,-0.02660024999999976
inhale,80,0.5750000000000001,-0.025855749999999175
inhale,80,0.58,-0.024829349999999296
inhale,80,0.585,-0.023634499999999305
inhale,80,0.59,-0.022479549999998818
inhale,80,0.595,-0.021323799999999275
inhale,80,0.6,-0.020168949999998645
inhale,80,0.605,-0.019073249999999504
inhale,80,0.61,-0.01797754999999925
inhale,80,0.615,-0.016896119999999244
inhale,80,0.62,-0.015889209999999994
inhale,80,0.625,-0.015015340000000094
inhale,80,0.63,-0.014194199999999477
inhale,80,0.635,-0.01338132999999988
inhale,80,0.64,-0.012567919999999871
inhale,80,0.645,-0.011784069999999324
inhale,80,0.65,-0.010928740000000228
inhale,80,0.655,-0.009782005000000137
inhale,80,0.66,-0.008527340000000206
inhale,80,0.665,-0.007312575000000028
inhale,80,0.67,-0.006085945000000006
inhale,80,0.675,-0.004912250000000839
inhale,80,0.68,-0.0039627800000011145
inhale,80,0.685,-0.0029936000000008534
inhale,80,0.6900000000000001,-0.0018734200000010634
inhale,80,0.6950000000000001,-0.0007450900000014533
inhale,80,0.7000000000000001,0.0003586799999996284
inhale,80,0.705,0.001423249999999796
inhale,80,0.71,0.0025132399999990788
inhale,80,0.715,0.0029381649999988325
inhale,80,0.72,0.0038435099999984813
inhale,80,0.725,0.004868609999999184
inhale,80,0.73,0.005939249999999194
inhale,80,0.735,0.007015779999999082
inhale,80,0.74,0.008091429999999043
inhale,80,0.745,0.009167999999998264
inhale,80,0.75,0.010370109999998954
inhale,80,0.755,0.01157572999999892
inhale,80,0.76,0.012780389999998887
inhale,80,0.765,0.013979909999999538
inhale,80,0.77,0.01508146999999877
inhale,80,0.775,0.016009084999999097
inhale,80,0.78,0.01658911999999984
inhale,80,0.785,0.017207639999999958
inhale,80,0.79,0.017927450000000726
inhale,80,0.795,0.01868045000000113
inhale,80,0.8,0.01945230000000061
inhale,80,0.805,0.020297200000000543
inhale,80,0.81,0.021141700000000284
inhale,80,0.8150000000000001,0.02198650000000063
inhale,80,0.8200000000000001,0.022904300000000634
inhale,80,0.8250000000000001,0.023854540000000285
inhale,80,0.8300000000000001,0.02479843000000031
inhale,80,0.835,0.025663700000000286
inhale,80,0.84,0.026533750000000387
inhale,80,0.845,0.027392180000000155
inhale,80,0.85,0.027927190000000244
inhale,80,0.855,0.028462249999999863
inhale,80,0.86,0.02910149999999984
inhale,80,0.865,0.030169130000000273
inhale,80,0.87,0.031426520000000416
inhale,80,0.875,0.03217682500000018
inhale,80,0.88,0.03286547500000087
inhale,80,0.885,0.03358619999999995
inhale,80,0.89,0.034608360000000005
inhale,80,0.895,0.03541094999999967
inhale,80,0.9,0.03621338000000027
inhale,80,0.905,0.03698221999999989
inhale,80,0.91,0.03782562000000025
inhale,80,0.915,0.038716059999999726
inhale,80,0.92,0.03965472999999996
inhale,80,0.925,0.040288175000000245
inhale,80,0.93,0.04110008000000034
inhale,80,0.935,0.04186695999999999
inhale,80,0.9400000000000001,0.04263369999999982
inhale,80,0.9450000000000001,0.04326126999999967
inhale,80,0.9500000000000001,0.0437326799999998
inhale,80,0.9550000000000001,0.044203779999999894
inhale,80,0.96,0.044675160000000075
inhale,80,0.965,0.04500612999999978
inhale,80,0.97,0.0452462999999999
inhale,80,0.975,0.04548587999999979
inhale,80,0.98,0.04572605999999962
inhale,80,0.985,0.04584788999999992
inhale,80,0.99,0.04593503999999956
inhale,80,0.995,0.045907419999999644
inhale,90,0.0,0.049662770000000765
inhale,90,0.005,0.04986563000000078
inhale,90,0.01,0.050068490000000784
inhale,90,0.015,0.050271350000000804
inhale,90,0.02,0.0504751300000008
inhale,90,0.025,0.0506492700000008
inhale,90,0.03,0.050821650000000704
inhale,90,0.035,0.05027825500000084
inhale,90,0.04,0.05003555000000039
inhale,90,0.045,0.050398350000000314
inhale,90,0.05,0.05076135000000024
inhale,90,0.055,0.05049141999999985
inhale,90,0.06,0.04979814000000022
inhale,90,0.065,0.04865564999999964
inhale,90,0.07,0.04749115000000039
inhale,90,0.075,0.04638624999999996
inhale,90,0.08,0.045952419999999876
inhale,90,0.085,0.04503823999999901
inhale,90,0.09,0.043941780000000534
inhale,90,0.095,0.04293638000000013
inhale,90,0.1,0.04200110000000018
inhale,90,0.105,0.041543399999998905
inhale,90,0.11,0.04108027999999999
inhale,90,0.115,0.0397593600000002
inhale,90,0.12,0.03812559999999938
inhale,90,0.125,0.036489300000000884
inhale,90,0.13,0.03508430000000004
inhale,90,0.135,0.03363670000000036
inhale,90,0.14,0.031665900000000406
inhale,90,0.145,0.02969510000000057
inhale,90,0.15,0.027724300000000736
inhale,90,0.155,0.025521419999999847
inhale,90,0.16,0.022545220000001635
inhale,90,0.165,0.019569459999999844
inhale,90,0.17,0.016956350000000207
inhale,90,0.17500000000000002,0.013475409999998295
inhale,90,0.18,0.009669170000001314
inhale,90,0.185,0.00536746999999895
inhale,90,0.19,0.0009792499999994337
inhale,90,0.195,-0.0036479900000020555
inhale,90,0.2,-0.008275549999999448
inhale,90,0.20500000000000002,-0.012884260000000324
inhale,90,0.21,-0.01728334999999985
inhale,90,0.215,-0.021406749999998028
inhale,90,0.22,-0.02553015000000029
inhale,90,0.225,-0.02965354999999979
inhale,90,0.23,-0.03321074999999998
inhale,90,0.23500000000000001,-0.03654526999999904
inhale,90,0.24,-0.039879150000000876
inhale,90,0.245,-0.04321378999999837
inhale,90,0.25,-0.04602655000000007
inhale,90,0.255,-0.04880798999999973
inhale,90,0.26,-0.05158943000000104
inhale,90,0.265,-0.05428518999999925
inhale,90,0.27,-0.0565623100000005
inhale,90,0.275,-0.05883994999999976
inhale,90,0.28,-0.06111682999999995
inhale,90,0.28500000000000003,-0.06313918999999979
inhale,90,0.29,-0.06477371000000069
inhale,90,0.295,-0.06640822999999989
inhale,90,0.3,-0.0680433499999992
inhale,90,0.305,-0.06939447000000008
inhale,90,0.31,-0.07057390999999993
inhale,90,0.315,-0.07175290999999998
inhale,90,0.32,-0.07293246999999967
inhale,90,0.325,-0.07381435000000024
inhale,90,0.33,-0.0737383400000002
inhale,90,0.335,-0.07342738000000008
inhale,90,0.34,-0.0731157000000001
inhale,90,0.34500000000000003,-0.07280446000000008
inhale,90,0.35000000000000003,-0.07292950000000001
inhale,90,0.355,-0.07318449999999999
inhale,90,0.36,-0.07344018000000015
inhale,90,0.365,-0.07369509999999996
inhale,90,0.37,-0.07377326000000008
inhale,90,0.375,-0.07383770000000009
inhale,90,0.38,-0.07352517000000001
inhale,90,0.385,-0.07368939000000006
inhale,90,0.39,-0.07365058000000015
inhale,90,0.395,-0.07286594499999856
inhale,90,0.4,-0.07261556000000013
inhale,90,0.405,-0.071303739999999
inhale,90,0.41000000000000003,-0.0687669799999982
inhale,90,0.41500000000000004,-0.06664495500000016
inhale,90,0.42,-0.06464456999999967
inhale,90,0.425,-0.06228860499999949
inhale,90,0.43,-0.061039540000001086
inhale,90,0.435,-0.06085164000000087
inhale,90,0.44,-0.06013452000000083
inhale,90,0.445,-0.058635029999999554
inhale,90,0.45,-0.0582652299999996
inhale,90,0.455,-0.0576382099999991
inhale,90,0.46,-0.05625918000000128
inhale,90,0.465,-0.05582112000000157
inhale,90,0.47000000000000003,-0.05531910000000188
inhale,90,0.47500000000000003,-0.054358700000001293
inhale,90,0.48,-0.05335357999999938
inhale,90,0.485,-0.0515320600000007
inhale,90,0.49,-0.049760939999999775
inhale,90,0.495,-0.04798885999999993
inhale,90,0.5,-0.04621770000000008
inhale,90,0.505,-0.045212060000000165
inhale,90,0.51,-0.04420734000000024
inhale,90,0.515,-0.04320165999999972
inhale,90,0.52,-0.04220830000000038
inhale,90,0.525,-0.04128269999999982
inhale,90,0.53,-0.04021270000000147
inhale,90,0.535,-0.039263840000002
inhale,90,0.54,-0.038381700000002586
inhale,90,0.545,-0.03749888000000212
inhale,90,0.55,-0.0366167000000012
inhale,90,0.555,-0.03595310000000177
inhale,90,0.56,-0.0352608200000003
inhale,90,0.5650000000000001,-0.034526579999999855
inhale,90,0.5700000000000001,-0.0333000400000019
inhale,90,0.5750000000000001,-0.032691000000000046
inhale,90,0.58,-0.03200164000000022
inhale,90,0.585,-0.031010019999999867
inhale,90,0.59,-0.029916980000000197
inhale,90,0.595,-0.028721080000000718
inhale,90,0.6,-0.027342840000000878
inhale,90,0.605,-0.025914080000000013
inhale,90,0.61,-0.024608639999999696
inhale,90,0.615,-0.023368859999999846
inhale,90,0.62,-0.021995500000000858
inhale,90,0.625,-0.020622700000000074
inhale,90,0.63,-0.019502560000002184
inhale,90,0.635,-0.018641400000000908
inhale,90,0.64,-0.017291230000000112
inhale,90,0.645,-0.015546430000000335
inhale,90,0.65,-0.013757150000000308
inhale,90,0.655,-0.011967870000000765
inhale,90,0.66,-0.010214179999999885
inhale,90,0.665,-0.008554930000000006
inhale,90,0.67,-0.006944790000000198
inhale,90,0.675,-0.0053346500000003945
inhale,90,0.68,-0.0037416299999997096
inhale,90,0.685,-0.0022449100000007326
inhale,90,0.6900000000000001,-0.0007481899999999105
inhale,90,0.6950000000000001,0.0007481899999999105
inhale,90,0.7000000000000001,0.002227450000000319
inhale,90,0.705,0.0035920700000000717
inhale,90,0.71,0.004934029999999425
inhale,90,0.715,0.006275410000000162
inhale,90,0.72,0.007528629999999992
inhale,90,0.725,0.008724310000000087
inhale,90,0.73,0.009800580000000237
inhale,90,0.735,0.010395660000000006
inhale,90,0.74,0.011379419999999425
inhale,90,0.745,0.012456860000000016
inhale,90,0.75,0.013534299999999928
inhale,90,0.755,0.014579500000000528
inhale,90,0.76,0.015624699999999755
inhale,90,0.765,0.016669899999999672
inhale,90,0.77,0.017681980000000222
inhale,90,0.775,0.01851190000000004
inhale,90,0.78,0.019341820000000082
inhale,90,0.785,0.020171740000000018
inhale,90,0.79,0.020961020000000267
inhale,90,0.795,0.02165885999999989
inhale,90,0.8,0.022356699999999834
inhale,90,0.805,0.02305498000000025
inhale,90,0.81,0.023751459999999967
inhale,90,0.8150000000000001,0.024445660000000136
inhale,90,0.8200000000000001,0.02513982000000008
inhale,90,0.8250000000000001,0.025834100000000214
inhale,90,0.8300000000000001,0.026241340000001005
inhale,90,0.835,0.026641100000000775
inhale,90,0.84,0.027441339999998652
inhale,90,0.845,0.02847131999999946
inhale,90,0.85,0.029375300000000208
inhale,90,0.855,0.03006170000000015
inhale,90,0.86,0.030747219999999683
inhale,90,0.865,0.03143350000000004
inhale,90,0.87,0.03212757999999998
inhale,90,0.875,0.03282130000000041
inhale,90,0.88,0.03351601999999987
inhale,90,0.885,0.034218659999999804
inhale,90,0.89,0.03501634000000028
inhale,90,0.895,0.03622440500000091
inhale,90,0.9,0.03671077000000072
inhale,90,0.905,0.03741758000000009
inhale,90,0.91,0.03824674000000043
inhale,90,0.915,0.03876488500000077
inhale,90,0.92,0.03917060500000051
inhale,90,0.925,0.039750999999997295
inhale,90,0.93,0.040602619999998826
inhale,90,0.935,0.04145423999999826
inhale,90,0.9400000000000001,0.042009400000000044
inhale,90,0.9450000000000001,0.042940519999999364
inhale,90,0.9500000000000001,0.04389419999999983
inhale,90,0.9550000000000001,0.044847880000000555
inhale,90,0.96,0.04576193999999795
inhale,90,0.965,0.04646543999999926
inhale,90,0.97,0.04704661999999983
inhale,90,0.975,0.04749510000000011
inhale,90,0.98,0.047944179999999816
inhale,90,0.985,0.04824297999999999
inhale,90,0.99,0.048514419999999975
inhale,90,0.995,0.04878490000000014
inhale,110,0.0,0.06093124999999932
inhale,110,0.005,0.06123999999999767
inhale,110,0.01,0.06150303999999763
inhale,110,0.015,0.06176511999999759
inhale,110,0.02,0.06193279999999776
inhale,110,0.025,0.0615814799999974
inhale,110,0.03,0.0612176800000003
inhale,110,0.035,0.06043060000000025
inhale,110,0.04,0.0593215
inhale,110,0.045,0.0592205
inhale,110,0.05,0.05912050000000014
inhale,110,0.055,0.059019499999999996
inhale,110,0.06,0.05748198000000087
inhale,110,0.065,0.05570486999999936
inhale,110,0.07,0.055070709999999266
inhale,110,0.075,0.0544369899999993
inhale,110,0.08,0.053785589999999474
inhale,110,0.085,0.053097089999999354
inhale,110,0.09,0.052102439999998064
inhale,110,0.095,0.05124519999999825
inhale,110,0.1,0.050655419999999354
inhale,110,0.105,0.04956879999999978
inhale,110,0.11,0.04858900000000197
inhale,110,0.115,0.04807742000000196
inhale,110,0.12,0.04747520000000213
inhale,110,0.125,0.04677088000000215
inhale,110,0.13,0.0460665600000017
inhale,110,0.135,0.0453622800000017
inhale,110,0.14,0.043744560000002056
inhale,110,0.145,0.04144102000000019
inhale,110,0.15,0.040276219999999995
inhale,110,0.155,0.038582699999997215
inhale,110,0.16,0.0351270599999976
inhale,110,0.165,0.03000045999999218
inhale,110,0.17,0.024756979999993645
inhale,110,0.17500000000000002,0.019513859999997593
inhale,110,0.18,0.01346393999999583
inhale,110,0.185,0.007078459999998144
inhale,110,0.19,0.0006932600000029457
inhale,110,0.195,-0.005683239999997829
inhale,110,0.2,-0.01120694000000462
inhale,110,0.20500000000000002,-0.01648136000000065
inhale,110,0.21,-0.02175578000000285
inhale,110,0.215,-0.027283460000002625
inhale,110,0.22,-0.03164852000000202
inhale,110,0.225,-0.035804000000002126
inhale,110,0.23,-0.039959480000001664
inhale,110,0.23500000000000001,-0.044114960000001494
inhale,110,0.24,-0.047599400000003664
inhale,110,0.245,-0.051042880000001165
inhale,110,0.25,-0.054486400000000976
inhale,110,0.255,-0.05792254000000298
inhale,110,0.26,-0.06098972000000277
inhale,110,0.265,-0.06405782000000057
inhale,110,0.27,-0.06712504000000258
inhale,110,0.275,-0.07018540000000222
inhale,110,0.28,-0.07317412000000022
inhale,110,0.28500000000000003,-0.07616374000000217
inhale,110,0.29,-0.07915336000000203
inhale,110,0.295,-0.08208214000000147
inhale,110,0.3,-0.0847272000000017
inhale,110,0.305,-0.08737286000000158
inhale,110,0.31,-0.09001772000000104
inhale,110,0.315,-0.0923833400000012
inhale,110,0.32,-0.09393272000000114
inhale,110,0.325,-0.09548210000000107
inhale,110,0.33,-0.09675215999999894
inhale,110,0.335,-0.09693760000000008
inhale,110,0.34,-0.09621939999999993
inhale,110,0.34500000000000003,-0.09572152000000259
inhale,110,0.35000000000000003,-0.09557472000000257
inhale,110,0.355,-0.09525440000000224
inhale,110,0.36,-0.0949340800000022
inhale,110,0.365,-0.09461468000000268
inhale,110,0.37,-0.09401796000000227
inhale,110,0.375,-0.0933981200000023
inhale,110,0.38,-0.09277928000000235
inhale,110,0.385,-0.09215368000000246
inhale,110,0.39,-0.09154333000000053
inhale,110,0.395,-0.09091871000000054
inhale,110,0.4,-0.09024041000000085
inhale,110,0.405,-0.0895627300000006
inhale,110,0.41000000000000003,-0.08888481000000063
inhale,110,0.41500000000000004,-0.0876843200000002
inhale,110,0.42,-0.08618568000000147
inhale,110,0.425,-0.0842067200000017
inhale,110,0.43,-0.082146
inhale,110,0.435,-0.0800491399999995
inhale,110,0.44,-0.07711758000000044
inhale,110,0.445,-0.07420782000000073
inhale,110,0.45,-0.07193569999999959
inhale,110,0.455,-0.06966446000000036
inhale,110,0.46,-0.06686017999999916
inhale,110,0.465,-0.06375835999999985
inhale,110,0.47000000000000003,-0.06133935000000093
inhale,110,0.47500000000000003,-0.05964780000000004
inhale,110,0.48,-0.05806280000000055
inhale,110,0.485,-0.05655038000000148
inhale,110,0.49,-0.05489339999999986
inhale,110,0.495,-0.053560620000000045
inhale,110,0.5,-0.052104399999999836
inhale,110,0.505,-0.050703000000000005
inhale,110,0.51,-0.04905500000000001
inhale,110,0.515,-0.048168499999999996
inhale,110,0.52,-0.04656468000000014
inhale,110,0.525,-0.046018019999999424
inhale,110,0.53,-0.0449247599999985
inhale,110,0.535,-0.043978339999998055
inhale,110,0.54,-0.043032639999998554
inhale,110,0.545,-0.042001530000000446
inhale,110,0.55,-0.0407836000000017
inhale,110,0.555,-0.039539500000000005
inhale,110,0.56,-0.03829605000000109
inhale,110,0.5650000000000001,-0.0370067700000007
inhale,110,0.5700000000000001,-0.03597303999999997
inhale,110,0.5750000000000001,-0.03491161999999852
inhale,110,0.58,-0.033688499999999996
inhale,110,0.585,-0.0326025
inhale,110,0.59,-0.0315175
inhale,110,0.595,-0.030526420000001026
inhale,110,0.6,-0.029758750000000687
inhale,110,0.605,-0.028525820000000132
inhale,110,0.61,-0.027024620000001533
inhale,110,0.615,-0.026004020000000252
inhale,110,0.62,-0.024400719999999463
inhale,110,0.625,-0.02248800000000025
inhale,110,0.63,-0.020982899999999718
inhale,110,0.635,-0.019753799999999717
inhale,110,0.64,-0.018525259999999853
inhale,110,0.645,-0.017296599999999066
inhale,110,0.65,-0.015624979999998744
inhale,110,0.655,-0.013730420000001495
inhale,110,0.66,-0.011928439999999168
inhale,110,0.665,-0.010165299999999449
inhale,110,0.67,-0.00838310000000208
inhale,110,0.675,-0.006593840000001395
inhale,110,0.68,-0.00455414000000293
inhale,110,0.685,-0.0025148800000023607
inhale,110,0.6900000000000001,-0.0006932600000029457
inhale,110,0.6950000000000001,0.001053999999998176
inhale,110,0.7000000000000001,0.00302419999999875
inhale,110,0.705,0.004971340000001314
inhale,110,0.71,0.006866920000002089
inhale,110,0.715,0.008786400000001074
inhale,110,0.72,0.010261160000000942
inhale,110,0.725,0.012394940000000198
inhale,110,0.73,0.014528720000000599
inhale,110,0.735,0.01666249999999951
inhale,110,0.74,0.018348360000000424
inhale,110,0.745,0.01994354000000111
inhale,110,0.75,0.021538839999999913
inhale,110,0.755,0.02311487999999897
inhale,110,0.76,0.02436991999999951
inhale,110,0.765,0.025625140000000147
inhale,110,0.77,0.026751849999999196
inhale,110,0.775,0.027674749999999613
inhale,110,0.78,0.02859824999999907
inhale,110,0.785,0.029417249999999263
inhale,110,0.79,0.030177049999999112
inhale,110,0.795,0.031546
inhale,110,0.8,0.03318199999999767
inhale,110,0.805,0.034149
inhale,110,0.81,0.035117
inhale,110,0.8150000000000001,0.036085
inhale,110,0.8200000000000001,0.037052999999999996
inhale,110,0.8250000000000001,0.03736909999999973
inhale,110,0.8300000000000001,0.03820149999999999
inhale,110,0.835,0.0391635
inhale,110,0.84,0.0401255
inhale,110,0.845,0.040944499999999995
inhale,110,0.85,0.041156399999998754
inhale,110,0.855,0.04122025999999871
inhale,110,0.86,0.04128459999999875
inhale,110,0.865,0.041590939999999806
inhale,110,0.87,0.04218533999999974
inhale,110,0.875,0.042781219999999676
inhale,110,0.88,0.04337613999999962
inhale,110,0.885,0.0439767799999996
inhale,110,0.89,0.04419532000000004
inhale,110,0.895,0.04449921999999992
inhale,110,0.9,0.04480343999999999
inhale,110,0.905,0.04510765999999983
inhale,110,0.91,0.045944560000000106
inhale,110,0.915,0.04690767999999879
inhale,110,0.92,0.04805783999999788
inhale,110,0.925,0.04906921999999929
inhale,110,0.93,0.050192440000001226
inhale,110,0.935,0.05158235999999884
inhale,110,0.9400000000000001,0.05276771999999807
inhale,110,0.9450000000000001,0.053705429999999194
inhale,110,0.9500000000000001,0.05409098999999903
inhale,110,0.9550000000000001,0.05447654999999872
inhale,110,0.96,0.05486210999999943
inhale,110,0.965,0.05504278000000021
inhale,110,0.97,0.05569745999999993
inhale,110,0.975,0.05625758999999909
inhale,110,0.98,0.05672770999999879
inhale,110,0.985,0.057153749999998525
inhale,110,0.99,0.05757602999999936
inhale,110,0.995,0.05799830999999907
inhale,120,0.0,0.057295
inhale,120,0.005,0.05773999999999999
inhale,120,0.01,0.05801043999999996
inhale,120,0.015,0.0580987199999999
inhale,120,0.02,0.05834843000000033
inhale,120,0.025,0.05840915000000031
inhale,120,0.03,0.05847027000000031
inhale,120,0.035,0.05821627999999938
inhale,120,0.04,0.057696839999999285
inhale,120,0.045,0.05714547999999931
inhale,120,0.05,0.05651987999999954
inhale,120,0.055,0.05589427999999943
inhale,120,0.06,0.05526867999999931
inhale,120,0.065,0.05464307999999919
inhale,120,0.07,0.05423571999999941
inhale,120,0.075,0.053837479999999376
inhale,120,0.08,0.053356449999998445
inhale,120,0.085,0.05179377999999859
inhale,120,0.09,0.049727919999997566
inhale,120,0.095,0.049420920000000416
inhale,120,0.1,0.0494369999999991
inhale,120,0.105,0.04947199999999905
inhale,120,0.11,0.049341369999998545
inhale,120,0.115,0.04860594999999858
inhale,120,0.12,0.04821790000000045
inhale,120,0.125,0.04796932000000054
inhale,120,0.13,0.047714020000000336
inhale,120,0.135,0.04724999999999958
inhale,120,0.14,0.046635
inhale,120,0.145,0.045474999999999995
inhale,120,0.15,0.044849604999999806
inhale,120,0.155,0.04444595999999977
inhale,120,0.16,0.043370900000000004
inhale,120,0.165,0.04075199999999905
inhale,120,0.17,0.03683641999999545
inhale,120,0.17500000000000002,0.03361753999999697
inhale,120,0.18,0.030347999999999053
inhale,120,0.185,0.024662999999990973
inhale,120,0.19,0.018977999999999048
inhale,120,0.195,0.013325000000000002
inhale,120,0.2,0.008032000000000001
inhale,120,0.20500000000000002,0.0019410000000000007
inhale,120,0.21,-0.0041509999999999984
inhale,120,0.215,-0.010242999999999999
inhale,120,0.22,-0.016335
inhale,120,0.225,-0.02162400000000808
inhale,120,0.23,-0.02664100000000095
inhale,120,0.23500000000000001,-0.03165900000000095
inhale,120,0.24,-0.03667700000000671
inhale,120,0.245,-0.04073500000000095
inhale,120,0.25,-0.04479400000000095
inhale,120,0.255,-0.048852000000006716
inhale,120,0.26,-0.05291100000000094
inhale,120,0.265,-0.05659400000000618
inhale,120,0.27,-0.06027700000000617
inhale,120,0.275,-0.06395900000000095
inhale,120,0.28,-0.06715217000000233
inhale,120,0.28500000000000003,-0.07034011000000417
inhale,120,0.29,-0.07310889000000248
inhale,120,0.295,-0.07615540000000091
inhale,120,0.3,-0.07960678000000106
inhale,120,0.305,-0.08305833999999926
inhale,120,0.31,-0.086020459999999
inhale,120,0.315,-0.08884090000000115
inhale,120,0.32,-0.09166134000000127
inhale,120,0.325,-0.09448177999999997
inhale,120,0.33,-0.0963937399999995
inhale,120,0.335,-0.098187
inhale,120,0.34,-0.10007300000000134
inhale,120,0.34500000000000003,-0.10092721999999972
inhale,120,0.35000000000000003,-0.10169677999999961
inhale,120,0.355,-0.10199665999999963
inhale,120,0.36,-0.1022965399999995
inhale,120,0.365,-0.10259641999999963
inhale,120,0.37,-0.10186533000000081
inhale,120,0.375,-0.10176097000000081
inhale,120,0.38,-0.10165661000000085
inhale,120,0.385,-0.10155221000000081
inhale,120,0.39,-0.10118153999999926
inhale,120,0.395,-0.10058765999999941
inhale,120,0.4,-0.09999377999999964
inhale,120,0.405,-0.09939989999999962
inhale,120,0.41000000000000003,-0.09881429999999918
inhale,120,0.41500000000000004,-0.0982429599999993
inhale,120,0.42,-0.094341999999999
inhale,120,0.425,-0.09296100000000095
inhale,120,0.43,-0.09158000000000095
inhale,120,0.435,-0.0905528200000006
inhale,120,0.44,-0.09000096000000071
inhale,120,0.445,-0.0883311800000024
inhale,120,0.45,-0.08534520000000219
inhale,120,0.455,-0.08269809999999968
inhale,120,0.46,-0.0808985199999998
inhale,120,0.465,-0.0785523999999985
inhale,120,0.47000000000000003,-0.07609903000000223
inhale,120,0.47500000000000003,-0.07310895999999793
inhale,120,0.48,-0.07009439999999993
inhale,120,0.485,-0.06707900000000169
inhale,120,0.49,-0.06408787999999953
inhale,120,0.495,-0.06164572000000115
inhale,120,0.5,-0.059635360000000075
inhale,120,0.505,-0.058188760000000235
inhale,120,0.51,-0.05686220000000143
inhale,120,0.515,-0.055940580000001044
inhale,120,0.52,-0.05461079000000047
inhale,120,0.525,-0.05326429000000139
inhale,120,0.53,-0.0518562400000012
inhale,120,0.535,-0.05049797999999919
inhale,120,0.54,-0.04883429000000002
inhale,120,0.545,-0.047639669999999794
inhale,120,0.55,-0.04620700000000083
inhale,120,0.555,-0.044719200000001555
inhale,120,0.56,-0.04320752000000065
inhale,120,0.5650000000000001,-0.04166728000000078
inhale,120,0.5700000000000001,-0.04018974499999941
inhale,120,0.5750000000000001,-0.03912636999999966
inhale,120,0.58,-0.037848940000001205
inhale,120,0.585,-0.03641723999999988
inhale,120,0.59,-0.03524404999999988
inhale,120,0.595,-0.0339826499999993
inhale,120,0.6,-0.03288215999999973
inhale,120,0.605,-0.031830950000000476
inhale,120,0.61,-0.03049991000000085
inhale,120,0.615,-0.029003570000001495
inhale,120,0.62,-0.02794900000000095
inhale,120,0.625,-0.02618100000000095
inhale,120,0.63,-0.024411999999998435
inhale,120,0.635,-0.02264400000000095
inhale,120,0.64,-0.021395859999999156
inhale,120,0.645,-0.02021110000000056
inhale,120,0.65,-0.018680860000000174
inhale,120,0.655,-0.017082260000000554
inhale,120,0.66,-0.015483139999999796
inhale,120,0.665,-0.013883780000001976
inhale,120,0.67,-0.012284420000000271
inhale,120,0.675,-0.01068505999999923
inhale,120,0.68,-0.00908570000000008
inhale,120,0.685,-0.0074868599999988504
inhale,120,0.6900000000000001,-0.005981999999998777
inhale,120,0.6950000000000001,-0.004262999999999998
inhale,120,0.7000000000000001,-0.0025449999999999982
inhale,120,0.705,-0.0008479999999999989
inhale,120,0.71,0.0006690000000009508
inhale,120,0.715,0.0020070000000009507
inhale,120,0.72,0.0033449999999990484
inhale,120,0.725,0.0051450000000016075
inhale,120,0.73,0.00694499999999905
inhale,120,0.735,0.008744999999999049
inhale,120,0.74,0.010546000000001766
inhale,120,0.745,0.01245699999999905
inhale,120,0.75,0.014367999999999048
inhale,120,0.755,0.016280000000001762
inhale,120,0.76,0.01819099999999905
inhale,120,0.765,0.020068000000001716
inhale,120,0.77,0.021542000000000002
inhale,120,0.775,0.02326702999999959
inhale,120,0.78,0.024462000000001007
inhale,120,0.785,0.02618672000000103
inhale,120,0.79,0.028112420000001113
inhale,120,0.795,0.029437030000000565
inhale,120,0.8,0.030852
inhale,120,0.805,0.0319003099999987
inhale,120,0.81,0.03285798999999911
inhale,120,0.8150000000000001,0.033815449999998796
inhale,120,0.8200000000000001,0.03480962999999813
inhale,120,0.8250000000000001,0.03581706999999848
inhale,120,0.8300000000000001,0.03659399999999905
inhale,120,0.835,0.037199999999999914
inhale,120,0.84,0.03803085999999986
inhale,120,0.845,0.03888839999999875
inhale,120,0.85,0.03928519999999891
inhale,120,0.855,0.03963651999999888
inhale,120,0.86,0.04056540000000025
inhale,120,0.865,0.041198
inhale,120,0.87,0.041673999999999996
inhale,120,0.875,0.042149
inhale,120,0.88,0.04271600000000025
inhale,120,0.885,0.04355999999999905
inhale,120,0.89,0.04440400000000025
inhale,120,0.895,0.045075749999998804
inhale,120,0.9,0.04538166999999887
inhale,120,0.905,0.046208000000000624
inhale,120,0.91,0.04695484999999911
inhale,120,0.915,0.047659009999998905
inhale,120,0.92,0.048363489999999364
inhale,120,0.925,0.049163899999999205
inhale,120,0.93,0.05005044500000109
inhale,120,0.935,0.05083499999999999
inhale,120,0.9400000000000001,0.05161031999999938
inhale,120,0.9450000000000001,0.05261307999999953
inhale,120,0.9500000000000001,0.053536409999999236
inhale,120,0.9550000000000001,0.054342409999999196
inhale,120,0.96,0.05514820999999869
inhale,120,0.965,0.055789749999999076
inhale,120,0.97,0.056141999999999054
inhale,120,0.975,0.05674799999999991
inhale,120,0.98,0.05735499999999905
inhale,120,0.985,0.05762299999999905
inhale,120,0.99,0.05789199999999944
inhale,120,0.995,0.05815999999999905
inhale,130,0.0,0.06048670000000057
inhale,130,0.005,0.0607229400000024
inhale,130,0.01,0.06086416000000105
inhale,130,0.015,0.060812400000000974
inhale,130,0.02,0.060914
inhale,130,0.025,0.06099
inhale,130,0.03,0.06014025999999938
inhale,130,0.035,0.05972920000000122
inhale,130,0.04,0.059686499999999997
inhale,130,0.045,0.05914499999999822
inhale,130,0.05,0.058809959999998176
inhale,130,0.055,0.05775544000000145
inhale,130,0.06,0.05662973999999977
inhale,130,0.065,0.05471856000000037
inhale,130,0.07,0.05385389999999989
inhale,130,0.075,0.053459099999999794
inhale,130,0.08,0.05306369999999986
inhale,130,0.085,0.05225405000000025
inhale,130,0.09,0.049293470000000575
inhale,130,0.095,0.0476677000000005
inhale,130,0.1,0.047576100000000544
inhale,130,0.105,0.047484700000000525
inhale,130,0.11,0.04751246000000044
inhale,130,0.115,0.047879540000000956
inhale,130,0.12,0.04777823999999905
inhale,130,0.125,0.04719121999999889
inhale,130,0.13,0.04660419999999891
inhale,130,0.135,0.046730200000000936
inhale,130,0.14,0.04720630000000086
inhale,130,0.145,0.04768250000000123
inhale,130,0.15,0.046397999999999995
inhale,130,0.155,0.045109
inhale,130,0.16,0.04382
inhale,130,0.165,0.040159999999999994
inhale,130,0.17,0.0365009999999974
inhale,130,0.17500000000000002,0.032841
inhale,130,0.18,0.029181
inhale,130,0.185,0.023082
inhale,130,0.19,0.016981999999995664
inhale,130,0.195,0.010882999999999999
inhale,130,0.2,0.004782999999999999
inhale,130,0.20500000000000002,-0.0018070000000000002
inhale,130,0.21,-0.008397
inhale,130,0.215,-0.014988
inhale,130,0.22,-0.021578
inhale,130,0.225,-0.027002000000003856
inhale,130,0.23,-0.032427
inhale,130,0.23500000000000001,-0.037850999999999996
inhale,130,0.24,-0.043276
inhale,130,0.245,-0.047356999999999996
inhale,130,0.25,-0.051439
inhale,130,0.255,-0.055521
inhale,130,0.26,-0.0596030000000025
inhale,130,0.265,-0.063124
inhale,130,0.27,-0.066646
inhale,130,0.275,-0.070167
inhale,130,0.28,-0.07368899999999999
inhale,130,0.28500000000000003,-0.077211
inhale,130,0.29,-0.080732
inhale,130,0.295,-0.08475150000000001
inhale,130,0.3,-0.0887725
inhale,130,0.305,-0.09174850000000001
inhale,130,0.31,-0.09472549999999999
inhale,130,0.315,-0.0977025
inhale,130,0.32,-0.1006795
inhale,130,0.325,-0.1014928000000011
inhale,130,0.33,-0.10232399999999643
inhale,130,0.335,-0.10382567999999688
inhale,130,0.34,-0.1053276799999966
inhale,130,0.34500000000000003,-0.1056545
inhale,130,0.35000000000000003,-0.1058085
inhale,130,0.355,-0.1059615
inhale,130,0.36,-0.1061155
inhale,130,0.365,-0.10552016000000085
inhale,130,0.37,-0.10488620000000067
inhale,130,0.375,-0.10420228000000066
inhale,130,0.38,-0.10346636000000095
inhale,130,0.385,-0.10273094000000071
inhale,130,0.39,-0.10199552000000076
inhale,130,0.395,-0.10128549999999863
inhale,130,0.4,-0.1003115
inhale,130,0.405,-0.0994365
inhale,130,0.41000000000000003,-0.0985615
inhale,130,0.41500000000000004,-0.0976875
inhale,130,0.42,-0.0946625200000003
inhale,130,0.425,-0.09085120000000162
inhale,130,0.43,-0.0884452800000011
inhale,130,0.435,-0.0873025599999988
inhale,130,0.44,-0.08577309999999862
inhale,130,0.445,-0.08385499999999999
inhale,130,0.45,-0.08187884000000129
inhale,130,0.455,-0.07977968000000416
inhale,130,0.46,-0.07717248000000057
inhale,130,0.465,-0.07385328000000473
inhale,130,0.47000000000000003,-0.07058788000000137
inhale,130,0.47500000000000003,-0.06836398000000053
inhale,130,0.48,-0.06697890000000009
inhale,130,0.485,-0.06502796000000062
inhale,130,0.49,-0.06407881999999629
inhale,130,0.495,-0.06198651999999944
inhale,130,0.5,-0.0595060899999999
inhale,130,0.505,-0.059166819999995554
inhale,130,0.51,-0.05694907999999697
inhale,130,0.515,-0.05576909999999786
inhale,130,0.52,-0.054814999999999385
inhale,130,0.525,-0.054384999999999996
inhale,130,0.53,-0.052896500000000006
inhale,130,0.535,-0.05203635999999959
inhale,130,0.54,-0.05067484000000053
inhale,130,0.545,-0.049373800000000745
inhale,130,0.55,-0.048073200000000094
inhale,130,0.555,-0.046772000000000195
inhale,130,0.56,-0.04509524000000047
inhale,130,0.5650000000000001,-0.04337155999999965
inhale,130,0.5700000000000001,-0.041648000000001004
inhale,130,0.5750000000000001,-0.03977939999999994
inhale,130,0.58,-0.03726840000000033
inhale,130,0.585,-0.03519391999999967
inhale,130,0.59,-0.03360960000000242
inhale,130,0.595,-0.03189359999999847
inhale,130,0.6,-0.030796499999998988
inhale,130,0.605,-0.029290799999997563
inhale,130,0.61,-0.027220549999999583
inhale,130,0.615,-0.02601519999999679
inhale,130,0.62,-0.024638020000000625
inhale,130,0.625,-0.02360967999999865
inhale,130,0.63,-0.022421690000000282
inhale,130,0.635,-0.021232539999999193
inhale,130,0.64,-0.020274979999999672
inhale,130,0.645,-0.019886740000000177
inhale,130,0.65,-0.018571680000000562
inhale,130,0.655,-0.01606718000000067
inhale,130,0.66,-0.015267299999998513
inhale,130,0.665,-0.014507699999998033
inhale,130,0.67,-0.01389989999999832
inhale,130,0.675,-0.012924
inhale,130,0.68,-0.010346
inhale,130,0.685,-0.008021
inhale,130,0.6900000000000001,-0.005696
inhale,130,0.6950000000000001,-0.0033710000000000003
inhale,130,0.7000000000000001,-0.0010470000000000002
inhale,130,0.705,0.0010469999999999998
inhale,130,0.71,0.0031419999999999994
inhale,130,0.715,0.005236000000002977
inhale,130,0.72,0.007331000000000001
inhale,130,0.725,0.009578
inhale,130,0.73,0.011826
inhale,130,0.735,0.014073999999999998
inhale,130,0.74,0.015609639999999985
inhale,130,0.745,0.017964499999999998
inhale,130,0.75,0.0203275
inhale,130,0.755,0.0226905
inhale,130,0.76,0.024977
inhale,130,0.765,0.02603721999999875
inhale,130,0.77,0.02702905999999921
inhale,130,0.775,0.02813899999999928
inhale,130,0.78,0.02868889999999916
inhale,130,0.785,0.0294837199999997
inhale,130,0.79,0.03031449999999936
inhale,130,0.795,0.03156287999999929
inhale,130,0.8,0.03245124999999978
inhale,130,0.805,0.03274704999999972
inhale,130,0.81,0.03310593999999885
inhale,130,0.8150000000000001,0.033648299999999166
inhale,130,0.8200000000000001,0.03419069999999912
inhale,130,0.8250000000000001,0.03510829999999845
inhale,130,0.8300000000000001,0.03653033999999913
inhale,130,0.835,0.03691489999999985
inhale,130,0.84,0.03780810000000229
inhale,130,0.845,0.03906438000000065
inhale,130,0.85,0.0397695
inhale,130,0.855,0.040084499999999995
inhale,130,0.86,0.0403985
inhale,130,0.865,0.040482500000000005
inhale,130,0.87,0.04056749999999999
inhale,130,0.875,0.0409891999999994
inhale,130,0.88,0.04228199999999999
inhale,130,0.885,0.0431948000000032
inhale,130,0.89,0.04470850000000235
inhale,130,0.895,0.04571683999999917
inhale,130,0.9,0.046439199999999896
inhale,130,0.905,0.04764928000000012
inhale,130,0.91,0.04883755999999954
inhale,130,0.915,0.05000568000000012
inhale,130,0.92,0.05117423999999993
inhale,130,0.925,0.052342799999999905
inhale,130,0.93,0.05305815999999979
inhale,130,0.935,0.05367148000000011
inhale,130,0.9400000000000001,0.054369049999999655
inhale,130,0.9450000000000001,0.0554325499999993
inhale,130,0.9500000000000001,0.056074249999999784
inhale,130,0.9550000000000001,0.05667365
inhale,130,0.96,0.05727224999999955
inhale,130,0.965,0.05783724999999982
inhale,130,0.97,0.058310249999999716
inhale,130,0.975,0.05878274999999979
inhale,130,0.98,0.05925524999999984
inhale,130,0.985,0.05974434999999975
inhale,130,0.99,0.060060900000001104
inhale,130,0.995,0.05974330000000085
inhale,140,0.0,0.05892890000000087
inhale,140,0.005,0.058382600000001124
inhale,140,0.01,0.05783710000000138
inhale,140,0.015,0.05794037000000221
inhale,140,0.02,0.05860461000000158
inhale,140,0.025,0.05916367000000122
inhale,140,0.03,0.05925955000000088
inhale,140,0.035,0.05857585000000121
inhale,140,0.04,0.05789255000000131
inhale,140,0.045,0.057223500000000004
inhale,140,0.05,0.056944500000000405
inhale,140,0.055,0.056665499999999994
inhale,140,0.06,0.0563865
inhale,140,0.065,0.055361919999999745
inhale,140,0.07,0.0538545
inhale,140,0.075,0.052588499999999996
inhale,140,0.08,0.05075
inhale,140,0.085,0.04919258999999862
inhale,140,0.09,0.04819450000000001
inhale,140,0.095,0.04662949999999999
inhale,140,0.1,0.045202900000000865
inhale,140,0.105,0.04482310000000111
inhale,140,0.11,0.044443300000001226
inhale,140,0.115,0.04418180000000119
inhale,140,0.12,0.043954100000001085
inhale,140,0.125,0.04372640000000104
inhale,140,0.13,0.0425045
inhale,140,0.135,0.0411545
inhale,140,0.14,0.04002136000000139
inhale,140,0.145,0.0387575
inhale,140,0.15,0.0359955
inhale,140,0.155,0.0332335
inhale,140,0.16,0.030471500000000002
inhale,140,0.165,0.027494839999998185
inhale,140,0.17,0.02411115999999476
inhale,140,0.17500000000000002,0.020023120000000328
inhale,140,0.18,0.015935439999996456
inhale,140,0.185,0.01184775999999936
inhale,140,0.19,0.007159599999995048
inhale,140,0.195,0.0018718399999981792
inhale,140,0.2,-0.003415680000002447
inhale,140,0.20500000000000002,-0.008704320000005893
inhale,140,0.21,-0.013781440000003363
inhale,140,0.215,-0.018435800000003912
inhale,140,0.22,-0.023090839999999228
inhale,140,0.225,-0.027745880000005017
inhale,140,0.23,-0.032189719999999276
inhale,140,0.23500000000000001,-0.03557768000000028
inhale,140,0.24,-0.03896640000000509
inhale,140,0.245,-0.04235428000000069
inhale,140,0.25,-0.0457430800000046
inhale,140,0.255,-0.04824676000000118
inhale,140,0.26,-0.05075136000000147
inhale,140,0.265,-0.05325512000000133
inhale,140,0.27,-0.055759640000002074
inhale,140,0.275,-0.058141080000002274
inhale,140,0.28,-0.060497880000001725
inhale,140,0.28500000000000003,-0.06285468000000283
inhale,140,0.29,-0.06521215999999963
inhale,140,0.295,-0.06766208000000222
inhale,140,0.3,-0.07015868000000014
inhale,140,0.305,-0.07265973999999936
inhale,140,0.31,-0.07520277999999966
inhale,140,0.315,-0.07742421999999848
inhale,140,0.32,-0.07932450000000016
inhale,140,0.325,-0.08116988000000144
inhale,140,0.33,-0.08307776000000168
inhale,140,0.335,-0.08466176000000183
inhale,140,0.34,-0.08547929999999947
inhale,140,0.34500000000000003,-0.08629530000000045
inhale,140,0.35000000000000003,-0.08711129999999934
inhale,140,0.355,-0.08778265999999982
inhale,140,0.36,-0.08773081999999982
inhale,140,0.365,-0.08767905999999982
inhale,140,0.37,-0.0876281399999998
inhale,140,0.375,-0.08726149999999999
inhale,140,0.38,-0.08659950000000001
inhale,140,0.385,-0.08531450000000002
inhale,140,0.39,-0.08453401999999872
inhale,140,0.395,-0.08396797999999911
inhale,140,0.4,-0.0831868999999982
inhale,140,0.405,-0.08240581999999874
inhale,140,0.41000000000000003,-0.08026704999999906
inhale,140,0.41500000000000004,-0.07991174999999912
inhale,140,0.42,-0.07881468999999913
inhale,140,0.425,-0.07803144999999884
inhale,140,0.43,-0.07736942000000059
inhale,140,0.435,-0.07636559999999915
inhale,140,0.44,-0.0753590999999993
inhale,140,0.445,-0.07398110000000067
inhale,140,0.45,-0.07265629999999942
inhale,140,0.455,-0.06978126999999969
inhale,140,0.46,-0.06803135999999953
inhale,140,0.465,-0.06578428000000258
inhale,140,0.47000000000000003,-0.06353788000000153
inhale,140,0.47500000000000003,-0.06112407999999835
inhale,140,0.48,-0.05829560000000153
inhale,140,0.485,-0.055580839999997834
inhale,140,0.49,-0.05286692000000153
inhale,140,0.495,-0.050153000000001044
inhale,140,0.5,-0.047439079999998364
inhale,140,0.505,-0.045601120000000446
inhale,140,0.51,-0.04365025999999934
inhale,140,0.515,-0.04164673999999945
inhale,140,0.52,-0.03964321999999886
inhale,140,0.525,-0.038808499999999996
inhale,140,0.53,-0.0379472599999988
inhale,140,0.535,-0.036445139999998974
inhale,140,0.54,-0.03543426000000035
inhale,140,0.545,-0.03408944999999869
inhale,140,0.55,-0.03273494999999933
inhale,140,0.555,-0.03138044999999997
inhale,140,0.56,-0.03041714999999904
inhale,140,0.5650000000000001,-0.02950204999999918
inhale,140,0.5700000000000001,-0.028587349999999616
inhale,140,0.5750000000000001,-0.027672449999999328
inhale,140,0.58,-0.026834250000000937
inhale,140,0.585,-0.026130110000000803
inhale,140,0.59,-0.025418449999999974
inhale,140,0.595,-0.024488839999999543
inhale,140,0.6,-0.02332480000000012
inhale,140,0.605,-0.022194919999999507
inhale,140,0.61,-0.021065039999999712
inhale,140,0.615,-0.020264499999999998
inhale,140,0.62,-0.019408049999999562
inhale,140,0.625,-0.018274749999999174
inhale,140,0.63,-0.01740095999999895
inhale,140,0.635,-0.016349999999999313
inhale,140,0.64,-0.015414749999998107
inhale,140,0.645,-0.014131399999998717
inhale,140,0.65,-0.013324249999999174
inhale,140,0.655,-0.012354799999999557
inhale,140,0.66,-0.011169539999998528
inhale,140,0.665,-0.009810500000000002
inhale,140,0.67,-0.008252500000000001
inhale,140,0.675,-0.007364449999998662
inhale,140,0.68,-0.00575088000000117
inhale,140,0.685,-0.004124199999999726
inhale,140,0.6900000000000001,-0.0024830800000007836
inhale,140,0.6950000000000001,-0.000827520000000588
inhale,140,0.7000000000000001,0.0008275200000005882
inhale,140,0.705,0.002482559999999804
inhale,140,0.71,0.004141440000000796
inhale,140,0.715,0.0058080000000002045
inhale,140,0.72,0.007474560000000401
inhale,140,0.725,0.009141119999998623
inhale,140,0.73,0.01082352000000089
inhale,140,0.735,0.0125852400000011
inhale,140,0.74,0.014347719999998908
inhale,140,0.745,0.01610936000000152
inhale,140,0.75,0.017871919999999118
inhale,140,0.755,0.01933687999999929
inhale,140,0.76,0.020802759999999292
inhale,140,0.765,0.02226867999999964
inhale,140,0.77,0.023734600000001636
inhale,140,0.775,0.024953100000000672
inhale,140,0.78,0.026496059999999814
inhale,140,0.785,0.027448700000000315
inhale,140,0.79,0.028341400000000197
inhale,140,0.795,0.02938139999999871
inhale,140,0.8,0.030372719999999707
inhale,140,0.805,0.03136440000000041
inhale,140,0.81,0.03235607999999906
inhale,140,0.8150000000000001,0.03330608000000001
inhale,140,0.8200000000000001,0.03426363999999944
inhale,140,0.8250000000000001,0.03522131999999955
inhale,140,0.8300000000000001,0.036026119999998635
inhale,140,0.835,0.03664049999999999
inhale,140,0.84,0.037408500000000004
inhale,140,0.845,0.0375155
inhale,140,0.85,0.0376225
inhale,140,0.855,0.03773049999999985
inhale,140,0.86,0.03814765000000126
inhale,140,0.865,0.039089950000001865
inhale,140,0.87,0.0399482500000017
inhale,140,0.875,0.040765050000001316
inhale,140,0.88,0.04157630999999976
inhale,140,0.885,0.042256649999999826
inhale,140,0.89,0.04302674999999985
inhale,140,0.895,0.043796269999999735
inhale,140,0.9,0.04456595000000024
inhale,140,0.905,0.045362710000000375
inhale,140,0.91,0.04650294999999972
inhale,140,0.915,0.047615000000000005
inhale,140,0.92,0.04849000000000097
inhale,140,0.925,0.04917
inhale,140,0.93,0.04985
inhale,140,0.935,0.05053000000000097
inhale,140,0.9400000000000001,0.051276530000001194
inhale,140,0.9450000000000001,0.05187959000000088
inhale,140,0.9500000000000001,0.052920899999999195
inhale,140,0.9550000000000001,0.0539784000000002
inhale,140,0.96,0.05468950000000023
inhale,140,0.965,0.055357299999999915
inhale,140,0.97,0.05602510000000023
inhale,140,0.975,0.05646191999999919
inhale,140,0.98,0.05673951999999947
inhale,140,0.985,0.05693139999999921
inhale,140,0.99,0.05712251999999925
inhale,140,0.995,0.05731447999999925
exhale,50,0.0,0.010548830000000054
exhale,50,0.005,0.010923540000000231
exhale,50,0.01,0.01125452000000011
exhale,50,0.015,0.01150844000000016
exhale,50,0.02,0.011762779999999902
exhale,50,0.025,0.01194918000000013
exhale,50,0.03,0.012121979999999937
exhale,50,0.035,0.012295500000000143
exhale,50,0.04,0.012416490000000056
exhale,50,0.045,0.012272170000000053
exhale,50,0.05,0.012018249999999855
exhale,50,0.055,0.011948274999999701
exhale,50,0.06,0.011848614999999967
exhale,50,0.065,0.01145960499999984
exhale,50,0.07,0.010962814999999793
exhale,50,0.075,0.01046608499999918
exhale,50,0.08,0.009912114999999153
exhale,50,0.085,0.009264265000000136
exhale,50,0.09,0.008677715000000034
exhale,50,0.095,0.008090824999999914
exhale,50,0.1,0.007566134999999868
exhale,50,0.105,0.007141534999999967
exhale,50,0.11,0.0067352749999997
exhale,50,0.115,0.006328365000000073
exhale,50,0.12,0.00584749499999986
exhale,50,0.125,0.005283484999998933
exhale,50,0.13,0.004515695000000506
exhale,50,0.135,0.0037474449999999066
exhale,50,0.14,0.002624504999999239
exhale,50,0.145,0.0012902450000000698
exhale,50,0.15,-0.00038655000000076354
exhale,50,0.155,-0.001860340000000921
exhale,50,0.16,-0.003030159999998881
exhale,50,0.165,-0.004198679999999841
exhale,50,0.17,-0.004942709999999965
exhale,50,0.17500000000000002,-0.005412879999999982
exhale,50,0.18,-0.005958755000000089
exhale,50,0.185,-0.006450894999999731
exhale,50,0.19,-0.006908730000000075
exhale,50,0.195,-0.006926520000000162
exhale,50,0.2,-0.006582994999999624
exhale,50,0.20500000000000002,-0.006413770000000206
exhale,50,0.21,-0.006223765000000636
exhale,50,0.215,-0.00590682500000009
exhale,50,0.22,-0.005810489999999515
exhale,50,0.225,-0.005526070000000257
exhale,50,0.23,-0.005227890000000338
exhale,50,0.23500000000000001,-0.00509788999999976
exhale,50,0.24,-0.004990470000000089
exhale,50,0.245,-0.00507483500000014
exhale,50,0.25,-0.005228690000000024
exhale,50,0.255,-0.005648189999999868
exhale,50,0.26,-0.00608588000000026
exhale,50,0.265,-0.006269649999999752
exhale,50,0.27,-0.006277309999999638
exhale,50,0.275,-0.006382795000000126
exhale,50,0.28,-0.006344455000000076
exhale,50,0.28500000000000003,-0.006280684999999997
exhale,50,0.29,-0.006246550000000604
exhale,50,0.295,-0.006068330000000031
exhale,50,0.3,-0.006063660000000581
exhale,50,0.305,-0.005674994999999832
exhale,50,0.31,-0.005263075000000068
exhale,50,0.315,-0.0048877850000010915
exhale,50,0.32,-0.004562445000000927
exhale,50,0.325,-0.0043274549999999965
exhale,50,0.33,-0.004125980000000581
exhale,50,0.335,-0.003910305000000189
exhale,50,0.34,-0.0037918450000004977
exhale,50,0.34500000000000003,-0.0038342199999999984
exhale,50,0.35000000000000003,-0.0038656949999998406
exhale,50,0.355,-0.004140069999999694
exhale,50,0.36,-0.004592769999999479
exhale,50,0.365,-0.0050458500000001225
exhale,50,0.37,-0.005335590000000027
exhale,50,0.375,-0.00551490000000001
exhale,50,0.38,-0.005537409999999955
exhale,50,0.385,-0.005602715000000019
exhale,50,0.39,-0.00545373000000005
exhale,50,0.395,-0.005336905000000392
exhale,50,0.4,-0.004987345000000112
exhale,50,0.405,-0.0051622500000004555
exhale,50,0.41000000000000003,-0.005123804999999844
exhale,50,0.41500000000000004,-0.0051921199999998445
exhale,50,0.42,-0.004755375000000049
exhale,50,0.425,-0.00431243999999984
exhale,50,0.43,-0.004077750000000279
exhale,50,0.435,-0.004095130000000246
exhale,50,0.44,-0.0037981499999999286
exhale,50,0.445,-0.0036397000000001683
exhale,50,0.45,-0.0034463400000001912
exhale,50,0.455,-0.0031213750000002117
exhale,50,0.46,-0.0030497499999997597
exhale,50,0.465,-0.0034069099999998347
exhale,50,0.47000000000000003,-0.0037779800000003086
exhale,50,0.47500000000000003,-0.003778829999999836
exhale,50,0.48,-0.0037382050000000487
exhale,50,0.485,-0.0032513549999996557
exhale,50,0.49,-0.0031769699999994144
exhale,50,0.495,-0.003551865000000328
exhale,50,0.5,-0.003199510000003034
exhale,50,0.505,-0.0028553850000000267
exhale,50,0.51,-0.0027249249999991712
exhale,50,0.515,-0.002759985000000247
exhale,50,0.52,-0.002874849999999986
exhale,50,0.525,-0.0025582700000003874
exhale,50,0.53,-0.0018665099999999218
exhale,50,0.535,-0.0010141899999994521
exhale,50,0.54,-0.0010257000000002446
exhale,50,0.545,-0.0009626700000001867
exhale,50,0.55,-0.0007205000000003823
exhale,50,0.555,-0.0003081600000004183
exhale,50,0.56,0.0002485699999995825
exhale,50,0.5650000000000001,0.00030799000000009434
exhale,50,0.5700000000000001,0.0003022300000000886
exhale,50,0.5750000000000001,1.6735000000092982e-05
exhale,50,0.58,-6.578000000022932e-05
exhale,50,0.585,-0.00023339499999972625
exhale,50,0.59,-0.0006062099999999724
exhale,50,0.595,-0.0009895099999997097
exhale,50,0.6,-0.0011258100000002891
exhale,50,0.605,-0.0011809050000001129
exhale,50,0.61,-0.0012045300000001616
exhale,50,0.615,-0.0011034450000004562
exhale,50,0.62,-0.0010613450000003688
exhale,50,0.625,-0.0011836350000006747
exhale,50,0.63,-0.000998459999999728
exhale,50,0.635,-0.0006536049999999225
exhale,50,0.64,-0.00035047000000011153
exhale,50,0.645,-0.00021151500000004297
exhale,50,0.65,-1.5009999999932688e-05
exhale,50,0.655,-0.0001175500000002323
exhale,50,0.66,-0.0002743499999999415
exhale,50,0.665,-6.725499999974538e-05
exhale,50,0.67,-0.00016991999999994256
exhale,50,0.675,-0.0002988000000000497
exhale,50,0.68,-0.0003935750000000322
exhale,50,0.685,-0.0004997999999999134
exhale,50,0.6900000000000001,-0.0003654100000004039
exhale,50,0.6950000000000001,-0.000195670000000292
exhale,50,0.7000000000000001,1.3925000000055477e-05
exhale,50,0.705,0.00014503499999954172
exhale,50,0.71,0.00025789499999993913
exhale,50,0.715,0.00038784499999981037
exhale,50,0.72,0.0007152000000003386
exhale,50,0.725,0.0010392849999995963
exhale,50,0.73,0.0012934400000002117
exhale,50,0.735,0.0016504899999997206
exhale,50,0.74,0.0020301300000000336
exhale,50,0.745,0.0024093300000003525
exhale,50,0.75,0.00276625999999991
exhale,50,0.755,0.0029808500000001476
exhale,50,0.76,0.0031872500000000308
exhale,50,0.765,0.0034082100000000183
exhale,50,0.77,0.0036214500000003084
exhale,50,0.775,0.003758769999999936
exhale,50,0.78,0.0038948800000001872
exhale,50,0.785,0.004035329999999959
exhale,50,0.79,0.004193730000000104
exhale,50,0.795,0.00432941000000007
exhale,50,0.8,0.00448283499999996
exhale,50,0.805,0.0046653149999998774
exhale,50,0.81,0.004865214999999791
exhale,50,0.8150000000000001,0.005063729999999961
exhale,50,0.8200000000000001,0.005169850000000083
exhale,50,0.8250000000000001,0.005275650000000116
exhale,50,0.8300000000000001,0.005474989999999801
exhale,50,0.835,0.005731304999999489
exhale,50,0.84,0.006005324999999344
exhale,50,0.845,0.006338784999999441
exhale,50,0.85,0.0066639849999994265
exhale,50,0.855,0.006985744999999715
exhale,50,0.86,0.007110039999999939
exhale,50,0.865,0.0073516200000001
exhale,50,0.87,0.007621740000000394
exhale,50,0.875,0.007850159999999993
exhale,50,0.88,0.007958644999999898
exhale,50,0.885,0.008046904999999894
exhale,50,0.89,0.008144605000000013
exhale,50,0.895,0.008358945000000059
exhale,50,0.9,0.008536364999999893
exhale,50,0.905,0.008695170000000118
exhale,50,0.91,0.008798340000000177
exhale,50,0.915,0.008885514999999998
exhale,50,0.92,0.009052860000000261
exhale,50,0.925,0.009190805000000012
exhale,50,0.93,0.009224245000000039
exhale,50,0.935,0.009257965000000036
exhale,50,0.9400000000000001,0.009291665000000022
exhale,50,0.9450000000000001,0.009292169999999812
exhale,50,0.9500000000000001,0.00945412999999999
exhale,50,0.9550000000000001,0.009616370000000067
exhale,50,0.96,0.009475425000000126
exhale,50,0.965,0.009362754999999957
exhale,50,0.97,0.009260664999999887
exhale,50,0.975,0.009158934999999787
exhale,50,0.98,0.00915432000000046
exhale,50,0.985,0.009280390000000025
exhale,50,0.99,0.009420210000000291
exhale,50,0.995,0.009567110000000092
exhale,60,0.0,0.011200709999999961
exhale,60,0.005,0.011131149999999902
exhale,60,0.01,0.011061589999999935
exhale,60,0.015,0.011105230000000363
exhale,60,0.02,0.010965819999999748
exhale,60,0.025,0.010864809999999952
exhale,60,0.03,0.010745799999999901
exhale,60,0.035,0.010407239999999816
exhale,60,0.04,0.010168139999999848
exhale,60,0.045,0.009955199999999787
exhale,60,0.05,0.009497719999998678
exhale,60,0.055,0.008924480000000118
exhale,60,0.06,0.008328619999999991
exhale,60,0.065,0.007810659999999865
exhale,60,0.07,0.007066539999999789
exhale,60,0.075,0.006312139999999463
exhale,60,0.08,0.005557739999999603
exhale,60,0.085,0.004803339999999089
exhale,60,0.09,0.0043269199999992425
exhale,60,0.095,0.0037518599999995512
exhale,60,0.1,0.003352900000000165
exhale,60,0.105,0.002864989999999336
exhale,60,0.11,0.0024590299999996184
exhale,60,0.115,0.002105589999999822
exhale,60,0.12,0.0017521499999997268
exhale,60,0.125,0.0013987099999996921
exhale,60,0.13,0.0008363399999998808
exhale,60,0.135,0.00040961999999976584
exhale,60,0.14,-0.00011778000000004596
exhale,60,0.145,-0.0014383400000004514
exhale,60,0.15,-0.0023966999999991607
exhale,60,0.155,-0.003742619999999434
exhale,60,0.16,-0.0051372800000041964
exhale,60,0.165,-0.006650040000000626
exhale,60,0.17,-0.008210519999997907
exhale,60,0.17500000000000002,-0.009838400000000419
exhale,60,0.18,-0.011472359999999576
exhale,60,0.185,-0.012940679999999937
exhale,60,0.19,-0.013908259999999612
exhale,60,0.195,-0.015140039999998496
exhale,60,0.2,-0.0162209200000014
exhale,60,0.20500000000000002,-0.017102300000001187
exhale,60,0.21,-0.017056719999999918
exhale,60,0.215,-0.016740439999999267
exhale,60,0.22,-0.017025620000001192
exhale,60,0.225,-0.017431700000001812
exhale,60,0.23,-0.017733140000001386
exhale,60,0.23500000000000001,-0.017511500000001127
exhale,60,0.24,-0.017290700000001366
exhale,60,0.245,-0.017027360000000016
exhale,60,0.25,-0.01670591999999931
exhale,60,0.255,-0.016384480000000444
exhale,60,0.26,-0.01606303999999975
exhale,60,0.265,-0.015674720000000104
exhale,60,0.27,-0.0151625600000003
exhale,60,0.275,-0.014825000000000067
exhale,60,0.28,-0.014837109999999662
exhale,60,0.28500000000000003,-0.014793380000000035
exhale,60,0.29,-0.01492509999999999
exhale,60,0.295,-0.014821920000000308
exhale,60,0.3,-0.014978690000000142
exhale,60,0.305,-0.015332129999999942
exhale,60,0.31,-0.01564553999999997
exhale,60,0.315,-0.015597740000001088
exhale,60,0.32,-0.015569800000000203
exhale,60,0.325,-0.01551399999999994
exhale,60,0.33,-0.015255800000000104
exhale,60,0.335,-0.015106099999999878
exhale,60,0.34,-0.015063180000000056
exhale,60,0.34500000000000003,-0.014778830000000312
exhale,60,0.35000000000000003,-0.014515300000000014
exhale,60,0.355,-0.014258540000000184
exhale,60,0.36,-0.014001779999999773
exhale,60,0.365,-0.01374501999999978
exhale,60,0.37,-0.013554819999999947
exhale,60,0.375,-0.012708480000000263
exhale,60,0.38,-0.011585669999999958
exhale,60,0.385,-0.01125880999999967
exhale,60,0.39,-0.010886270000000621
exhale,60,0.395,-0.010457449999999674
exhale,60,0.4,-0.010029190000000472
exhale,60,0.405,-0.009600930000000271
exhale,60,0.41000000000000003,-0.009132599999999965
exhale,60,0.41500000000000004,-0.008989400000000373
exhale,60,0.42,-0.008301980000000238
exhale,60,0.425,-0.008302800000000004
exhale,60,0.43,-0.007637200000000423
exhale,60,0.435,-0.006971799999999373
exhale,60,0.44,-0.005943099999999912
exhale,60,0.445,-0.00561729999999945
exhale,60,0.45,-0.004851089999998461
exhale,60,0.455,-0.003863199999997793
exhale,60,0.46,-0.003932040000000312
exhale,60,0.465,-0.00367200000000029
exhale,60,0.47000000000000003,-0.002612439999999852
exhale,60,0.47500000000000003,-0.0019226400000010226
exhale,60,0.48,-0.0017876000000006797
exhale,60,0.485,-0.0009132399999996057
exhale,60,0.49,-0.0009250299999998361
exhale,60,0.495,-0.0008525299999996818
exhale,60,0.5,-0.0008947200000000066
exhale,60,0.505,-0.0009272600000012581
exhale,60,0.51,-0.0009524900000001395
exhale,60,0.515,-0.0008245800000013866
exhale,60,0.52,-0.0008192299999997346
exhale,60,0.525,-0.0010713000000019902
exhale,60,0.53,-0.0010083499999996377
exhale,60,0.535,-0.0008435400000004343
exhale,60,0.54,-0.001057040000000285
exhale,60,0.545,-0.0008457999999999366
exhale,60,0.55,-0.00045628000000077405
exhale,60,0.555,-0.0005589600000007415
exhale,60,0.56,-0.0010888400000000544
exhale,60,0.5650000000000001,-0.0011830200000005817
exhale,60,0.5700000000000001,-0.0014333600000004836
exhale,60,0.5750000000000001,-0.0016944600000008644
exhale,60,0.58,-0.0018616800000013144
exhale,60,0.585,-0.001838500000000252
exhale,60,0.59,-0.001973540000000316
exhale,60,0.595,-0.0016990999999999695
exhale,60,0.6,-0.0015730600000000337
exhale,60,0.605,-0.001447020000000002
exhale,60,0.61,-0.0012089200000012532
exhale,60,0.615,-0.0008807399999996761
exhale,60,0.62,-0.0005529200000002064
exhale,60,0.625,-0.0003704800000002635
exhale,60,0.63,-0.00035439999999992546
exhale,60,0.635,-0.00025213999999983014
exhale,60,0.64,-5.3360000000514777e-05
exhale,60,0.645,0.0004069599999996427
exhale,60,0.65,0.000725539999999894
exhale,60,0.655,0.0006513799999997686
exhale,60,0.66,0.000743999999999577
exhale,60,0.665,0.0004803100000002338
exhale,60,0.67,0.00019227999999986878
exhale,60,0.675,0.0003882099999994253
exhale,60,0.68,0.0005717399999995969
exhale,60,0.685,0.0011430799999994328
exhale,60,0.6900000000000001,0.0011840399999998893
exhale,60,0.6950000000000001,0.0016152199999998906
exhale,60,0.7000000000000001,0.001925000000000356
exhale,60,0.705,0.002503880000000063
exhale,60,0.71,0.0031715599999995623
exhale,60,0.715,0.0038211400000010354
exhale,60,0.72,0.004633439999998444
exhale,60,0.725,0.004937979999999381
exhale,60,0.73,0.005404919999999925
exhale,60,0.735,0.005685520000000289
exhale,60,0.74,0.005981799999999881
exhale,60,0.745,0.006352560000000018
exhale,60,0.75,0.006084519999999737
exhale,60,0.755,0.0057604399999997705
exhale,60,0.76,0.005429599999999008
exhale,60,0.765,0.005949569999999827
exhale,60,0.77,0.006635390000000214
exhale,60,0.775,0.007333110000000065
exhale,60,0.78,0.008031229999999666
exhale,60,0.785,0.008167840000000906
exhale,60,0.79,0.007927360000000553
exhale,60,0.795,0.007755800000000327
exhale,60,0.8,0.008283199999999996
exhale,60,0.805,0.008842999999999818
exhale,60,0.81,0.009401999999999291
exhale,60,0.8150000000000001,0.009767279999999493
exhale,60,0.8200000000000001,0.009954319999999493
exhale,60,0.8250000000000001,0.010132559999999683
exhale,60,0.8300000000000001,0.01030819999999947
exhale,60,0.835,0.010622759999998675
exhale,60,0.84,0.011036000000000058
exhale,60,0.845,0.011124279999999917
exhale,60,0.85,0.011549159999999944
exhale,60,0.855,0.011620699999999803
exhale,60,0.86,0.011473420000000002
exhale,60,0.865,0.011562499999999908
exhale,60,0.87,0.011625459999999664
exhale,60,0.875,0.011422139999999928
exhale,60,0.88,0.011117039999999953
exhale,60,0.885,0.01102591999999957
exhale,60,0.89,0.011116359999999655
exhale,60,0.895,0.01063800000000018
exhale,60,0.9,0.010343000000000059
exhale,60,0.905,0.010451240000000207
exhale,60,0.91,0.010474680000000314
exhale,60,0.915,0.010257999999999769
exhale,60,0.92,0.010280199999999743
exhale,60,0.925,0.010034510000000064
exhale,60,0.93,0.009794130000000721
exhale,60,0.935,0.00955331000000019
exhale,60,0.9400000000000001,0.009348730000000373
exhale,60,0.9450000000000001,0.00926269999999941
exhale,60,0.9500000000000001,0.009684179999998625
exhale,60,0.9550000000000001,0.009770960000000238
exhale,60,0.96,0.009384479999999848
exhale,60,0.965,0.009752000000000057
exhale,60,0.97,0.00984015999999999
exhale,60,0.975,0.009870879999999959
exhale,60,0.98,0.009949919999999916
exhale,60,0.985,0.010171759999999981
exhale,60,0.99,0.01039359999999962
exhale,60,0.995,0.010615439999999806
exhale,70,0.0,0.022656310000000027
exhale,70,0.005,0.021869529999999363
exhale,70,0.01,0.021148890000000253
exhale,70,0.015,0.020890829999999742
exhale,70,0.02,0.020316870000000292
exhale,70,0.025,0.019423690000000014
exhale,70,0.03,0.01897412000000035
exhale,70,0.035,0.018079600000000865
exhale,70,0.04,0.017185240000000674
exhale,70,0.045,0.016424
exhale,70,0.05,0.016163
exhale,70,0.055,0.01579505000000005
exhale,70,0.06,0.01524625000000042
exhale,70,0.065,0.01501269000000005
exhale,70,0.07,0.01488137000000009
exhale,70,0.075,0.014749349999999986
exhale,70,0.08,0.014617729999999945
exhale,70,0.085,0.014575000000000851
exhale,70,0.09,0.014276
exhale,70,0.095,0.013977
exhale,70,0.1,0.01367800000000085
exhale,70,0.105,0.013560049999999737
exhale,70,0.11,0.013526269999999813
exhale,70,0.115,0.013372109999999755
exhale,70,0.12,0.013073250000000204
exhale,70,0.125,0.01271317999999997
exhale,70,0.13,0.011773770000000277
exhale,70,0.135,0.011124569999999372
exhale,70,0.14,0.010557200000000237
exhale,70,0.145,0.010009179999999989
exhale,70,0.15,0.008811139999998597
exhale,70,0.155,0.0072910200000007456
exhale,70,0.16,0.005190139999996264
exhale,70,0.165,0.0026547799999992296
exhale,70,0.17,0.0001190599999999371
exhale,70,0.17500000000000002,-0.0024166600000017605
exhale,70,0.18,-0.005144240000000539
exhale,70,0.185,-0.007684839999999036
exhale,70,0.19,-0.010630600000001189
exhale,70,0.195,-0.013981959999996626
exhale,70,0.2,-0.017333319999999007
exhale,70,0.20500000000000002,-0.020773690000000528
exhale,70,0.21,-0.023763399999998592
exhale,70,0.215,-0.02636753000000085
exhale,70,0.22,-0.029164449999999474
exhale,70,0.225,-0.03181087000000054
exhale,70,0.23,-0.03364775999999922
exhale,70,0.23500000000000001,-0.03467880000000062
exhale,70,0.24,-0.0357758899999998
exhale,70,0.245,-0.03697998000000022
exhale,70,0.25,-0.03723096999999973
exhale,70,0.255,-0.03737722000000017
exhale,70,0.26,-0.036885940000000166
exhale,70,0.265,-0.03666583000000033
exhale,70,0.27,-0.03621043999999992
exhale,70,0.275,-0.03602434000000006
exhale,70,0.28,-0.035823400000000165
exhale,70,0.28500000000000003,-0.03542479999999964
exhale,70,0.29,-0.03514640000000002
exhale,70,0.295,-0.03509314000000053
exhale,70,0.3,-0.035204020000000204
exhale,70,0.305,-0.03536824000000022
exhale,70,0.31,-0.03553269999999997
exhale,70,0.315,-0.036032260000001
exhale,70,0.32,-0.03667318000000081
exhale,70,0.325,-0.037314100000000384
exhale,70,0.33,-0.036933509999999545
exhale,70,0.335,-0.03727560999999996
exhale,70,0.34,-0.037490180000000296
exhale,70,0.34500000000000003,-0.03698833999999991
exhale,70,0.35000000000000003,-0.03660988999999996
exhale,70,0.355,-0.036306940000000384
exhale,70,0.36,-0.03557977999999937
exhale,70,0.365,-0.03496280000000014
exhale,70,0.37,-0.03429352000000014
exhale,70,0.375,-0.033471920000000994
exhale,70,0.38,-0.03218264000000084
exhale,70,0.385,-0.031059680000000235
exhale,70,0.39,-0.03015522000000015
exhale,70,0.395,-0.028849719999999954
exhale,70,0.4,-0.027819319999999693
exhale,70,0.405,-0.027056879999999808
exhale,70,0.41000000000000003,-0.026546159999999566
exhale,70,0.41500000000000004,-0.02602951999999928
exhale,70,0.42,-0.02517985999999985
exhale,70,0.425,-0.02433020000000005
exhale,70,0.43,-0.023317299999999385
exhale,70,0.435,-0.02189630000000033
exhale,70,0.44,-0.020451929999998578
exhale,70,0.445,-0.0186185699999998
exhale,70,0.45,-0.016749919999999047
exhale,70,0.455,-0.015375199999999697
exhale,70,0.46,-0.013531859999998327
exhale,70,0.465,-0.011847220000000049
exhale,70,0.47000000000000003,-0.010147719999998845
exhale,70,0.47500000000000003,-0.008299719999998626
exhale,70,0.48,-0.00651092000000062
exhale,70,0.485,-0.005017999999998587
exhale,70,0.49,-0.00315928000000099
exhale,70,0.495,-0.0019626000000001966
exhale,70,0.5,-0.0006799699999999587
exhale,70,0.505,-0.0010332300000000627
exhale,70,0.51,-0.0006267199999994466
exhale,70,0.515,-3.847999999957574e-05
exhale,70,0.52,6.8799999998505616e-06
exhale,70,0.525,1.5289999999786196e-05
exhale,70,0.53,-7.593000000023632e-05
exhale,70,0.535,-0.00027042000000013835
exhale,70,0.54,-0.0005174000000001548
exhale,70,0.545,-0.0008768099999999985
exhale,70,0.55,-0.001147799999999819
exhale,70,0.555,-0.0014961200000003863
exhale,70,0.56,-0.0014318699999995852
exhale,70,0.5650000000000001,-0.001334670000000042
exhale,70,0.5700000000000001,-0.001229040000000107
exhale,70,0.5750000000000001,-0.0014484599999997
exhale,70,0.58,-0.0013341499999998314
exhale,70,0.585,-0.0012178800000000674
exhale,70,0.59,-0.0010486800000001596
exhale,70,0.595,-0.0008786200000002568
exhale,70,0.6,-0.000697700000000166
exhale,70,0.605,-0.000588340000000238
exhale,70,0.61,-0.00035213000000049367
exhale,70,0.615,-0.00027892000000070294
exhale,70,0.62,-0.000629280000000226
exhale,70,0.625,-0.0009459200000009904
exhale,70,0.63,-0.0013117400000003067
exhale,70,0.635,-0.0016321099999997693
exhale,70,0.64,-0.0020005899999995234
exhale,70,0.645,-0.002348540000000151
exhale,70,0.65,-0.0023912000000001557
exhale,70,0.655,-0.002343039999999311
exhale,70,0.66,-0.0022225899999999427
exhale,70,0.665,-0.0021831200000001125
exhale,70,0.67,-0.0022651999999994247
exhale,70,0.675,-0.001980779999999906
exhale,70,0.68,-0.0017068400000003394
exhale,70,0.685,-0.0016478400000001585
exhale,70,0.6900000000000001,-0.0011350000000000002
exhale,70,0.6950000000000001,-0.0011171499999999518
exhale,70,0.7000000000000001,-0.0007934000000000588
exhale,70,0.705,-0.00046220000000033145
exhale,70,0.71,-2.9239999999816747e-05
exhale,70,0.715,0.000607239999999317
exhale,70,0.72,0.001243479999999619
exhale,70,0.725,0.001879199999999468
exhale,70,0.73,0.0025606399999994157
exhale,70,0.735,0.0034667599999996836
exhale,70,0.74,0.00437211999999963
exhale,70,0.745,0.0052783599999997365
exhale,70,0.75,0.006184599999998502
exhale,70,0.755,0.007157640000000559
exhale,70,0.76,0.008462299999999858
exhale,70,0.765,0.009593
exhale,70,0.77,0.010163
exhale,70,0.775,0.010733000000000001
exhale,70,0.78,0.011499360000000134
exhale,70,0.785,0.012317039999999313
exhale,70,0.79,0.013134959999999408
exhale,70,0.795,0.013674500000000044
exhale,70,0.8,0.014161220000000257
exhale,70,0.805,0.014647939999999937
exhale,70,0.81,0.015229219999999898
exhale,70,0.8150000000000001,0.01592030000000031
exhale,70,0.8200000000000001,0.016611419999999745
exhale,70,0.8250000000000001,0.017263480000000036
exhale,70,0.8300000000000001,0.017523360000000245
exhale,70,0.835,0.018035679999999638
exhale,70,0.84,0.018428039999999847
exhale,70,0.845,0.018819959999999733
exhale,70,0.85,0.019212399999999897
exhale,70,0.855,0.01943889999999987
exhale,70,0.86,0.01947305999999987
exhale,70,0.865,0.01950737999999987
exhale,70,0.87,0.019673209999999587
exhale,70,0.875,0.02025679000000033
exhale,70,0.88,0.021052470000000403
exhale,70,0.885,0.021554219999999836
exhale,70,0.89,0.02190463000000044
exhale,70,0.895,0.02251517999999968
exhale,70,0.9,0.02299585999999976
exhale,70,0.905,0.02310511999999995
exhale,70,0.91,0.02318311999999996
exhale,70,0.915,0.02326155999999993
exhale,70,0.92,0.02319756000000007
exhale,70,0.925,0.023062200000000133
exhale,70,0.93,0.022926840000000035
exhale,70,0.935,0.022791480000000017
exhale,70,0.9400000000000001,0.022708280000000088
exhale,70,0.9450000000000001,0.022790710000000002
exhale,70,0.9500000000000001,0.022687029999999952
exhale,70,0.9550000000000001,0.02258972000000027
exhale,70,0.96,0.022625440000000233
exhale,70,0.965,0.02266347000000009
exhale,70,0.97,0.022806429999999992
exhale,70,0.975,0.022948629999999918
exhale,70,0.98,0.023064509999999806
exhale,70,0.985,0.02287444999999992
exhale,70,0.99,0.022990219999999704
exhale,70,0.995,0.0231254599999998
exhale,80,0.0,0.025089624999999997
exhale,80,0.005,0.025111245000000032
exhale,80,0.01,0.02505221500000021
exhale,80,0.015,0.024816380000000207
exhale,80,0.02,0.024477400000000333
exhale,80,0.025,0.024068489999999856
exhale,80,0.03,0.023739949999999305
exhale,80,0.035,0.023417119999999424
exhale,80,0.04,0.023094029999999707
exhale,80,0.045,0.022789009999999495
exhale,80,0.05,0.022486809999999084
exhale,80,0.055,0.022117709999999867
exhale,80,0.06,0.021748029999999637
exhale,80,0.065,0.021277329999999508
exhale,80,0.07,0.02077406999999939
exhale,80,0.075,0.02027080999999961
exhale,80,0.08,0.019607090000000032
exhale,80,0.085,0.018943159999999317
exhale,80,0.09,0.01827900999999926
exhale,80,0.095,0.01765357000000015
exhale,80,0.1,0.01710504000000031
exhale,80,0.105,0.016887930000000557
exhale,80,0.11,0.0160131600000002
exhale,80,0.115,0.015338299999999713
exhale,80,0.12,0.014663560000000367
exhale,80,0.125,0.01374687999999967
exhale,80,0.13,0.012822549999999882
exhale,80,0.135,0.011332260000000914
exhale,80,0.14,0.009778079999999995
exhale,80,0.145,0.00785358000000006
exhale,80,0.15,0.005838440000001243
exhale,80,0.155,0.0037021999999994957
exhale,80,0.16,0.0014682000000017278
exhale,80,0.165,-0.0008605400000001682
exhale,80,0.17,-0.003148619999999851
exhale,80,0.17500000000000002,-0.005411910000000466
exhale,80,0.18,-0.00770634999999952
exhale,80,0.185,-0.010029509999999974
exhale,80,0.19,-0.012268689999999256
exhale,80,0.195,-0.01450762999999888
exhale,80,0.2,-0.01674668999999938
exhale,80,0.20500000000000002,-0.018674250000000392
exhale,80,0.21,-0.02040223000000082
exhale,80,0.215,-0.022129370000000273
exhale,80,0.22,-0.023857429999997307
exhale,80,0.225,-0.025007750000000002
exhale,80,0.23,-0.025992249999999332
exhale,80,0.23500000000000001,-0.026976749999998547
exhale,80,0.24,-0.02796125
exhale,80,0.245,-0.028642749999999616
exhale,80,0.25,-0.02932425
exhale,80,0.255,-0.030005749999999998
exhale,80,0.26,-0.030687249999999614
exhale,80,0.265,-0.03097475
exhale,80,0.27,-0.031207409999999842
exhale,80,0.275,-0.031441180000000235
exhale,80,0.28,-0.03176692000000009
exhale,80,0.28500000000000003,-0.03179633999999991
exhale,80,0.29,-0.031610450000000186
exhale,80,0.295,-0.03161057999999971
exhale,80,0.3,-0.03191788499999995
exhale,80,0.305,-0.03192879500000002
exhale,80,0.31,-0.03153811500000021
exhale,80,0.315,-0.03089247000000026
exhale,80,0.32,-0.030111734999999716
exhale,80,0.325,-0.029695294999999986
exhale,80,0.33,-0.029441699999999803
exhale,80,0.335,-0.029401559999999605
exhale,80,0.34,-0.029203199999999072
exhale,80,0.34500000000000003,-0.02898110000000024
exhale,80,0.35000000000000003,-0.028618969999999955
exhale,80,0.355,-0.02857850000000004
exhale,80,0.36,-0.028559500000000015
exhale,80,0.365,-0.028248000000000013
exhale,80,0.37,-0.02804575500000015
exhale,80,0.375,-0.027974955000000013
exhale,80,0.38,-0.027767959999999686
exhale,80,0.385,-0.027289440000000012
exhale,80,0.39,-0.02685836000000001
exhale,80,0.395,-0.026696330000000046
exhale,80,0.4,-0.02645980999999976
exhale,80,0.405,-0.026186969999999754
exhale,80,0.41000000000000003,-0.02591416999999979
exhale,80,0.41500000000000004,-0.025418519999999254
exhale,80,0.42,-0.02487239999999979
exhale,80,0.425,-0.024326499999999703
exhale,80,0.43,-0.023737760000000187
exhale,80,0.435,-0.023034839999999862
exhale,80,0.44,-0.02233143999999978
exhale,80,0.445,-0.021560499999999556
exhale,80,0.45,-0.020647840000000115
exhale,80,0.455,-0.019546899999999253
exhale,80,0.46,-0.01844635999999919
exhale,80,0.465,-0.01734581999999928
exhale,80,0.47000000000000003,-0.016197280000000012
exhale,80,0.47500000000000003,-0.01470473999999989
exhale,80,0.48,-0.013212199999998968
exhale,80,0.485,-0.011719659999999894
exhale,80,0.49,-0.010234179999999746
exhale,80,0.495,-0.009546849999999829
exhale,80,0.5,-0.008845490000000176
exhale,80,0.505,-0.00814414000000079
exhale,80,0.51,-0.006855599999999892
exhale,80,0.515,-0.006084829999999819
exhale,80,0.52,-0.005604859999999451
exhale,80,0.525,-0.004933449999999264
exhale,80,0.53,-0.004261279999999468
exhale,80,0.535,-0.0039209800000003904
exhale,80,0.54,-0.0038570399999995216
exhale,80,0.545,-0.0033696949999993944
exhale,80,0.55,-0.0031160049999991407
exhale,80,0.555,-0.0031692000000000807
exhale,80,0.56,-0.0030789199999999026
exhale,80,0.5650000000000001,-0.003286459999999815
exhale,80,0.5700000000000001,-0.0032273100000000257
exhale,80,0.5750000000000001,-0.003247989999999964
exhale,80,0.58,-0.003362979999999572
exhale,80,0.585,-0.00339040999999977
exhale,80,0.59,-0.0032907500000000124
exhale,80,0.595,-0.0032982699999996833
exhale,80,0.6,-0.0032601449999998364
exhale,80,0.605,-0.0032613400000004143
exhale,80,0.61,-0.002695120000000194
exhale,80,0.615,-0.0026285749999998245
exhale,80,0.62,-0.0025955499999999266
exhale,80,0.625,-0.001876100000000509
exhale,80,0.63,-0.0014694499999999965
exhale,80,0.635,-0.0009756899999996333
exhale,80,0.64,-0.0004362499999997862
exhale,80,0.645,-0.00016874999999966355
exhale,80,0.65,-0.00023357999999981782
exhale,80,0.655,-9.145999999999876e-05
exhale,80,0.66,-0.00011121999999996746
exhale,80,0.665,1.8540000000166756e-05
exhale,80,0.67,0.0001695849999998158
exhale,80,0.675,0.00041944499999973584
exhale,80,0.68,0.0004950550000000744
exhale,80,0.685,0.0006110250000000752
exhale,80,0.6900000000000001,0.0007410299999996947
exhale,80,0.6950000000000001,0.0008159900000006796
exhale,80,0.7000000000000001,0.0010187450000000737
exhale,80,0.705,0.0014476049999995917
exhale,80,0.71,0.00187614500000043
exhale,80,0.715,0.0023182650000004106
exhale,80,0.72,0.0028376450000003224
exhale,80,0.725,0.003357195000000388
exhale,80,0.73,0.0039297799999998845
exhale,80,0.735,0.004571989999999955
exhale,80,0.74,0.005143780000000302
exhale,80,0.745,0.005714649999999933
exhale,80,0.75,0.006286479999999994
exhale,80,0.755,0.006857820000000433
exhale,80,0.76,0.007271240000000042
exhale,80,0.765,0.007680900000000065
exhale,80,0.77,0.008090540000000066
exhale,80,0.775,0.008500179999999816
exhale,80,0.78,0.008999375000000077
exhale,80,0.785,0.009502764999999897
exhale,80,0.79,0.009924195000000148
exhale,80,0.795,0.010250115000000032
exhale,80,0.8,0.010529844999999495
exhale,80,0.805,0.010801475000000038
exhale,80,0.81,0.011153890000000083
exhale,80,0.8150000000000001,0.011543899999999592
exhale,80,0.8200000000000001,0.011919869999999853
exhale,80,0.8250000000000001,0.012379269999999932
exhale,80,0.8300000000000001,0.012839009999999216
exhale,80,0.835,0.013298570000000271
exhale,80,0.84,0.013728710000000184
exhale,80,0.845,0.014246659999999106
exhale,80,0.85,0.014626334999999279
exhale,80,0.855,0.014943134999999838
exhale,80,0.86,0.015259735000000156
exhale,80,0.865,0.015618084999999376
exhale,80,0.87,0.015932254999999937
exhale,80,0.875,0.01628656999999954
exhale,80,0.88,0.016744709999999323
exhale,80,0.885,0.01716160999999966
exhale,80,0.89,0.017227349999999624
exhale,80,0.895,0.017309639999999807
exhale,80,0.9,0.01752332499999948
exhale,80,0.905,0.01822334500000062
exhale,80,0.91,0.01892338500000114
exhale,80,0.915,0.019659555000000144
exhale,80,0.92,0.020454805000000745
exhale,80,0.925,0.021250725000001018
exhale,80,0.93,0.022045885000001448
exhale,80,0.935,0.022839245000000438
exhale,80,0.9400000000000001,0.023439085000000717
exhale,80,0.9450000000000001,0.023994155000000468
exhale,80,0.9500000000000001,0.024458545000000366
exhale,80,0.9550000000000001,0.024651695000000293
exhale,80,0.96,0.024827295000000263
exhale,80,0.965,0.025125265000000438
exhale,80,0.97,0.025400505000000483
exhale,80,0.975,0.025754695000000227
exhale,80,0.98,0.025931935000000187
exhale,80,0.985,0.026075765000000025
exhale,80,0.99,0.026219595000000123
exhale,80,0.995,0.02636342500000014
exhale,90,0.0,0.026841725000000045
exhale,90,0.005,0.027041135000000188
exhale,90,0.01,0.027204185000000998
exhale,90,0.015,0.027177125000000985
exhale,90,0.02,0.02713070500000105
exhale,90,0.025,0.02689199500000091
exhale,90,0.03,0.026709715000000096
exhale,90,0.035,0.02648967499999978
exhale,90,0.04,0.02626999499999988
exhale,90,0.045,0.025874734999999885
exhale,90,0.05,0.0253537200000002
exhale,90,0.055,0.02475936000000022
exhale,90,0.06,0.024123879999999907
exhale,90,0.065,0.02330253000000103
exhale,90,0.07,0.0224648599999999
exhale,90,0.075,0.021627120000000992
exhale,90,0.08,0.020883334999999677
exhale,90,0.085,0.020242445000000615
exhale,90,0.09,0.01958633500000063
exhale,90,0.095,0.018930444999999758
exhale,90,0.1,0.01825858499999943
exhale,90,0.105,0.01737667499999971
exhale,90,0.11,0.01661029500000008
exhale,90,0.115,0.01587348499999974
exhale,90,0.12,0.014860099999999765
exhale,90,0.125,0.013526745000000034
exhale,90,0.13,0.011913205000000029
exhale,90,0.135,0.010390490000000214
exhale,90,0.14,0.008635030000000895
exhale,90,0.145,0.00656910000000036
exhale,90,0.15,0.004276969999997459
exhale,90,0.155,0.0019854399999972073
exhale,90,0.16,-0.00030671000000074856
exhale,90,0.165,-0.0030038700000045316
exhale,90,0.17,-0.0058440900000049515
exhale,90,0.17500000000000002,-0.008683630000000036
exhale,90,0.18,-0.011523870000003277
exhale,90,0.185,-0.014189500000003833
exhale,90,0.19,-0.01669240999999939
exhale,90,0.195,-0.019195319999998964
exhale,90,0.2,-0.02169873000000211
exhale,90,0.20500000000000002,-0.02374097000000059
exhale,90,0.21,-0.02537851000000097
exhale,90,0.215,-0.027016050000003056
exhale,90,0.22,-0.02865359000000012
exhale,90,0.225,-0.029822030000000378
exhale,90,0.23,-0.03060239000000154
exhale,90,0.23500000000000001,-0.03138272
exhale,90,0.24,-0.032162610000000216
exhale,90,0.245,-0.03288969000000143
exhale,90,0.25,-0.033446590000000505
exhale,90,0.255,-0.034003490000000296
exhale,90,0.26,-0.03456039000000153
exhale,90,0.265,-0.03506279000000052
exhale,90,0.27,-0.03549297000000053
exhale,90,0.275,-0.0359174900000016
exhale,90,0.28,-0.036342910000000506
exhale,90,0.28500000000000003,-0.03663838000000071
exhale,90,0.29,-0.03687505000000075
exhale,90,0.295,-0.037101830000000724
exhale,90,0.3,-0.03716083999999994
exhale,90,0.305,-0.03689926999999988
exhale,90,0.31,-0.03663781999999978
exhale,90,0.315,-0.03640248999999999
exhale,90,0.32,-0.03619709000000019
exhale,90,0.325,-0.036002464999999866
exhale,90,0.33,-0.03561581999999947
exhale,90,0.335,-0.035225039999998334
exhale,90,0.34,-0.03473477999999814
exhale,90,0.34500000000000003,-0.034244849999998536
exhale,90,0.35000000000000003,-0.033736019999998375
exhale,90,0.355,-0.033173089999998816
exhale,90,0.36,-0.03274854999999967
exhale,90,0.365,-0.03232839999999928
exhale,90,0.37,-0.0317810699999994
exhale,90,0.375,-0.031037369999999724
exhale,90,0.38,-0.030209590000000553
exhale,90,0.385,-0.029338789999999944
exhale,90,0.39,-0.0284017800000004
exhale,90,0.395,-0.02745936500000025
exhale,90,0.4,-0.02651936500000008
exhale,90,0.405,-0.02553832999999941
exhale,90,0.41000000000000003,-0.024404580000000068
exhale,90,0.41500000000000004,-0.023151799999999712
exhale,90,0.42,-0.02194113999999928
exhale,90,0.425,-0.02107256999999925
exhale,90,0.43,-0.020183899999999425
exhale,90,0.435,-0.019244259999999496
exhale,90,0.44,-0.018319499999999267
exhale,90,0.445,-0.017016460000000136
exhale,90,0.45,-0.015723454999998197
exhale,90,0.455,-0.014562394999998467
exhale,90,0.46,-0.01345039500000021
exhale,90,0.465,-0.012173054999996942
exhale,90,0.47000000000000003,-0.01095281499999966
exhale,90,0.47500000000000003,-0.009713554999999662
exhale,90,0.48,-0.008631194999999583
exhale,90,0.485,-0.007922664999998344
exhale,90,0.49,-0.00663794500000092
exhale,90,0.495,-0.0054006949999990585
exhale,90,0.5,-0.004476869999999259
exhale,90,0.505,-0.0038005299999996065
exhale,90,0.51,-0.0031614649999989926
exhale,90,0.515,-0.0029812649999989686
exhale,90,0.52,-0.0028149650000001037
exhale,90,0.525,-0.0026856550000001482
exhale,90,0.53,-0.002593104999999996
exhale,90,0.535,-0.0022590199999993612
exhale,90,0.54,-0.002124039999999997
exhale,90,0.545,-0.0019522600000000266
exhale,90,0.55,-0.0018063799999998307
exhale,90,0.555,-0.0016608999999998453
exhale,90,0.56,-0.0015149800000001919
exhale,90,0.5650000000000001,-0.0015977500000002105
exhale,90,0.5700000000000001,-0.0014330250000005576
exhale,90,0.5750000000000001,-0.0012985650000004103
exhale,90,0.58,-0.001275255000000321
exhale,90,0.585,-0.0011782250000003352
exhale,90,0.59,-0.0011913400000004035
exhale,90,0.595,-0.0012127200000002602
exhale,90,0.6,-0.0012075300000002382
exhale,90,0.605,-0.001184295000000104
exhale,90,0.61,-0.0012278750000002247
exhale,90,0.615,-0.001207060000000185
exhale,90,0.62,-0.0011195799999998374
exhale,90,0.625,-0.001042590000000506
exhale,90,0.63,-0.0009246450000002496
exhale,90,0.635,-0.000709035000000628
exhale,90,0.64,-0.0005742200000001603
exhale,90,0.645,-0.0004917200000000763
exhale,90,0.65,-0.0003738299999998098
exhale,90,0.655,-0.0002008649999988057
exhale,90,0.66,0.0001399099999998743
exhale,90,0.665,0.0005013100000001194
exhale,90,0.67,0.0007988000000000319
exhale,90,0.675,0.0011630700000000642
exhale,90,0.68,0.0016773200000001851
exhale,90,0.685,0.0023323499999999536
exhale,90,0.6900000000000001,0.0029876199999998424
exhale,90,0.6950000000000001,0.003659789999999128
exhale,90,0.7000000000000001,0.004391619999999717
exhale,90,0.705,0.005218950000000161
exhale,90,0.71,0.006046279999999239
exhale,90,0.715,0.006864100000000149
exhale,90,0.72,0.007621800000000354
exhale,90,0.725,0.008371069999998993
exhale,90,0.73,0.009120339999999923
exhale,90,0.735,0.009868410000000149
exhale,90,0.74,0.010598599999998801
exhale,90,0.745,0.011274759999999709
exhale,90,0.75,0.01195142000000045
exhale,90,0.755,0.012628079999999254
exhale,90,0.76,0.013341220000000008
exhale,90,0.765,0.014112620000000266
exhale,90,0.77,0.014884479999998916
exhale,90,0.775,0.015631250000000364
exhale,90,0.78,0.016098875000001567
exhale,90,0.785,0.01647140500000071
exhale,90,0.79,0.016798855000001105
exhale,90,0.795,0.017084455000001688
exhale,90,0.8,0.017370155000001553
exhale,90,0.805,0.01791260000000067
exhale,90,0.81,0.01826167500000174
exhale,90,0.8150000000000001,0.018709514999999708
exhale,90,0.8200000000000001,0.01910650500000013
exhale,90,0.8250000000000001,0.01944852500000063
exhale,90,0.8300000000000001,0.019790744999999884
exhale,90,0.835,0.020132785000000274
exhale,90,0.84,0.020434665000000213
exhale,90,0.845,0.020694535000000663
exhale,90,0.85,0.020975795000000755
exhale,90,0.855,0.02125705500000148
exhale,90,0.86,0.021538535000000945
exhale,90,0.865,0.021831865000001057
exhale,90,0.87,0.02213185500000157
exhale,90,0.875,0.022431345000001046
exhale,90,0.88,0.022731595000000937
exhale,90,0.885,0.023050825000000528
exhale,90,0.89,0.023333825000000905
exhale,90,0.895,0.023564054999999827
exhale,90,0.9,0.023930125000000572
exhale,90,0.905,0.0242522399999999
exhale,90,0.91,0.02452347999999973
exhale,90,0.915,0.024725365000000006
exhale,90,0.92,0.024780195000001153
exhale,90,0.925,0.02495356000000021
exhale,90,0.93,0.02528284000000017
exhale,90,0.935,0.025612120000000252
exhale,90,0.9400000000000001,0.025848355000000333
exhale,90,0.9450000000000001,0.02598460500000003
exhale,90,0.9500000000000001,0.026101174999999935
exhale,90,0.9550000000000001,0.02623121999999981
exhale,90,0.96,0.02641567999999983
exhale,90,0.965,0.02650708999999953
exhale,90,0.97,0.026598499999999692
exhale,90,0.975,0.026689909999999747
exhale,90,0.98,0.026741284999999764
exhale,90,0.985,0.026919369999999818
exhale,90,0.99,0.027074929999999747
exhale,90,0.995,0.027230990000000125
exhale,110,0.0,0.03403300000000009
exhale,110,0.005,0.03350124000000002
exhale,110,0.01,0.032767139999999605
exhale,110,0.015,0.0324387199999995
exhale,110,0.02,0.03190763999999983
exhale,110,0.025,0.031034799999999443
exhale,110,0.03,0.029979559999997747
exhale,110,0.035,0.028924319999999178
exhale,110,0.04,0.02786907999999905
exhale,110,0.045,0.02683091999999984
exhale,110,0.05,0.025831999999998856
exhale,110,0.055,0.024997775000000267
exhale,110,0.06,0.023868724999999306
exhale,110,0.065,0.022776759999999795
exhale,110,0.07,0.021946205000000427
exhale,110,0.075,0.021273799999998653
exhale,110,0.08,0.020497320000000287
exhale,110,0.085,0.019720840000000864
exhale,110,0.09,0.018985239999998512
exhale,110,0.095,0.01827591999999948
exhale,110,0.1,0.017692200000000127
exhale,110,0.105,0.01748671999999989
exhale,110,0.11,0.017316779999999036
exhale,110,0.115,0.016233909999999047
exhale,110,0.12,0.015078805000000417
exhale,110,0.125,0.014189000000000092
exhale,110,0.13,0.01387831999999921
exhale,110,0.135,0.014068640000000934
exhale,110,0.14,0.012854859999998258
exhale,110,0.145,0.01204019999999985
exhale,110,0.15,0.01025639999999652
exhale,110,0.155,0.008313959999998306
exhale,110,0.16,0.007079799999999652
exhale,110,0.165,0.006114399999998863
exhale,110,0.17,0.0037032799999977364
exhale,110,0.17500000000000002,0.0017896799999954022
exhale,110,0.18,-0.0014818400000037894
exhale,110,0.185,-0.0047533599999953
exhale,110,0.19,-0.007992030000005227
exhale,110,0.195,-0.011297280000006215
exhale,110,0.2,-0.015025719999998209
exhale,110,0.20500000000000002,-0.018823279999996334
exhale,110,0.21,-0.023704130000000313
exhale,110,0.215,-0.027342070000005752
exhale,110,0.22,-0.030457590000002928
exhale,110,0.225,-0.03350129999999997
exhale,110,0.23,-0.0355341800000065
exhale,110,0.23500000000000001,-0.03756670000000525
exhale,110,0.24,-0.039371520000002935
exhale,110,0.245,-0.04123172000000418
exhale,110,0.25,-0.04309104000000046
exhale,110,0.255,-0.04436565000000096
exhale,110,0.26,-0.04452515000000006
exhale,110,0.265,-0.04461162999999992
exhale,110,0.27,-0.04469810999999995
exhale,110,0.275,-0.04532071000000251
exhale,110,0.28,-0.04592233000000249
exhale,110,0.28500000000000003,-0.04554727000000258
exhale,110,0.29,-0.045172210000002266
exhale,110,0.295,-0.04498202000000025
exhale,110,0.3,-0.04541257999999934
exhale,110,0.305,-0.04613087000000011
exhale,110,0.31,-0.046932030000000784
exhale,110,0.315,-0.04773385000000094
exhale,110,0.32,-0.04859134999999964
exhale,110,0.325,-0.0497203900000006
exhale,110,0.33,-0.05085027000000142
exhale,110,0.335,-0.051796279999999584
exhale,110,0.34,-0.05173006000000112
exhale,110,0.34500000000000003,-0.05158766000000153
exhale,110,0.35000000000000003,-0.05110467500000056
exhale,110,0.355,-0.05041239999999941
exhale,110,0.36,-0.05006221999999947
exhale,110,0.365,-0.050055940000001437
exhale,110,0.37,-0.05005021999999897
exhale,110,0.375,-0.04918053000000082
exhale,110,0.38,-0.04812475999999986
exhale,110,0.385,-0.046815170000000676
exhale,110,0.39,-0.0454209600000001
exhale,110,0.395,-0.04439528000000287
exhale,110,0.4,-0.04311278000000216
exhale,110,0.405,-0.04159859999999944
exhale,110,0.41000000000000003,-0.04019147999999727
exhale,110,0.41500000000000004,-0.03878479999999793
exhale,110,0.42,-0.037201120000001524
exhale,110,0.425,-0.03590537999999861
exhale,110,0.43,-0.03466993999999892
exhale,110,0.435,-0.0334469000000017
exhale,110,0.44,-0.03247906000000158
exhale,110,0.445,-0.031512099999998475
exhale,110,0.45,-0.029801519999997195
exhale,110,0.455,-0.027988000000001005
exhale,110,0.46,-0.025825240000002844
exhale,110,0.465,-0.023510159999995405
exhale,110,0.47000000000000003,-0.021194959999998552
exhale,110,0.47500000000000003,-0.018879720000001984
exhale,110,0.48,-0.016609160000001635
exhale,110,0.485,-0.014421159999996228
exhale,110,0.49,-0.012232640000001096
exhale,110,0.495,-0.010222699999997762
exhale,110,0.5,-0.008638700000000015
exhale,110,0.505,-0.007776620000001138
exhale,110,0.51,-0.0068928199999999515
exhale,110,0.515,-0.00517058000000059
exhale,110,0.52,-0.0035367999999966837
exhale,110,0.525,-0.0025953999999995575
exhale,110,0.53,-0.0028176000000004003
exhale,110,0.535,-0.0023993000000004814
exhale,110,0.54,-0.0022549600000003594
exhale,110,0.545,-0.002110660000000438
exhale,110,0.55,-0.0019381999999998883
exhale,110,0.555,-0.001608724999999903
exhale,110,0.56,-0.0014220500000000857
exhale,110,0.5650000000000001,-0.0013950850000001144
exhale,110,0.5700000000000001,-0.0011036650000004543
exhale,110,0.5750000000000001,-0.0009061800000001465
exhale,110,0.58,-0.0007229400000003885
exhale,110,0.585,-0.0003696599999995751
exhale,110,0.59,-8.481999999971101e-05
exhale,110,0.595,8.179999999935239e-05
exhale,110,0.6,0.00018360000000012988
exhale,110,0.605,0.00021687999999988605
exhale,110,0.61,0.000333939999998611
exhale,110,0.615,0.00030122500000021366
exhale,110,0.62,0.0004563000000003328
exhale,110,0.625,0.0007590000000000927
exhale,110,0.63,0.0008068199999998757
exhale,110,0.635,0.0008264400000000194
exhale,110,0.64,0.000981559999997577
exhale,110,0.645,0.00021075999999753137
exhale,110,0.65,-0.0005243800000003578
exhale,110,0.655,-0.0009688199999996936
exhale,110,0.66,-0.002018129999999946
exhale,110,0.665,-0.0026009100000004234
exhale,110,0.67,-0.002536020000000274
exhale,110,0.675,-0.002943780000000155
exhale,110,0.68,-0.0029382600000001364
exhale,110,0.685,-0.0031178799999999163
exhale,110,0.6900000000000001,-0.003985439999998789
exhale,110,0.6950000000000001,-0.0032829999999996673
exhale,110,0.7000000000000001,-0.002437475000000967
exhale,110,0.705,-0.0023966500000001285
exhale,110,0.71,-0.0014473400000003772
exhale,110,0.715,-0.000681259999999833
exhale,110,0.72,-0.0003767999999995528
exhale,110,0.725,-0.0002717900000031257
exhale,110,0.73,0.0006693100000010652
exhale,110,0.735,0.001611424999998877
exhale,110,0.74,0.0026380499999997644
exhale,110,0.745,0.0035413000000008303
exhale,110,0.75,0.004189299999999987
exhale,110,0.755,0.005650240000002963
exhale,110,0.76,0.006645949999999814
exhale,110,0.765,0.007591285000000945
exhale,110,0.77,0.008925640000001893
exhale,110,0.775,0.010109820000001438
exhale,110,0.78,0.011000419999997419
exhale,110,0.785,0.012355219999998543
exhale,110,0.79,0.013592999999999616
exhale,110,0.795,0.014727320000000058
exhale,110,0.8,0.01629430000000092
exhale,110,0.805,0.017512759999999815
exhale,110,0.81,0.018687559999999836
exhale,110,0.8150000000000001,0.019928359999998185
exhale,110,0.8200000000000001,0.020901209999999865
exhale,110,0.8250000000000001,0.021831810000000652
exhale,110,0.8300000000000001,0.022755330000001104
exhale,110,0.835,0.023519549999999584
exhale,110,0.84,0.024167980000000477
exhale,110,0.845,0.02462950000000086
exhale,110,0.85,0.02509049999999917
exhale,110,0.855,0.02528530000000004
exhale,110,0.86,0.025772659999999736
exhale,110,0.865,0.026420440000001186
exhale,110,0.87,0.02766284000000001
exhale,110,0.875,0.028351000000002215
exhale,110,0.88,0.029039160000000352
exhale,110,0.885,0.029545764999999592
exhale,110,0.89,0.029940255000000148
exhale,110,0.895,0.030618180000001525
exhale,110,0.9,0.030836600000000183
exhale,110,0.905,0.03141568000000121
exhale,110,0.91,0.031830799999999604
exhale,110,0.915,0.032943070000002635
exhale,110,0.92,0.03345849999999993
exhale,110,0.925,0.033604879999999324
exhale,110,0.93,0.034061280000000034
exhale,110,0.935,0.034296979999999394
exhale,110,0.9400000000000001,0.03421051999999939
exhale,110,0.9450000000000001,0.034138139999999484
exhale,110,0.9500000000000001,0.034065759999999494
exhale,110,0.9550000000000001,0.03399391999999943
exhale,110,0.96,0.03398902999999994
exhale,110,0.965,0.03396270999999996
exhale,110,0.97,0.03393638999999996
exhale,110,0.975,0.03404751999999947
exhale,110,0.98,0.03400140000000068
exhale,110,0.985,0.033892829999999985
exhale,110,0.99,0.033826129999999226
exhale,110,0.995,0.0331785299999988
exhale,120,0.0,0.03908642500000019
exhale,120,0.005,0.03854282500000004
exhale,120,0.01,0.03781747999999993
exhale,120,0.015,0.037187509999999896
exhale,120,0.02,0.0366827700000001
exhale,120,0.025,0.03592762499999937
exhale,120,0.03,0.034971234999999906
exhale,120,0.035,0.033969724999999854
exhale,120,0.04,0.032913024999999194
exhale,120,0.045,0.031855724999999606
exhale,120,0.05,0.030796424999999374
exhale,120,0.055,0.029737574999999107
exhale,120,0.06,0.028678324999999522
exhale,120,0.065,0.02762967499999977
exhale,120,0.07,0.026716624999999362
exhale,120,0.075,0.025834825000000013
exhale,120,0.08,0.02495302499999927
exhale,120,0.085,0.024040914999999174
exhale,120,0.09,0.023279174999999912
exhale,120,0.095,0.022764864999999686
exhale,120,0.1,0.02225077499999997
exhale,120,0.105,0.021737134999999998
exhale,120,0.11,0.021202235000000576
exhale,120,0.115,0.020434075000000048
exhale,120,0.12,0.019732170000000267
exhale,120,0.125,0.019222650000000337
exhale,120,0.13,0.01843789000000032
exhale,120,0.135,0.01755886000000013
exhale,120,0.14,0.01644349000000008
exhale,120,0.145,0.015391369999999542
exhale,120,0.15,0.014339270000000563
exhale,120,0.155,0.012814004999999028
exhale,120,0.16,0.01082837000000016
exhale,120,0.165,0.009196009999998514
exhale,120,0.17,0.007563510000000226
exhale,120,0.17500000000000002,0.005818909999999677
exhale,120,0.18,0.0035934100000002754
exhale,120,0.185,0.0006451600000001748
exhale,120,0.19,-0.0023928300000002904
exhale,120,0.195,-0.006023330000002164
exhale,120,0.2,-0.009597079999998965
exhale,120,0.20500000000000002,-0.01301786000000061
exhale,120,0.21,-0.016884839999998316
exhale,120,0.215,-0.020798800000000915
exhale,120,0.22,-0.02453284999999912
exhale,120,0.225,-0.028253199999999933
exhale,120,0.23,-0.03160482499999977
exhale,120,0.23500000000000001,-0.033972305000000105
exhale,120,0.24,-0.03665598000000031
exhale,120,0.245,-0.03825840999999927
exhale,120,0.25,-0.04009835000000057
exhale,120,0.255,-0.04138252500000101
exhale,120,0.26,-0.042189294999999974
exhale,120,0.265,-0.04286596999999896
exhale,120,0.27,-0.04348242000000001
exhale,120,0.275,-0.04405624500000026
exhale,120,0.28,-0.04454776500000023
exhale,120,0.28500000000000003,-0.045054045000000174
exhale,120,0.29,-0.04558505499999991
exhale,120,0.295,-0.04615708499999964
exhale,120,0.3,-0.04673135500000015
exhale,120,0.305,-0.04732685499999974
exhale,120,0.31,-0.04792802499999988
exhale,120,0.315,-0.04856730499999983
exhale,120,0.32,-0.04921264500000008
exhale,120,0.325,-0.04985804500000002
exhale,120,0.33,-0.050503345000000165
exhale,120,0.335,-0.05096968499999996
exhale,120,0.34,-0.05116133999999943
exhale,120,0.34500000000000003,-0.05134083999999955
exhale,120,0.35000000000000003,-0.05095835000000003
exhale,120,0.355,-0.050643949999999154
exhale,120,0.36,-0.050284835
exhale,120,0.365,-0.050165549999999615
exhale,120,0.37,-0.05028529999999985
exhale,120,0.375,-0.05014154999999981
exhale,120,0.38,-0.04968785999999982
exhale,120,0.385,-0.048958589999999885
exhale,120,0.39,-0.04817899499999926
exhale,120,0.395,-0.04705890999999998
exhale,120,0.4,-0.046300774999999524
exhale,120,0.405,-0.04556013499999933
exhale,120,0.41000000000000003,-0.044806634999999866
exhale,120,0.41500000000000004,-0.04387809499999946
exhale,120,0.42,-0.04288281500000062
exhale,120,0.425,-0.041912835000000224
exhale,120,0.43,-0.04096255499999876
exhale,120,0.435,-0.039801980000000195
exhale,120,0.44,-0.03861224999999861
exhale,120,0.445,-0.03741739999999916
exhale,120,0.45,-0.03577756499999966
exhale,120,0.455,-0.0338732650000004
exhale,120,0.46,-0.03175958499999913
exhale,120,0.465,-0.029554835000000577
exhale,120,0.47000000000000003,-0.027316085000000392
exhale,120,0.47500000000000003,-0.025196640000000436
exhale,120,0.48,-0.02323622999999873
exhale,120,0.485,-0.021258120000000668
exhale,120,0.49,-0.01928787000000045
exhale,120,0.495,-0.01737129999999984
exhale,120,0.5,-0.015454290000000032
exhale,120,0.505,-0.01375716999999786
exhale,120,0.51,-0.012060029999999299
exhale,120,0.515,-0.0105457899999995
exhale,120,0.52,-0.009058249999999372
exhale,120,0.525,-0.008229054999999699
exhale,120,0.53,-0.007400594999999951
exhale,120,0.535,-0.006513984999999988
exhale,120,0.54,-0.005970224999999965
exhale,120,0.545,-0.005620874999999721
exhale,120,0.55,-0.005279444999999948
exhale,120,0.555,-0.005093899999999685
exhale,120,0.56,-0.004818800000000024
exhale,120,0.5650000000000001,-0.004627009999999995
exhale,120,0.5700000000000001,-0.004426559999999679
exhale,120,0.5750000000000001,-0.004281169999999913
exhale,120,0.58,-0.0038347399999993288
exhale,120,0.585,-0.0033404349999998986
exhale,120,0.59,-0.0028665049999997924
exhale,120,0.595,-0.0023653149999996927
exhale,120,0.6,-0.001667715000000193
exhale,120,0.605,-0.0010404199999999176
exhale,120,0.61,-0.0007228800000001407
exhale,120,0.615,-0.0005847299999996358
exhale,120,0.62,-0.0005882299999998093
exhale,120,0.625,-0.0005257100000000765
exhale,120,0.63,-0.0006301150000000452
exhale,120,0.635,-0.00022572500000042506
exhale,120,0.64,-0.0002304399999993023
exhale,120,0.645,0.00010554000000076047
exhale,120,0.65,-7.544500000010589e-05
exhale,120,0.655,-0.0004019049999999398
exhale,120,0.66,-0.0006850899999997806
exhale,120,0.665,-0.0008652900000002016
exhale,120,0.67,-0.0009923249999998704
exhale,120,0.675,-0.0013797250000002481
exhale,120,0.68,-0.0016750900000003007
exhale,120,0.685,-0.0015285849999993521
exhale,120,0.6900000000000001,-0.001755814999999746
exhale,120,0.6950000000000001,-0.001479059999999345
exhale,120,0.7000000000000001,-0.001036444999999695
exhale,120,0.705,-0.0010590299999998739
exhale,120,0.71,-0.0009406699999999324
exhale,120,0.715,-0.000815469999999757
exhale,120,0.72,-0.00043536000000007766
exhale,120,0.725,0.0003660500000003264
exhale,120,0.73,0.0012308500000002094
exhale,120,0.735,0.0021747900000013034
exhale,120,0.74,0.003016645000000519
exhale,120,0.745,0.0037042099999998585
exhale,120,0.75,0.004369830000000062
exhale,120,0.755,0.005035459999999818
exhale,120,0.76,0.005962610000000389
exhale,120,0.765,0.0071485800000002315
exhale,120,0.77,0.00845191000000033
exhale,120,0.775,0.00966545000000049
exhale,120,0.78,0.010692100000000496
exhale,120,0.785,0.011597549999999936
exhale,120,0.79,0.012446180000000065
exhale,120,0.795,0.013248819999999769
exhale,120,0.8,0.014128609999999492
exhale,120,0.805,0.01520802000000003
exhale,120,0.81,0.016226090000000224
exhale,120,0.8150000000000001,0.01709833000000029
exhale,120,0.8200000000000001,0.01797077000000074
exhale,120,0.8250000000000001,0.01881386000000063
exhale,120,0.8300000000000001,0.01959825500000071
exhale,120,0.835,0.020311255000000625
exhale,120,0.84,0.02147714500000148
exhale,120,0.845,0.0225939250000006
exhale,120,0.85,0.023430025000000833
exhale,120,0.855,0.024213565000000666
exhale,120,0.86,0.024921985000000618
exhale,120,0.865,0.0256307050000001
exhale,120,0.87,0.026114465000000392
exhale,120,0.875,0.026479745000000825
exhale,120,0.88,0.02703174500000052
exhale,120,0.885,0.02758374500000069
exhale,120,0.89,0.028128445000000512
exhale,120,0.895,0.0286475950000005
exhale,120,0.9,0.0294331400000013
exhale,120,0.905,0.030340020000000193
exhale,120,0.91,0.030983680000000624
exhale,120,0.915,0.031650560000000036
exhale,120,0.92,0.032206580000000394
exhale,120,0.925,0.032536569999999855
exhale,120,0.93,0.03294516000000016
exhale,120,0.935,0.03305411000000015
exhale,120,0.9400000000000001,0.03344673499999938
exhale,120,0.9450000000000001,0.0340220249999998
exhale,120,0.9500000000000001,0.034597315000000406
exhale,120,0.9550000000000001,0.035171845000000056
exhale,120,0.96,0.03569597499999986
exhale,120,0.965,0.036215175000000335
exhale,120,0.97,0.036734695000000074
exhale,120,0.975,0.03725893999999968
exhale,120,0.98,0.03762150000000018
exhale,120,0.985,0.037773220000000336
exhale,120,0.99,0.03790871500000014
exhale,120,0.995,0.03796645000000021
exhale,130,0.0,0.03172888000000061
exhale,130,0.005,0.03104932000000125
exhale,130,0.01,0.030433919999998636
exhale,130,0.015,0.029862400000001253
exhale,130,0.02,0.02924076000000065
exhale,130,0.025,0.028834840000000028
exhale,130,0.03,0.028022680000000195
exhale,130,0.035,0.027554439999999472
exhale,130,0.04,0.027086640000001078
exhale,130,0.045,0.026625479999999875
exhale,130,0.05,0.025989959999999576
exhale,130,0.055,0.025354999999998597
exhale,130,0.06,0.024719919999999496
exhale,130,0.065,0.024111279999999468
exhale,130,0.07,0.023529519999999464
exhale,130,0.075,0.022947759999998575
exhale,130,0.08,0.022365999999998293
exhale,130,0.085,0.021786480000000226
exhale,130,0.09,0.021211719999999337
exhale,130,0.095,0.020479260000000023
exhale,130,0.1,0.020038
exhale,130,0.105,0.019198000000000003
exhale,130,0.11,0.018156000000000002
exhale,130,0.115,0.01711399999999852
exhale,130,0.12,0.016071000000000002
exhale,130,0.125,0.014702000000000002
exhale,130,0.13,0.013331999999998057
exhale,130,0.135,0.011963000000000003
exhale,130,0.14,0.011311639999997597
exhale,130,0.145,0.009892639999998941
exhale,130,0.15,0.007916959999996243
exhale,130,0.155,0.006134019999999259
exhale,130,0.16,0.004894680000000256
exhale,130,0.165,0.0023504799999996494
exhale,130,0.17,0.00046986999999787035
exhale,130,0.17500000000000002,-0.0016814000000018314
exhale,130,0.18,-0.005384119999996571
exhale,130,0.185,-0.009087359999996571
exhale,130,0.19,-0.012842860000001498
exhale,130,0.195,-0.014748820000001035
exhale,130,0.2,-0.01693338000000176
exhale,130,0.20500000000000002,-0.01911794000000183
exhale,130,0.21,-0.021645740000003973
exhale,130,0.215,-0.02584448000000984
exhale,130,0.22,-0.03008192000000301
exhale,130,0.225,-0.033994159999997206
exhale,130,0.23,-0.037906600000009776
exhale,130,0.23500000000000001,-0.04181868000000735
exhale,130,0.24,-0.04448773999999983
exhale,130,0.245,-0.04473119999999999
exhale,130,0.25,-0.04620205000000293
exhale,130,0.255,-0.04751891999999961
exhale,130,0.26,-0.047234480000000946
exhale,130,0.265,-0.04814074000000069
exhale,130,0.27,-0.04944615999999947
exhale,130,0.275,-0.04916408000000007
exhale,130,0.28,-0.049476599999999885
exhale,130,0.28500000000000003,-0.04921688000000033
exhale,130,0.29,-0.04895716000000005
exhale,130,0.295,-0.04869743999999978
exhale,130,0.3,-0.04843772000000002
exhale,130,0.305,-0.048193180000000044
exhale,130,0.31,-0.04829604000000043
exhale,130,0.315,-0.04877123999999976
exhale,130,0.32,-0.04918360000000039
exhale,130,0.325,-0.04908083000000055
exhale,130,0.33,-0.04907344000000067
exhale,130,0.335,-0.04879873999999996
exhale,130,0.34,-0.04921798000000029
exhale,130,0.34500000000000003,-0.048390999999999997
exhale,130,0.35000000000000003,-0.047969260000000645
exhale,130,0.355,-0.04729830000000048
exhale,130,0.36,-0.04637716000000285
exhale,130,0.365,-0.04521499999999753
exhale,130,0.37,-0.043607239999999485
exhale,130,0.375,-0.04300466000000024
exhale,130,0.38,-0.041728140000000864
exhale,130,0.385,-0.04017495999999941
exhale,130,0.39,-0.0382818399999965
exhale,130,0.395,-0.03708341999999651
exhale,130,0.4,-0.03660645999999564
exhale,130,0.405,-0.03537976000000145
exhale,130,0.41000000000000003,-0.034124860000000395
exhale,130,0.41500000000000004,-0.03286995999999941
exhale,130,0.42,-0.031615060000001916
exhale,130,0.425,-0.030360160000001003
exhale,130,0.43,-0.02880873999999986
exhale,130,0.435,-0.02722202000000226
exhale,130,0.44,-0.025635300000001974
exhale,130,0.445,-0.02404858000000063
exhale,130,0.45,-0.022103060000002846
exhale,130,0.455,-0.019953680000003627
exhale,130,0.46,-0.017804380000001802
exhale,130,0.465,-0.015665860000000323
exhale,130,0.47000000000000003,-0.01451165999999983
exhale,130,0.47500000000000003,-0.013066580000000001
exhale,130,0.48,-0.011167720000000922
exhale,130,0.485,-0.00937624000000262
exhale,130,0.49,-0.007583999999999861
exhale,130,0.495,-0.006769140000000478
exhale,130,0.5,-0.005385980000000441
exhale,130,0.505,-0.00401900000000024
exhale,130,0.51,-0.0036685999999985963
exhale,130,0.515,-0.003945000000000001
exhale,130,0.52,-0.0040941000000001655
exhale,130,0.525,-0.0042000000000000735
exhale,130,0.53,-0.004473030000000723
exhale,130,0.535,-0.004739850000000534
exhale,130,0.54,-0.004942710000000641
exhale,130,0.545,-0.004330919999999366
exhale,130,0.55,-0.004436
exhale,130,0.555,-0.004013780000000309
exhale,130,0.56,-0.00376814000000066
exhale,130,0.5650000000000001,-0.0034601800000003935
exhale,130,0.5700000000000001,-0.0031830400000002913
exhale,130,0.5750000000000001,-0.0027446399999993573
exhale,130,0.58,-0.001958999999999996
exhale,130,0.585,-0.0018349999999994128
exhale,130,0.59,-0.0014128400000013972
exhale,130,0.595,-0.0011132500000001428
exhale,130,0.6,-0.0013686499999999739
exhale,130,0.605,-0.0015670000000000748
exhale,130,0.61,-0.0018802100000000035
exhale,130,0.615,-0.0022229300000003002
exhale,130,0.62,-0.0019983400000008443
exhale,130,0.625,-0.002164830000000599
exhale,130,0.63,-0.0023546199999950803
exhale,130,0.635,-0.0020389600000008485
exhale,130,0.64,-0.0024345600000005552
exhale,130,0.645,-0.0025838399999981174
exhale,130,0.65,-0.002185000000000077
exhale,130,0.655,-0.0011898399999999642
exhale,130,0.66,-0.0008832000000018212
exhale,130,0.665,-0.00012105000000037691
exhale,130,0.67,0.00010674999999880442
exhale,130,0.675,0.0004049999999999994
exhale,130,0.68,0.0007020800000015859
exhale,130,0.685,0.000653899999998143
exhale,130,0.6900000000000001,0.0012249800000035016
exhale,130,0.6950000000000001,0.0014230199999996512
exhale,130,0.7000000000000001,0.0024905200000005542
exhale,130,0.705,0.003299400000000127
exhale,130,0.71,0.0030028800000004682
exhale,130,0.715,0.002965680000000466
exhale,130,0.72,0.003273159999999905
exhale,130,0.725,0.003937640000001718
exhale,130,0.73,0.005019580000001849
exhale,130,0.735,0.0061015200000002785
exhale,130,0.74,0.007183460000001194
exhale,130,0.745,0.008264920000001902
exhale,130,0.75,0.009339339999999755
exhale,130,0.755,0.010413760000000664
exhale,130,0.76,0.011488180000001574
exhale,130,0.765,0.012441440000000482
exhale,130,0.77,0.013177420000000054
exhale,130,0.775,0.013913400000000525
exhale,130,0.78,0.015137000000003393
exhale,130,0.785,0.016471920000001514
exhale,130,0.79,0.017784760000001676
exhale,130,0.795,0.018821100000001315
exhale,130,0.8,0.019813740000000954
exhale,130,0.805,0.020806379999999996
exhale,130,0.81,0.021658180000000322
exhale,130,0.8150000000000001,0.022177780000000414
exhale,130,0.8200000000000001,0.022696819999999625
exhale,130,0.8250000000000001,0.02321654000000007
exhale,130,0.8300000000000001,0.024225949999999972
exhale,130,0.835,0.025530949999999976
exhale,130,0.84,0.0268361500000008
exhale,130,0.845,0.027427799999999877
exhale,130,0.85,0.027390560000000015
exhale,130,0.855,0.027356479999999954
exhale,130,0.86,0.027334399999999932
exhale,130,0.865,0.02731231999999995
exhale,130,0.87,0.027889999999999922
exhale,130,0.875,0.027981999999999924
exhale,130,0.88,0.028074000000000418
exhale,130,0.885,0.028418999999999927
exhale,130,0.89,0.028763999999999925
exhale,130,0.895,0.029109000000000416
exhale,130,0.9,0.029454999999999926
exhale,130,0.905,0.029631000000000178
exhale,130,0.91,0.029807999999999925
exhale,130,0.915,0.029983999999999924
exhale,130,0.92,0.03016099999999964
exhale,130,0.925,0.02996099999999993
exhale,130,0.93,0.030851199999998625
exhale,130,0.935,0.03170808000000176
exhale,130,0.9400000000000001,0.032565720000002005
exhale,130,0.9450000000000001,0.0331275899999993
exhale,130,0.9500000000000001,0.03299947999999992
exhale,130,0.9550000000000001,0.033121000000000005
exhale,130,0.96,0.032723
exhale,130,0.965,0.03298947999999972
exhale,130,0.97,0.03335396000000019
exhale,130,0.975,0.033718879999999674
exhale,130,0.98,0.03369480000000142
exhale,130,0.985,0.03345170000000182
exhale,130,0.99,0.033378520000000536
exhale,130,0.995,0.033334
exhale,140,0.0,0.024671180000000584
exhale,140,0.005,0.02407433999999995
exhale,140,0.01,0.02347822000000074
exhale,140,0.015,0.02288166000000066
exhale,140,0.02,0.02228526000000003
exhale,140,0.025,0.02168567999999998
exhale,140,0.03,0.02107938000000074
exhale,140,0.035,0.0204730800000001
exhale,140,0.04,0.01986677999999946
exhale,140,0.045,0.0192604800000003
exhale,140,0.05,0.01880058000000032
exhale,140,0.055,0.0184041199999999
exhale,140,0.06,0.01800734000000121
exhale,140,0.065,0.017610200000001682
exhale,140,0.07,0.01720870000000145
exhale,140,0.075,0.017002239999999398
exhale,140,0.08,0.016552270000001677
exhale,140,0.085,0.015865990000001495
exhale,140,0.09,0.015189420000000979
exhale,140,0.095,0.014637000000001116
exhale,140,0.1,0.013995760000002194
exhale,140,0.105,0.013275940000001435
exhale,140,0.11,0.012556120000000672
exhale,140,0.115,0.011836300000001765
exhale,140,0.12,0.011194560000001417
exhale,140,0.125,0.010727680000000583
exhale,140,0.13,0.010011659999999825
exhale,140,0.135,0.009351079999999914
exhale,140,0.14,0.008734160000000851
exhale,140,0.145,0.00808916000000017
exhale,140,0.15,0.007545379999999539
exhale,140,0.155,0.007019260000000129
exhale,140,0.16,0.006492940000000164
exhale,140,0.165,0.005939639999999495
exhale,140,0.17,0.005352500000001279
exhale,140,0.17500000000000002,0.004765880000002134
exhale,140,0.18,0.0041785000000015135
exhale,140,0.185,0.003591120000000892
exhale,140,0.19,0.0020177400000037336
exhale,140,0.195,8.379999999870602e-06
exhale,140,0.2,-0.0023458400000051613
exhale,140,0.20500000000000002,-0.004736040000005808
exhale,140,0.21,-0.007125840000004191
exhale,140,0.215,-0.009604559999997835
exhale,140,0.22,-0.012263020000000707
exhale,140,0.225,-0.014768099999994882
exhale,140,0.23,-0.01667730000000026
exhale,140,0.23500000000000001,-0.01895263999999968
exhale,140,0.24,-0.020905699999999937
exhale,140,0.245,-0.022858759999997355
exhale,140,0.25,-0.02481181999999942
exhale,140,0.255,-0.026764880000001483
exhale,140,0.26,-0.02777500999999905
exhale,140,0.265,-0.029499110000004068
exhale,140,0.27,-0.03079069000000109
exhale,140,0.275,-0.031247429999999694
exhale,140,0.28,-0.0321760399999982
exhale,140,0.28500000000000003,-0.03294395000000007
exhale,140,0.29,-0.03315922999999994
exhale,140,0.295,-0.03322843000000018
exhale,140,0.3,-0.03332027000000006
exhale,140,0.305,-0.03341211000000008
exhale,140,0.31,-0.033456560000003584
exhale,140,0.315,-0.0333708299999999
exhale,140,0.32,-0.033608230000000155
exhale,140,0.325,-0.03377594999999972
exhale,140,0.33,-0.03404002999999882
exhale,140,0.335,-0.03403684000000119
exhale,140,0.34,-0.034477180000001315
exhale,140,0.34500000000000003,-0.034722060000000735
exhale,140,0.35000000000000003,-0.03488566000000065
exhale,140,0.355,-0.035049060000001
exhale,140,0.36,-0.034497949999998896
exhale,140,0.365,-0.03483154999999925
exhale,140,0.37,-0.034731979999998545
exhale,140,0.375,-0.0347570000000014
exhale,140,0.38,-0.035119700000000816
exhale,140,0.385,-0.03501884000000088
exhale,140,0.39,-0.034917980000000584
exhale,140,0.395,-0.034021760000003495
exhale,140,0.4,-0.03428185000000068
exhale,140,0.405,-0.03359556999999995
exhale,140,0.41000000000000003,-0.032913250000000865
exhale,140,0.41500000000000004,-0.03312497000000116
exhale,140,0.42,-0.03292325000000057
exhale,140,0.425,-0.03249856999999917
exhale,140,0.43,-0.03197101999999966
exhale,140,0.435,-0.031815619999999094
exhale,140,0.44,-0.031026629999998393
exhale,140,0.445,-0.03055211999999973
exhale,140,0.45,-0.03009455999999961
exhale,140,0.455,-0.029434360000000374
exhale,140,0.46,-0.028590160000001745
exhale,140,0.465,-0.02765996000000147
exhale,140,0.47000000000000003,-0.026439060000002144
exhale,140,0.47500000000000003,-0.025410040000005275
exhale,140,0.48,-0.02405024000000505
exhale,140,0.485,-0.02266800000000004
exhale,140,0.49,-0.021279240000004293
exhale,140,0.495,-0.01989340000000392
exhale,140,0.5,-0.018508240000003548
exhale,140,0.505,-0.01751401999999822
exhale,140,0.51,-0.015218459999993527
exhale,140,0.515,-0.013749030000001033
exhale,140,0.52,-0.012407120000003661
exhale,140,0.525,-0.010546640000001693
exhale,140,0.53,-0.009185820000000568
exhale,140,0.535,-0.007912099999999846
exhale,140,0.54,-0.0072496200000000625
exhale,140,0.545,-0.006807459999999594
exhale,140,0.55,-0.006365420000000004
exhale,140,0.555,-0.00592338000000012
exhale,140,0.56,-0.005611579999999467
exhale,140,0.5650000000000001,-0.005214510000000077
exhale,140,0.5700000000000001,-0.004931269999999724
exhale,140,0.5750000000000001,-0.004648370000000391
exhale,140,0.58,-0.004365469999999567
exhale,140,0.585,-0.004082569999999723
exhale,140,0.59,-0.003581549999998385
exhale,140,0.595,-0.003027189999997802
exhale,140,0.6,-0.0024731499999975774
exhale,140,0.605,-0.0020754799999980968
exhale,140,0.61,-0.0015543199999990265
exhale,140,0.615,-0.0010974099999992823
exhale,140,0.62,-0.0006813899999997232
exhale,140,0.625,-0.0003722500000000579
exhale,140,0.63,5.5770000000425315e-05
exhale,140,0.635,0.00043484000000041425
exhale,140,0.64,0.0010562799999964483
exhale,140,0.645,0.0014175399999987665
exhale,140,0.65,0.0013265599999962908
exhale,140,0.655,0.0017161400000008115
exhale,140,0.66,0.0017438800000013775
exhale,140,0.665,0.0020856999999990223
exhale,140,0.67,0.002078020000000173
exhale,140,0.675,0.0020854800000003923
exhale,140,0.68,0.0020523199999985487
exhale,140,0.685,0.00219351999999855
exhale,140,0.6900000000000001,0.002197570000000912
exhale,140,0.6950000000000001,0.0017555300000004442
exhale,140,0.7000000000000001,0.0012922900000005004
exhale,140,0.705,0.0008306499999999782
exhale,140,0.71,0.0007570499999998366
exhale,140,0.715,0.0006544800000005751
exhale,140,0.72,0.0003187600000006872
exhale,140,0.725,-2.589999999986059e-05
exhale,140,0.73,-6.240000000097368e-05
exhale,140,0.735,-0.00019024999999999004
exhale,140,0.74,-0.0002717300000014857
exhale,140,0.745,-0.0002759800000000183
exhale,140,0.75,-0.00027309999999977917
exhale,140,0.755,-9.159999999905522e-06
exhale,140,0.76,0.0003899300000005077
exhale,140,0.765,0.0009242700000010746
exhale,140,0.77,0.0016475300000006676
exhale,140,0.775,0.0023289399999999036
exhale,140,0.78,0.002632720000000587
exhale,140,0.785,0.0033129600000012605
exhale,140,0.79,0.003992360000000049
exhale,140,0.795,0.004898940000000392
exhale,140,0.8,0.005729579999999757
exhale,140,0.805,0.006548199999999466
exhale,140,0.81,0.007427719999999731
exhale,140,0.8150000000000001,0.008155999999999927
exhale,140,0.8200000000000001,0.008884279999998253
exhale,140,0.8250000000000001,0.009612560000000322
exhale,140,0.8300000000000001,0.01034084000000052
exhale,140,0.835,0.010969300000000914
exhale,140,0.84,0.011388460000001028
exhale,140,0.845,0.012078719999997493
exhale,140,0.85,0.013094579999998565
exhale,140,0.855,0.014111099999999642
exhale,140,0.86,0.015127620000000714
exhale,140,0.865,0.016083299999999263
exhale,140,0.87,0.017033379999999574
exhale,140,0.875,0.017983680000000578
exhale,140,0.88,0.01883623000000286
exhale,140,0.885,0.019657120000001378
exhale,140,0.89,0.0203873800000005
exhale,140,0.895,0.02098078000000113
exhale,140,0.9,0.021803069999997492
exhale,140,0.905,0.02272972999999914
exhale,140,0.91,0.023478389999998725
exhale,140,0.915,0.024227050000000753
exhale,140,0.92,0.024975709999998208
exhale,140,0.925,0.025724370000000076
exhale,140,0.93,0.026309229999999444
exhale,140,0.935,0.026799929999998598
exhale,140,0.9400000000000001,0.0272909499999989
exhale,140,0.9450000000000001,0.027776240000000625
exhale,140,0.9500000000000001,0.028220840000000386
exhale,140,0.9550000000000001,0.028601209999998867
exhale,140,0.96,0.02887798999999931
exhale,140,0.965,0.029154889999999153
exhale,140,0.97,0.029431309999998923
exhale,140,0.975,0.029708469999998943
exhale,140,0.98,0.029472269999999422
exhale,140,0.985,0.029524860000000857
exhale,140,0.99,0.028857269999999078
exhale,140,0.995,0.02869443999999866
